{"1/4/2016": [33.95, ""], "1/5/2016": [33.85, -0.002945508100147317], "1/6/2016": [33.9, 0.0014771048744460016], "1/7/2016": [33.6, -0.00884955752212381], "1/8/2016": [33.8, 0.005952380952380825], "1/11/2016": [33.7, -0.002958579881656637], "1/12/2016": [33.6, -0.0029673590504451456], "1/13/2016": [33.5, -0.0029761904761905185], "1/14/2016": [33.45, -0.001492537313432751], "1/15/2016": [33.4, -0.001494768310911936], "1/18/2016": [33.4, 0.0], "1/19/2016": [33.3, -0.002994011976047947], "1/20/2016": [33.45, 0.004504504504504675], "1/21/2016": [33.6, 0.0044843049327353834], "1/22/2016": [33.6, 0.0], "1/25/2016": [33.8, 0.005952380952380825], "1/26/2016": [33.8, 0.0], "1/27/2016": [33.8, 0.0], "1/28/2016": [33.9, 0.002958579881656847], "1/29/2016": [33.65, -0.007374631268436578], "1/30/2016": [34.0, 0.010401188707280875], "2/1/2016": [34.1, 0.002941176470588277], "2/2/2016": [34.1, 0.0], "2/3/2016": [34.0, -0.0029325513196481355], "2/15/2016": [34.6, 0.017647058823529453], "2/16/2016": [34.6, 0.0], "2/17/2016": [34.6, 0.0], "2/18/2016": [34.6, 0.0], "2/19/2016": [34.75, 0.004335260115606895], "2/22/2016": [34.8, 0.0014388489208632276], "2/23/2016": [35.15, 0.010057471264367858], "2/24/2016": [35.35, 0.005689900426742613], "2/25/2016": [35.45, 0.002828854314002869], "2/26/2016": [35.55, 0.002820874471085876], "3/1/2016": [35.8, 0.007032348804500704], "3/2/2016": [35.85, 0.0013966480446928565], "3/3/2016": [36.3, 0.012552301255230006], "3/4/2016": [36.6, 0.008264462809917474], "3/7/2016": [36.5, -0.0027322404371585085], "3/8/2016": [36.3, -0.005479452054794599], "3/9/2016": [37.0, 0.01928374655647391], "3/10/2016": [36.8, -0.005405405405405482], "3/11/2016": [37.1, 0.008152173913043594], "3/14/2016": [37.1, 0.0], "3/15/2016": [37.2, 0.0026954177897574507], "3/16/2016": [37.0, -0.005376344086021581], "3/17/2016": [37.05, 0.0013513513513512744], "3/18/2016": [37.35, 0.00809716599190295], "3/21/2016": [37.9, 0.014725568942436335], "3/22/2016": [39.9, 0.052770448548812667], "3/23/2016": [39.55, -0.00877192982456144], "3/24/2016": [39.8, 0.006321112515802782], "3/25/2016": [39.9, 0.002512562814070388], "3/28/2016": [39.7, -0.005012531328320695], "3/29/2016": [38.9, -0.020151133501259553], "3/30/2016": [39.0, 0.0025706940874036356], "3/31/2016": [39.6, 0.015384615384615422], "4/1/2016": [39.45, -0.003787878787878752], "4/6/2016": [39.95, 0.012674271229404309], "4/7/2016": [39.85, -0.002503128911138959], "4/8/2016": [40.05, 0.005018820577164259], "4/11/2016": [40.7, 0.016229712858926486], "4/12/2016": [39.55, -0.028255528255528392], "4/13/2016": [39.3, -0.006321112515802782], "4/14/2016": [39.25, -0.0012722646310431847], "4/15/2016": [39.6, 0.008917197452229336], "4/18/2016": [39.2, -0.010101010101010065], "4/19/2016": [39.35, 0.0038265306122448614], "4/20/2016": [39.25, -0.0025412960609911416], "4/21/2016": [38.85, -0.010191082802547734], "4/22/2016": [38.7, -0.0038610038610038242], "4/25/2016": [38.7, 0.0], "4/26/2016": [38.7, 0.0], "4/27/2016": [38.3, -0.010335917312661645], "4/28/2016": [38.0, -0.007832898172323686], "4/29/2016": [37.75, -0.006578947368421052], "5/3/2016": [37.7, -0.001324503311258203], "5/4/2016": [38.0, 0.007957559681697536], "5/5/2016": [38.05, 0.0013157894736841357], "5/6/2016": [37.45, -0.015768725361366476], "5/9/2016": [37.45, 0.0], "5/10/2016": [38.3, 0.02269692923898516], "5/11/2016": [38.3, 0.0], "5/12/2016": [38.4, 0.0026109660574412906], "5/13/2016": [38.4, 0.0], "5/16/2016": [38.0, -0.01041666666666663], "5/17/2016": [37.85, -0.003947368421052594], "5/18/2016": [38.0, 0.00396301188903563], "5/19/2016": [37.9, -0.0026315789473684583], "5/20/2016": [38.0, 0.002638522427440671], "5/23/2016": [38.8, 0.021052631578947295], "5/24/2016": [38.65, -0.0038659793814432627], "5/25/2016": [38.75, 0.002587322121604177], "5/26/2016": [38.8, 0.001290322580645088], "5/27/2016": [38.6, -0.005154639175257623], "5/30/2016": [38.85, 0.006476683937823834], "5/31/2016": [38.6, -0.006435006435006435], "6/1/2016": [39.0, 0.010362694300518097], "6/2/2016": [39.1, 0.0025641025641026005], "6/3/2016": [39.05, -0.001278772378516733], "6/4/2016": [39.1, 0.0012804097311140657], "6/6/2016": [39.05, -0.001278772378516733], "6/7/2016": [39.05, 0.0], "6/8/2016": [39.05, 0.0], "6/13/2016": [39.3, 0.006402048655569783], "6/14/2016": [39.15, -0.0038167938931297353], "6/15/2016": [39.8, 0.016602809706257948], "6/16/2016": [39.7, -0.002512562814070209], "6/17/2016": [39.7, 0.0], "6/20/2016": [40.2, 0.012594458438287152], "6/21/2016": [39.8, -0.009950248756219046], "6/22/2016": [39.95, 0.0037688442211056706], "6/23/2016": [39.95, 0.0], "6/24/2016": [39.25, -0.017521902377972534], "6/27/2016": [39.7, 0.011464968152866314], "6/28/2016": [39.7, 0.0], "6/29/2016": [40.45, 0.01889168765743073], "6/30/2016": [40.05, -0.009888751545117569], "7/1/2016": [40.4, 0.008739076154806529], "7/4/2016": [40.5, 0.0024752475247525104], "7/5/2016": [38.0, -0.06172839506172839], "7/6/2016": [39.5, 0.039473684210526314], "7/7/2016": [40.1, 0.015189873417721555], "7/11/2016": [40.5, 0.009975062344139616], "7/12/2016": [40.6, 0.002469135802469171], "7/13/2016": [40.9, 0.007389162561576284], "7/14/2016": [42.1, 0.029339853300733566], "7/15/2016": [43.1, 0.023752969121140142], "7/18/2016": [46.0, 0.06728538283062642], "7/19/2016": [46.75, 0.016304347826086956], "7/20/2016": [46.2, -0.01176470588235288], "7/21/2016": [46.0, -0.004329004329004391], "7/22/2016": [46.0, 0.0], "7/25/2016": [46.0, 0.0], "7/26/2016": [45.95, -0.0010869565217390686], "7/27/2016": [45.85, -0.002176278563656179], "7/28/2016": [46.0, 0.0032715376226826296], "7/29/2016": [46.0, 0.0], "8/1/2016": [46.3, 0.006521739130434721], "8/2/2016": [45.95, -0.0075593952483800075], "8/3/2016": [45.65, -0.006528835690968536], "8/4/2016": [45.5, -0.003285870755750243], "8/5/2016": [44.1, -0.03076923076923074], "8/8/2016": [42.65, -0.032879818594104375], "8/9/2016": [42.75, 0.002344665885111405], "8/10/2016": [44.0, 0.029239766081871343], "8/11/2016": [43.4, -0.013636363636363669], "8/12/2016": [43.4, 0.0], "8/15/2016": [43.5, 0.002304147465437821], "8/16/2016": [43.5, 0.0], "8/17/2016": [43.95, 0.010344827586206962], "8/18/2016": [43.95, 0.0], "8/19/2016": [44.0, 0.0011376564277587522], "8/22/2016": [43.4, -0.013636363636363669], "8/23/2016": [43.5, 0.002304147465437821], "8/24/2016": [43.4, -0.002298850574712676], "8/25/2016": [43.7, 0.0069124423963134625], "8/26/2016": [43.7, 0.0], "8/29/2016": [43.5, -0.004576659038901667], "8/30/2016": [44.0, 0.011494252873563218], "8/31/2016": [43.75, -0.005681818181818182], "9/1/2016": [44.1, 0.008000000000000033], "9/2/2016": [43.85, -0.005668934240362812], "9/5/2016": [46.0, 0.04903078677309004], "9/6/2016": [44.6, -0.030434782608695622], "9/7/2016": [44.5, -0.0022421524663677446], "9/8/2016": [44.0, -0.011235955056179775], "9/9/2016": [44.6, 0.013636363636363669], "9/10/2016": [44.0, -0.01345291479820631], "9/12/2016": [43.85, -0.003409090909090877], "9/13/2016": [43.9, 0.0011402508551880766], "9/14/2016": [43.85, -0.001138952164009047], "9/19/2016": [44.1, 0.005701254275940707], "9/20/2016": [44.0, -0.002267573696145157], "9/21/2016": [44.35, 0.007954545454545487], "9/22/2016": [44.0, -0.00789177001127399], "9/23/2016": [44.2, 0.00454545454545461], "9/26/2016": [43.95, -0.005656108597285068], "9/29/2016": [44.15, 0.00455062571103517], "9/30/2016": [44.0, -0.0033975084937712023], "10/3/2016": [43.9, -0.002272727272727305], "10/4/2016": [43.95, 0.0011389521640092087], "10/5/2016": [44.2, 0.005688282138794084], "10/6/2016": [44.2, 0.0], "10/7/2016": [43.9, -0.006787330316742178], "10/11/2016": [43.9, 0.0], "10/12/2016": [43.8, -0.0022779043280182557], "10/13/2016": [44.0, 0.004566210045662165], "10/14/2016": [43.8, -0.00454545454545461], "10/17/2016": [43.8, 0.0], "10/18/2016": [43.65, -0.003424657534246543], "10/19/2016": [43.4, -0.00572737686139748], "10/20/2016": [43.9, 0.01152073732718894], "10/21/2016": [43.85, -0.001138952164009047], "10/24/2016": [43.75, -0.002280501710376315],