{"1/4/2016": [34.3, ""], "1/5/2016": [34.2, -0.0029154518950435665], "1/6/2016": [33.95, -0.007309941520467836], "1/7/2016": [33.2, -0.022091310751104563], "1/8/2016": [33.4, 0.00602409638554204], "1/11/2016": [33.5, 0.002994011976047947], "1/12/2016": [33.1, -0.011940298507462643], "1/13/2016": [33.15, 0.0015105740181268023], "1/14/2016": [32.8, -0.010558069381598837], "1/15/2016": [32.6, -0.006097560975609627], "1/18/2016": [32.95, 0.010736196319018449], "1/19/2016": [33.6, 0.01972685887708645], "1/20/2016": [33.4, -0.005952380952381037], "1/21/2016": [32.9, -0.014970059880239521], "1/22/2016": [32.9, 0.0], "1/25/2016": [33.35, 0.013677811550152063], "1/26/2016": [33.5, 0.004497751124437738], "1/27/2016": [33.2, -0.00895522388059693], "1/28/2016": [33.2, 0.0], "1/29/2016": [33.95, 0.02259036144578313], "1/30/2016": [34.0, 0.0014727540500735538], "2/1/2016": [33.95, -0.0014705882352940341], "2/2/2016": [34.0, 0.0014727540500735538], "2/3/2016": [34.0, 0.0], "2/15/2016": [36.3, 0.06764705882352932], "2/16/2016": [37.3, 0.027548209366391185], "2/17/2016": [36.85, -0.01206434316353876], "2/18/2016": [36.7, -0.004070556309362241], "2/19/2016": [36.7, 0.0], "2/22/2016": [37.2, 0.013623978201634876], "2/23/2016": [37.1, -0.0026881720430107906], "2/24/2016": [36.5, -0.016172506738544513], "2/25/2016": [36.7, 0.005479452054794599], "2/26/2016": [36.5, -0.005449591280654028], "3/1/2016": [36.7, 0.005479452054794599], "3/2/2016": [37.3, 0.016348773841961695], "3/3/2016": [37.6, 0.008042895442359364], "3/4/2016": [37.5, -0.002659574468085144], "3/7/2016": [37.85, 0.00933333333333337], "3/8/2016": [39.1, 0.03302509907529722], "3/9/2016": [39.7, 0.015345268542199524], "3/10/2016": [39.1, -0.015113350125944619], "3/11/2016": [38.55, -0.014066496163682973], "3/14/2016": [38.75, 0.005188067444876858], "3/15/2016": [37.35, -0.03612903225806448], "3/16/2016": [38.1, 0.020080321285140562], "3/17/2016": [37.6, -0.013123359580052493], "3/18/2016": [37.9, 0.007978723404255244], "3/21/2016": [37.8, -0.002638522427440671], "3/22/2016": [37.5, -0.007936507936507861], "3/23/2016": [36.85, -0.017333333333333294], "3/24/2016": [36.85, 0.0], "3/25/2016": [36.8, -0.0013568521031208755], "3/28/2016": [36.5, -0.008152173913043402], "3/29/2016": [35.95, -0.015068493150684854], "3/30/2016": [36.0, 0.0013908205841445661], "3/31/2016": [36.2, 0.005555555555555635], "4/1/2016": [36.3, 0.0027624309392263622], "4/6/2016": [35.95, -0.009641873278236759], "4/7/2016": [36.4, 0.01251738525730169], "4/8/2016": [36.3, -0.0027472527472527865], "4/11/2016": [36.75, 0.012396694214876111], "4/12/2016": [35.8, -0.0258503401360545], "4/13/2016": [35.4, -0.01117318435754186], "4/14/2016": [35.5, 0.002824858757062187], "4/15/2016": [35.4, -0.0028169014084507443], "4/18/2016": [34.5, -0.025423728813559282], "4/19/2016": [34.65, 0.00434782608695648], "4/20/2016": [34.25, -0.011544011544011504], "4/21/2016": [33.95, -0.008759124087591158], "4/22/2016": [33.35, -0.017673048600883694], "4/25/2016": [33.4, 0.0014992503748125084], "4/26/2016": [33.6, 0.005988023952095894], "4/27/2016": [33.6, 0.0], "4/28/2016": [33.6, 0.0], "4/29/2016": [33.0, -0.017857142857142898], "5/3/2016": [32.55, -0.013636363636363722], "5/4/2016": [32.05, -0.015360983102918589], "5/5/2016": [30.65, -0.043681747269890756], "5/6/2016": [32.2, 0.05057096247960863], "5/9/2016": [31.1, -0.03416149068322986], "5/10/2016": [31.15, 0.0016077170418005516], "5/11/2016": [31.0, -0.004815409309791287], "5/12/2016": [30.7, -0.009677419354838733], "5/13/2016": [30.1, -0.01954397394136801], "5/16/2016": [29.85, -0.00830564784053156], "5/17/2016": [30.25, 0.013400335008375161], "5/18/2016": [30.5, 0.008264462809917356], "5/19/2016": [30.6, 0.0032786885245902103], "5/20/2016": [30.55, -0.0016339869281045984], "5/23/2016": [31.2, 0.021276595744680805], "5/24/2016": [31.2, 0.0], "5/25/2016": [31.55, 0.011217948717948763], "5/26/2016": [31.7, 0.004754358161648133], "5/27/2016": [31.7, 0.0], "5/30/2016": [31.75, 0.0015772870662460793], "5/31/2016": [31.7, -0.0015748031496063215], "6/1/2016": [31.7, 0.0], "6/2/2016": [31.75, 0.0015772870662460793], "6/3/2016": [31.7, -0.0015748031496063215], "6/4/2016": [31.65, -0.0015772870662460793], "6/6/2016": [31.6, -0.0015797788309635753], "6/7/2016": [31.2, -0.012658227848101333], "6/8/2016": [31.3, 0.0032051282051282506], "6/13/2016": [30.85, -0.014376996805111798], "6/14/2016": [30.9, 0.0016207455429496647], "6/15/2016": [31.15, 0.008090614886731393], "6/16/2016": [30.9, -0.008025682182985555], "6/17/2016": [31.2, 0.009708737864077693], "6/20/2016": [31.2, 0.0], "6/21/2016": [30.9, -0.009615384615384638], "6/22/2016": [31.05, 0.004854368932038904], "6/23/2016": [31.2, 0.004830917874396089], "6/24/2016": [30.4, -0.025641025641025664], "6/27/2016": [30.9, 0.01644736842105263], "6/28/2016": [30.95, 0.0016181229773463014], "6/29/2016": [30.95, 0.0], "6/30/2016": [30.9, -0.0016155088852988922], "7/1/2016": [31.55, 0.021035598705501687], "7/4/2016": [31.6, 0.0015847860538827482], "7/5/2016": [32.0, 0.01265822784810122], "7/6/2016": [31.9, -0.0031250000000000444], "7/7/2016": [31.9, 0.0], "7/11/2016": [31.9, 0.0], "7/12/2016": [33.4, 0.047021943573667714], "7/13/2016": [33.65, 0.0074850299401197605], "7/14/2016": [33.85, 0.00594353640416056], "7/15/2016": [34.2, 0.010339734121122641], "7/18/2016": [36.25, 0.05994152046783617], "7/19/2016": [35.9, -0.009655172413793142], "7/20/2016": [35.3, -0.01671309192200561], "7/21/2016": [33.8, -0.042492917847025496], "7/22/2016": [33.15, -0.01923076923076919], "7/25/2016": [32.75, -0.012066365007541435], "7/26/2016": [32.5, -0.007633587786259542], "7/27/2016": [32.5, 0.0], "7/28/2016": [32.45, -0.001538461538461451], "7/29/2016": [32.4, -0.0015408320493067568], "8/1/2016": [32.6, 0.006172839506172928], "8/2/2016": [32.4, -0.006134969325153461], "8/3/2016": [32.4, 0.0], "8/4/2016": [33.15, 0.02314814814814815], "8/5/2016": [33.3, 0.004524886877828011], "8/8/2016": [33.35, 0.0015015015015016296], "8/9/2016": [33.1, -0.0074962518740629685], "8/10/2016": [33.0, -0.0030211480362538194], "8/11/2016": [32.2, -0.024242424242424156], "8/12/2016": [32.2, 0.0], "8/15/2016": [33.2, 0.03105590062111801], "8/16/2016": [32.5, -0.021084337349397676], "8/17/2016": [32.25, -0.007692307692307693], "8/18/2016": [32.7, 0.013953488372093112], "8/19/2016": [32.0, -0.021406727828746263], "8/22/2016": [32.0, 0.0], "8/23/2016": [32.45, 0.014062500000000089], "8/24/2016": [32.65, 0.006163328197226371], "8/25/2016": [32.95, 0.009188361408882214], "8/26/2016": [32.85, -0.0030349013657056576], "8/29/2016": [32.65, -0.006088280060882887], "8/30/2016": [32.5, -0.004594180704440998], "8/31/2016": [32.5, 0.0], "9/1/2016": [32.15, -0.010769230769230812], "9/2/2016": [32.1, -0.0015552099533436131], "9/5/2016": [32.1, 0.0], "9/6/2016": [32.4, 0.009345794392523275], "9/7/2016": [32.4, 0.0], "9/8/2016": [32.85, 0.013888888888888977], "9/9/2016": [32.7, -0.004566210045662057], "9/10/2016": [32.3, -0.012232415902140846], "9/12/2016": [32.3, 0.0], "9/13/2016": [32.25, -0.0015479876160989833], "9/14/2016": [32.3, 0.0015503875968991367], "9/19/2016": [32.55, 0.007739938080495357], "9/20/2016": [32.25, -0.009216589861751065], "9/21/2016": [32.5, 0.007751937984496124], "9/22/2016": [32.4, -0.0030769230769231207], "9/23/2016": [32.7, 0.00925925925925939], "9/26/2016": [32.45, -0.0076452599388379195], "9/29/2016": [32.15, -0.009244992295839884], "9/30/2016": [32.2, 0.001555209953343834], "10/3/2016": [32.2, 0.0], "10/4/2016": [32.2, 0.0], "10/5/2016": [32.3, 0.0031055900621116245], "10/6/2016": [32.35, 0.0015479876160992034], "10/7/2016": [32.55, 0.006182380216383176], "10/11/2016": [31.55, -0.030721966205837066], "10/12/2016": [31.85, 0.009508716323296378], "10/13/2016": [32.0, 0.004709576138147522], "10/14/2016": [31.95, -0.0015625000000000222], "10/17/2016": [32.05, 0.003129890453834049], "10/18/2016": [32.25, 0.006240249609984489], "10/19/2016": [32.25, 0.0], "10/20/2016": [32.2, -0.0015503875968991367],