{"3/17/2016": [31.5, ""], "3/18/2016": [31.0, -0.015873015873015872], "3/21/2016": [30.31, -0.022258064516129075], "3/22/2016": [30.48, 0.0056087099967008155], "3/23/2016": [31.56, 0.035433070866141676], "3/24/2016": [31.56, 0.0], "3/25/2016": [31.56, 0.0], "3/28/2016": [30.0, -0.04942965779467677], "3/29/2016": [30.0, 0.0], "3/30/2016": [30.0, 0.0], "3/31/2016": [30.0, 0.0], "4/1/2016": [31.0, 0.03333333333333333], "4/6/2016": [31.0, 0.0], "4/7/2016": [31.0, 0.0], "4/8/2016": [31.1, 0.003225806451612949], "4/11/2016": [31.0, -0.0032154340836013317], "4/12/2016": [31.0, 0.0], "4/13/2016": [31.0, 0.0], "4/14/2016": [31.0, 0.0], "4/15/2016": [31.0, 0.0], "4/18/2016": [31.2, 0.006451612903225784], "4/19/2016": [31.2, 0.0], "4/20/2016": [31.0, -0.0064102564102563875], "4/21/2016": [31.2, 0.006451612903225784], "4/22/2016": [31.2, 0.0], "4/25/2016": [31.2, 0.0], "4/26/2016": [31.2, 0.0], "4/27/2016": [31.2, 0.0], "4/28/2016": [31.2, 0.0], "4/29/2016": [31.2, 0.0], "5/3/2016": [31.2, 0.0], "5/4/2016": [31.2, 0.0], "5/5/2016": [31.2, 0.0], "5/6/2016": [31.2, 0.0], "5/9/2016": [31.2, 0.0], "5/10/2016": [31.2, 0.0], "5/11/2016": [31.2, 0.0], "5/12/2016": [31.2, 0.0], "5/13/2016": [31.2, 0.0], "5/16/2016": [31.2, 0.0], "5/17/2016": [31.2, 0.0], "5/18/2016": [31.2, 0.0], "5/19/2016": [31.2, 0.0], "5/20/2016": [31.2, 0.0], "5/23/2016": [31.2, 0.0], "5/24/2016": [35.15, 0.12660256410256407], "5/25/2016": [36.31, 0.03300142247510679], "5/26/2016": [35.5, -0.022307904158634047], "5/27/2016": [35.8, 0.008450704225352032], "5/30/2016": [36.3, 0.013966480446927375], "5/31/2016": [36.3, 0.0], "6/1/2016": [36.3, 0.0], "6/2/2016": [36.3, 0.0], "6/3/2016": [36.3, 0.0], "6/4/2016": [36.3, 0.0], "6/6/2016": [33.25, -0.08402203856749305], "6/7/2016": [33.25, 0.0], "6/8/2016": [33.25, 0.0], "6/13/2016": [33.25, 0.0], "6/14/2016": [33.25, 0.0], "6/15/2016": [33.25, 0.0], "6/16/2016": [33.25, 0.0], "6/17/2016": [33.25, 0.0], "6/20/2016": [33.25, 0.0], "6/21/2016": [33.25, 0.0], "6/22/2016": [33.25, 0.0], "6/23/2016": [33.25, 0.0], "6/24/2016": [33.25, 0.0], "6/27/2016": [33.25, 0.0], "6/28/2016": [33.25, 0.0], "6/29/2016": [33.25, 0.0], "6/30/2016": [33.25, 0.0], "7/1/2016": [33.25, 0.0], "7/4/2016": [33.25, 0.0], "7/5/2016": [33.25, 0.0], "7/6/2016": [33.25, 0.0], "7/7/2016": [33.25, 0.0], "7/11/2016": [33.25, 0.0], "7/12/2016": [34.98, 0.05203007518796983], "7/13/2016": [35.0, 0.0005717552887365102], "7/14/2016": [36.68, 0.047999999999999994], "7/15/2016": [34.94, -0.04743729552889864], "7/18/2016": [34.94, 0.0], "7/19/2016": [34.94, 0.0], "7/20/2016": [34.94, 0.0], "7/21/2016": [34.94, 0.0], "7/22/2016": [34.94, 0.0], "7/25/2016": [34.94, 0.0], "7/26/2016": [34.94, 0.0], "7/27/2016": [43.8, 0.25357756153405836], "7/28/2016": [43.15, -0.014840182648401794], "7/29/2016": [43.17, 0.0004634994206257967], "8/1/2016": [43.16, -0.000231642344220642], "8/2/2016": [43.16, 0.0], "8/3/2016": [43.16, 0.0], "8/4/2016": [43.16, 0.0], "8/5/2016": [43.16, 0.0], "8/8/2016": [43.16, 0.0], "8/9/2016": [42.75, -0.009499536607970264], "8/10/2016": [42.75, 0.0], "8/11/2016": [44.95, 0.05146198830409363], "8/12/2016": [44.95, 0.0], "8/15/2016": [44.95, 0.0], "8/16/2016": [44.95, 0.0], "8/17/2016": [42.75, -0.04894327030033376], "8/18/2016": [44.7, 0.045614035087719364], "8/19/2016": [44.7, 0.0], "8/22/2016": [42.5, -0.04921700223713653], "8/23/2016": [42.5, 0.0], "8/24/2016": [42.5, 0.0], "8/25/2016": [42.5, 0.0], "8/26/2016": [42.5, 0.0], "8/29/2016": [42.5, 0.0], "8/30/2016": [42.5, 0.0], "8/31/2016": [42.47, -0.0007058823529412032], "9/1/2016": [42.47, 0.0], "9/2/2016": [42.47, 0.0], "9/5/2016": [41.0, -0.03461266776548149], "9/6/2016": [41.0, 0.0], "9/7/2016": [41.0, 0.0], "9/8/2016": [41.0, 0.0], "9/9/2016": [41.0, 0.0], "9/10/2016": [41.0, 0.0], "9/12/2016": [41.0, 0.0], "9/13/2016": [41.0, 0.0], "9/14/2016": [39.9, -0.02682926829268296], "9/19/2016": [39.9, 0.0], "9/20/2016": [39.9, 0.0], "9/21/2016": [39.9, 0.0], "9/22/2016": [39.9, 0.0], "9/23/2016": [39.9, 0.0], "9/26/2016": [39.9, 0.0], "9/29/2016": [39.9, 0.0], "9/30/2016": [39.9, 0.0], "10/3/2016": [40.0, 0.002506265664160437], "10/4/2016": [39.24, -0.01899999999999995], "10/5/2016": [39.24, 0.0], "10/6/2016": [38.5, -0.018858307849133588], "10/7/2016": [38.5, 0.0], "10/11/2016": [38.5, 0.0], "10/12/2016": [38.5, 0.0], "10/13/2016": [40.29, 0.04649350649350647], "10/14/2016": [40.29, 0.0], "10/17/2016": [40.29, 0.0], "10/18/2016": [38.29, -0.04964010920824026], "10/19/2016": [38.29, 0.0], "10/20/2016": [38.29, 0.0], "10/21/2016": [38.29, 0.0], "10/24/2016": [38.29, 0.0], "10/25/2016": [38.29, 0.0], "10/26/2016": [38.29, 0.0], "10/27/2016": [40.28, 0.051971794202141604], "10/28/2016": [40.0, -0.006951340615690197], "10/31/2016": [40.0, 0.0], "11/1/2016": [40.0, 0.0], "11/2/2016": [38.71, -0.03224999999999998], "11/3/2016": [38.5, -0.005424954792043421], "11/4/2016": [37.05, -0.03766233766233774], "11/7/2016": [38.2, 0.03103913630229435], "11/8/2016": [38.51, 0.008115183246073172], "11/9/2016": [39.5, 0.02570760841339917], "11/10/2016": [40.49, 0.025063291139240558], "11/11/2016": [40.49, 0.0], "11/14/2016": [40.0, -0.012101753519387552], "11/15/2016": [40.0, 0.0], "11/16/2016": [40.0, 0.0], "11/17/2016": [40.0, 0.0], "11/18/2016": [40.49, 0.012250000000000049], "11/21/2016": [40.49, 0.0], "11/22/2016": [40.49, 0.0], "11/23/2016": [39.5, -0.02445048160039521], "11/24/2016": [39.5, 0.0], "11/25/2016": [39.5, 0.0], "11/28/2016": [39.5, 0.0], "11/29/2016": [39.5, 0.0], "11/30/2016": [39.5, 0.0]}