{"1/4/2016": [50.6, ""], "1/5/2016": [50.1, -0.009881422924901186], "1/6/2016": [49.9, -0.003992015968063929], "1/7/2016": [48.2, -0.034068136272545006], "1/8/2016": [49.0, 0.016597510373443924], "1/11/2016": [48.05, -0.019387755102040875], "1/12/2016": [47.6, -0.009365244536940598], "1/13/2016": [47.9, 0.006302521008403302], "1/14/2016": [47.1, -0.016701461377870506], "1/15/2016": [47.5, 0.008492569002123113], "1/18/2016": [48.1, 0.01263157894736845], "1/19/2016": [48.2, 0.0020790020790021086], "1/20/2016": [47.8, -0.00829875518672211], "1/21/2016": [48.0, 0.004184100418410101], "1/22/2016": [48.55, 0.011458333333333274], "1/25/2016": [49.35, 0.016477857878475888], "1/26/2016": [48.9, -0.009118541033434707], "1/27/2016": [49.1, 0.004089979550102308], "1/28/2016": [49.1, 0.0], "1/29/2016": [49.8, 0.014256619144602764], "1/30/2016": [50.0, 0.004016064257028169], "2/1/2016": [50.5, 0.01], "2/2/2016": [50.3, -0.003960396039604017], "2/3/2016": [50.0, -0.005964214711729566], "2/15/2016": [49.5, -0.01], "2/16/2016": [50.7, 0.0242424242424243], "2/17/2016": [50.6, -0.001972386587771231], "2/18/2016": [51.2, 0.01185770750988145], "2/19/2016": [51.5, 0.0058593749999999445], "2/22/2016": [51.2, -0.005825242718446547], "2/23/2016": [51.7, 0.009765625], "2/24/2016": [51.8, 0.0019342359767890581], "2/25/2016": [52.3, 0.009652509652509652], "2/26/2016": [52.5, 0.0038240917782027314], "3/1/2016": [54.1, 0.030476190476190504], "3/2/2016": [54.6, 0.009242144177449167], "3/3/2016": [55.6, 0.018315018315018316], "3/4/2016": [55.8, 0.003597122302158197], "3/7/2016": [55.4, -0.007168458781361982], "3/8/2016": [55.0, -0.007220216606498169], "3/9/2016": [54.7, -0.005454545454545403], "3/10/2016": [54.5, -0.0036563071297989547], "3/11/2016": [54.9, 0.007339449541284377], "3/14/2016": [54.9, 0.0], "3/15/2016": [53.6, -0.02367941712204002], "3/16/2016": [54.3, 0.013059701492537233], "3/17/2016": [54.4, 0.0018416206261510392], "3/18/2016": [54.8, 0.007352941176470562], "3/21/2016": [54.6, -0.0036496350364962726], "3/22/2016": [54.3, -0.005494505494505572], "3/23/2016": [54.0, -0.005524861878452986], "3/24/2016": [53.4, -0.011111111111111138], "3/25/2016": [53.3, -0.0018726591760299892], "3/28/2016": [53.7, 0.0075046904315198065], "3/29/2016": [52.9, -0.014897579143389277], "3/30/2016": [53.3, 0.007561436672967837], "3/31/2016": [53.0, -0.005628517823639722], "4/1/2016": [53.2, 0.003773584905660431], "4/6/2016": [52.8, -0.007518796992481309], "4/7/2016": [53.1, 0.005681818181818263], "4/8/2016": [53.4, 0.00564971751412424], "4/11/2016": [53.7, 0.005617977528089967], "4/12/2016": [53.4, -0.005586592178771029], "4/13/2016": [53.4, 0.0], "4/14/2016": [53.5, 0.0018726591760299892], "4/15/2016": [52.9, -0.011214953271028064], "4/18/2016": [52.6, -0.0056710775047258445], "4/19/2016": [53.0, 0.007604562737642559], "4/20/2016": [52.0, -0.018867924528301886], "4/21/2016": [51.9, -0.0019230769230769505], "4/22/2016": [50.7, -0.023121387283236913], "4/25/2016": [50.8, 0.001972386587771091], "4/26/2016": [51.3, 0.00984251968503937], "4/27/2016": [51.2, -0.0019493177387913123], "4/28/2016": [51.2, 0.0], "4/29/2016": [50.7, -0.009765625], "5/3/2016": [50.1, -0.011834319526627246], "5/4/2016": [50.3, 0.003992015968063787], "5/5/2016": [50.0, -0.005964214711729566], "5/6/2016": [49.8, -0.0040000000000000565], "5/9/2016": [49.6, -0.004016064257028027], "5/10/2016": [49.5, -0.002016129032258093], "5/11/2016": [49.5, 0.0], "5/12/2016": [49.2, -0.006060606060606003], "5/13/2016": [48.7, -0.01016260162601626], "5/16/2016": [47.9, -0.016427104722792695], "5/17/2016": [48.35, 0.009394572025052252], "5/18/2016": [48.4, 0.001034126163391875], "5/19/2016": [48.05, -0.007231404958677716], "5/20/2016": [48.35, 0.006243496357960547], "5/23/2016": [49.6, 0.025853154084798345], "5/24/2016": [49.5, -0.002016129032258093], "5/25/2016": [50.0, 0.010101010101010102], "5/26/2016": [50.3, 0.005999999999999943], "5/27/2016": [49.9, -0.007952286282306134], "5/30/2016": [50.0, 0.0020040080160320926], "5/31/2016": [49.8, -0.0040000000000000565], "6/1/2016": [50.0, 0.004016064257028169], "6/2/2016": [50.0, 0.0], "6/3/2016": [49.9, -0.0020000000000000282], "6/4/2016": [49.65, -0.00501002004008016], "6/6/2016": [49.5, -0.003021148036253748], "6/7/2016": [50.0, 0.010101010101010102], "6/8/2016": [50.3, 0.005999999999999943], "6/13/2016": [49.6, -0.013916500994035701], "6/14/2016": [50.0, 0.008064516129032228], "6/15/2016": [50.0, 0.0], "6/16/2016": [50.0, 0.0], "6/17/2016": [50.5, 0.01], "6/20/2016": [51.2, 0.013861386138613917], "6/21/2016": [52.0, 0.015624999999999944], "6/22/2016": [52.0, 0.0], "6/23/2016": [51.9, -0.0019230769230769505], "6/24/2016": [50.9, -0.01926782273603083], "6/27/2016": [51.7, 0.01571709233791757], "6/28/2016": [51.7, 0.0], "6/29/2016": [51.8, 0.0019342359767890581], "6/30/2016": [53.6, 0.03474903474903483], "7/1/2016": [50.3, -0.06156716417910456], "7/4/2016": [49.55, -0.014910536779324057], "7/5/2016": [49.3, -0.005045408678102927], "7/6/2016": [48.25, -0.021298174442190614], "7/7/2016": [48.7, 0.00932642487046638], "7/11/2016": [48.85, 0.0030800821355235846], "7/12/2016": [48.6, -0.005117707267144319], "7/13/2016": [49.35, 0.015432098765432098], "7/14/2016": [50.0, 0.013171225937183355], "7/15/2016": [50.1, 0.0020000000000000282], "7/18/2016": [49.7, -0.007984031936127716], "7/19/2016": [49.15, -0.011066398390342137], "7/20/2016": [49.8, 0.013224821973550328], "7/21/2016": [51.3, 0.030120481927710847], "7/22/2016": [52.1, 0.015594541910331468], "7/25/2016": [55.9, 0.07293666026871395], "7/26/2016": [57.8, 0.033989266547406055], "7/27/2016": [56.6, -0.02076124567474041], "7/28/2016": [57.0, 0.007067137809187254], "7/29/2016": [54.8, -0.038596491228070226], "8/1/2016": [54.0, -0.01459854014598535], "8/2/2016": [54.8, 0.014814814814814762], "8/3/2016": [54.9, 0.0018248175182482011], "8/4/2016": [54.2, -0.012750455373406116], "8/5/2016": [55.0, 0.014760147601475962], "8/8/2016": [54.5, -0.00909090909090909], "8/9/2016": [54.4, -0.001834862385321127], "8/10/2016": [54.9, 0.009191176470588236], "8/11/2016": [54.6, -0.005464480874316888], "8/12/2016": [54.8, 0.003663003663003585], "8/15/2016": [54.9, 0.0018248175182482011], "8/16/2016": [55.9, 0.018214936247723135], "8/17/2016": [55.7, -0.003577817531305827], "8/18/2016": [56.0, 0.005385996409335676], "8/19/2016": [55.1, -0.016071428571428546], "8/22/2016": [53.7, -0.025408348457350245], "8/23/2016": [54.1, 0.007448789571694573], "8/24/2016": [53.7, -0.0073937153419593084], "8/25/2016": [54.1, 0.007448789571694573], "8/26/2016": [53.8, -0.00554528650646958], "8/29/2016": [53.6, -0.0037174721189590287], "8/30/2016": [53.6, 0.0], "8/31/2016": [53.1, -0.009328358208955223], "9/1/2016": [53.7, 0.011299435028248614], "9/2/2016": [53.4, -0.005586592178771029], "9/5/2016": [54.7, 0.024344569288389593], "9/6/2016": [54.6, -0.0018281535648994774], "9/7/2016": [55.4, 0.0146520146520146], "9/8/2016": [55.7, 0.005415162454873723], "9/9/2016": [55.7, 0.0], "9/10/2016": [54.9, -0.014362657091562014], "9/12/2016": [54.6, -0.005464480874316888], "9/13/2016": [54.5, -0.0018315018315018575], "9/14/2016": [54.8, 0.005504587155963251], "9/19/2016": [55.3, 0.009124087591240877], "9/20/2016": [56.5, 0.02169981916817365], "9/21/2016": [56.5, 0.0], "9/22/2016": [56.7, 0.0035398230088496078], "9/23/2016": [56.0, -0.012345679012345729], "9/26/2016": [56.0, 0.0], "9/29/2016": [55.7, -0.005357142857142806], "9/30/2016": [56.2, 0.008976660682226212], "10/3/2016": [55.9, -0.005338078291815022], "10/4/2016": [56.0, 0.001788908765652977], "10/5/2016": [56.7, 0.012500000000000051], "10/6/2016": [55.8, -0.015873015873015973], "10/7/2016": [55.8, 0.0], "10/11/2016": [54.8, -0.01792114695340502], "10/12/2016": [55.1, 0.005474452554744604], "10/13/2016": [54.2, -0.016333938294010864], "10/14/2016": [53.5, -0.012915129151291565], "10/17/2016": [53.5, 0.0], "10/18/2016": [53.6, 0.0018691588785046994], "10/19/2016": [53.8, 0.00373134328358201],