{"1/4/2016": [20.6, ""], "1/5/2016": [20.4, -0.009708737864077808], "1/6/2016": [20.1, -0.014705882352941037], "1/7/2016": [18.5, -0.07960199004975131], "1/8/2016": [19.0, 0.02702702702702703], "1/11/2016": [19.0, 0.0], "1/12/2016": [18.5, -0.02631578947368421], "1/13/2016": [18.6, 0.005405405405405482], "1/14/2016": [18.1, -0.026881720430107524], "1/15/2016": [17.1, -0.055248618784530384], "1/18/2016": [18.8, 0.09941520467836253], "1/19/2016": [20.65, 0.09840425531914881], "1/20/2016": [20.1, -0.02663438256658582], "1/21/2016": [21.2, 0.05472636815920387], "1/22/2016": [21.3, 0.004716981132075539], "1/25/2016": [21.25, -0.0023474178403756203], "1/26/2016": [20.55, -0.0329411764705882], "1/27/2016": [19.8, -0.0364963503649635], "1/28/2016": [20.1, 0.015151515151515187], "1/29/2016": [20.45, 0.017412935323382978], "1/30/2016": [21.0, 0.02689486552567241], "2/1/2016": [21.4, 0.01904761904761898], "2/2/2016": [22.0, 0.028037383177570162], "2/3/2016": [21.85, -0.006818181818181754], "2/15/2016": [21.65, -0.009153318077803334], "2/16/2016": [22.45, 0.036951501154734445], "2/17/2016": [21.95, -0.022271714922048998], "2/18/2016": [22.1, 0.006833712984054767], "2/19/2016": [21.95, -0.006787330316742178], "2/22/2016": [22.85, 0.041002277904328116], "2/23/2016": [22.35, -0.02188183807439825], "2/24/2016": [22.15, -0.008948545861297666], "2/25/2016": [21.9, -0.011286681715575621], "2/26/2016": [22.6, 0.03196347031963483], "3/1/2016": [23.0, 0.017699115044247725], "3/2/2016": [24.1, 0.0478260869565218], "3/3/2016": [25.8, 0.0705394190871369], "3/4/2016": [25.8, 0.0], "3/7/2016": [25.2, -0.023255813953488427], "3/8/2016": [24.6, -0.023809523809523725], "3/9/2016": [24.95, 0.014227642276422677], "3/10/2016": [25.65, 0.02805611222444887], "3/11/2016": [25.8, 0.005847953216374353], "3/14/2016": [25.75, -0.0019379844961240585], "3/15/2016": [25.0, -0.02912621359223301], "3/16/2016": [27.5, 0.1], "3/17/2016": [28.35, 0.030909090909090962], "3/18/2016": [31.15, 0.09876543209876533], "3/21/2016": [33.2, 0.06581059390048168], "3/22/2016": [32.05, -0.03463855421686764], "3/23/2016": [31.6, -0.014040561622464767], "3/24/2016": [33.55, 0.061708860759493535], "3/25/2016": [33.85, 0.008941877794336939], "3/28/2016": [37.2, 0.09896602658788778], "3/29/2016": [36.45, -0.020161290322580645], "3/30/2016": [39.05, 0.0713305898491082], "3/31/2016": [39.0, -0.0012804097311138838], "4/1/2016": [40.1, 0.02820512820512824], "4/6/2016": [41.8, 0.04239401496259341], "4/7/2016": [41.9, 0.0023923444976076897], "4/8/2016": [40.25, -0.03937947494033409], "4/11/2016": [41.5, 0.031055900621118012], "4/12/2016": [39.3, -0.05301204819277115], "4/13/2016": [40.9, 0.04071246819338426], "4/14/2016": [44.95, 0.09902200488997566], "4/15/2016": [45.0, 0.0011123470522802481], "4/18/2016": [45.1, 0.002222222222222254], "4/19/2016": [44.9, -0.004434589800443521], "4/20/2016": [46.1, 0.02672605790645886], "4/21/2016": [45.7, -0.008676789587852464], "4/22/2016": [46.9, 0.026258205689277805], "4/25/2016": [46.3, -0.012793176972281481], "4/26/2016": [46.3, 0.0], "4/27/2016": [44.8, -0.032397408207343416], "4/28/2016": [43.4, -0.03124999999999997], "4/29/2016": [43.2, -0.004608294930875478], "5/3/2016": [41.5, -0.039351851851851916], "5/4/2016": [41.9, 0.009638554216867436], "5/5/2016": [46.05, 0.09904534606205248], "5/6/2016": [44.05, -0.04343105320304018], "5/9/2016": [44.15, 0.002270147559591406], "5/10/2016": [45.65, 0.03397508493771235], "5/11/2016": [44.25, -0.03066812705366919], "5/12/2016": [39.85, -0.09943502824858753], "5/13/2016": [39.95, 0.0025094102885822186], "5/16/2016": [38.3, -0.04130162703379238], "5/17/2016": [39.15, 0.02219321148825069], "5/18/2016": [39.25, 0.0025542784163474185], "5/19/2016": [38.5, -0.01910828025477707], "5/20/2016": [38.5, 0.0], "5/23/2016": [42.35, 0.10000000000000003], "5/24/2016": [41.6, -0.017709563164108617], "5/25/2016": [40.85, -0.018028846153846152], "5/26/2016": [43.4, 0.06242350061199503], "5/27/2016": [44.0, 0.013824884792626762], "5/30/2016": [45.1, 0.025000000000000033], "5/31/2016": [45.35, 0.005543237250554323], "6/1/2016": [46.0, 0.014332965821389163], "6/2/2016": [44.85, -0.02499999999999997], "6/3/2016": [46.35, 0.033444816053511704], "6/4/2016": [48.95, 0.05609492988133768], "6/6/2016": [51.5, 0.052093973442287986], "6/7/2016": [51.6, 0.0019417475728155617], "6/8/2016": [52.3, 0.013565891472868134], "6/13/2016": [51.3, -0.019120458891013385], "6/14/2016": [51.5, 0.0038986354775829017], "6/15/2016": [51.5, 0.0], "6/16/2016": [49.4, -0.04077669902912624], "6/17/2016": [50.6, 0.02429149797570856], "6/20/2016": [51.3, 0.013833992094861575], "6/21/2016": [51.0, -0.005847953216374214], "6/22/2016": [50.1, -0.017647058823529384], "6/23/2016": [50.6, 0.00998003992015968], "6/24/2016": [47.05, -0.0701581027667985], "6/27/2016": [47.6, 0.01168969181721582], "6/28/2016": [48.3, 0.014705882352941086], "6/29/2016": [48.0, -0.006211180124223544], "6/30/2016": [48.7, 0.014583333333333393], "7/1/2016": [48.3, -0.00821355236139642], "7/4/2016": [48.6, 0.006211180124223691], "7/5/2016": [48.6, 0.0], "7/6/2016": [47.2, -0.028806584362139887], "7/7/2016": [47.9, 0.01483050847457618], "7/11/2016": [49.05, 0.024008350730688906], "7/12/2016": [49.85, 0.016309887869520985], "7/13/2016": [49.2, -0.013039117352056139], "7/14/2016": [52.5, 0.06707317073170725], "7/15/2016": [53.0, 0.009523809523809525], "7/18/2016": [52.5, -0.009433962264150943], "7/19/2016": [53.2, 0.013333333333333388], "7/20/2016": [53.0, -0.0037593984962406546], "7/21/2016": [52.5, -0.009433962264150943], "7/22/2016": [52.2, -0.0057142857142856605], "7/25/2016": [50.0, -0.04214559386973185], "7/26/2016": [50.5, 0.01], "7/27/2016": [49.0, -0.0297029702970297], "7/28/2016": [48.85, -0.003061224489795889], "7/29/2016": [49.05, 0.004094165813715368], "8/1/2016": [49.05, 0.0], "8/2/2016": [48.9, -0.0030581039755351396], "8/3/2016": [49.55, 0.013292433537832282], "8/4/2016": [49.4, -0.0030272452068617274], "8/5/2016": [48.7, -0.014170040485829873], "8/8/2016": [48.9, 0.0041067761806980645], "8/9/2016": [48.3, -0.012269938650306778], "8/10/2016": [43.5, -0.09937888198757759], "8/11/2016": [43.3, -0.004597701149425352], "8/12/2016": [41.95, -0.03117782909930703], "8/15/2016": [44.65, 0.06436233611442183], "8/16/2016": [42.85, -0.04031354983202681], "8/17/2016": [42.85, 0.0], "8/18/2016": [42.65, -0.004667444574095749], "8/19/2016": [42.55, -0.002344665885111405], "8/22/2016": [40.0, -0.05992949471210335], "8/23/2016": [40.15, 0.0037499999999999643], "8/24/2016": [42.0, 0.04607721046077214], "8/25/2016": [41.65, -0.008333333333333368], "8/26/2016": [41.8, 0.0036014405762304583], "8/29/2016": [41.35, -0.010765550239234348], "8/30/2016": [41.8, 0.01088270858524778], "8/31/2016": [41.6, -0.004784688995215209], "9/1/2016": [41.8, 0.004807692307692205], "9/2/2016": [38.5, -0.07894736842105257], "9/5/2016": [40.0, 0.03896103896103896], "9/6/2016": [40.95, 0.02375000000000007], "9/7/2016": [40.55, -0.009768009768009907], "9/8/2016": [40.65, 0.002466091245376114], "9/9/2016": [40.45, -0.0049200492004919], "9/10/2016": [39.6, -0.02101359703337457], "9/12/2016": [38.9, -0.01767676767676775], "9/13/2016": [38.0, -0.023136246786632356], "9/14/2016": [38.0, 0.0], "9/19/2016": [39.2, 0.03157894736842113], "9/20/2016": [39.4, 0.005102040816326422], "9/21/2016": [39.0, -0.010152284263959355], "9/22/2016": [41.8, 0.07179487179487172], "9/23/2016": [41.8, 0.0], "9/26/2016": [40.9, -0.021531100478468866], "9/29/2016": [40.55, -0.00855745721271397], "9/30/2016": [40.75, 0.004932182490752228], "10/3/2016": [39.9, -0.020858895705521508], "10/4/2016": [40.4, 0.012531328320802006], "10/5/2016": [41.25, 0.021039603960396076], "10/6/2016": [41.15, -0.0024242424242424585], "10/7/2016": [40.8, -0.008505467800729074], "10/11/2016": [39.7, -0.026960784313725353], "10/12/2016": [39.95, 0.006297229219143576], "10/13/2016": [40.4, 0.011264080100125048], "10/14/2016": [40.0, -0.009900990099009866], "10/17/2016": [38.85, -0.028749999999999963],