{"1/4/2016": [29.45, ""], "1/5/2016": [29.4, -0.0016977928692699733], "1/6/2016": [28.6, -0.027210884353741402], "1/7/2016": [27.7, -0.03146853146853154], "1/8/2016": [28.2, 0.018050541516245487], "1/11/2016": [28.0, -0.007092198581560258], "1/12/2016": [27.2, -0.0285714285714286], "1/13/2016": [27.25, 0.0018382352941176733], "1/14/2016": [26.5, -0.027522935779816515], "1/15/2016": [26.5, 0.0], "1/18/2016": [27.4, 0.03396226415094334], "1/19/2016": [27.2, -0.007299270072992675], "1/20/2016": [26.5, -0.025735294117647033], "1/21/2016": [26.15, -0.013207547169811375], "1/22/2016": [26.2, 0.0019120458891013657], "1/25/2016": [27.15, 0.0362595419847328], "1/26/2016": [26.9, -0.009208103130755065], "1/27/2016": [26.0, -0.03345724907063192], "1/28/2016": [26.6, 0.02307692307692313], "1/29/2016": [26.95, 0.013157894736842025], "1/30/2016": [27.15, 0.0074211502782931095], "2/1/2016": [26.8, -0.012891344383057012], "2/2/2016": [26.8, 0.0], "2/3/2016": [26.5, -0.011194029850746294], "2/15/2016": [26.5, 0.0], "2/16/2016": [26.7, 0.007547169811320728], "2/17/2016": [27.2, 0.018726591760299626], "2/18/2016": [27.45, 0.009191176470588236], "2/19/2016": [27.5, 0.0018214936247723393], "2/22/2016": [27.2, -0.010909090909090934], "2/23/2016": [27.6, 0.014705882352941256], "2/24/2016": [27.5, -0.0036231884057971527], "2/25/2016": [28.0, 0.01818181818181818], "2/26/2016": [28.05, 0.001785714285714311], "3/1/2016": [28.0, -0.0017825311942959254], "3/2/2016": [28.3, 0.01071428571428574], "3/3/2016": [28.3, 0.0], "3/4/2016": [29.1, 0.02826855123674914], "3/7/2016": [29.1, 0.0], "3/8/2016": [29.0, -0.0034364261168385365], "3/9/2016": [28.7, -0.01034482758620692], "3/10/2016": [28.8, 0.0034843205574913386], "3/11/2016": [28.75, -0.0017361111111111357], "3/14/2016": [28.75, 0.0], "3/15/2016": [28.1, -0.022608695652173865], "3/16/2016": [28.6, 0.01779359430604982], "3/17/2016": [28.4, -0.006993006993007092], "3/18/2016": [28.6, 0.007042253521126861], "3/21/2016": [28.2, -0.01398601398601406], "3/22/2016": [28.15, -0.0017730496453900962], "3/23/2016": [28.2, 0.0017761989342806649], "3/24/2016": [27.85, -0.01241134751773042], "3/25/2016": [28.2, 0.012567324955116619], "3/28/2016": [28.0, -0.007092198581560258], "3/29/2016": [27.35, -0.023214285714285663], "3/30/2016": [27.6, 0.009140767824497258], "3/31/2016": [27.7, 0.003623188405797024], "4/1/2016": [27.35, -0.012635379061371764], "4/6/2016": [27.15, -0.007312614259597909], "4/7/2016": [27.45, 0.011049723756906105], "4/8/2016": [27.7, 0.009107468123861567], "4/11/2016": [27.4, -0.010830324909747318], "4/12/2016": [26.8, -0.021897810218978027], "4/13/2016": [26.8, 0.0], "4/14/2016": [26.8, 0.0], "4/15/2016": [27.0, 0.007462686567164152], "4/18/2016": [27.5, 0.018518518518518517], "4/19/2016": [26.8, -0.025454545454545428], "4/20/2016": [26.2, -0.022388059701492588], "4/21/2016": [26.4, 0.007633587786259515], "4/22/2016": [25.7, -0.026515151515151488], "4/25/2016": [25.85, 0.005836575875486465], "4/26/2016": [25.8, -0.0019342359767891956], "4/27/2016": [26.0, 0.007751937984496096], "4/28/2016": [25.8, -0.007692307692307665], "4/29/2016": [25.2, -0.023255813953488427], "5/3/2016": [24.9, -0.011904761904761934], "5/4/2016": [24.2, -0.02811244979919676], "5/5/2016": [24.2, 0.0], "5/6/2016": [24.0, -0.008264462809917326], "5/9/2016": [24.5, 0.020833333333333332], "5/10/2016": [24.0, -0.02040816326530612], "5/11/2016": [24.05, 0.002083333333333363], "5/12/2016": [23.8, -0.010395010395010394], "5/13/2016": [23.7, -0.004201680672268967], "5/16/2016": [23.55, -0.006329113924050573], "5/17/2016": [23.95, 0.016985138004246225], "5/18/2016": [24.2, 0.010438413361169102], "5/19/2016": [23.5, -0.028925619834710717], "5/20/2016": [24.5, 0.0425531914893617], "5/23/2016": [24.9, 0.01632653061224484], "5/24/2016": [24.3, -0.02409638554216859], "5/25/2016": [24.8, 0.0205761316872428], "5/26/2016": [25.0, 0.008064516129032228], "5/27/2016": [25.3, 0.012000000000000028], "5/30/2016": [25.0, -0.01185770750988145], "5/31/2016": [24.5, -0.02], "6/1/2016": [24.85, 0.014285714285714344], "6/2/2016": [24.5, -0.014084507042253577], "6/3/2016": [24.95, 0.01836734693877548], "6/4/2016": [24.45, -0.02004008016032064], "6/6/2016": [24.5, 0.002044989775051154], "6/7/2016": [24.5, 0.0], "6/8/2016": [24.3, -0.00816326530612242], "6/13/2016": [23.9, -0.016460905349794327], "6/14/2016": [23.7, -0.008368200836820055], "6/15/2016": [24.2, 0.02109704641350211], "6/16/2016": [24.1, -0.004132231404958589], "6/17/2016": [23.9, -0.00829875518672211], "6/20/2016": [23.85, -0.002092050209204902], "6/21/2016": [24.7, 0.03563941299790347], "6/22/2016": [24.6, -0.004048582995951331], "6/23/2016": [24.05, -0.0223577235772358], "6/24/2016": [23.85, -0.008316008316008287], "6/27/2016": [23.9, 0.0020964360587000905], "6/28/2016": [24.15, 0.010460251046025106], "6/29/2016": [24.25, 0.004140786749482461], "6/30/2016": [24.3, 0.002061855670103122], "7/1/2016": [24.8, 0.0205761316872428], "7/4/2016": [24.85, 0.002016129032258093], "7/5/2016": [25.3, 0.018108651911468782], "7/6/2016": [25.0, -0.01185770750988145], "7/7/2016": [25.5, 0.02], "7/11/2016": [24.8, -0.027450980392156835], "7/12/2016": [24.3, -0.020161290322580645], "7/13/2016": [24.5, 0.00823045267489709], "7/14/2016": [24.15, -0.014285714285714344], "7/15/2016": [24.1, -0.0020703933747410834], "7/18/2016": [24.25, 0.006224066390041434], "7/19/2016": [24.25, 0.0], "7/20/2016": [24.35, 0.004123711340206244], "7/21/2016": [24.35, 0.0], "7/22/2016": [24.6, 0.01026694045174538], "7/25/2016": [27.05, 0.09959349593495931], "7/26/2016": [27.2, 0.005545286506469448], "7/27/2016": [26.7, -0.01838235294117647], "7/28/2016": [26.75, 0.0018726591760299892], "7/29/2016": [26.65, -0.003738317757009399], "8/1/2016": [26.9, 0.009380863039399626], "8/2/2016": [26.5, -0.014869888475836378], "8/3/2016": [26.15, -0.013207547169811375], "8/4/2016": [27.0, 0.03250478011472281], "8/5/2016": [26.75, -0.009259259259259259], "8/8/2016": [26.6, -0.005607476635513965], "8/9/2016": [26.3, -0.01127819548872183], "8/10/2016": [25.65, -0.024714828897338482], "8/11/2016": [24.9, -0.029239766081871347], "8/12/2016": [25.2, 0.012048192771084366], "8/15/2016": [25.2, 0.0], "8/16/2016": [25.3, 0.003968253968254024], "8/17/2016": [24.55, -0.029644268774703556], "8/18/2016": [24.7, 0.006109979633401164], "8/19/2016": [24.8, 0.004048582995951474], "8/22/2016": [24.4, -0.016129032258064602], "8/23/2016": [24.45, 0.0020491803278688816], "8/24/2016": [23.85, -0.02453987730061341], "8/25/2016": [23.7, -0.006289308176100718], "8/26/2016": [24.0, 0.012658227848101297], "8/29/2016": [24.65, 0.027083333333333275], "8/30/2016": [24.6, -0.0020283975659228055], "8/31/2016": [24.4, -0.008130081300813123], "9/1/2016": [24.1, -0.012295081967212998], "9/2/2016": [24.0, -0.004149377593361055], "9/5/2016": [24.0, 0.0], "9/6/2016": [24.15, 0.0062499999999999405], "9/7/2016": [24.1, -0.0020703933747410834], "9/8/2016": [23.95, -0.006224066390041582], "9/9/2016": [24.45, 0.020876826722338204], "9/10/2016": [24.25, -0.00817995910020447], "9/12/2016": [24.2, -0.002061855670103122], "9/13/2016": [24.2, 0.0], "9/14/2016": [23.9, -0.012396694214876063], "9/19/2016": [24.05, 0.006276150627615152], "9/20/2016": [24.1, 0.0020790020790021086], "9/21/2016": [24.2, 0.004149377593360907], "9/22/2016": [24.1, -0.004132231404958589], "9/23/2016": [24.2, 0.004149377593360907], "9/26/2016": [24.6, 0.016528925619834798], "9/29/2016": [24.8, 0.00813008130081298], "9/30/2016": [24.65, -0.006048387096774279], "10/3/2016": [24.3, -0.014198782961460361], "10/4/2016": [24.4, 0.0041152263374484715], "10/5/2016": [24.25, -0.006147540983606499], "10/6/2016": [24.5, 0.010309278350515464], "10/7/2016": [25.15, 0.026530612244897903], "10/11/2016": [24.45, -0.027833001988071544], "10/12/2016": [24.1, -0.014314928425357787], "10/13/2016": [24.05, -0.0020746887966805274], "10/14/2016": [23.65, -0.01663201663201672], "10/17/2016": [23.4, -0.010570824524312896], "10/18/2016": [23.45, 0.0021367521367521673],