{"1/4/2016": [28.7, ""], "1/5/2016": [28.4, -0.010452961672473893], "1/6/2016": [27.1, -0.04577464788732385], "1/7/2016": [27.1, 0.0], "1/8/2016": [28.1, 0.03690036900369004], "1/11/2016": [28.75, 0.02313167259786472], "1/12/2016": [28.85, 0.003478260869565267], "1/13/2016": [28.9, 0.0017331022530328304], "1/14/2016": [27.9, -0.03460207612456748], "1/15/2016": [27.3, -0.021505376344085947], "1/18/2016": [28.4, 0.04029304029304021], "1/19/2016": [29.55, 0.04049295774647895], "1/20/2016": [28.65, -0.030456852791878243], "1/21/2016": [29.25, 0.0209424083769634], "1/22/2016": [29.1, -0.00512820512820508], "1/25/2016": [29.65, 0.018900343642611585], "1/26/2016": [29.5, -0.0050590219224282825], "1/27/2016": [30.5, 0.03389830508474576], "1/28/2016": [30.75, 0.00819672131147541], "1/29/2016": [30.9, 0.004878048780487759], "1/30/2016": [31.5, 0.019417475728155387], "2/1/2016": [30.35, -0.03650793650793646], "2/2/2016": [31.05, 0.02306425041186159], "2/3/2016": [30.4, -0.020933977455716655], "2/15/2016": [30.1, -0.009868421052631486], "2/16/2016": [31.0, 0.029900332225913574], "2/17/2016": [31.0, 0.0], "2/18/2016": [31.25, 0.008064516129032258], "2/19/2016": [31.1, -0.0047999999999999545], "2/22/2016": [30.55, -0.017684887459807095], "2/23/2016": [30.7, 0.004909983633387842], "2/24/2016": [30.2, -0.016286644951140065], "2/25/2016": [29.8, -0.013245033112582735], "2/26/2016": [30.2, 0.01342281879194626], "3/1/2016": [31.15, 0.031456953642384086], "3/2/2016": [30.75, -0.01284109149277684], "3/3/2016": [30.35, -0.013008130081300766], "3/4/2016": [30.65, 0.009884678747940598], "3/7/2016": [30.3, -0.011419249592169589], "3/8/2016": [30.3, 0.0], "3/9/2016": [29.9, -0.013201320132013271], "3/10/2016": [29.8, -0.0033444816053510994], "3/11/2016": [30.0, 0.00671140939597313], "3/14/2016": [30.0, 0.0], "3/15/2016": [29.55, -0.014999999999999977], "3/16/2016": [30.6, 0.03553299492385789], "3/17/2016": [29.75, -0.02777777777777782], "3/18/2016": [30.15, 0.013445378151260456], "3/21/2016": [29.8, -0.011608623548921986], "3/22/2016": [29.75, -0.0016778523489933124], "3/23/2016": [29.55, -0.006722689075630228], "3/24/2016": [29.2, -0.011844331641286003], "3/25/2016": [28.75, -0.015410958904109566], "3/28/2016": [28.05, -0.024347826086956497], "3/29/2016": [28.2, 0.00534759358288765], "3/30/2016": [28.9, 0.02482269503546097], "3/31/2016": [28.35, -0.019031141868512014], "4/1/2016": [28.3, -0.001763668430335122], "4/6/2016": [27.55, -0.026501766784452298], "4/7/2016": [27.6, 0.0018148820326679023], "4/8/2016": [27.5, -0.0036231884057971527], "4/11/2016": [27.75, 0.00909090909090909], "4/12/2016": [26.6, -0.04144144144144139], "4/13/2016": [26.7, 0.003759398496240521], "4/14/2016": [26.6, -0.0037453183520598453], "4/15/2016": [26.0, -0.02255639097744366], "4/18/2016": [26.0, 0.0], "4/19/2016": [26.25, 0.009615384615384616], "4/20/2016": [25.85, -0.015238095238095184], "4/21/2016": [25.55, -0.011605415860735036], "4/22/2016": [24.75, -0.03131115459882586], "4/25/2016": [25.05, 0.01212121212121215], "4/26/2016": [24.95, -0.003992015968063929], "4/27/2016": [24.5, -0.01803607214428855], "4/28/2016": [24.0, -0.02040816326530612], "4/29/2016": [24.0, 0.0], "5/3/2016": [23.35, -0.027083333333333275], "5/4/2016": [23.3, -0.002141327623126369], "5/5/2016": [23.65, 0.01502145922746772], "5/6/2016": [23.9, 0.010570824524312896], "5/9/2016": [23.6, -0.012552301255230007], "5/10/2016": [24.75, 0.04872881355932197], "5/11/2016": [24.1, -0.026262626262626206], "5/12/2016": [24.35, 0.01037344398340249], "5/13/2016": [24.45, 0.0041067761806980645], "5/16/2016": [24.5, 0.002044989775051154], "5/17/2016": [24.9, 0.01632653061224484], "5/18/2016": [24.65, -0.010040160642570281], "5/19/2016": [24.5, -0.006085192697768705], "5/20/2016": [24.75, 0.01020408163265306], "5/23/2016": [25.3, 0.02222222222222225], "5/24/2016": [25.65, 0.013833992094861575], "5/25/2016": [26.0, 0.013645224171540018], "5/26/2016": [25.65, -0.013461538461538516], "5/27/2016": [25.5, -0.005847953216374214], "5/30/2016": [25.65, 0.005882352941176415], "5/31/2016": [25.6, -0.0019493177387913123], "6/1/2016": [25.8, 0.007812499999999972], "6/2/2016": [25.7, -0.003875968992248117], "6/3/2016": [25.6, -0.0038910505836575048], "6/4/2016": [25.8, 0.007812499999999972], "6/6/2016": [26.9, 0.0426356589147286], "6/7/2016": [26.8, -0.0037174721189590287], "6/8/2016": [26.35, -0.016791044776119375], "6/13/2016": [25.25, -0.04174573055028468], "6/14/2016": [25.4, 0.005940594059405884], "6/15/2016": [25.5, 0.003937007874015804], "6/16/2016": [25.25, -0.00980392156862745], "6/17/2016": [25.6, 0.013861386138613917], "6/20/2016": [25.9, 0.011718749999999889], "6/21/2016": [25.8, -0.003861003861003779], "6/22/2016": [26.9, 0.0426356589147286], "6/23/2016": [26.75, -0.005576208178438609], "6/24/2016": [25.8, -0.03551401869158876], "6/27/2016": [25.7, -0.003875968992248117], "6/28/2016": [26.55, 0.03307392996108955], "6/29/2016": [26.4, -0.0056497175141243736], "6/30/2016": [26.5, 0.0037878787878788418], "7/1/2016": [26.4, -0.003773584905660431], "7/4/2016": [26.45, 0.0018939393939394209], "7/5/2016": [27.05, 0.022684310018903645], "7/6/2016": [26.2, -0.03142329020332722], "7/7/2016": [26.25, 0.0019083969465649127], "7/11/2016": [26.7, 0.017142857142857116], "7/12/2016": [26.75, 0.0018726591760299892], "7/13/2016": [26.75, 0.0], "7/14/2016": [26.9, 0.005607476635513965], "7/15/2016": [26.9, 0.0], "7/18/2016": [27.15, 0.00929368029739777], "7/19/2016": [27.1, -0.0018416206261509082], "7/20/2016": [27.45, 0.012915129151291433], "7/21/2016": [28.2, 0.0273224043715847], "7/22/2016": [28.4, 0.007092198581560258], "7/25/2016": [27.2, -0.04225352112676054], "7/26/2016": [27.35, 0.00551470588235302], "7/27/2016": [27.25, -0.0036563071297989547], "7/28/2016": [27.1, -0.005504587155963251], "7/29/2016": [27.5, 0.014760147601475962], "8/1/2016": [27.8, 0.010909090909090934], "8/2/2016": [27.85, 0.0017985611510791622], "8/3/2016": [27.4, -0.016157989228007284], "8/4/2016": [27.6, 0.007299270072992805], "8/5/2016": [27.7, 0.003623188405797024], "8/8/2016": [27.75, 0.0018050541516245744], "8/9/2016": [27.8, 0.0018018018018018274], "8/10/2016": [27.75, -0.0017985611510791622], "8/11/2016": [28.25, 0.018018018018018018], "8/12/2016": [28.4, 0.005309734513274286], "8/15/2016": [28.95, 0.019366197183098618], "8/16/2016": [29.0, 0.001727115716753047], "8/17/2016": [29.4, 0.013793103448275813], "8/18/2016": [29.3, -0.0034013605442176145], "8/19/2016": [28.85, -0.015358361774744003], "8/22/2016": [29.15, 0.010398613518197474], "8/23/2016": [29.3, 0.0051457975986278605], "8/24/2016": [28.85, -0.015358361774744003], "8/25/2016": [29.75, 0.03119584055459267], "8/26/2016": [31.1, 0.04537815126050425], "8/29/2016": [30.85, -0.008038585209003215], "8/30/2016": [30.95, 0.0032414910858994447], "8/31/2016": [32.1, 0.03715670436187406], "9/1/2016": [31.8, -0.009345794392523386], "9/2/2016": [30.5, -0.04088050314465411], "9/5/2016": [30.85, 0.01147540983606562], "9/6/2016": [31.4, 0.017828200972447233], "9/7/2016": [31.45, 0.0015923566878981118], "9/8/2016": [32.35, 0.02861685214626398], "9/9/2016": [31.75, -0.018547140649149967], "9/10/2016": [31.05, -0.022047244094488168], "9/12/2016": [30.4, -0.020933977455716655], "9/13/2016": [30.1, -0.009868421052631486], "9/14/2016": [29.8, -0.009966777408637897], "9/19/2016": [30.85, 0.035234899328859086], "9/20/2016": [30.6, -0.008103727714748784], "9/21/2016": [30.85, 0.008169934640522876], "9/22/2016": [30.7, -0.00486223662884934], "9/23/2016": [30.8, 0.0032573289902280596], "9/26/2016": [30.0, -0.025974025974025997], "9/29/2016": [30.0, 0.0], "9/30/2016": [30.4, 0.013333333333333286], "10/3/2016": [30.2, -0.00657894736842103], "10/4/2016": [30.3, 0.0033112582781457426], "10/5/2016": [30.9, 0.019801980198019733], "10/6/2016": [30.8, -0.003236245954692488], "10/7/2016": [30.35, -0.014610389610389588], "10/11/2016": [29.0, -0.04448105436573316], "10/12/2016": [29.35, 0.012068965517241428],