{"1/4/2016": [35.85, ""], "1/5/2016": [35.55, -0.008368200836820203], "1/6/2016": [35.3, -0.007032348804500704], "1/7/2016": [35.4, 0.00283286118980174], "1/8/2016": [35.45, 0.001412429378531194], "1/11/2016": [35.0, -0.012693935119887244], "1/12/2016": [35.0, 0.0], "1/13/2016": [34.6, -0.011428571428571389], "1/14/2016": [34.6, 0.0], "1/15/2016": [34.65, 0.0014450867052022299], "1/18/2016": [34.8, 0.004329004329004288], "1/19/2016": [34.95, 0.004310344827586371], "1/20/2016": [35.0, 0.0014306151645206624], "1/21/2016": [35.0, 0.0], "1/22/2016": [34.65, -0.01000000000000004], "1/25/2016": [34.65, 0.0], "1/26/2016": [35.2, 0.015873015873015997], "1/27/2016": [35.1, -0.002840909090909131], "1/28/2016": [34.95, -0.004273504273504233], "1/29/2016": [35.35, 0.01144492131616591], "1/30/2016": [35.45, 0.002828854314002869], "2/1/2016": [35.5, 0.001410437235542938], "2/2/2016": [35.65, 0.004225352112676016], "2/3/2016": [35.65, 0.0], "2/15/2016": [36.85, 0.03366058906030864], "2/16/2016": [38.0, 0.031207598371777435], "2/17/2016": [38.05, 0.0013157894736841357], "2/18/2016": [38.0, -0.0013140604467804773], "2/19/2016": [37.25, -0.019736842105263157], "2/22/2016": [37.0, -0.006711409395973154], "2/23/2016": [36.5, -0.013513513513513514], "2/24/2016": [36.6, 0.0027397260273972993], "2/25/2016": [36.3, -0.008196721311475526], "2/26/2016": [36.3, 0.0], "3/1/2016": [36.3, 0.0], "3/2/2016": [36.35, 0.0013774104683196768], "3/3/2016": [36.5, 0.0041265474552956965], "3/4/2016": [36.7, 0.005479452054794599], "3/7/2016": [37.5, 0.021798365122615723], "3/8/2016": [37.2, -0.007999999999999924], "3/9/2016": [37.1, -0.0026881720430107906], "3/10/2016": [37.4, 0.00808625336927216], "3/11/2016": [37.5, 0.0026737967914438883], "3/14/2016": [37.65, 0.003999999999999962], "3/15/2016": [37.05, -0.01593625498007972], "3/16/2016": [37.2, 0.004048582995951571], "3/17/2016": [37.2, 0.0], "3/18/2016": [37.45, 0.006720430107526881], "3/21/2016": [38.2, 0.02002670226969292], "3/22/2016": [38.2, 0.0], "3/23/2016": [38.5, 0.007853403141361182], "3/24/2016": [38.3, -0.0051948051948052685], "3/25/2016": [38.3, 0.0], "3/28/2016": [38.4, 0.0026109660574412906], "3/29/2016": [38.0, -0.01041666666666663], "3/30/2016": [38.1, 0.0026315789473684583], "3/31/2016": [37.5, -0.01574803149606303], "4/1/2016": [37.1, -0.010666666666666628], "4/6/2016": [37.2, 0.0026954177897574507], "4/7/2016": [36.5, -0.018817204301075342], "4/8/2016": [36.65, 0.004109589041095852], "4/11/2016": [36.85, 0.005457025920873202], "4/12/2016": [36.8, -0.0013568521031208755], "4/13/2016": [37.0, 0.00543478260869573], "4/14/2016": [37.95, 0.025675675675675753], "4/15/2016": [38.0, 0.0013175230566534165], "4/18/2016": [38.75, 0.019736842105263157], "4/19/2016": [38.55, -0.005161290322580719], "4/20/2016": [38.75, 0.005188067444876858], "4/21/2016": [38.65, -0.0025806451612903594], "4/22/2016": [38.9, 0.00646830530401035], "4/25/2016": [38.7, -0.005141388174807088], "4/26/2016": [38.5, -0.005167958656330822], "4/27/2016": [38.45, -0.001298701298701225], "4/28/2016": [38.5, 0.0013003901170350366], "4/29/2016": [38.2, -0.0077922077922077185], "5/3/2016": [38.5, 0.007853403141361182], "5/4/2016": [38.2, -0.0077922077922077185], "5/5/2016": [37.7, -0.013089005235602092], "5/6/2016": [37.5, -0.005305039787798484], "5/9/2016": [37.7, 0.0053333333333334095], "5/10/2016": [37.85, 0.003978779840848768], "5/11/2016": [37.85, 0.0], "5/12/2016": [37.4, -0.011889035667107075], "5/13/2016": [36.8, -0.01604278074866314], "5/16/2016": [36.5, -0.008152173913043402], "5/17/2016": [36.65, 0.004109589041095852], "5/18/2016": [37.15, 0.013642564802182811], "5/19/2016": [36.0, -0.030955585464333746], "5/20/2016": [36.0, 0.0], "5/23/2016": [35.5, -0.013888888888888888], "5/24/2016": [35.2, -0.008450704225352032], "5/25/2016": [35.35, 0.004261363636363595], "5/26/2016": [35.3, -0.001414427157001535], "5/27/2016": [35.2, -0.002832861189801539], "5/30/2016": [35.3, 0.0028409090909089292], "5/31/2016": [35.15, -0.004249291784702509], "6/1/2016": [36.0, 0.024182076813655803], "6/2/2016": [35.85, -0.004166666666666628], "6/3/2016": [35.5, -0.009762900976290137], "6/4/2016": [35.25, -0.007042253521126761], "6/6/2016": [35.4, 0.0042553191489361295], "6/7/2016": [35.3, -0.002824858757062187], "6/8/2016": [35.25, -0.0014164305949007695], "6/13/2016": [35.8, 0.015602836879432544], "6/14/2016": [36.9, 0.030726256983240264], "6/15/2016": [36.7, -0.00542005420054189], "6/16/2016": [36.2, -0.013623978201634876], "6/17/2016": [35.5, -0.01933701657458571], "6/20/2016": [35.4, -0.0028169014084507443], "6/21/2016": [35.2, -0.005649717514124173], "6/22/2016": [35.3, 0.0028409090909089292], "6/23/2016": [35.35, 0.0014164305949009707], "6/24/2016": [35.6, 0.007072135785007072], "6/27/2016": [35.25, -0.009831460674157343], "6/28/2016": [35.15, -0.002836879432624154], "6/29/2016": [35.2, 0.0014224751066857543], "6/30/2016": [35.25, 0.0014204545454544646], "7/1/2016": [35.25, 0.0], "7/4/2016": [35.45, 0.005673758865248308], "7/5/2016": [35.45, 0.0], "7/6/2016": [35.5, 0.001410437235542938], "7/7/2016": [35.6, 0.0028169014084507443], "7/11/2016": [35.55, -0.0014044943820225916], "7/12/2016": [37.6, 0.05766526019690589], "7/13/2016": [38.0, 0.010638297872340387], "7/14/2016": [37.6, -0.010526315789473648], "7/15/2016": [38.15, 0.014627659574468009], "7/18/2016": [38.25, 0.0026212319790301815], "7/19/2016": [38.2, -0.0013071895424835859], "7/20/2016": [38.2, 0.0], "7/21/2016": [38.15, -0.001308900523560321], "7/22/2016": [38.15, 0.0], "7/25/2016": [38.4, 0.006553079947575361], "7/26/2016": [38.75, 0.00911458333333337], "7/27/2016": [39.85, 0.028387096774193585], "7/28/2016": [43.0, 0.07904642409033873], "7/29/2016": [43.7, 0.016279069767441926], "8/1/2016": [43.85, 0.0034324942791761686], "8/2/2016": [44.5, 0.014823261117445806], "8/3/2016": [44.7, 0.004494382022471974], "8/4/2016": [49.15, 0.09955257270693502], "8/5/2016": [48.0, -0.02339776195320445], "8/8/2016": [48.4, 0.008333333333333304], "8/9/2016": [48.0, -0.008264462809917326], "8/10/2016": [46.65, -0.02812500000000003], "8/11/2016": [46.4, -0.0053590568060021436], "8/12/2016": [46.5, 0.002155172413793134], "8/15/2016": [46.45, -0.00107526881720424], "8/16/2016": [46.1, -0.0075349838536060585], "8/17/2016": [46.4, 0.006507592190889309], "8/18/2016": [47.9, 0.032327586206896554], "8/19/2016": [48.5, 0.012526096033402953], "8/22/2016": [48.3, -0.004123711340206244], "8/23/2016": [48.3, 0.0], "8/24/2016": [47.7, -0.012422360248447088], "8/25/2016": [47.45, -0.0052410901467505235], "8/26/2016": [47.7, 0.005268703898840885], "8/29/2016": [47.6, -0.0020964360587002392], "8/30/2016": [47.7, 0.0021008403361344836], "8/31/2016": [47.35, -0.007337526205450763], "9/1/2016": [47.5, 0.003167898627243898], "9/2/2016": [47.7, 0.0042105263157895334], "9/5/2016": [47.7, 0.0], "9/6/2016": [48.5, 0.016771488469601616], "9/7/2016": [48.75, 0.005154639175257732], "9/8/2016": [48.35, -0.008205128205128176], "9/9/2016": [47.95, -0.008273009307135442], "9/10/2016": [47.7, -0.005213764337851929], "9/12/2016": [47.9, 0.004192872117400329], "9/13/2016": [47.65, -0.005219206680584551], "9/14/2016": [47.4, -0.005246589716684156], "9/19/2016": [47.5, 0.002109704641350241], "9/20/2016": [47.7, 0.0042105263157895334], "9/21/2016": [48.7, 0.020964360587002094], "9/22/2016": [49.2, 0.01026694045174538], "9/23/2016": [49.25, 0.0010162601626015682], "9/26/2016": [48.7, -0.011167512690355272], "9/29/2016": [48.5, -0.00410677618069821], "9/30/2016": [49.95, 0.029896907216494906], "10/3/2016": [51.2, 0.025025025025025023], "10/4/2016": [52.0, 0.015624999999999944], "10/5/2016": [51.9, -0.0019230769230769505], "10/6/2016": [51.0, -0.01734104046242772], "10/7/2016": [51.0, 0.0], "10/11/2016": [49.05, -0.03823529411764712], "10/12/2016": [50.8, 0.03567787971457696], "10/13/2016": [51.8, 0.01968503937007874], "10/14/2016": [50.6, -0.023166023166023085], "10/17/2016": [50.3, -0.005928853754940795], "10/18/2016": [50.5, 0.003976143141153138],