{"1/4/2016": [24.62, ""], "1/5/2016": [24.62, 0.0], "1/6/2016": [24.62, 0.0], "1/7/2016": [24.61, -0.0004061738424046126], "1/8/2016": [24.61, 0.0], "1/11/2016": [24.61, 0.0], "1/12/2016": [24.61, 0.0], "1/13/2016": [24.61, 0.0], "1/14/2016": [19.93, -0.1901665989435189], "1/15/2016": [23.0, 0.154039136979428], "1/18/2016": [23.08, 0.0034782608695651434], "1/19/2016": [23.08, 0.0], "1/20/2016": [23.08, 0.0], "1/21/2016": [23.08, 0.0], "1/22/2016": [21.93, -0.04982668977469665], "1/25/2016": [21.93, 0.0], "1/26/2016": [21.93, 0.0], "1/27/2016": [21.93, 0.0], "1/28/2016": [22.7, 0.03511171910624713], "1/29/2016": [21.57, -0.04977973568281934], "1/30/2016": [21.57, 0.0], "2/1/2016": [21.57, 0.0], "2/2/2016": [21.57, 0.0], "2/3/2016": [21.57, 0.0], "2/15/2016": [20.38, -0.055169216504404324], "2/16/2016": [20.38, 0.0], "2/17/2016": [20.4, 0.0009813542688910488], "2/18/2016": [20.1, -0.014705882352941037], "2/19/2016": [20.1, 0.0], "2/22/2016": [20.1, 0.0], "2/23/2016": [20.1, 0.0], "2/24/2016": [20.1, 0.0], "2/25/2016": [20.1, 0.0], "2/26/2016": [20.1, 0.0], "3/1/2016": [20.3, 0.009950248756218869], "3/2/2016": [20.3, 0.0], "3/3/2016": [20.3, 0.0], "3/4/2016": [20.3, 0.0], "3/7/2016": [20.3, 0.0], "3/8/2016": [20.5, 0.009852216748768438], "3/9/2016": [20.5, 0.0], "3/10/2016": [20.5, 0.0], "3/11/2016": [20.5, 0.0], "3/14/2016": [20.5, 0.0], "3/15/2016": [20.5, 0.0], "3/16/2016": [20.5, 0.0], "3/17/2016": [20.5, 0.0], "3/18/2016": [20.97, 0.022926829268292627], "3/21/2016": [20.97, 0.0], "3/22/2016": [20.97, 0.0], "3/23/2016": [20.97, 0.0], "3/24/2016": [20.97, 0.0], "3/25/2016": [20.97, 0.0], "3/28/2016": [20.7, -0.012875536480686676], "3/29/2016": [20.7, 0.0], "3/30/2016": [24.62, 0.1893719806763286], "3/31/2016": [23.5, -0.045491470349309546], "4/1/2016": [23.43, -0.0029787234042553314], "4/6/2016": [23.41, -0.0008536064874092861], "4/7/2016": [23.0, -0.017513882956001713], "4/8/2016": [23.0, 0.0], "4/11/2016": [23.0, 0.0], "4/12/2016": [22.21, -0.03434782608695648], "4/13/2016": [22.21, 0.0], "4/14/2016": [22.21, 0.0], "4/15/2016": [23.06, 0.03827104907699225], "4/18/2016": [22.7, -0.015611448395490002], "4/19/2016": [22.85, 0.006607929515418596], "4/20/2016": [22.85, 0.0], "4/21/2016": [22.85, 0.0], "4/22/2016": [22.0, -0.03719912472647709], "4/25/2016": [22.5, 0.022727272727272728], "4/26/2016": [22.5, 0.0], "4/27/2016": [22.5, 0.0], "4/28/2016": [22.5, 0.0], "4/29/2016": [22.52, 0.00088888888888887], "5/3/2016": [21.05, -0.06527531083481344], "5/4/2016": [21.05, 0.0], "5/5/2016": [21.05, 0.0], "5/6/2016": [21.05, 0.0], "5/9/2016": [22.07, 0.048456057007125866], "5/10/2016": [21.5, -0.025826914363389228], "5/11/2016": [21.5, 0.0], "5/12/2016": [21.5, 0.0], "5/13/2016": [21.5, 0.0], "5/16/2016": [22.1, 0.027906976744186112], "5/17/2016": [22.1, 0.0], "5/18/2016": [22.1, 0.0], "5/19/2016": [22.1, 0.0], "5/20/2016": [22.1, 0.0], "5/23/2016": [24.5, 0.10859728506787324], "5/24/2016": [21.7, -0.11428571428571431], "5/25/2016": [21.57, -0.005990783410138203], "5/26/2016": [21.57, 0.0], "5/27/2016": [21.8, 0.010662957811775634], "5/30/2016": [21.8, 0.0], "5/31/2016": [21.8, 0.0], "6/1/2016": [21.47, -0.015137614678899167], "6/2/2016": [21.47, 0.0], "6/3/2016": [21.47, 0.0], "6/4/2016": [21.47, 0.0], "6/6/2016": [21.47, 0.0], "6/7/2016": [21.47, 0.0], "6/8/2016": [21.75, 0.013041453190498424], "6/13/2016": [21.75, 0.0], "6/14/2016": [21.59, -0.007356321839080466], "6/15/2016": [19.5, -0.0968040759610931], "6/16/2016": [19.1, -0.02051282051282044], "6/17/2016": [19.11, 0.0005235602094239795], "6/20/2016": [19.11, 0.0], "6/21/2016": [19.15, 0.002093144950287763], "6/22/2016": [19.5, 0.018276762402088847], "6/23/2016": [19.85, 0.01794871794871802], "6/24/2016": [19.76, -0.004534005037783368], "6/27/2016": [19.51, -0.012651821862348178], "6/28/2016": [19.92, 0.02101486417221938], "6/29/2016": [20.81, 0.0446787148594376], "6/30/2016": [20.15, -0.031715521383950035], "7/1/2016": [20.6, 0.022332506203474087], "7/4/2016": [21.09, 0.023786407766990213], "7/5/2016": [20.78, -0.01469890943575148], "7/6/2016": [20.99, 0.01010587102983625], "7/7/2016": [21.3, 0.014768937589328361], "7/11/2016": [22.0, 0.032863849765258184], "7/12/2016": [23.1, 0.050000000000000065], "7/13/2016": [23.99, 0.0385281385281384], "7/14/2016": [24.17, 0.007503126302626231], "7/15/2016": [24.6, 0.01779064956557715], "7/18/2016": [23.44, -0.04715447154471545], "7/19/2016": [23.1, -0.014505119453924908], "7/20/2016": [23.7, 0.02597402597402588], "7/21/2016": [24.0, 0.012658227848101297], "7/22/2016": [24.48, 0.020000000000000018], "7/25/2016": [24.3, -0.007352941176470577], "7/26/2016": [25.0, 0.028806584362139887], "7/27/2016": [25.0, 0.0], "7/28/2016": [26.07, 0.04280000000000001], "7/29/2016": [26.1, 0.0011507479861910678], "8/1/2016": [26.0, -0.0038314176245211272], "8/2/2016": [26.5, 0.019230769230769232], "8/3/2016": [27.09, 0.022264150943396222], "8/4/2016": [28.0, 0.03359173126614988], "8/5/2016": [29.2, 0.04285714285714283], "8/8/2016": [29.05, -0.005136986301369814], "8/9/2016": [28.91, -0.0048192771084337544], "8/10/2016": [28.7, -0.007263922518159836], "8/11/2016": [28.6, -0.003484320557491215], "8/12/2016": [27.92, -0.023776223776223765], "8/15/2016": [27.28, -0.022922636103151883], "8/16/2016": [27.26, -0.0007331378299120078], "8/17/2016": [26.88, -0.013939838591342719], "8/18/2016": [26.72, -0.005952380952380958], "8/19/2016": [26.2, -0.01946107784431136], "8/22/2016": [27.1, 0.034351145038168024], "8/23/2016": [26.89, -0.007749077490774939], "8/24/2016": [27.6, 0.026403867608776527], "8/25/2016": [27.0, -0.02173913043478266], "8/26/2016": [26.41, -0.021851851851851848], "8/29/2016": [27.0, 0.022340022718667165], "8/30/2016": [26.08, -0.03407407407407414], "8/31/2016": [26.41, 0.012653374233128905], "9/1/2016": [27.5, 0.041272245361605446], "9/2/2016": [27.4, -0.003636363636363688], "9/5/2016": [27.5, 0.0036496350364964023], "9/6/2016": [28.14, 0.023272727272727292], "9/7/2016": [26.1, -0.07249466950959485], "9/8/2016": [26.7, 0.022988505747126353], "9/9/2016": [26.59, -0.004119850187265897], "9/10/2016": [26.51, -0.003008649868371504], "9/12/2016": [25.51, -0.03772161448509996], "9/13/2016": [25.7, 0.007448059584476586], "9/14/2016": [25.87, 0.0066147859922179655], "9/19/2016": [25.8, -0.002705836876691159], "9/20/2016": [26.1, 0.011627906976744214], "9/21/2016": [26.19, 0.00344827586206896], "9/22/2016": [26.5, 0.011836578846888076], "9/23/2016": [26.5, 0.0], "9/26/2016": [26.19, -0.011698113207547121], "9/29/2016": [26.0, -0.0072546773577701895], "9/30/2016": [26.0, 0.0], "10/3/2016": [26.38, 0.014615384615384577], "10/4/2016": [26.29, -0.0034116755117513213], "10/5/2016": [26.1, -0.007227082540889986], "10/6/2016": [26.19, 0.00344827586206896], "10/7/2016": [26.19, 0.0], "10/11/2016": [26.29, 0.003818251240931572], "10/12/2016": [26.5, 0.007987828071510113], "10/13/2016": [26.5, 0.0], "10/14/2016": [26.39, -0.0041509433962263935], "10/17/2016": [26.3, -0.0034103827207275427], "10/18/2016": [26.0, -0.011406844106463905], "10/19/2016": [25.65, -0.013461538461538516], "10/20/2016": [26.08, 0.016764132553606228], "10/21/2016": [26.1, 0.0007668711656442917], "10/24/2016": [26.1, 0.0], "10/25/2016": [26.1, 0.0], "10/26/2016": [26.04, -0.002298850574712731], "10/27/2016": [25.99, -0.0019201228878648507], "10/28/2016": [25.99, 0.0], "10/31/2016": [26.0, 0.00038476337052718596], "11/1/2016": [25.7, -0.011538461538461565], "11/2/2016": [25.5, -0.0077821011673151474], "11/3/2016": [25.21, -0.01137254901960781], "11/4/2016": [25.49, 0.0111067036890122], "11/7/2016": [26.09, 0.02353864260494317], "11/8/2016": [25.51, -0.022230739747029448], "11/9/2016": [25.51, 0.0], "11/10/2016": [24.0, -0.059192473539788376], "11/11/2016": [22.99, -0.042083333333333396], "11/14/2016": [24.1, 0.048281861678991], "11/15/2016": [24.1, 0.0], "11/16/2016": [23.81, -0.012033195020747], "11/17/2016": [23.87, 0.0025199496010080754], "11/18/2016": [23.87, 0.0], "11/21/2016": [24.3, 0.01801424382069542],