{"1/4/2016": [10.05, ""], "1/5/2016": [9.93, -0.011940298507462786], "1/6/2016": [9.94, 0.001007049345417904], "1/7/2016": [9.71, -0.023138832997987795], "1/8/2016": [9.67, -0.004119464469619044], "1/11/2016": [9.38, -0.029989658738365992], "1/12/2016": [9.31, -0.0074626865671642085], "1/13/2016": [9.39, 0.008592910848549953], "1/14/2016": [9.11, -0.02981895633652834], "1/15/2016": [9.02, -0.009879253567508219], "1/18/2016": [9.2, 0.019955654101995533], "1/19/2016": [9.28, 0.008695652173913052], "1/20/2016": [9.05, -0.024784482758620545], "1/21/2016": [9.1, 0.0055248618784529205], "1/22/2016": [9.12, 0.002197802197802151], "1/25/2016": [9.28, 0.017543859649122823], "1/26/2016": [9.29, 0.0010775862068965287], "1/27/2016": [9.28, -0.0010764262648008383], "1/28/2016": [9.29, 0.0010775862068965287], "1/29/2016": [9.35, 0.006458557588805221], "1/30/2016": [9.42, 0.007486631016042812], "2/1/2016": [9.47, 0.005307855626327039], "2/2/2016": [9.46, -0.0010559662090812868], "2/3/2016": [9.34, -0.01268498942917558], "2/15/2016": [9.54, 0.02141327623126331], "2/16/2016": [10.05, 0.053459119496855514], "2/17/2016": [10.0, -0.004975124378109523], "2/18/2016": [10.3, 0.030000000000000072], "2/19/2016": [11.3, 0.0970873786407767], "2/22/2016": [12.2, 0.07964601769911492], "2/23/2016": [11.8, -0.03278688524590152], "2/24/2016": [11.7, -0.00847457627118656], "2/25/2016": [11.6, -0.008547008547008517], "2/26/2016": [11.2, -0.03448275862068969], "3/1/2016": [11.4, 0.017857142857142953], "3/2/2016": [11.4, 0.0], "3/3/2016": [11.9, 0.043859649122807015], "3/4/2016": [11.8, -0.008403361344537785], "3/7/2016": [11.7, -0.00847457627118656], "3/8/2016": [11.7, 0.0], "3/9/2016": [12.85, 0.09829059829059833], "3/10/2016": [14.1, 0.09727626459143969], "3/11/2016": [15.45, 0.0957446808510638], "3/14/2016": [15.9, 0.02912621359223308], "3/15/2016": [14.65, -0.07861635220125786], "3/16/2016": [15.6, 0.06484641638225251], "3/17/2016": [14.4, -0.07692307692307689], "3/18/2016": [15.1, 0.04861111111111106], "3/21/2016": [15.65, 0.036423841059602696], "3/22/2016": [16.0, 0.022364217252396144], "3/23/2016": [15.5, -0.03125], "3/24/2016": [15.2, -0.019354838709677465], "3/25/2016": [14.7, -0.03289473684210526], "3/28/2016": [13.6, -0.0748299319727891], "3/29/2016": [12.4, -0.08823529411764701], "3/30/2016": [13.15, 0.06048387096774193], "3/31/2016": [12.75, -0.03041825095057037], "4/1/2016": [12.9, 0.011764705882352969], "4/6/2016": [12.55, -0.027131782945736406], "4/7/2016": [12.5, -0.003984063745019977], "4/8/2016": [12.7, 0.015999999999999945], "4/11/2016": [12.75, 0.003937007874015804], "4/12/2016": [12.8, 0.003921568627451036], "4/13/2016": [12.8, 0.0], "4/14/2016": [13.5, 0.054687499999999944], "4/15/2016": [13.15, -0.0259259259259259], "4/18/2016": [12.75, -0.03041825095057037], "4/19/2016": [12.75, 0.0], "4/20/2016": [12.55, -0.015686274509803866], "4/21/2016": [12.6, 0.003984063745019835], "4/22/2016": [12.0, -0.047619047619047596], "4/25/2016": [11.95, -0.004166666666666726], "4/26/2016": [12.0, 0.004184100418410101], "4/27/2016": [12.3, 0.02500000000000006], "4/28/2016": [12.9, 0.048780487804878016], "4/29/2016": [12.85, -0.003875968992248117], "5/3/2016": [12.5, -0.027237354085603085], "5/4/2016": [12.2, -0.024000000000000056], "5/5/2016": [13.4, 0.09836065573770501], "5/6/2016": [13.55, 0.011194029850746294], "5/9/2016": [13.6, 0.0036900369003689247], "5/10/2016": [14.25, 0.04779411764705885], "5/11/2016": [13.95, -0.02105263157894742], "5/12/2016": [13.2, -0.053763440860215055], "5/13/2016": [12.85, -0.026515151515151488], "5/16/2016": [13.15, 0.02334630350194558], "5/17/2016": [13.2, 0.0038022813688212117], "5/18/2016": [13.1, -0.007575757575757549], "5/19/2016": [13.1, 0.0], "5/20/2016": [13.05, -0.0038167938931296897], "5/23/2016": [14.35, 0.0996168582375478], "5/24/2016": [14.75, 0.027874564459930338], "5/25/2016": [14.9, 0.010169491525423752], "5/26/2016": [15.05, 0.010067114093959755], "5/27/2016": [15.0, -0.0033222591362126715], "5/30/2016": [14.7, -0.02000000000000005], "5/31/2016": [14.7, 0.0], "6/1/2016": [15.15, 0.03061224489795926], "6/2/2016": [15.05, -0.006600660066006577], "6/3/2016": [14.75, -0.019933554817275795], "6/4/2016": [14.7, -0.0033898305084746243], "6/6/2016": [14.2, -0.034013605442176874], "6/7/2016": [14.15, -0.0035211267605633053], "6/8/2016": [14.3, 0.010600706713780944], "6/13/2016": [13.7, -0.04195804195804206], "6/14/2016": [14.05, 0.025547445255474557], "6/15/2016": [14.0, -0.003558718861210015], "6/16/2016": [13.85, -0.01071428571428574], "6/17/2016": [14.1, 0.018050541516245487], "6/20/2016": [14.2, 0.007092198581560258], "6/21/2016": [14.25, 0.0035211267605634307], "6/22/2016": [14.15, -0.007017543859649098], "6/23/2016": [13.9, -0.0176678445229682], "6/24/2016": [13.15, -0.0539568345323741], "6/27/2016": [13.6, 0.03422053231939158], "6/28/2016": [13.9, 0.022058823529411818], "6/29/2016": [14.1, 0.014388489208633042], "6/30/2016": [14.0, -0.007092198581560258], "7/1/2016": [13.9, -0.0071428571428571175], "7/4/2016": [13.95, 0.003597122302158197], "7/5/2016": [14.5, 0.03942652329749109], "7/6/2016": [14.15, -0.024137931034482734], "7/7/2016": [14.25, 0.007067137809187254], "7/11/2016": [15.0, 0.05263157894736842], "7/12/2016": [14.8, -0.013333333333333286], "7/13/2016": [14.85, 0.003378378378378306], "7/14/2016": [14.85, 0.0], "7/15/2016": [14.7, -0.010101010101010124], "7/18/2016": [14.75, 0.0034013605442177355], "7/19/2016": [14.8, 0.0033898305084746243], "7/20/2016": [14.25, -0.037162162162162206], "7/21/2016": [14.45, 0.014035087719298196], "7/22/2016": [14.4, -0.003460207612456674], "7/25/2016": [15.0, 0.041666666666666644], "7/26/2016": [15.6, 0.03999999999999997], "7/27/2016": [15.45, -0.009615384615384638], "7/28/2016": [15.35, -0.00647249190938509], "7/29/2016": [16.15, 0.05211726384364814], "8/1/2016": [17.45, 0.08049535603715176], "8/2/2016": [18.0, 0.03151862464183385], "8/3/2016": [17.6, -0.022222222222222143], "8/4/2016": [17.65, 0.0028409090909089292], "8/5/2016": [17.25, -0.02266288951841352], "8/8/2016": [17.2, -0.0028985507246377224], "8/9/2016": [17.15, -0.002906976744186088], "8/10/2016": [16.75, -0.023323615160349774], "8/11/2016": [16.55, -0.011940298507462643], "8/12/2016": [16.8, 0.015105740181268881], "8/15/2016": [17.8, 0.05952380952380952], "8/16/2016": [17.65, -0.008426966292134951], "8/17/2016": [17.2, -0.02549575070821526], "8/18/2016": [17.5, 0.01744186046511632], "8/19/2016": [17.05, -0.025714285714285672], "8/22/2016": [16.5, -0.03225806451612907], "8/23/2016": [17.05, 0.033333333333333375], "8/24/2016": [17.0, -0.0029325513196481355], "8/25/2016": [16.95, -0.002941176470588277], "8/26/2016": [17.2, 0.014749262536873156], "8/29/2016": [17.4, 0.011627906976744146], "8/30/2016": [18.0, 0.03448275862068974], "8/31/2016": [18.0, 0.0], "9/1/2016": [17.45, -0.030555555555555596], "9/2/2016": [17.0, -0.025787965616045804], "9/5/2016": [17.3, 0.017647058823529453], "9/6/2016": [17.3, 0.0], "9/7/2016": [17.6, 0.017341040462427786], "9/8/2016": [17.95, 0.019886363636363515], "9/9/2016": [17.9, -0.0027855153203343017], "9/10/2016": [17.4, -0.02793296089385475], "9/12/2016": [17.3, -0.005747126436781487], "9/13/2016": [16.75, -0.03179190751445091], "9/14/2016": [16.8, 0.002985074626865714], "9/19/2016": [17.4, 0.03571428571428559], "9/20/2016": [17.5, 0.0057471264367816915], "9/21/2016": [17.85, 0.02000000000000008], "9/22/2016": [18.4, 0.030812324929971827], "9/23/2016": [18.1, -0.016304347826086803], "9/26/2016": [17.9, -0.011049723756906233], "9/29/2016": [17.55, -0.019553072625698206], "9/30/2016": [18.15, 0.03418803418803407], "10/3/2016": [17.95, -0.011019283746556436], "10/4/2016": [17.75, -0.011142061281337007], "10/5/2016": [17.7, -0.0028169014084507443], "10/6/2016": [17.9, 0.011299435028248548], "10/7/2016": [17.65, -0.013966480446927375], "10/11/2016": [16.9, -0.042492917847025496], "10/12/2016": [17.15, 0.014792899408284025], "10/13/2016": [16.6, -0.03206997084548089],