{"1/4/2016": [14.15, ""], "1/5/2016": [13.95, -0.014134275618374633], "1/6/2016": [13.5, -0.03225806451612898], "1/7/2016": [13.15, -0.0259259259259259], "1/8/2016": [13.5, 0.02661596958174902], "1/11/2016": [13.05, -0.03333333333333328], "1/12/2016": [12.8, -0.019157088122605363], "1/13/2016": [12.9, 0.007812499999999972], "1/14/2016": [12.3, -0.046511627906976716], "1/15/2016": [12.2, -0.008130081300813123], "1/18/2016": [13.4, 0.09836065573770501], "1/19/2016": [13.4, 0.0], "1/20/2016": [13.0, -0.029850746268656744], "1/21/2016": [13.1, 0.007692307692307665], "1/22/2016": [13.25, 0.01145038167938934], "1/25/2016": [13.65, 0.030188679245283047], "1/26/2016": [13.55, -0.0073260073260073], "1/27/2016": [13.8, 0.01845018450184502], "1/28/2016": [15.15, 0.0978260869565217], "1/29/2016": [15.25, 0.006600660066006577], "1/30/2016": [15.0, -0.01639344262295082], "2/1/2016": [14.9, -0.006666666666666643], "2/2/2016": [14.9, 0.0], "2/3/2016": [14.6, -0.02013422818791951], "2/15/2016": [14.95, 0.023972602739726005], "2/16/2016": [15.35, 0.02675585284280939], "2/17/2016": [14.9, -0.02931596091205207], "2/18/2016": [14.85, -0.003355704697986625], "2/19/2016": [14.95, 0.00673400673400671], "2/22/2016": [14.9, -0.0033444816053510994], "2/23/2016": [14.9, 0.0], "2/24/2016": [14.7, -0.01342281879194638], "2/25/2016": [14.7, 0.0], "2/26/2016": [16.15, 0.09863945578231288], "3/1/2016": [16.35, 0.012383900928792747], "3/2/2016": [16.1, -0.015290519877675839], "3/3/2016": [16.05, -0.0031055900621118453], "3/4/2016": [16.35, 0.018691588785046773], "3/7/2016": [16.9, 0.033639143730886674], "3/8/2016": [16.75, -0.008875739644970331], "3/9/2016": [16.3, -0.026865671641791003], "3/10/2016": [15.95, -0.021472392638036897], "3/11/2016": [16.2, 0.015673981191222573], "3/14/2016": [16.1, -0.006172839506172708], "3/15/2016": [15.3, -0.04968944099378886], "3/16/2016": [15.55, 0.016339869281045753], "3/17/2016": [15.25, -0.01929260450160776], "3/18/2016": [15.3, 0.0032786885245902103], "3/21/2016": [15.1, -0.013071895424836671], "3/22/2016": [14.9, -0.013245033112582735], "3/23/2016": [14.9, 0.0], "3/24/2016": [14.65, -0.016778523489932886], "3/25/2016": [14.4, -0.017064846416382253], "3/28/2016": [14.0, -0.0277777777777778], "3/29/2016": [13.6, -0.0285714285714286], "3/30/2016": [14.0, 0.02941176470588238], "3/31/2016": [14.0, 0.0], "4/1/2016": [14.15, 0.01071428571428574], "4/6/2016": [14.5, 0.02473498233215545], "4/7/2016": [14.7, 0.013793103448275813], "4/8/2016": [14.5, -0.013605442176870701], "4/11/2016": [14.75, 0.017241379310344827], "4/12/2016": [14.7, -0.0033898305084746243], "4/13/2016": [15.15, 0.03061224489795926], "4/14/2016": [15.1, -0.003300330033003347], "4/15/2016": [14.8, -0.019867549668874104], "4/18/2016": [14.35, -0.030405405405405476], "4/19/2016": [14.3, -0.003484320557491215], "4/20/2016": [14.0, -0.02097902097902103], "4/21/2016": [14.8, 0.0571428571428572], "4/22/2016": [14.4, -0.02702702702702705], "4/25/2016": [14.45, 0.0034722222222221483], "4/26/2016": [14.45, 0.0], "4/27/2016": [14.4, -0.003460207612456674], "4/28/2016": [14.25, -0.01041666666666669], "4/29/2016": [14.0, -0.017543859649122806], "5/3/2016": [13.95, -0.003571428571428622], "5/4/2016": [13.75, -0.014336917562723964], "5/5/2016": [14.15, 0.029090909090909115], "5/6/2016": [14.05, -0.007067137809187254], "5/9/2016": [13.7, -0.02491103202846985], "5/10/2016": [13.8, 0.007299270072992805], "5/11/2016": [13.3, -0.036231884057971016], "5/12/2016": [13.0, -0.02255639097744366], "5/13/2016": [12.7, -0.02307692307692313], "5/16/2016": [12.95, 0.01968503937007874], "5/17/2016": [12.95, 0.0], "5/18/2016": [13.0, 0.003861003861003916], "5/19/2016": [12.85, -0.011538461538461565], "5/20/2016": [12.8, -0.0038910505836575048], "5/23/2016": [12.8, 0.0], "5/24/2016": [12.95, 0.011718749999999889], "5/25/2016": [13.15, 0.015444015444015528], "5/26/2016": [13.5, 0.02661596958174902], "5/27/2016": [13.4, -0.007407407407407381], "5/30/2016": [13.5, 0.007462686567164152], "5/31/2016": [13.45, -0.0037037037037037563], "6/1/2016": [13.45, 0.0], "6/2/2016": [13.15, -0.02230483271375457], "6/3/2016": [13.4, 0.019011406844106463], "6/4/2016": [13.3, -0.007462686567164152], "6/6/2016": [13.1, -0.015037593984962485], "6/7/2016": [13.3, 0.015267175572519165], "6/8/2016": [13.4, 0.007518796992481176], "6/13/2016": [12.85, -0.041044776119403034], "6/14/2016": [12.65, -0.015564202334630295], "6/15/2016": [12.6, -0.00395256916996053], "6/16/2016": [12.35, -0.01984126984126984], "6/17/2016": [12.3, -0.004048582995951331], "6/20/2016": [12.3, 0.0], "6/21/2016": [12.25, -0.004065040650406562], "6/22/2016": [12.35, 0.00816326530612242], "6/23/2016": [12.65, 0.02429149797570856], "6/24/2016": [12.25, -0.03162055335968382], "6/27/2016": [12.3, 0.004081632653061282], "6/28/2016": [12.25, -0.004065040650406562], "6/29/2016": [12.45, 0.01632653061224484], "6/30/2016": [12.45, 0.0], "7/1/2016": [12.55, 0.008032128514056339], "7/4/2016": [12.55, 0.0], "7/5/2016": [12.65, 0.007968127490039813], "7/6/2016": [12.35, -0.0237154150197629], "7/7/2016": [12.3, -0.004048582995951331], "7/11/2016": [12.65, 0.0284552845528455], "7/12/2016": [12.3, -0.027667984189723292], "7/13/2016": [13.5, 0.09756097560975603], "7/14/2016": [13.5, 0.0], "7/15/2016": [13.4, -0.007407407407407381], "7/18/2016": [14.0, 0.044776119402985044], "7/19/2016": [13.95, -0.003571428571428622], "7/20/2016": [14.1, 0.010752688172043038], "7/21/2016": [14.0, -0.007092198581560258], "7/22/2016": [14.5, 0.03571428571428571], "7/25/2016": [14.1, -0.027586206896551748], "7/26/2016": [14.1, 0.0], "7/27/2016": [14.35, 0.01773049645390071], "7/28/2016": [14.7, 0.024390243902439], "7/29/2016": [14.7, 0.0], "8/1/2016": [14.75, 0.0034013605442177355], "8/2/2016": [14.5, -0.01694915254237288], "8/3/2016": [14.4, -0.006896551724137907], "8/4/2016": [15.05, 0.045138888888888916], "8/5/2016": [14.85, -0.013289036544850568], "8/8/2016": [14.85, 0.0], "8/9/2016": [14.7, -0.010101010101010124], "8/10/2016": [14.5, -0.013605442176870701], "8/11/2016": [14.3, -0.013793103448275813], "8/12/2016": [14.25, -0.003496503496503546], "8/15/2016": [15.65, 0.09824561403508775], "8/16/2016": [16.4, 0.04792332268370596], "8/17/2016": [16.8, 0.024390243902439157], "8/18/2016": [16.95, 0.008928571428571343], "8/19/2016": [16.55, -0.023598820058996967], "8/22/2016": [16.8, 0.015105740181268881], "8/23/2016": [16.95, 0.008928571428571343], "8/24/2016": [16.55, -0.023598820058996967], "8/25/2016": [16.6, 0.0030211480362538194], "8/26/2016": [16.65, 0.0030120481927709128], "8/29/2016": [16.25, -0.02402402402402394], "8/30/2016": [16.4, 0.009230769230769143], "8/31/2016": [16.3, -0.006097560975609627], "9/1/2016": [16.3, 0.0], "9/2/2016": [16.2, -0.006134969325153461], "9/5/2016": [16.65, 0.027777777777777735], "9/6/2016": [16.5, -0.009009009009008924], "9/7/2016": [16.35, -0.009090909090909005], "9/8/2016": [16.45, 0.0061162079510702055], "9/9/2016": [16.5, 0.0030395136778115935], "9/10/2016": [15.85, -0.03939393939393942], "9/12/2016": [15.2, -0.0410094637223975], "9/13/2016": [14.95, -0.01644736842105263], "9/14/2016": [14.95, 0.0], "9/19/2016": [14.95, 0.0], "9/20/2016": [15.25, 0.020066889632107072], "9/21/2016": [15.35, 0.0065573770491803044], "9/22/2016": [15.35, 0.0], "9/23/2016": [15.4, 0.0032573289902280596], "9/26/2016": [15.3, -0.0064935064935064705], "9/29/2016": [15.3, 0.0], "9/30/2016": [15.05, -0.016339869281045753], "10/3/2016": [14.95, -0.006644518272425343], "10/4/2016": [15.0, 0.003344481605351218], "10/5/2016": [15.0, 0.0], "10/6/2016": [15.0, 0.0], "10/7/2016": [15.8, 0.05333333333333338], "10/11/2016": [16.15, 0.02215189873417708], "10/12/2016": [15.95, -0.012383900928792527], "10/13/2016": [15.7, -0.015673981191222573], "10/14/2016": [15.75, 0.0031847133757962236], "10/17/2016": [15.75, 0.0], "10/18/2016": [16.95, 0.07619047619047614], "10/19/2016": [16.9, -0.0029498525073746733], "10/20/2016": [17.25, 0.020710059171597718], "10/21/2016": [17.15, -0.005797101449275445],