{"1/4/2016": [22.85, ""], "1/5/2016": [23.0, 0.006564551422319412], "1/6/2016": [22.25, -0.03260869565217391], "1/7/2016": [20.9, -0.06067415730337085], "1/8/2016": [22.0, 0.052631578947368494], "1/11/2016": [21.1, -0.040909090909090846], "1/12/2016": [20.4, -0.0331753554502371], "1/13/2016": [20.75, 0.01715686274509811], "1/14/2016": [19.95, -0.03855421686746991], "1/15/2016": [19.85, -0.005012531328320695], "1/18/2016": [20.7, 0.04282115869017621], "1/19/2016": [20.95, 0.012077294685990338], "1/20/2016": [20.45, -0.02386634844868735], "1/21/2016": [20.45, 0.0], "1/22/2016": [20.7, 0.012224938875305624], "1/25/2016": [20.75, 0.002415458937198102], "1/26/2016": [20.7, -0.0024096385542169015], "1/27/2016": [20.65, -0.002415458937198102], "1/28/2016": [20.7, 0.002421307506053303], "1/29/2016": [21.3, 0.02898550724637688], "1/30/2016": [21.7, 0.018779342723004626], "2/1/2016": [21.35, -0.01612903225806442], "2/2/2016": [21.3, -0.002341920374707293], "2/3/2016": [21.35, 0.0023474178403756203], "2/15/2016": [21.8, 0.021077283372365304], "2/16/2016": [21.8, 0.0], "2/17/2016": [22.5, 0.03211009174311923], "2/18/2016": [22.45, -0.002222222222222254], "2/19/2016": [22.55, 0.004454342984409863], "2/22/2016": [22.95, 0.017738359201773773], "2/23/2016": [22.95, 0.0], "2/24/2016": [23.0, 0.002178649237472798], "2/25/2016": [22.95, -0.0021739130434782917], "2/26/2016": [23.2, 0.010893246187363835], "3/1/2016": [23.45, 0.010775862068965518], "3/2/2016": [23.25, -0.008528784648187604], "3/3/2016": [23.95, 0.0301075268817204], "3/4/2016": [24.45, 0.020876826722338204], "3/7/2016": [24.45, 0.0], "3/8/2016": [23.05, -0.05725971370143144], "3/9/2016": [23.15, 0.004338394793926155], "3/10/2016": [22.9, -0.010799136069114472], "3/11/2016": [22.45, -0.01965065502183403], "3/14/2016": [23.05, 0.02672605790645886], "3/15/2016": [22.6, -0.01952277657266808], "3/16/2016": [23.0, 0.017699115044247725], "3/17/2016": [22.8, -0.008695652173913012], "3/18/2016": [23.65, 0.03728070175438587], "3/21/2016": [23.75, 0.004228329809725219], "3/22/2016": [23.45, -0.01263157894736845], "3/23/2016": [23.8, 0.014925373134328419], "3/24/2016": [23.95, 0.006302521008403302], "3/25/2016": [24.1, 0.006263048016701551], "3/28/2016": [23.25, -0.03526970954356852], "3/29/2016": [23.1, -0.006451612903225746], "3/30/2016": [23.6, 0.021645021645021644], "3/31/2016": [23.45, -0.00635593220338992], "4/1/2016": [23.85, 0.017057569296375356], "4/6/2016": [24.95, 0.04612159329140452], "4/7/2016": [24.7, -0.01002004008016032], "4/8/2016": [24.95, 0.010121457489878543], "4/11/2016": [25.2, 0.01002004008016032], "4/12/2016": [24.25, -0.03769841269841267], "4/13/2016": [24.45, 0.008247422680412342], "4/14/2016": [24.75, 0.012269938650306778], "4/15/2016": [25.0, 0.010101010101010102], "4/18/2016": [25.6, 0.024000000000000056], "4/19/2016": [26.75, 0.044921874999999944], "4/20/2016": [27.0, 0.009345794392523364], "4/21/2016": [27.2, 0.007407407407407381], "4/22/2016": [26.65, -0.020220588235294143], "4/25/2016": [26.6, -0.0018761726078798185], "4/26/2016": [26.85, 0.009398496240601503], "4/27/2016": [26.35, -0.018621973929236497], "4/28/2016": [25.8, -0.02087286527514234], "4/29/2016": [26.7, 0.0348837209302325], "5/3/2016": [26.7, 0.0], "5/4/2016": [26.05, -0.02434456928838946], "5/5/2016": [27.0, 0.03646833013435698], "5/6/2016": [26.6, -0.014814814814814762], "5/9/2016": [25.35, -0.046992481203007516], "5/10/2016": [25.6, 0.009861932938856016], "5/11/2016": [25.35, -0.009765625], "5/12/2016": [24.5, -0.03353057199211051], "5/13/2016": [24.8, 0.012244897959183702], "5/16/2016": [24.65, -0.006048387096774279], "5/17/2016": [24.9, 0.010141987829614604], "5/18/2016": [24.65, -0.010040160642570281], "5/19/2016": [24.15, -0.02028397565922921], "5/20/2016": [24.2, 0.0020703933747412305], "5/23/2016": [25.25, 0.043388429752066145], "5/24/2016": [25.15, -0.003960396039604017], "5/25/2016": [25.3, 0.005964214711729707], "5/26/2016": [25.65, 0.013833992094861575], "5/27/2016": [25.5, -0.005847953216374214], "5/30/2016": [25.5, 0.0], "5/31/2016": [25.2, -0.011764705882352969], "6/1/2016": [25.3, 0.003968253968254024], "6/2/2016": [24.75, -0.021739130434782636], "6/3/2016": [24.25, -0.020202020202020204], "6/4/2016": [24.35, 0.004123711340206244], "6/6/2016": [24.25, -0.00410677618069821], "6/7/2016": [24.4, 0.00618556701030922], "6/8/2016": [26.4, 0.0819672131147541], "6/13/2016": [26.85, 0.017045454545454655], "6/14/2016": [27.2, 0.01303538175046547], "6/15/2016": [27.9, 0.025735294117647033], "6/16/2016": [27.7, -0.007168458781361982], "6/17/2016": [28.6, 0.03249097472924196], "6/20/2016": [30.1, 0.05244755244755245], "6/21/2016": [30.3, 0.006644518272425225], "6/22/2016": [31.15, 0.028052805280527983], "6/23/2016": [33.1, 0.06260032102728741], "6/24/2016": [31.4, -0.051359516616314285], "6/27/2016": [34.5, 0.09872611464968158], "6/28/2016": [34.5, 0.0], "6/29/2016": [32.75, -0.050724637681159424], "6/30/2016": [33.0, 0.007633587786259542], "7/1/2016": [32.35, -0.019696969696969654], "7/4/2016": [34.8, 0.07573415765069538], "7/5/2016": [33.0, -0.051724137931034406], "7/6/2016": [31.75, -0.03787878787878788], "7/7/2016": [31.6, -0.0047244094488188525], "7/11/2016": [33.1, 0.04746835443037974], "7/12/2016": [32.7, -0.012084592145015062], "7/13/2016": [32.55, -0.004587155963302926], "7/14/2016": [33.1, 0.016897081413210578], "7/15/2016": [33.2, 0.0030211480362538194], "7/18/2016": [34.35, 0.03463855421686742], "7/19/2016": [33.6, -0.021834061135371178], "7/20/2016": [31.55, -0.06101190476190478], "7/21/2016": [31.8, 0.00792393026941363], "7/22/2016": [31.65, -0.004716981132075538], "7/25/2016": [30.6, -0.03317535545023688], "7/26/2016": [32.65, 0.06699346405228748], "7/27/2016": [32.0, -0.019908116385911136], "7/28/2016": [32.15, 0.004687499999999956], "7/29/2016": [33.15, 0.03110419906687403], "8/1/2016": [34.35, 0.03619909502262452], "8/2/2016": [34.35, 0.0], "8/3/2016": [33.5, -0.024745269286754044], "8/4/2016": [33.0, -0.014925373134328358], "8/5/2016": [33.05, 0.001515151515151429], "8/8/2016": [33.3, 0.007564296520423602], "8/9/2016": [32.0, -0.03903903903903896], "8/10/2016": [31.5, -0.015625], "8/11/2016": [30.9, -0.019047619047619094], "8/12/2016": [30.75, -0.004854368932038789], "8/15/2016": [31.0, 0.008130081300813009], "8/16/2016": [30.9, -0.003225806451612949], "8/17/2016": [30.25, -0.021035598705501573], "8/18/2016": [29.95, -0.00991735537190085], "8/19/2016": [30.0, 0.0016694490818030287], "8/22/2016": [29.05, -0.03166666666666664], "8/23/2016": [29.4, 0.012048192771084263], "8/24/2016": [29.5, 0.0034013605442177355], "8/25/2016": [30.3, 0.027118644067796634], "8/26/2016": [30.05, -0.00825082508250825], "8/29/2016": [29.9, -0.0049916805324459945], "8/30/2016": [30.5, 0.020066889632107072], "8/31/2016": [31.4, 0.029508196721311428], "9/1/2016": [31.3, -0.0031847133757961104], "9/2/2016": [29.7, -0.051118210862619855], "9/5/2016": [30.0, 0.010101010101010124], "9/6/2016": [29.5, -0.016666666666666666], "9/7/2016": [29.65, 0.005084745762711816], "9/8/2016": [30.6, 0.032040472175379524], "9/9/2016": [30.6, 0.0], "9/10/2016": [30.1, -0.016339869281045753], "9/12/2016": [29.5, -0.019933554817275795], "9/13/2016": [29.1, -0.013559322033898256], "9/14/2016": [29.2, 0.0034364261168384146], "9/19/2016": [29.75, 0.018835616438356188], "9/20/2016": [30.5, 0.025210084033613446], "9/21/2016": [32.6, 0.06885245901639349], "9/22/2016": [32.7, 0.0030674846625767306], "9/23/2016": [32.75, 0.001529051987767497], "9/26/2016": [32.75, 0.0], "9/29/2016": [33.6, 0.025954198473282487], "9/30/2016": [33.2, -0.011904761904761862], "10/3/2016": [33.9, 0.02108433734939746], "10/4/2016": [33.6, -0.00884955752212381], "10/5/2016": [32.9, -0.020833333333333415], "10/6/2016": [33.1, 0.006079027355623187], "10/7/2016": [32.1, -0.030211480362537763], "10/11/2016": [30.6, -0.04672897196261682], "10/12/2016": [31.0, 0.013071895424836555], "10/13/2016": [30.4, -0.019354838709677465], "10/14/2016": [29.55, -0.027960526315789404],