{"1/4/2016": [4.35, ""], "1/5/2016": [4.25, -0.022988505747126357], "1/6/2016": [4.12, -0.03058823529411762], "1/7/2016": [4.14, 0.004854368932038731], "1/8/2016": [4.18, 0.00966183574879228], "1/11/2016": [4.18, 0.0], "1/12/2016": [4.17, -0.0023923444976076047], "1/13/2016": [4.16, -0.0023980815347721313], "1/14/2016": [4.15, -0.0024038461538461024], "1/15/2016": [4.17, 0.004819277108433632], "1/18/2016": [4.15, -0.004796163069544263], "1/19/2016": [4.07, -0.019277108433734955], "1/20/2016": [4.06, -0.0024570024570026226], "1/21/2016": [4.06, 0.0], "1/22/2016": [4.08, 0.004926108374384351], "1/25/2016": [4.1, 0.004901960784313621], "1/26/2016": [4.13, 0.0073170731707317685], "1/27/2016": [4.18, 0.012106537530266302], "1/28/2016": [4.23, 0.011961722488038447], "1/29/2016": [4.28, 0.011820330969267096], "1/30/2016": [4.34, 0.014018691588784955], "2/1/2016": [4.3, -0.00921658986175116], "2/2/2016": [4.29, -0.0023255813953487877], "2/3/2016": [4.25, -0.009324009324009333], "2/15/2016": [4.22, -0.007058823529411823], "2/16/2016": [4.3, 0.018957345971564], "2/17/2016": [4.31, 0.0023255813953487877], "2/18/2016": [4.29, -0.004640371229698278], "2/19/2016": [4.22, -0.016317016317016382], "2/22/2016": [4.23, 0.002369668246445658], "2/23/2016": [4.29, 0.014184397163120473], "2/24/2016": [4.33, 0.009324009324009333], "2/25/2016": [4.38, 0.011547344110854462], "2/26/2016": [4.43, 0.01141552511415521], "3/1/2016": [4.52, 0.020316027088036086], "3/2/2016": [4.54, 0.004424778761062049], "3/3/2016": [4.56, 0.004405286343612241], "3/4/2016": [4.69, 0.028508771929824737], "3/7/2016": [4.81, 0.02558635394456273], "3/8/2016": [4.85, 0.008316008316008323], "3/9/2016": [4.77, -0.016494845360824757], "3/10/2016": [4.72, -0.010482180293501012], "3/11/2016": [4.72, 0.0], "3/14/2016": [4.7, -0.00423728813559313], "3/15/2016": [4.58, -0.025531914893617044], "3/16/2016": [4.63, 0.01091703056768555], "3/17/2016": [4.52, -0.023758099352051906], "3/18/2016": [4.59, 0.015486725663716878], "3/21/2016": [4.63, 0.008714596949891075], "3/22/2016": [4.62, -0.0021598272138228483], "3/23/2016": [4.58, -0.008658008658008665], "3/24/2016": [4.52, -0.013100436681222816], "3/25/2016": [4.53, 0.002212389380531123], "3/28/2016": [4.43, -0.022075055187638085], "3/29/2016": [4.28, -0.03386004514672675], "3/30/2016": [4.34, 0.014018691588784955], "3/31/2016": [4.35, 0.002304147465437739], "4/1/2016": [4.3, -0.011494252873563178], "4/6/2016": [4.32, 0.004651162790697782], "4/7/2016": [4.35, 0.006944444444444296], "4/8/2016": [4.35, 0.0], "4/11/2016": [4.36, 0.002298850574712799], "4/12/2016": [4.36, 0.0], "4/13/2016": [4.35, -0.0022935779816515307], "4/14/2016": [4.36, 0.002298850574712799], "4/15/2016": [4.39, 0.006880733944953981], "4/18/2016": [4.41, 0.004555808656036552], "4/19/2016": [4.42, 0.002267573696145076], "4/20/2016": [4.42, 0.0], "4/21/2016": [4.36, -0.013574660633484075], "4/22/2016": [4.33, -0.006880733944954185], "4/25/2016": [4.34, 0.002309468822170851], "4/26/2016": [4.35, 0.002304147465437739], "4/27/2016": [4.35, 0.0], "4/28/2016": [4.32, -0.006896551724137784], "4/29/2016": [4.31, -0.002314814814814971], "5/3/2016": [4.3, -0.002320185614849139], "5/4/2016": [4.24, -0.013953488372092933], "5/5/2016": [4.24, 0.0], "5/6/2016": [4.19, -0.011792452830188637], "5/9/2016": [4.21, 0.004773269689737368], "5/10/2016": [4.13, -0.019002375296912132], "5/11/2016": [4.14, 0.0024213075060532173], "5/12/2016": [4.04, -0.024154589371980593], "5/13/2016": [4.07, 0.007425742574257487], "5/16/2016": [4.03, -0.009828009828009836], "5/17/2016": [4.03, 0.0], "5/18/2016": [3.96, -0.017369727047146472], "5/19/2016": [3.94, -0.005050505050505055], "5/20/2016": [3.95, 0.0025380710659899065], "5/23/2016": [3.96, 0.002531645569620199], "5/24/2016": [3.88, -0.02020202020202022], "5/25/2016": [3.93, 0.012886597938144399], "5/26/2016": [3.95, 0.005089058524173033], "5/27/2016": [3.98, 0.00759493670886071], "5/30/2016": [4.0, 0.005025125628140708], "5/31/2016": [4.0, 0.0], "6/1/2016": [4.01, 0.0024999999999999467], "6/2/2016": [4.0, -0.0024937655860348597], "6/3/2016": [3.99, -0.0024999999999999467], "6/4/2016": [3.99, 0.0], "6/6/2016": [3.95, -0.010025062656641612], "6/7/2016": [3.98, 0.00759493670886071], "6/8/2016": [3.99, 0.00251256281407041], "6/13/2016": [3.95, -0.010025062656641612], "6/14/2016": [3.94, -0.0025316455696203113], "6/15/2016": [3.95, 0.0025380710659899065], "6/16/2016": [3.94, -0.0025316455696203113], "6/17/2016": [3.94, 0.0], "6/20/2016": [3.95, 0.0025380710659899065], "6/21/2016": [3.96, 0.002531645569620199], "6/22/2016": [3.94, -0.005050505050505055], "6/23/2016": [3.94, 0.0], "6/24/2016": [3.92, -0.0050761421319797], "6/27/2016": [3.93, 0.002551020408163324], "6/28/2016": [3.89, -0.010178117048346065], "6/29/2016": [3.94, 0.012853470437017948], "6/30/2016": [3.94, 0.0], "7/1/2016": [3.96, 0.0050761421319797], "7/4/2016": [3.96, 0.0], "7/5/2016": [3.98, 0.005050505050505055], "7/6/2016": [3.99, 0.00251256281407041], "7/7/2016": [3.99, 0.0], "7/11/2016": [3.99, 0.0], "7/12/2016": [4.0, 0.0025062656641603475], "7/13/2016": [4.04, 0.010000000000000009], "7/14/2016": [4.07, 0.007425742574257487], "7/15/2016": [4.12, 0.012285012285012241], "7/18/2016": [4.12, 0.0], "7/19/2016": [4.09, -0.0072815533980583125], "7/20/2016": [4.09, 0.0], "7/21/2016": [4.12, 0.007334963325183435], "7/22/2016": [4.13, 0.0024271844660193657], "7/25/2016": [4.12, -0.0024213075060532173], "7/26/2016": [4.15, 0.0072815533980583125], "7/27/2016": [4.15, 0.0], "7/28/2016": [4.15, 0.0], "7/29/2016": [4.15, 0.0], "8/1/2016": [4.14, -0.00240963855421703], "8/2/2016": [4.15, 0.002415458937198231], "8/3/2016": [4.13, -0.0048192771084338455], "8/4/2016": [4.09, -0.009685230024213084], "8/5/2016": [4.13, 0.009779951100244507], "8/8/2016": [4.12, -0.0024213075060532173], "8/9/2016": [4.06, -0.014563106796116625], "8/10/2016": [4.07, 0.002463054187192285], "8/11/2016": [4.47, 0.09828009828009814], "8/12/2016": [4.67, 0.04474272930648774], "8/15/2016": [4.92, 0.05353319057815846], "8/16/2016": [5.07, 0.030487804878048853], "8/17/2016": [5.0, -0.013806706114398477], "8/18/2016": [4.92, -0.016000000000000014], "8/19/2016": [4.91, -0.002032520325203209], "8/22/2016": [4.72, -0.03869653767820782], "8/23/2016": [4.75, 0.006355932203389884], "8/24/2016": [4.72, -0.006315789473684263], "8/25/2016": [4.71, -0.002118644067796565], "8/26/2016": [4.81, 0.02123142250530778], "8/29/2016": [4.78, -0.006237006237006105], "8/30/2016": [4.79, 0.002092050209204976], "8/31/2016": [4.78, -0.002087682672233776], "9/1/2016": [4.76, -0.004184100418410139], "9/2/2016": [4.77, 0.002100840336134409], "9/5/2016": [4.81, 0.008385744234800846], "9/6/2016": [4.8, -0.002079002079002035], "9/7/2016": [4.82, 0.004166666666666763], "9/8/2016": [4.8, -0.004149377593361091], "9/9/2016": [4.78, -0.004166666666666578], "9/10/2016": [4.78, 0.0], "9/12/2016": [4.76, -0.004184100418410139], "9/13/2016": [4.78, 0.0042016806722690045], "9/14/2016": [4.74, -0.00836820083682009], "9/19/2016": [4.75, 0.0021097046413501657], "9/20/2016": [4.76, 0.002105263157894692], "9/21/2016": [4.79, 0.0063025210084034135], "9/22/2016": [4.83, 0.00835073068893529], "9/23/2016": [4.89, 0.012422360248447124], "9/26/2016": [4.85, -0.008179959100204507], "9/29/2016": [5.02, 0.035051546391752564], "9/30/2016": [5.5, 0.09561752988047818], "10/3/2016": [5.4, -0.01818181818181812], "10/4/2016": [5.47, 0.01296296296296285], "10/5/2016": [5.44, -0.005484460694698238], "10/6/2016": [5.42, -0.0036764705882353786], "10/7/2016": [5.23, -0.03505535055350544], "10/11/2016": [5.17, -0.011472275334608125], "10/12/2016": [5.16, -0.001934235976789127], "10/13/2016": [5.17, 0.0019379844961239896], "10/14/2016": [5.05, -0.02321083172147004], "10/17/2016": [4.95, -0.019801980198019733], "10/18/2016": [4.98, 0.006060606060606111], "10/19/2016": [5.0, 0.004016064257028026], "10/20/2016": [5.05, 0.009999999999999964], "10/21/2016": [5.07, 0.003960396039604052], "10/24/2016": [5.08, 0.001972386587771161],