{"1/4/2016": [54.5, ""], "1/5/2016": [53.8, -0.01284403669724776], "1/6/2016": [55.0, 0.0223048327137547], "1/7/2016": [53.18, -0.033090909090909094], "1/8/2016": [52.7, -0.009025949605114646], "1/11/2016": [53.2, 0.009487666034155597], "1/12/2016": [52.55, -0.012218045112782062], "1/13/2016": [52.55, 0.0], "1/14/2016": [52.7, 0.002854424357754628], "1/15/2016": [51.8, -0.017077798861480184], "1/18/2016": [52.5, 0.01351351351351357], "1/19/2016": [52.5, 0.0], "1/20/2016": [49.4, -0.05904761904761908], "1/21/2016": [49.0, -0.008097165991902806], "1/22/2016": [49.0, 0.0], "1/25/2016": [50.18, 0.02408163265306122], "1/26/2016": [48.8, -0.02750099641291356], "1/27/2016": [48.19, -0.012499999999999989], "1/28/2016": [48.99, 0.016600954554886995], "1/29/2016": [49.1, 0.002245356195141854], "1/30/2016": [49.1, 0.0], "2/1/2016": [52.0, 0.05906313645621178], "2/2/2016": [50.43, -0.0301923076923077], "2/3/2016": [50.64, 0.004164187983343265], "2/15/2016": [52.8, 0.04265402843601889], "2/16/2016": [52.2, -0.011363636363636256], "2/17/2016": [54.0, 0.0344827586206896], "2/18/2016": [54.19, 0.0035185185185184764], "2/19/2016": [51.5, -0.049640155010149435], "2/22/2016": [52.19, 0.01339805825242714], "2/23/2016": [53.4, 0.023184518106917053], "2/24/2016": [53.0, -0.007490636704119823], "2/25/2016": [53.5, 0.009433962264150943], "2/26/2016": [53.5, 0.0], "3/1/2016": [54.55, 0.019626168224299013], "3/2/2016": [61.0, 0.11824014665444552], "3/3/2016": [60.19, -0.013278688524590201], "3/4/2016": [58.3, -0.0314005648778867], "3/7/2016": [57.3, -0.017152658662092625], "3/8/2016": [57.29, -0.0001745200698079932], "3/9/2016": [57.1, -0.0033164601152033115], "3/10/2016": [56.8, -0.005253940455341581], "3/11/2016": [56.4, -0.007042253521126736], "3/14/2016": [55.5, -0.015957446808510613], "3/15/2016": [55.0, -0.009009009009009009], "3/16/2016": [56.17, 0.021272727272727304], "3/17/2016": [56.99, 0.014598540145985406], "3/18/2016": [55.0, -0.03491840673802425], "3/21/2016": [56.0, 0.01818181818181818], "3/22/2016": [57.0, 0.017857142857142856], "3/23/2016": [56.51, -0.00859649122807021], "3/24/2016": [56.5, -0.0001769598301185279], "3/25/2016": [56.5, 0.0], "3/28/2016": [57.7, 0.021238938053097397], "3/29/2016": [57.36, -0.0058925476603120175], "3/30/2016": [58.0, 0.011157601115760122], "3/31/2016": [57.71, -0.004999999999999985], "4/1/2016": [58.0, 0.005025125628140689], "4/6/2016": [58.65, 0.011206896551724113], "4/7/2016": [58.3, -0.005967604433077603], "4/8/2016": [58.5, 0.003430531732418574], "4/11/2016": [58.2, -0.00512820512820508], "4/12/2016": [57.5, -0.012027491408934755], "4/13/2016": [57.94, 0.0076521739130434386], "4/14/2016": [57.7, -0.004142216085605711], "4/15/2016": [57.0, -0.012131715771230551], "4/18/2016": [56.8, -0.0035087719298246113], "4/19/2016": [56.7, -0.0017605633802815902], "4/20/2016": [56.5, -0.003527336860670244], "4/21/2016": [56.0, -0.008849557522123894], "4/22/2016": [54.8, -0.02142857142857148], "4/25/2016": [54.5, -0.005474452554744474], "4/26/2016": [54.7, 0.003669724770642254], "4/27/2016": [55.0, 0.005484460694698302], "4/28/2016": [55.5, 0.00909090909090909], "4/29/2016": [55.7, 0.003603603603603655], "5/3/2016": [55.0, -0.012567324955116747], "5/4/2016": [55.3, 0.005454545454545403], "5/5/2016": [55.49, 0.003435804701627574], "5/6/2016": [54.0, -0.026851684988286214], "5/9/2016": [55.3, 0.024074074074074022], "5/10/2016": [55.15, -0.0027124773960216743], "5/11/2016": [53.3, -0.033544877606527676], "5/12/2016": [52.48, -0.01538461538461539], "5/13/2016": [51.95, -0.010099085365853546], "5/16/2016": [51.59, -0.006929740134744936], "5/17/2016": [51.8, 0.004070556309362158], "5/18/2016": [51.97, 0.003281853281853315], "5/19/2016": [50.51, -0.02809313065229942], "5/20/2016": [50.7, 0.0037616313601268035], "5/23/2016": [50.99, 0.005719921104536472], "5/24/2016": [50.5, -0.009609727397528967], "5/25/2016": [50.5, 0.0], "5/26/2016": [50.0, -0.009900990099009901], "5/27/2016": [50.0, 0.0], "5/30/2016": [50.2, 0.0040000000000000565], "5/31/2016": [50.0, -0.003984063745019977], "6/1/2016": [50.0, 0.0], "6/2/2016": [50.19, 0.0037999999999999545], "6/3/2016": [49.79, -0.007969715082685767], "6/4/2016": [49.79, 0.0], "6/6/2016": [49.0, -0.0158666398875276], "6/7/2016": [50.0, 0.02040816326530612], "6/8/2016": [52.0, 0.04], "6/13/2016": [52.28, 0.005384615384615406], "6/14/2016": [52.0, -0.0053557765876052245], "6/15/2016": [52.2, 0.003846153846153901], "6/16/2016": [52.2, 0.0], "6/17/2016": [53.2, 0.019157088122605363], "6/20/2016": [53.49, 0.005451127819548856], "6/21/2016": [53.0, -0.00916059076462894], "6/22/2016": [54.0, 0.018867924528301886], "6/23/2016": [53.99, -0.00018518518518514834], "6/24/2016": [53.0, -0.01833672902389335], "6/27/2016": [53.0, 0.0], "6/28/2016": [53.0, 0.0], "6/29/2016": [52.48, -0.00981132075471704], "6/30/2016": [52.2, -0.005335365853658423], "7/1/2016": [52.5, 0.0057471264367815545], "7/4/2016": [51.99, -0.009714285714285677], "7/5/2016": [51.99, 0.0], "7/6/2016": [51.99, 0.0], "7/7/2016": [51.99, 0.0], "7/11/2016": [51.0, -0.01904212348528567], "7/12/2016": [51.49, 0.009607843137254941], "7/13/2016": [50.79, -0.013594872790833226], "7/14/2016": [51.5, 0.013979129749950794], "7/15/2016": [51.5, 0.0], "7/18/2016": [51.2, -0.005825242718446547], "7/19/2016": [50.99, -0.004101562500000017], "7/20/2016": [51.0, 0.00019611688566381662], "7/21/2016": [52.0, 0.0196078431372549], "7/22/2016": [52.5, 0.009615384615384616], "7/25/2016": [52.19, -0.005904761904761948], "7/26/2016": [50.99, -0.022992910519256483], "7/27/2016": [51.0, 0.00019611688566381662], "7/28/2016": [51.28, 0.005490196078431395], "7/29/2016": [50.9, -0.007410296411856524], "8/1/2016": [50.8, -0.0019646365422397137], "8/2/2016": [51.0, 0.003937007874015804], "8/3/2016": [51.18, 0.003529411764705877], "8/4/2016": [51.0, -0.003516998827667052], "8/5/2016": [51.99, 0.019411764705882392], "8/8/2016": [51.99, 0.0], "8/9/2016": [51.5, -0.009424889401808079], "8/10/2016": [52.09, 0.011456310679611717], "8/11/2016": [52.09, 0.0], "8/12/2016": [51.19, -0.017277788443079395], "8/15/2016": [51.5, 0.006055870287165506], "8/16/2016": [51.5, 0.0], "8/17/2016": [51.19, -0.0060194174757282], "8/18/2016": [51.0, -0.0037116624340691098], "8/19/2016": [51.0, 0.0], "8/22/2016": [50.5, -0.00980392156862745], "8/23/2016": [50.2, -0.005940594059405884], "8/24/2016": [50.48, 0.005577689243027769], "8/25/2016": [50.6, 0.002377179080824179], "8/26/2016": [50.65, 0.0009881422924900623], "8/29/2016": [50.18, -0.009279368213228013], "8/30/2016": [50.0, -0.003587086488640887], "8/31/2016": [50.2, 0.0040000000000000565], "9/1/2016": [50.0, -0.003984063745019977], "9/2/2016": [50.28, 0.0056000000000000225], "9/5/2016": [50.6, 0.006364359586316632], "9/6/2016": [52.66, 0.04071146245059279], "9/7/2016": [52.04, -0.011773642233194027], "9/8/2016": [51.99, -0.000960799385088339], "9/9/2016": [51.5, -0.009424889401808079], "9/10/2016": [51.5, 0.0], "9/12/2016": [50.99, -0.009902912621359184], "9/13/2016": [50.0, -0.01941557168072175], "9/14/2016": [50.13, 0.002600000000000051], "9/19/2016": [50.4, 0.0053859964093356475], "9/20/2016": [50.4, 0.0], "9/21/2016": [50.4, 0.0], "9/22/2016": [50.0, -0.007936507936507908], "9/23/2016": [50.0, 0.0], "9/26/2016": [50.29, 0.005799999999999983], "9/29/2016": [50.0, -0.0057665539868761015], "9/30/2016": [50.0, 0.0], "10/3/2016": [50.49, 0.00980000000000004], "10/4/2016": [50.2, -0.00574371162606455], "10/5/2016": [49.0, -0.023904382470119577], "10/6/2016": [49.0, 0.0], "10/7/2016": [48.49, -0.010408163265306082], "10/11/2016": [50.0, 0.031140441328108847], "10/12/2016": [49.99, -0.00019999999999996022], "10/13/2016": [50.0, 0.0002000400080015605], "10/14/2016": [50.5, 0.01], "10/17/2016": [50.79, 0.005742574257425726], "10/18/2016": [50.59, -0.0039377830281550645], "10/19/2016": [50.3, -0.005732358173552209], "10/20/2016": [50.2, -0.001988071570576428], "10/21/2016": [50.2, 0.0], "10/24/2016": [50.35, 0.0029880478087649116],