{"1/4/2016": [16.7, ""], "1/5/2016": [16.4, -0.01796407185628747], "1/6/2016": [15.9, -0.030487804878048676], "1/7/2016": [15.15, -0.04716981132075471], "1/8/2016": [16.1, 0.06270627062706277], "1/11/2016": [15.35, -0.04658385093167713], "1/12/2016": [14.45, -0.05863192182410426], "1/13/2016": [14.95, 0.03460207612456748], "1/14/2016": [14.35, -0.04013377926421403], "1/15/2016": [15.0, 0.04529616724738678], "1/18/2016": [16.5, 0.1], "1/19/2016": [18.15, 0.09999999999999991], "1/20/2016": [18.1, -0.002754820936638962], "1/21/2016": [17.5, -0.03314917127071831], "1/22/2016": [18.35, 0.048571428571428654], "1/25/2016": [18.25, -0.005449591280654028], "1/26/2016": [18.1, -0.008219178082191704], "1/27/2016": [17.6, -0.027624309392265192], "1/28/2016": [17.65, 0.0028409090909089292], "1/29/2016": [17.55, -0.005665722379603279], "1/30/2016": [18.1, 0.031339031339031376], "2/1/2016": [17.5, -0.03314917127071831], "2/2/2016": [17.4, -0.005714285714285796], "2/3/2016": [17.25, -0.008620689655172332], "2/15/2016": [17.5, 0.014492753623188406], "2/16/2016": [17.5, 0.0], "2/17/2016": [17.6, 0.005714285714285796], "2/18/2016": [17.85, 0.014204545454545454], "2/19/2016": [17.8, -0.002801120448179311], "2/22/2016": [17.0, -0.04494382022471914], "2/23/2016": [17.15, 0.008823529411764622], "2/24/2016": [16.7, -0.026239067055393545], "2/25/2016": [16.7, 0.0], "2/26/2016": [16.85, 0.00898203592814384], "3/1/2016": [16.6, -0.014836795252225518], "3/2/2016": [16.6, 0.0], "3/3/2016": [16.55, -0.003012048192771127], "3/4/2016": [16.75, 0.012084592145015062], "3/7/2016": [16.35, -0.023880597014925287], "3/8/2016": [16.45, 0.0061162079510702055], "3/9/2016": [16.8, 0.021276595744680937], "3/10/2016": [16.55, -0.01488095238095238], "3/11/2016": [16.65, 0.006042296072507424], "3/14/2016": [16.55, -0.0060060060060058785], "3/15/2016": [16.2, -0.02114803625377652], "3/16/2016": [16.35, 0.00925925925925939], "3/17/2016": [15.9, -0.027522935779816578], "3/18/2016": [15.7, -0.012578616352201324], "3/21/2016": [15.95, 0.01592356687898089], "3/22/2016": [15.8, -0.009404388714733454], "3/23/2016": [15.55, -0.01582278481012658], "3/24/2016": [15.4, -0.00964630225080388], "3/25/2016": [14.9, -0.032467532467532464], "3/28/2016": [14.35, -0.03691275167785239], "3/29/2016": [13.8, -0.03832752613240411], "3/30/2016": [15.15, 0.0978260869565217], "3/31/2016": [15.75, 0.03960396039603958], "4/1/2016": [15.15, -0.03809523809523807], "4/6/2016": [15.05, -0.006600660066006577], "4/7/2016": [14.95, -0.006644518272425343], "4/8/2016": [15.0, 0.003344481605351218], "4/11/2016": [14.9, -0.006666666666666643], "4/12/2016": [14.55, -0.023489932885906017], "4/13/2016": [14.6, 0.0034364261168384146], "4/14/2016": [14.65, 0.003424657534246624], "4/15/2016": [14.7, 0.0034129692832763777], "4/18/2016": [14.5, -0.013605442176870701], "4/19/2016": [14.5, 0.0], "4/20/2016": [14.3, -0.013793103448275813], "4/21/2016": [14.1, -0.01398601398601406], "4/22/2016": [13.9, -0.014184397163120517], "4/25/2016": [14.85, 0.06834532374100714], "4/26/2016": [14.9, 0.003367003367003415], "4/27/2016": [14.6, -0.02013422818791951], "4/28/2016": [14.45, -0.010273972602739751], "4/29/2016": [14.35, -0.006920415224913471], "5/3/2016": [14.2, -0.010452961672473893], "5/4/2016": [13.85, -0.02464788732394364], "5/5/2016": [13.85, 0.0], "5/6/2016": [13.9, 0.0036101083032491488], "5/9/2016": [13.8, -0.007194244604316521], "5/10/2016": [13.95, 0.0108695652173912], "5/11/2016": [13.85, -0.007168458781361982], "5/12/2016": [13.25, -0.04332129963898915], "5/13/2016": [12.85, -0.030188679245283047], "5/16/2016": [13.4, 0.04280155642023352], "5/17/2016": [13.9, 0.03731343283582089], "5/18/2016": [13.9, 0.0], "5/19/2016": [13.8, -0.007194244604316521], "5/20/2016": [14.0, 0.014492753623188354], "5/23/2016": [14.3, 0.02142857142857148], "5/24/2016": [14.15, -0.010489510489510514], "5/25/2016": [14.2, 0.003533568904593564], "5/26/2016": [13.85, -0.02464788732394364], "5/27/2016": [13.9, 0.0036101083032491488], "5/30/2016": [15.25, 0.09712230215827335], "5/31/2016": [15.0, -0.01639344262295082], "6/1/2016": [14.8, -0.013333333333333286], "6/2/2016": [14.45, -0.023648648648648744], "6/3/2016": [14.7, 0.01730103806228374], "6/4/2016": [14.5, -0.013605442176870701], "6/6/2016": [14.15, -0.024137931034482734], "6/7/2016": [14.25, 0.007067137809187254], "6/8/2016": [14.25, 0.0], "6/13/2016": [13.9, -0.024561403508771906], "6/14/2016": [13.95, 0.003597122302158197], "6/15/2016": [14.25, 0.021505376344086075], "6/16/2016": [14.2, -0.0035087719298246113], "6/17/2016": [14.5, 0.021126760563380333], "6/20/2016": [14.3, -0.013793103448275813], "6/21/2016": [14.45, 0.01048951048951039], "6/22/2016": [14.25, -0.013840830449826941], "6/23/2016": [14.25, 0.0], "6/24/2016": [13.45, -0.05614035087719303], "6/27/2016": [13.45, 0.0], "6/28/2016": [13.7, 0.01858736059479554], "6/29/2016": [13.75, 0.0036496350364964023], "6/30/2016": [13.85, 0.007272727272727247], "7/1/2016": [13.8, -0.0036101083032490204], "7/4/2016": [13.85, 0.003623188405797024], "7/5/2016": [14.5, 0.046931407942238296], "7/6/2016": [14.35, -0.01034482758620692], "7/7/2016": [14.25, -0.006968641114982554], "7/11/2016": [13.9, -0.024561403508771906], "7/12/2016": [14.05, 0.010791366906474845], "7/13/2016": [14.1, 0.0035587188612098883], "7/14/2016": [14.05, -0.0035460992907800663], "7/15/2016": [14.5, 0.032028469750889625], "7/18/2016": [14.6, 0.006896551724137907], "7/19/2016": [14.6, 0.0], "7/20/2016": [14.65, 0.003424657534246624], "7/21/2016": [14.6, -0.003412969283276499], "7/22/2016": [14.4, -0.013698630136986254], "7/25/2016": [14.3, -0.00694444444444442], "7/26/2016": [14.95, 0.04545454545454535], "7/27/2016": [14.5, -0.030100334448160487], "7/28/2016": [14.55, 0.0034482758620690145], "7/29/2016": [14.45, -0.006872852233677073], "8/1/2016": [14.45, 0.0], "8/2/2016": [14.5, 0.003460207612456797], "8/3/2016": [14.3, -0.013793103448275813], "8/4/2016": [14.3, 0.0], "8/5/2016": [14.2, -0.006993006993007092], "8/8/2016": [14.2, 0.0], "8/9/2016": [13.9, -0.02112676056338021], "8/10/2016": [13.85, -0.0035971223021583243], "8/11/2016": [13.8, -0.0036101083032490204], "8/12/2016": [13.7, -0.007246376811594305], "8/15/2016": [13.75, 0.0036496350364964023], "8/16/2016": [14.0, 0.01818181818181818], "8/17/2016": [14.1, 0.0071428571428571175], "8/18/2016": [14.0, -0.007092198581560258], "8/19/2016": [13.85, -0.01071428571428574], "8/22/2016": [13.75, -0.007220216606498169], "8/23/2016": [13.8, 0.003636363636363688], "8/24/2016": [13.7, -0.007246376811594305], "8/25/2016": [13.6, -0.007299270072992675], "8/26/2016": [13.55, -0.003676470588235216], "8/29/2016": [13.55, 0.0], "8/30/2016": [13.75, 0.014760147601475962], "8/31/2016": [13.6, -0.010909090909090934], "9/1/2016": [13.65, 0.0036764705882353465], "9/2/2016": [13.5, -0.010989010989011014], "9/5/2016": [13.6, 0.007407407407407381], "9/6/2016": [13.45, -0.011029411764705909], "9/7/2016": [13.6, 0.01115241635687735], "9/8/2016": [13.4, -0.014705882352941124], "9/9/2016": [13.5, 0.007462686567164152], "9/10/2016": [13.4, -0.007407407407407381], "9/12/2016": [13.3, -0.007462686567164152], "9/13/2016": [13.2, -0.007518796992481309], "9/14/2016": [13.15, -0.0037878787878787073], "9/19/2016": [13.15, 0.0], "9/20/2016": [13.1, -0.0038022813688213465], "9/21/2016": [13.1, 0.0], "9/22/2016": [13.1, 0.0], "9/23/2016": [13.15, 0.0038167938931298255], "9/26/2016": [13.35, 0.015209125475285117], "9/29/2016": [13.2, -0.011235955056179803], "9/30/2016": [13.1, -0.007575757575757549], "10/3/2016": [12.9, -0.01526717557251903], "10/4/2016": [12.75, -0.011627906976744214], "10/5/2016": [12.65, -0.007843137254901933], "10/6/2016": [12.75, 0.00790513833992092], "10/7/2016": [12.7, -0.003921568627451036], "10/11/2016": [12.4, -0.023622047244094405], "10/12/2016": [12.3, -0.008064516129032228], "10/13/2016": [12.35, 0.004065040650406417], "10/14/2016": [11.9, -0.036437246963562694], "10/17/2016": [11.85, -0.004201680672268967], "10/18/2016": [11.85, 0.0],