{"1/4/2016": [13.25, ""], "1/5/2016": [13.1, -0.011320754716981159], "1/6/2016": [13.0, -0.007633587786259515], "1/7/2016": [12.85, -0.011538461538461565], "1/8/2016": [12.65, -0.015564202334630295], "1/11/2016": [12.8, 0.01185770750988145], "1/12/2016": [12.8, 0.0], "1/13/2016": [12.5, -0.023437500000000056], "1/14/2016": [12.5, 0.0], "1/15/2016": [12.4, -0.007999999999999972], "1/18/2016": [12.35, -0.004032258064516186], "1/19/2016": [12.5, 0.01214574898785428], "1/20/2016": [12.4, -0.007999999999999972], "1/21/2016": [12.25, -0.012096774193548416], "1/22/2016": [12.3, 0.004081632653061282], "1/25/2016": [12.4, 0.00813008130081298], "1/26/2016": [12.35, -0.004032258064516186], "1/27/2016": [12.4, 0.004048582995951474], "1/28/2016": [12.35, -0.004032258064516186], "1/29/2016": [12.5, 0.01214574898785428], "1/30/2016": [12.65, 0.012000000000000028], "2/1/2016": [12.6, -0.00395256916996053], "2/2/2016": [12.75, 0.011904761904761934], "2/3/2016": [12.65, -0.007843137254901933], "2/15/2016": [12.85, 0.01581027667984184], "2/16/2016": [13.2, 0.027237354085603085], "2/17/2016": [13.1, -0.007575757575757549], "2/18/2016": [13.1, 0.0], "2/19/2016": [13.1, 0.0], "2/22/2016": [13.2, 0.007633587786259515], "2/23/2016": [13.25, 0.0037878787878788418], "2/24/2016": [13.0, -0.018867924528301886], "2/25/2016": [13.15, 0.011538461538461565], "2/26/2016": [13.2, 0.0038022813688212117], "3/1/2016": [13.25, 0.0037878787878788418], "3/2/2016": [13.25, 0.0], "3/3/2016": [13.3, 0.003773584905660431], "3/4/2016": [13.25, -0.0037593984962406546], "3/7/2016": [13.25, 0.0], "3/8/2016": [13.3, 0.003773584905660431], "3/9/2016": [13.25, -0.0037593984962406546], "3/10/2016": [13.45, 0.015094339622641456], "3/11/2016": [13.5, 0.003717472118959161], "3/14/2016": [13.85, 0.0259259259259259], "3/15/2016": [13.5, -0.025270758122743656], "3/16/2016": [13.7, 0.014814814814814762], "3/17/2016": [13.85, 0.010948905109489078], "3/18/2016": [13.85, 0.0], "3/21/2016": [13.75, -0.007220216606498169], "3/22/2016": [13.7, -0.003636363636363688], "3/23/2016": [13.7, 0.0], "3/24/2016": [13.7, 0.0], "3/25/2016": [13.65, -0.0036496350364962726], "3/28/2016": [13.65, 0.0], "3/29/2016": [13.5, -0.010989010989011014], "3/30/2016": [13.55, 0.0037037037037037563], "3/31/2016": [13.8, 0.01845018450184502], "4/1/2016": [13.75, -0.0036231884057971527], "4/6/2016": [13.6, -0.010909090909090934], "4/7/2016": [13.55, -0.003676470588235216], "4/8/2016": [13.65, 0.007380073800737981], "4/11/2016": [13.8, 0.010989010989011014], "4/12/2016": [13.7, -0.007246376811594305], "4/13/2016": [13.8, 0.007299270072992805], "4/14/2016": [13.85, 0.003623188405797024], "4/15/2016": [13.85, 0.0], "4/18/2016": [13.7, -0.010830324909747318], "4/19/2016": [13.85, 0.010948905109489078], "4/20/2016": [13.75, -0.007220216606498169], "4/21/2016": [13.85, 0.007272727272727247], "4/22/2016": [13.8, -0.0036101083032490204], "4/25/2016": [13.8, 0.0], "4/26/2016": [13.65, -0.01086956521739133], "4/27/2016": [13.7, 0.003663003663003585], "4/28/2016": [13.55, -0.010948905109488948], "4/29/2016": [13.75, 0.014760147601475962], "5/3/2016": [13.65, -0.007272727272727247], "5/4/2016": [13.5, -0.010989010989011014], "5/5/2016": [13.35, -0.011111111111111138], "5/6/2016": [13.45, 0.007490636704119823], "5/9/2016": [13.45, 0.0], "5/10/2016": [13.45, 0.0], "5/11/2016": [13.45, 0.0], "5/12/2016": [13.4, -0.0037174721189590287], "5/13/2016": [13.25, -0.011194029850746294], "5/16/2016": [13.3, 0.003773584905660431], "5/17/2016": [13.3, 0.0], "5/18/2016": [13.3, 0.0], "5/19/2016": [13.25, -0.0037593984962406546], "5/20/2016": [13.3, 0.003773584905660431], "5/23/2016": [13.5, 0.015037593984962351], "5/24/2016": [13.4, -0.007407407407407381], "5/25/2016": [13.5, 0.007462686567164152], "5/26/2016": [13.5, 0.0], "5/27/2016": [13.45, -0.0037037037037037563], "5/30/2016": [13.65, 0.014869888475836512], "5/31/2016": [13.5, -0.010989010989011014], "6/1/2016": [13.5, 0.0], "6/2/2016": [13.4, -0.007407407407407381], "6/3/2016": [13.45, 0.00373134328358201], "6/4/2016": [13.4, -0.0037174721189590287], "6/6/2016": [13.4, 0.0], "6/7/2016": [13.6, 0.014925373134328304], "6/8/2016": [13.5, -0.007352941176470562], "6/13/2016": [13.75, 0.018518518518518517], "6/14/2016": [14.1, 0.025454545454545428], "6/15/2016": [14.3, 0.014184397163120643], "6/16/2016": [14.1, -0.01398601398601406], "6/17/2016": [14.35, 0.01773049645390071], "6/20/2016": [14.55, 0.013937282229965231], "6/21/2016": [14.5, -0.0034364261168385365], "6/22/2016": [14.2, -0.02068965517241384], "6/23/2016": [14.35, 0.010563380281690167], "6/24/2016": [14.15, -0.013937282229965108], "6/27/2016": [13.1, -0.07420494699646647], "6/28/2016": [13.15, 0.0038167938931298255], "6/29/2016": [13.15, 0.0], "6/30/2016": [13.3, 0.011406844106463905], "7/1/2016": [13.4, 0.007518796992481176], "7/4/2016": [13.3, -0.007462686567164152], "7/5/2016": [13.25, -0.0037593984962406546], "7/6/2016": [13.2, -0.003773584905660431], "7/7/2016": [13.2, 0.0], "7/11/2016": [13.5, 0.022727272727272783], "7/12/2016": [13.55, 0.0037037037037037563], "7/13/2016": [13.75, 0.014760147601475962], "7/14/2016": [13.8, 0.003636363636363688], "7/15/2016": [13.8, 0.0], "7/18/2016": [13.9, 0.007246376811594177], "7/19/2016": [13.95, 0.003597122302158197], "7/20/2016": [13.85, -0.007168458781361982], "7/21/2016": [13.95, 0.007220216606498169], "7/22/2016": [13.95, 0.0], "7/25/2016": [13.8, -0.01075268817204291], "7/26/2016": [13.85, 0.003623188405797024], "7/27/2016": [13.9, 0.0036101083032491488], "7/28/2016": [13.95, 0.003597122302158197], "7/29/2016": [13.95, 0.0], "8/1/2016": [13.9, -0.0035842293906809273], "8/2/2016": [13.9, 0.0], "8/3/2016": [13.9, 0.0], "8/4/2016": [14.4, 0.03597122302158273], "8/5/2016": [14.45, 0.0034722222222221483], "8/8/2016": [15.2, 0.051903114186851215], "8/9/2016": [15.25, 0.0032894736842105734], "8/10/2016": [15.3, 0.0032786885245902103], "8/11/2016": [15.25, -0.003267973856209197], "8/12/2016": [15.3, 0.0032786885245902103], "8/15/2016": [15.3, 0.0], "8/16/2016": [15.3, 0.0], "8/17/2016": [15.45, 0.009803921568627357], "8/18/2016": [15.25, -0.01294498381877018], "8/19/2016": [15.15, -0.0065573770491803044], "8/22/2016": [15.25, 0.006600660066006577], "8/23/2016": [15.2, -0.0032786885245902103], "8/24/2016": [15.2, 0.0], "8/25/2016": [15.1, -0.00657894736842103], "8/26/2016": [15.1, 0.0], "8/29/2016": [15.2, 0.006622516556291367], "8/30/2016": [15.15, -0.0032894736842104563], "8/31/2016": [15.15, 0.0], "9/1/2016": [15.15, 0.0], "9/2/2016": [15.2, 0.00330033003300323], "9/5/2016": [15.2, 0.0], "9/6/2016": [15.15, -0.0032894736842104563], "9/7/2016": [15.15, 0.0], "9/8/2016": [15.1, -0.003300330033003347], "9/9/2016": [15.15, 0.0033112582781457426], "9/10/2016": [15.15, 0.0], "9/12/2016": [16.65, 0.09900990099009889], "9/13/2016": [15.85, -0.048048048048047985], "9/14/2016": [16.15, 0.018927444794952616], "9/19/2016": [16.2, 0.003095975232198187], "9/20/2016": [16.2, 0.0], "9/21/2016": [17.8, 0.09876543209876552], "9/22/2016": [18.3, 0.028089887640449437], "9/23/2016": [18.4, 0.005464480874316823], "9/26/2016": [18.05, -0.01902173913043467], "9/29/2016": [17.8, -0.013850415512465374], "9/30/2016": [18.0, 0.011235955056179735], "10/3/2016": [17.95, -0.0027777777777778173], "10/4/2016": [18.3, 0.019498607242339913], "10/5/2016": [18.45, 0.008196721311475332], "10/6/2016": [18.8, 0.018970189701897098], "10/7/2016": [18.7, -0.005319148936170288], "10/11/2016": [18.0, -0.037433155080213866], "10/12/2016": [17.85, -0.008333333333333255], "10/13/2016": [17.85, 0.0], "10/14/2016": [17.3, -0.030812324929972025], "10/17/2016": [17.15, -0.008670520231213995], "10/18/2016": [17.4, 0.01457725947521866], "10/19/2016": [17.35, -0.0028735632183906415], "10/20/2016": [17.45, 0.005763688760806793], "10/21/2016": [17.45, 0.0], "10/24/2016": [17.75, 0.01719197707736394], "10/25/2016": [17.8, 0.0028169014084507443], "10/26/2016": [17.9, 0.005617977528089768], "10/27/2016": [18.05, 0.008379888268156544],