{"1/4/2016": [13.95, ""], "1/5/2016": [13.95, 0.0], "1/6/2016": [13.85, -0.007168458781361982], "1/7/2016": [13.8, -0.0036101083032490204], "1/8/2016": [13.85, 0.003623188405797024], "1/11/2016": [13.85, 0.0], "1/12/2016": [13.9, 0.0036101083032491488], "1/13/2016": [13.65, -0.017985611510791366], "1/14/2016": [13.85, 0.0146520146520146], "1/15/2016": [13.7, -0.010830324909747318], "1/18/2016": [13.65, -0.0036496350364962726], "1/19/2016": [13.7, 0.003663003663003585], "1/20/2016": [13.6, -0.007299270072992675], "1/21/2016": [13.6, 0.0], "1/22/2016": [13.55, -0.003676470588235216], "1/25/2016": [13.55, 0.0], "1/26/2016": [13.55, 0.0], "1/27/2016": [13.65, 0.007380073800737981], "1/28/2016": [13.55, -0.0073260073260073], "1/29/2016": [13.35, -0.014760147601476092], "1/30/2016": [13.45, 0.007490636704119823], "2/1/2016": [13.55, 0.007434944237918322], "2/2/2016": [13.6, 0.0036900369003689247], "2/3/2016": [13.5, -0.007352941176470562], "2/15/2016": [13.55, 0.0037037037037037563], "2/16/2016": [13.45, -0.007380073800738112], "2/17/2016": [13.5, 0.003717472118959161], "2/18/2016": [13.5, 0.0], "2/19/2016": [13.5, 0.0], "2/22/2016": [13.5, 0.0], "2/23/2016": [13.5, 0.0], "2/24/2016": [13.4, -0.007407407407407381], "2/25/2016": [13.4, 0.0], "2/26/2016": [13.4, 0.0], "3/1/2016": [13.45, 0.00373134328358201], "3/2/2016": [13.7, 0.01858736059479554], "3/3/2016": [13.6, -0.007299270072992675], "3/4/2016": [13.7, 0.007352941176470562], "3/7/2016": [13.8, 0.007299270072992805], "3/8/2016": [13.95, 0.0108695652173912], "3/9/2016": [13.8, -0.01075268817204291], "3/10/2016": [13.9, 0.007246376811594177], "3/11/2016": [13.85, -0.0035971223021583243], "3/14/2016": [13.95, 0.007220216606498169], "3/15/2016": [14.3, 0.025089605734767127], "3/16/2016": [14.2, -0.006993006993007092], "3/17/2016": [14.0, -0.014084507042253471], "3/18/2016": [14.0, 0.0], "3/21/2016": [14.0, 0.0], "3/22/2016": [14.2, 0.014285714285714235], "3/23/2016": [14.0, -0.014084507042253471], "3/24/2016": [14.15, 0.01071428571428574], "3/25/2016": [14.1, -0.00353356890459369], "3/28/2016": [13.95, -0.010638297872340451], "3/29/2016": [13.9, -0.0035842293906809273], "3/30/2016": [14.0, 0.007194244604316521], "3/31/2016": [14.05, 0.003571428571428622], "4/1/2016": [14.05, 0.0], "4/6/2016": [14.0, -0.003558718861210015], "4/7/2016": [14.05, 0.003571428571428622], "4/8/2016": [14.05, 0.0], "4/11/2016": [13.95, -0.00711743772242003], "4/12/2016": [13.95, 0.0], "4/13/2016": [13.95, 0.0], "4/14/2016": [13.95, 0.0], "4/15/2016": [13.95, 0.0], "4/18/2016": [13.95, 0.0], "4/19/2016": [13.9, -0.0035842293906809273], "4/20/2016": [13.75, -0.010791366906474845], "4/21/2016": [13.9, 0.010909090909090934], "4/22/2016": [13.9, 0.0], "4/25/2016": [14.0, 0.007194244604316521], "4/26/2016": [13.9, -0.0071428571428571175], "4/27/2016": [13.85, -0.0035971223021583243], "4/28/2016": [13.85, 0.0], "4/29/2016": [13.65, -0.014440433212996338], "5/3/2016": [13.7, 0.003663003663003585], "5/4/2016": [13.75, 0.0036496350364964023], "5/5/2016": [13.7, -0.003636363636363688], "5/6/2016": [13.65, -0.0036496350364962726], "5/9/2016": [13.7, 0.003663003663003585], "5/10/2016": [13.7, 0.0], "5/11/2016": [13.85, 0.010948905109489078], "5/12/2016": [13.7, -0.010830324909747318], "5/13/2016": [13.95, 0.018248175182481754], "5/16/2016": [13.85, -0.007168458781361982], "5/17/2016": [13.85, 0.0], "5/18/2016": [13.85, 0.0], "5/19/2016": [13.85, 0.0], "5/20/2016": [13.8, -0.0036101083032490204], "5/23/2016": [13.7, -0.007246376811594305], "5/24/2016": [13.75, 0.0036496350364964023], "5/25/2016": [14.2, 0.032727272727272674], "5/26/2016": [13.8, -0.028169014084506942], "5/27/2016": [14.45, 0.047101449275362216], "5/30/2016": [14.05, -0.027681660899653883], "5/31/2016": [13.95, -0.00711743772242003], "6/1/2016": [14.15, 0.01433691756272409], "6/2/2016": [14.0, -0.010600706713780944], "6/3/2016": [14.05, 0.003571428571428622], "6/4/2016": [13.95, -0.00711743772242003], "6/6/2016": [13.8, -0.01075268817204291], "6/7/2016": [14.15, 0.025362318840579684], "6/8/2016": [13.9, -0.0176678445229682], "6/13/2016": [13.85, -0.0035971223021583243], "6/14/2016": [13.95, 0.007220216606498169], "6/15/2016": [13.9, -0.0035842293906809273], "6/16/2016": [13.9, 0.0], "6/17/2016": [14.0, 0.007194244604316521], "6/20/2016": [14.25, 0.017857142857142856], "6/21/2016": [14.05, -0.014035087719298196], "6/22/2016": [14.1, 0.0035587188612098883], "6/23/2016": [14.15, 0.0035460992907801925], "6/24/2016": [13.65, -0.0353356890459364], "6/27/2016": [13.9, 0.018315018315018316], "6/28/2016": [13.9, 0.0], "6/29/2016": [14.0, 0.007194244604316521], "6/30/2016": [14.0, 0.0], "7/1/2016": [13.95, -0.003571428571428622], "7/4/2016": [13.85, -0.007168458781361982], "7/5/2016": [13.95, 0.007220216606498169], "7/6/2016": [13.85, -0.007168458781361982], "7/7/2016": [13.95, 0.007220216606498169], "7/11/2016": [14.05, 0.0071684587813621095], "7/12/2016": [14.05, 0.0], "7/13/2016": [14.0, -0.003558718861210015], "7/14/2016": [13.85, -0.01071428571428574], "7/15/2016": [13.85, 0.0], "7/18/2016": [13.85, 0.0], "7/19/2016": [13.95, 0.007220216606498169], "7/20/2016": [13.95, 0.0], "7/21/2016": [14.0, 0.0035842293906810548], "7/22/2016": [13.8, -0.014285714285714235], "7/25/2016": [13.8, 0.0], "7/26/2016": [13.8, 0.0], "7/27/2016": [13.85, 0.003623188405797024], "7/28/2016": [13.95, 0.007220216606498169], "7/29/2016": [13.9, -0.0035842293906809273], "8/1/2016": [14.45, 0.03956834532374093], "8/2/2016": [13.35, -0.07612456747404842], "8/3/2016": [13.2, -0.011235955056179803], "8/4/2016": [13.15, -0.0037878787878787073], "8/5/2016": [13.15, 0.0], "8/8/2016": [13.05, -0.007604562737642559], "8/9/2016": [13.1, 0.003831417624520991], "8/10/2016": [13.1, 0.0], "8/11/2016": [13.05, -0.0038167938931296897], "8/12/2016": [13.4, 0.026819923371647483], "8/15/2016": [13.1, -0.022388059701492588], "8/16/2016": [13.05, -0.0038167938931296897], "8/17/2016": [13.35, 0.022988505747126353], "8/18/2016": [13.15, -0.014981273408239647], "8/19/2016": [13.05, -0.007604562737642559], "8/22/2016": [12.8, -0.019157088122605363], "8/23/2016": [13.1, 0.023437499999999917], "8/24/2016": [13.05, -0.0038167938931296897], "8/25/2016": [13.05, 0.0], "8/26/2016": [12.9, -0.011494252873563244], "8/29/2016": [12.95, 0.003875968992247979], "8/30/2016": [12.95, 0.0], "8/31/2016": [12.9, -0.003861003861003779], "9/1/2016": [12.85, -0.003875968992248117], "9/2/2016": [12.8, -0.0038910505836575048], "9/5/2016": [12.8, 0.0], "9/6/2016": [12.8, 0.0], "9/7/2016": [12.8, 0.0], "9/8/2016": [13.0, 0.015624999999999944], "9/9/2016": [12.95, -0.003846153846153901], "9/10/2016": [12.95, 0.0], "9/12/2016": [12.9, -0.003861003861003779], "9/13/2016": [12.75, -0.011627906976744214], "9/14/2016": [12.9, 0.011764705882352969], "9/19/2016": [12.8, -0.007751937984496096], "9/20/2016": [12.9, 0.007812499999999972], "9/21/2016": [13.45, 0.0426356589147286], "9/22/2016": [13.1, -0.02602230483271373], "9/23/2016": [13.3, 0.015267175572519165], "9/26/2016": [13.0, -0.02255639097744366], "9/29/2016": [13.05, 0.003846153846153901], "9/30/2016": [13.0, -0.0038314176245211272], "10/3/2016": [12.95, -0.003846153846153901], "10/4/2016": [12.95, 0.0], "10/5/2016": [12.8, -0.011583011583011473], "10/6/2016": [12.85, 0.0039062499999999167], "10/7/2016": [13.0, 0.01167315175097279], "10/11/2016": [12.8, -0.01538461538461533], "10/12/2016": [12.85, 0.0039062499999999167], "10/13/2016": [12.7, -0.01167315175097279], "10/14/2016": [12.75, 0.003937007874015804], "10/17/2016": [12.8, 0.003921568627451036], "10/18/2016": [12.9, 0.007812499999999972], "10/19/2016": [12.85, -0.003875968992248117], "10/20/2016": [12.85, 0.0], "10/21/2016": [12.85, 0.0], "10/24/2016": [12.9, 0.003891050583657643], "10/25/2016": [12.9, 0.0], "10/26/2016": [12.95, 0.003875968992247979], "10/27/2016": [12.85, -0.007722007722007695], "10/28/2016": [12.8, -0.0038910505836575048], "10/31/2016": [12.9, 0.007812499999999972], "11/1/2016": [12.9, 0.0],