{"1/4/2016": [33.0, ""], "1/5/2016": [32.0, -0.030303030303030304], "1/6/2016": [31.35, -0.020312499999999956], "1/7/2016": [28.7, -0.08452950558213723], "1/8/2016": [29.45, 0.02613240418118467], "1/11/2016": [28.65, -0.02716468590831921], "1/12/2016": [28.15, -0.017452006980802792], "1/13/2016": [28.35, 0.0071047957371226595], "1/14/2016": [27.2, -0.040564373897707305], "1/15/2016": [26.65, -0.020220588235294143], "1/18/2016": [27.5, 0.03189493433395878], "1/19/2016": [27.75, 0.00909090909090909], "1/20/2016": [26.5, -0.04504504504504504], "1/21/2016": [25.75, -0.02830188679245283], "1/22/2016": [25.25, -0.019417475728155338], "1/25/2016": [26.55, 0.05148514851485151], "1/26/2016": [26.2, -0.013182674199623405], "1/27/2016": [26.55, 0.013358778625954254], "1/28/2016": [26.5, -0.0018832391713747914], "1/29/2016": [27.2, 0.026415094339622615], "1/30/2016": [28.15, 0.03492647058823527], "2/1/2016": [28.5, 0.012433392539964528], "2/2/2016": [28.2, -0.01052631578947371], "2/3/2016": [28.15, -0.0017730496453900962], "2/15/2016": [28.05, -0.0035523978685612035], "2/16/2016": [28.85, 0.02852049910873443], "2/17/2016": [28.55, -0.010398613518197597], "2/18/2016": [29.1, 0.019264448336252214], "2/19/2016": [30.0, 0.03092783505154634], "2/22/2016": [30.1, 0.003333333333333381], "2/23/2016": [29.6, -0.01661129568106312], "2/24/2016": [29.8, 0.006756756756756733], "2/25/2016": [31.0, 0.0402684563758389], "2/26/2016": [31.25, 0.008064516129032258], "3/1/2016": [31.85, 0.019200000000000047], "3/2/2016": [31.7, -0.004709576138147633], "3/3/2016": [30.85, -0.0268138801261829], "3/4/2016": [31.4, 0.017828200972447233], "3/7/2016": [31.2, -0.0063694267515923345], "3/8/2016": [31.7, 0.016025641025641028], "3/9/2016": [31.5, -0.006309148264984205], "3/10/2016": [31.0, -0.015873015873015872], "3/11/2016": [31.1, 0.003225806451612949], "3/14/2016": [31.4, 0.009646302250803767], "3/15/2016": [30.3, -0.0350318471337579], "3/16/2016": [30.7, 0.013201320132013155], "3/17/2016": [31.5, 0.02605863192182413], "3/18/2016": [31.6, 0.0031746031746032197], "3/21/2016": [34.75, 0.09968354430379742], "3/22/2016": [35.05, 0.008633093525179774], "3/23/2016": [36.15, 0.03138373751783171], "3/24/2016": [35.95, -0.0055325034578145435], "3/25/2016": [35.6, -0.009735744089012555], "3/28/2016": [39.15, 0.09971910112359542], "3/29/2016": [37.3, -0.047254150702426605], "3/30/2016": [41.0, 0.09919571045576416], "3/31/2016": [41.05, 0.0012195121951218818], "4/1/2016": [41.0, -0.0012180267965894557], "4/6/2016": [43.0, 0.04878048780487805], "4/7/2016": [42.5, -0.011627906976744186], "4/8/2016": [41.4, -0.025882352941176506], "4/11/2016": [40.6, -0.019323671497584474], "4/12/2016": [39.2, -0.03448275862068962], "4/13/2016": [40.4, 0.030612244897959072], "4/14/2016": [42.1, 0.04207920792079215], "4/15/2016": [42.6, 0.011876484560570071], "4/18/2016": [43.6, 0.023474178403755867], "4/19/2016": [47.95, 0.09977064220183489], "4/20/2016": [47.85, -0.002085505735140801], "4/21/2016": [51.5, 0.07628004179728315], "4/22/2016": [50.9, -0.011650485436893232], "4/25/2016": [51.1, 0.003929273084479427], "4/26/2016": [52.6, 0.029354207436399216], "4/27/2016": [49.2, -0.06463878326996195], "4/28/2016": [46.5, -0.05487804878048786], "4/29/2016": [46.4, -0.0021505376344086325], "5/3/2016": [43.85, -0.05495689655172408], "5/4/2016": [44.35, 0.011402508551881414], "5/5/2016": [44.7, 0.00789177001127399], "5/6/2016": [40.4, -0.09619686800894864], "5/9/2016": [41.85, 0.035891089108910965], "5/10/2016": [44.4, 0.06093189964157699], "5/11/2016": [43.0, -0.0315315315315315], "5/12/2016": [39.5, -0.08139534883720931], "5/13/2016": [41.6, 0.05316455696202535], "5/16/2016": [41.7, 0.002403846153846188], "5/17/2016": [41.25, -0.010791366906474888], "5/18/2016": [41.1, -0.003636363636363602], "5/19/2016": [41.2, 0.0024330900243309346], "5/20/2016": [40.6, -0.014563106796116538], "5/23/2016": [42.75, 0.052955665024630505], "5/24/2016": [43.5, 0.017543859649122806], "5/25/2016": [44.0, 0.011494252873563218], "5/26/2016": [45.25, 0.028409090909090908], "5/27/2016": [44.95, -0.006629834254143584], "5/30/2016": [45.15, 0.00444938820912115], "5/31/2016": [46.7, 0.03433001107419722], "6/1/2016": [47.15, 0.00963597430406843], "6/2/2016": [44.55, -0.055143160127253475], "6/3/2016": [44.9, 0.007856341189674555], "6/4/2016": [45.7, 0.017817371937639295], "6/6/2016": [46.6, 0.01969365426695839], "6/7/2016": [45.5, -0.023605150214592304], "6/8/2016": [44.55, -0.02087912087912094], "6/13/2016": [43.85, -0.01571268237934895], "6/14/2016": [44.4, 0.01254275940706949], "6/15/2016": [44.9, 0.011261261261261262], "6/16/2016": [46.2, 0.028953229398663793], "6/17/2016": [46.7, 0.010822510822510822], "6/20/2016": [46.5, -0.004282655246252738], "6/21/2016": [47.65, 0.024731182795698893], "6/22/2016": [47.4, -0.005246589716684156], "6/23/2016": [46.8, -0.012658227848101297], "6/24/2016": [44.1, -0.057692307692307605], "6/27/2016": [44.7, 0.01360544217687078], "6/28/2016": [46.0, 0.02908277404921694], "6/29/2016": [45.55, -0.009782608695652235], "6/30/2016": [46.25, 0.015367727771679536], "7/1/2016": [45.75, -0.010810810810810811], "7/4/2016": [46.1, 0.007650273224043747], "7/5/2016": [48.35, 0.04880694143167028], "7/6/2016": [47.5, -0.017580144777662905], "7/7/2016": [46.75, -0.015789473684210527], "7/11/2016": [45.55, -0.025668449197861022], "7/12/2016": [46.9, 0.029637760702524732], "7/13/2016": [46.9, 0.0], "7/14/2016": [47.95, 0.02238805970149263], "7/15/2016": [48.05, 0.002085505735140653], "7/18/2016": [45.5, -0.05306971904266384], "7/19/2016": [45.55, 0.0010989010989010365], "7/20/2016": [45.2, -0.007683863885839613], "7/21/2016": [45.5, 0.006637168141592857], "7/22/2016": [45.5, 0.0], "7/25/2016": [40.95, -0.09999999999999994], "7/26/2016": [41.8, 0.020757020757020617], "7/27/2016": [41.7, -0.0023923444976075197], "7/28/2016": [40.35, -0.032374100719424495], "7/29/2016": [40.75, 0.009913258983890918], "8/1/2016": [40.7, -0.001226993865030605], "8/2/2016": [39.6, -0.02702702702702706], "8/3/2016": [39.45, -0.003787878787878752], "8/4/2016": [38.65, -0.020278833967047], "8/5/2016": [38.4, -0.00646830530401035], "8/8/2016": [39.05, 0.016927083333333297], "8/9/2016": [38.65, -0.010243277848911617], "8/10/2016": [38.4, -0.00646830530401035], "8/11/2016": [38.9, 0.013020833333333334], "8/12/2016": [40.0, 0.028277634961439625], "8/15/2016": [39.5, -0.0125], "8/16/2016": [39.35, -0.0037974683544303436], "8/17/2016": [38.4, -0.024142312579415574], "8/18/2016": [38.0, -0.01041666666666663], "8/19/2016": [38.2, 0.005263157894736917], "8/22/2016": [37.2, -0.026178010471204185], "8/23/2016": [37.4, 0.0053763440860213904], "8/24/2016": [37.0, -0.010695187165775364], "8/25/2016": [37.2, 0.005405405405405482], "8/26/2016": [37.3, 0.0026881720430106], "8/29/2016": [37.0, -0.008042895442359173], "8/30/2016": [36.8, -0.005405405405405482], "8/31/2016": [37.25, 0.012228260869565296], "9/1/2016": [37.1, -0.004026845637583855], "9/2/2016": [36.15, -0.025606469002695493], "9/5/2016": [36.2, 0.0013831258644537833], "9/6/2016": [36.55, 0.00966850828729266], "9/7/2016": [36.3, -0.006839945280437757], "9/8/2016": [37.1, 0.022038567493113066], "9/9/2016": [36.6, -0.013477088948787061], "9/10/2016": [36.2, -0.01092896174863384], "9/12/2016": [35.85, -0.009668508287292855], "9/13/2016": [35.85, 0.0], "9/14/2016": [35.35, -0.01394700139470014], "9/19/2016": [35.15, -0.005657708628005738], "9/20/2016": [35.15, 0.0], "9/21/2016": [36.05, 0.025604551920341355], "9/22/2016": [37.3, 0.0346740638002774], "9/23/2016": [36.75, -0.014745308310991882], "9/26/2016": [35.8, -0.0258503401360545], "9/29/2016": [35.0, -0.02234636871508372], "9/30/2016": [35.3, 0.00857142857142849], "10/3/2016": [34.9, -0.01133144475920676], "10/4/2016": [34.8, -0.0028653295128940235], "10/5/2016": [35.0, 0.0057471264367816915], "10/6/2016": [35.25, 0.007142857142857143], "10/7/2016": [33.15, -0.05957446808510642], "10/11/2016": [32.1, -0.031674208144796295],