{"1/4/2016": [9.95, ""], "1/5/2016": [9.81, -0.014070351758793849], "1/6/2016": [9.87, 0.0061162079510702055], "1/7/2016": [9.47, -0.0405268490374872], "1/8/2016": [9.59, 0.012671594508975629], "1/11/2016": [9.42, -0.01772679874869655], "1/12/2016": [9.28, -0.01486199575371556], "1/13/2016": [9.28, 0.0], "1/14/2016": [9.05, -0.024784482758620545], "1/15/2016": [9.14, 0.009944751381215453], "1/18/2016": [9.55, 0.04485776805251642], "1/19/2016": [9.5, -0.005235602094240912], "1/20/2016": [9.49, -0.001052631578947346], "1/21/2016": [9.63, 0.014752370916754538], "1/22/2016": [9.85, 0.02284527518172366], "1/25/2016": [10.1, 0.025380710659898477], "1/26/2016": [9.99, -0.010891089108910835], "1/27/2016": [9.84, -0.01501501501501505], "1/28/2016": [9.99, 0.015243902439024426], "1/29/2016": [9.96, -0.003003003003002939], "1/30/2016": [9.96, 0.0], "2/1/2016": [9.95, -0.001004016064257185], "2/2/2016": [9.95, 0.0], "2/3/2016": [9.94, -0.0010050251256281193], "2/15/2016": [9.91, -0.0030181086519114044], "2/16/2016": [10.0, 0.009081735620585252], "2/17/2016": [10.1, 0.009999999999999964], "2/18/2016": [10.1, 0.0], "2/19/2016": [10.15, 0.004950495049505021], "2/22/2016": [10.15, 0.0], "2/23/2016": [10.15, 0.0], "2/24/2016": [10.05, -0.009852216748768438], "2/25/2016": [10.05, 0.0], "2/26/2016": [10.1, 0.004975124378109346], "3/1/2016": [10.3, 0.01980198019801991], "3/2/2016": [10.4, 0.009708737864077634], "3/3/2016": [10.4, 0.0], "3/4/2016": [10.65, 0.024038461538461536], "3/7/2016": [10.6, -0.004694835680751241], "3/8/2016": [10.55, -0.004716981132075371], "3/9/2016": [10.5, -0.004739336492891062], "3/10/2016": [10.45, -0.00476190476190483], "3/11/2016": [10.65, 0.019138755980861347], "3/14/2016": [10.85, 0.018779342723004626], "3/15/2016": [10.6, -0.02304147465437788], "3/16/2016": [10.75, 0.014150943396226448], "3/17/2016": [10.8, 0.00465116279069774], "3/18/2016": [10.85, 0.0046296296296295305], "3/21/2016": [11.15, 0.027649769585253524], "3/22/2016": [11.0, -0.01345291479820631], "3/23/2016": [11.0, 0.0], "3/24/2016": [10.95, -0.00454545454545461], "3/25/2016": [11.1, 0.013698630136986335], "3/28/2016": [11.5, 0.03603603603603607], "3/29/2016": [11.3, -0.017391304347826025], "3/30/2016": [11.55, 0.022123893805309734], "3/31/2016": [11.5, -0.004329004329004391], "4/1/2016": [11.7, 0.017391304347826025], "4/6/2016": [11.6, -0.008547008547008517], "4/7/2016": [11.4, -0.01724137931034477], "4/8/2016": [11.45, 0.004385964912280608], "4/11/2016": [11.45, 0.0], "4/12/2016": [11.35, -0.008733624454148442], "4/13/2016": [11.4, 0.004405286343612398], "4/14/2016": [11.35, -0.004385964912280764], "4/15/2016": [11.35, 0.0], "4/18/2016": [11.4, 0.004405286343612398], "4/19/2016": [11.35, -0.004385964912280764], "4/20/2016": [11.25, -0.00881057268722464], "4/21/2016": [11.2, -0.004444444444444508], "4/22/2016": [11.1, -0.008928571428571397], "4/25/2016": [11.1, 0.0], "4/26/2016": [11.1, 0.0], "4/27/2016": [11.05, -0.004504504504504409], "4/28/2016": [10.95, -0.009049773755656236], "4/29/2016": [10.9, -0.004566210045662003], "5/3/2016": [10.9, 0.0], "5/4/2016": [10.75, -0.013761467889908289], "5/5/2016": [10.9, 0.013953488372093056], "5/6/2016": [10.9, 0.0], "5/9/2016": [10.7, -0.018348623853211107], "5/10/2016": [10.75, 0.004672897196261749], "5/11/2016": [10.7, -0.00465116279069774], "5/12/2016": [10.45, -0.023364485981308414], "5/13/2016": [10.55, 0.009569377990430759], "5/16/2016": [10.35, -0.01895734597156408], "5/17/2016": [10.65, 0.02898550724637688], "5/18/2016": [10.75, 0.009389671361502313], "5/19/2016": [10.7, -0.00465116279069774], "5/20/2016": [10.75, 0.004672897196261749], "5/23/2016": [10.9, 0.013953488372093056], "5/24/2016": [10.95, 0.0045871559633026545], "5/25/2016": [11.0, 0.004566210045662165], "5/26/2016": [11.1, 0.00909090909090906], "5/27/2016": [11.3, 0.018018018018018115], "5/30/2016": [11.25, -0.004424778761062009], "5/31/2016": [11.3, 0.004444444444444508], "6/1/2016": [11.4, 0.008849557522123862], "6/2/2016": [11.4, 0.0], "6/3/2016": [11.3, -0.008771929824561372], "6/4/2016": [11.35, 0.004424778761061852], "6/6/2016": [11.35, 0.0], "6/7/2016": [11.4, 0.004405286343612398], "6/8/2016": [11.4, 0.0], "6/13/2016": [11.3, -0.008771929824561372], "6/14/2016": [11.4, 0.008849557522123862], "6/15/2016": [11.5, 0.008771929824561372], "6/16/2016": [11.5, 0.0], "6/17/2016": [11.65, 0.013043478260869596], "6/20/2016": [11.85, 0.017167381974248865], "6/21/2016": [11.85, 0.0], "6/22/2016": [11.95, 0.008438818565400814], "6/23/2016": [11.85, -0.008368200836820055], "6/24/2016": [11.45, -0.03375527426160341], "6/27/2016": [11.7, 0.02183406113537118], "6/28/2016": [11.7, 0.0], "6/29/2016": [11.85, 0.012820512820512851], "6/30/2016": [12.05, 0.016877637130801777], "7/1/2016": [12.25, 0.016597510373443924], "7/4/2016": [12.4, 0.012244897959183702], "7/5/2016": [12.45, 0.004032258064516043], "7/6/2016": [12.6, 0.012048192771084366], "7/7/2016": [12.8, 0.01587301587301596], "7/11/2016": [12.8, 0.0], "7/12/2016": [12.65, -0.011718750000000028], "7/13/2016": [12.7, 0.00395256916996039], "7/14/2016": [11.75, -0.07480314960629916], "7/15/2016": [11.6, -0.012765957446808541], "7/18/2016": [12.0, 0.03448275862068969], "7/19/2016": [12.15, 0.01250000000000003], "7/20/2016": [12.05, -0.00823045267489709], "7/21/2016": [12.5, 0.0373443983402489], "7/22/2016": [12.5, 0.0], "7/25/2016": [12.05, -0.03599999999999994], "7/26/2016": [12.15, 0.008298755186721962], "7/27/2016": [12.2, 0.0041152263374484715], "7/28/2016": [12.35, 0.012295081967213144], "7/29/2016": [12.55, 0.016194331983805755], "8/1/2016": [12.6, 0.003984063745019835], "8/2/2016": [12.55, -0.003968253968253884], "8/3/2016": [12.95, 0.03187250996015925], "8/4/2016": [13.0, 0.003861003861003916], "8/5/2016": [12.9, -0.007692307692307665], "8/8/2016": [13.1, 0.015503875968992192], "8/9/2016": [13.25, 0.01145038167938934], "8/10/2016": [13.2, -0.003773584905660431], "8/11/2016": [13.15, -0.0037878787878787073], "8/12/2016": [13.1, -0.0038022813688213465], "8/15/2016": [13.2, 0.007633587786259515], "8/16/2016": [13.1, -0.007575757575757549], "8/17/2016": [12.9, -0.01526717557251903], "8/18/2016": [12.9, 0.0], "8/19/2016": [13.0, 0.007751937984496096], "8/22/2016": [12.9, -0.007692307692307665], "8/23/2016": [12.85, -0.003875968992248117], "8/24/2016": [12.6, -0.019455252918287938], "8/25/2016": [13.85, 0.09920634920634921], "8/26/2016": [13.55, -0.021660649819494508], "8/29/2016": [13.6, 0.0036900369003689247], "8/30/2016": [13.75, 0.011029411764705909], "8/31/2016": [13.7, -0.003636363636363688], "9/1/2016": [13.75, 0.0036496350364964023], "9/2/2016": [13.8, 0.003636363636363688], "9/5/2016": [13.8, 0.0], "9/6/2016": [13.65, -0.01086956521739133], "9/7/2016": [13.7, 0.003663003663003585], "9/8/2016": [13.75, 0.0036496350364964023], "9/9/2016": [13.7, -0.003636363636363688], "9/10/2016": [13.5, -0.01459854014598535], "9/12/2016": [13.2, -0.022222222222222275], "9/13/2016": [13.1, -0.007575757575757549], "9/14/2016": [13.25, 0.01145038167938934], "9/19/2016": [13.65, 0.030188679245283047], "9/20/2016": [13.55, -0.0073260073260073], "9/21/2016": [13.6, 0.0036900369003689247], "9/22/2016": [13.45, -0.011029411764705909], "9/23/2016": [13.35, -0.007434944237918189], "9/26/2016": [13.25, -0.007490636704119823], "9/29/2016": [13.25, 0.0], "9/30/2016": [12.95, -0.022641509433962318], "10/3/2016": [12.85, -0.007722007722007695], "10/4/2016": [13.05, 0.015564202334630434], "10/5/2016": [13.1, 0.003831417624520991], "10/6/2016": [13.2, 0.007633587786259515], "10/7/2016": [13.1, -0.007575757575757549], "10/11/2016": [12.9, -0.01526717557251903], "10/12/2016": [12.85, -0.003875968992248117], "10/13/2016": [12.85, 0.0], "10/14/2016": [12.7, -0.01167315175097279], "10/17/2016": [12.7, 0.0], "10/18/2016": [12.8, 0.007874015748031609], "10/19/2016": [12.75, -0.0039062500000000555], "10/20/2016": [12.9, 0.011764705882352969], "10/21/2016": [13.4, 0.03875968992248062], "10/24/2016": [13.65, 0.018656716417910446],