{"5/19/2016": [88.0, ""], "5/20/2016": [84.0, -0.045454545454545456], "5/23/2016": [87.44, 0.04095238095238093], "5/24/2016": [86.61, -0.009492223238792296], "5/25/2016": [86.0, -0.007043066620482616], "5/26/2016": [91.9, 0.06860465116279077], "5/27/2016": [91.99, 0.000979325353645149], "5/30/2016": [89.0, -0.03250353299271654], "5/31/2016": [88.2, -0.008988764044943788], "6/1/2016": [89.0, 0.009070294784580466], "6/2/2016": [89.0, 0.0], "6/3/2016": [87.99, -0.01134831460674163], "6/4/2016": [89.46, 0.016706443914081135], "6/6/2016": [89.46, 0.0], "6/7/2016": [86.2, -0.03644086742678282], "6/8/2016": [87.0, 0.009280742459396718], "6/13/2016": [87.5, 0.005747126436781609], "6/14/2016": [86.5, -0.011428571428571429], "6/15/2016": [87.5, 0.011560693641618497], "6/16/2016": [87.3, -0.0022857142857143184], "6/17/2016": [87.0, -0.0034364261168384554], "6/20/2016": [87.0, 0.0], "6/21/2016": [87.3, 0.003448275862068933], "6/22/2016": [87.3, 0.0], "6/23/2016": [85.51, -0.020504009163802888], "6/24/2016": [85.5, -0.00011694538650456221], "6/27/2016": [84.11, -0.016257309941520474], "6/28/2016": [81.0, -0.0369753893710617], "6/29/2016": [82.0, 0.012345679012345678], "6/30/2016": [84.5, 0.03048780487804878], "7/1/2016": [83.0, -0.01775147928994083], "7/4/2016": [82.5, -0.006024096385542169], "7/5/2016": [82.5, 0.0], "7/6/2016": [82.5, 0.0], "7/7/2016": [81.0, -0.01818181818181818], "7/11/2016": [81.0, 0.0], "7/12/2016": [81.0, 0.0], "7/13/2016": [81.25, 0.0030864197530864196], "7/14/2016": [82.0, 0.009230769230769232], "7/15/2016": [82.0, 0.0], "7/18/2016": [80.0, -0.024390243902439025], "7/19/2016": [80.0, 0.0], "7/20/2016": [76.0, -0.05], "7/21/2016": [71.9, -0.053947368421052556], "7/22/2016": [67.0, -0.0681502086230877], "7/25/2016": [60.5, -0.09701492537313433], "7/26/2016": [61.02, 0.008595041322314102], "7/27/2016": [62.99, 0.03228449688626678], "7/28/2016": [61.0, -0.03159231624067315], "7/29/2016": [64.5, 0.05737704918032787], "8/1/2016": [64.49, -0.0001550387596900018], "8/2/2016": [64.21, -0.004341758412156942], "8/3/2016": [64.21, 0.0], "8/4/2016": [64.21, 0.0], "8/5/2016": [63.25, -0.01495094222083778], "8/8/2016": [62.8, -0.0071146245059288985], "8/9/2016": [62.8, 0.0], "8/10/2016": [62.8, 0.0], "8/11/2016": [60.2, -0.04140127388535023], "8/12/2016": [63.0, 0.046511627906976695], "8/15/2016": [62.3, -0.011111111111111157], "8/16/2016": [62.3, 0.0], "8/17/2016": [62.3, 0.0], "8/18/2016": [62.3, 0.0], "8/19/2016": [62.3, 0.0], "8/22/2016": [59.95, -0.037720706260032016], "8/23/2016": [59.95, 0.0], "8/24/2016": [59.95, 0.0], "8/25/2016": [59.95, 0.0], "8/26/2016": [59.95, 0.0], "8/29/2016": [62.0, 0.03419516263552956], "8/30/2016": [62.49, 0.007903225806451645], "8/31/2016": [62.11, -0.006080972955672948], "9/1/2016": [64.0, 0.03042988246659154], "9/2/2016": [63.5, -0.0078125], "9/5/2016": [63.5, 0.0], "9/6/2016": [62.01, -0.02346456692913389], "9/7/2016": [62.01, 0.0], "9/8/2016": [64.0, 0.032091598129334015], "9/9/2016": [64.5, 0.0078125], "9/10/2016": [64.5, 0.0], "9/12/2016": [64.5, 0.0], "9/13/2016": [62.9, -0.024806201550387617], "9/14/2016": [62.9, 0.0], "9/19/2016": [64.0, 0.017488076311605746], "9/20/2016": [64.21, 0.0032812499999999023], "9/21/2016": [62.49, -0.0267871048123344], "9/22/2016": [62.0, -0.007841254600736149], "9/23/2016": [62.0, 0.0], "9/26/2016": [62.0, 0.0], "9/29/2016": [62.0, 0.0], "9/30/2016": [64.7, 0.04354838709677424], "10/3/2016": [63.19, -0.023338485316847065], "10/4/2016": [63.5, 0.004905839531571488], "10/5/2016": [62.01, -0.02346456692913389], "10/6/2016": [61.2, -0.013062409288824305], "10/7/2016": [59.9, -0.021241830065359547], "10/11/2016": [60.89, 0.016527545909849783], "10/12/2016": [60.89, 0.0], "10/13/2016": [61.0, 0.0018065363770734017], "10/14/2016": [59.0, -0.03278688524590164], "10/17/2016": [60.0, 0.01694915254237288], "10/18/2016": [60.0, 0.0], "10/19/2016": [60.0, 0.0], "10/20/2016": [60.38, 0.006333333333333376], "10/21/2016": [60.3, -0.0013249420337861112], "10/24/2016": [60.3, 0.0], "10/25/2016": [60.3, 0.0], "10/26/2016": [61.26, 0.015920398009950265], "10/27/2016": [61.26, 0.0], "10/28/2016": [61.26, 0.0], "10/31/2016": [61.29, 0.0004897159647404691], "11/1/2016": [61.29, 0.0], "11/2/2016": [61.29, 0.0], "11/3/2016": [60.0, -0.02104747919725892], "11/4/2016": [58.25, -0.029166666666666667], "11/7/2016": [58.6, 0.006008583690987149], "11/8/2016": [58.6, 0.0], "11/9/2016": [58.6, 0.0], "11/10/2016": [58.6, 0.0], "11/11/2016": [58.6, 0.0], "11/14/2016": [58.6, 0.0], "11/15/2016": [58.6, 0.0], "11/16/2016": [58.6, 0.0], "11/17/2016": [58.6, 0.0], "11/18/2016": [58.6, 0.0], "11/21/2016": [58.6, 0.0], "11/22/2016": [58.6, 0.0], "11/23/2016": [58.6, 0.0], "11/24/2016": [56.06, -0.043344709897610904], "11/25/2016": [55.99, -0.0012486621476988991], "11/28/2016": [55.99, 0.0], "11/29/2016": [56.15, 0.0028576531523485725], "11/30/2016": [56.15, 0.0]}