{"1/4/2016": [25.4, ""], "1/5/2016": [25.35, -0.001968503937007762], "1/6/2016": [25.2, -0.0059171597633136935], "1/7/2016": [24.8, -0.015873015873015817], "1/8/2016": [25.15, 0.014112903225806364], "1/11/2016": [25.0, -0.005964214711729566], "1/12/2016": [25.0, 0.0], "1/13/2016": [24.95, -0.0020000000000000282], "1/14/2016": [24.75, -0.008016032064128228], "1/15/2016": [24.75, 0.0], "1/18/2016": [24.8, 0.002020202020202049], "1/19/2016": [24.95, 0.006048387096774136], "1/20/2016": [24.75, -0.008016032064128228], "1/21/2016": [24.65, -0.004040404040404098], "1/22/2016": [24.6, -0.0020283975659228055], "1/25/2016": [25.05, 0.01829268292682924], "1/26/2016": [25.05, 0.0], "1/27/2016": [25.05, 0.0], "1/28/2016": [25.1, 0.0019960079840319646], "1/29/2016": [25.35, 0.0099601593625498], "1/30/2016": [25.95, 0.023668639053254354], "2/1/2016": [26.1, 0.005780346820809331], "2/2/2016": [26.05, -0.0019157088122605636], "2/3/2016": [26.0, -0.0019193857965451328], "2/15/2016": [25.9, -0.003846153846153901], "2/16/2016": [26.0, 0.003861003861003916], "2/17/2016": [26.3, 0.011538461538461565], "2/18/2016": [26.35, 0.0019011406844106733], "2/19/2016": [26.45, 0.003795066413662158], "2/22/2016": [26.9, 0.01701323251417767], "2/23/2016": [27.4, 0.01858736059479554], "2/24/2016": [27.4, 0.0], "2/25/2016": [27.75, 0.012773722627737278], "2/26/2016": [28.2, 0.01621621621621619], "3/1/2016": [28.95, 0.026595744680851064], "3/2/2016": [28.4, -0.01899827288428327], "3/3/2016": [28.25, -0.005281690140845021], "3/4/2016": [28.9, 0.023008849557522075], "3/7/2016": [28.75, -0.005190311418685072], "3/8/2016": [28.4, -0.012173913043478311], "3/9/2016": [28.25, -0.005281690140845021], "3/10/2016": [28.7, 0.015929203539822984], "3/11/2016": [28.9, 0.006968641114982554], "3/14/2016": [29.55, 0.022491349480968932], "3/15/2016": [29.6, 0.0016920473773265892], "3/16/2016": [29.9, 0.010135135135135039], "3/17/2016": [29.55, -0.011705685618729027], "3/18/2016": [29.8, 0.008460236886632826], "3/21/2016": [30.3, 0.016778523489932886], "3/22/2016": [30.4, 0.00330033003300323], "3/23/2016": [30.15, -0.008223684210526315], "3/24/2016": [30.0, -0.004975124378109406], "3/25/2016": [29.95, -0.0016666666666666904], "3/28/2016": [29.9, -0.0016694490818030287], "3/29/2016": [29.5, -0.013377926421404635], "3/30/2016": [29.9, 0.013559322033898256], "3/31/2016": [29.7, -0.006688963210702318], "4/1/2016": [29.75, 0.0016835016835017075], "4/6/2016": [30.2, 0.015126050420168043], "4/7/2016": [30.1, -0.0033112582781456247], "4/8/2016": [30.65, 0.01827242524916934], "4/11/2016": [30.85, 0.006525285481239897], "4/12/2016": [30.55, -0.009724473257698565], "4/13/2016": [30.5, -0.0016366612111293195], "4/14/2016": [30.65, 0.0049180327868851995], "4/15/2016": [30.75, 0.0032626427406199487], "4/18/2016": [30.7, -0.0016260162601626248], "4/19/2016": [30.65, -0.0016286644951140298], "4/20/2016": [30.5, -0.004893964110929807], "4/21/2016": [30.5, 0.0], "4/22/2016": [30.3, -0.0065573770491803044], "4/25/2016": [30.05, -0.00825082508250825], "4/26/2016": [30.25, 0.006655574043261207], "4/27/2016": [30.25, 0.0], "4/28/2016": [30.3, 0.0016528925619834947], "4/29/2016": [30.15, -0.004950495049505021], "5/3/2016": [29.7, -0.014925373134328335], "5/4/2016": [29.45, -0.008417508417508417], "5/5/2016": [30.0, 0.018675721561969463], "5/6/2016": [29.65, -0.011666666666666714], "5/9/2016": [29.5, -0.0050590219224282825], "5/10/2016": [29.75, 0.00847457627118644], "5/11/2016": [29.3, -0.015126050420168043], "5/12/2016": [27.05, -0.07679180887372014], "5/13/2016": [27.1, 0.0018484288354898599], "5/16/2016": [27.0, -0.003690036900369056], "5/17/2016": [27.5, 0.018518518518518517], "5/18/2016": [27.3, -0.007272727272727247], "5/19/2016": [27.3, 0.0], "5/20/2016": [27.4, 0.003663003663003585], "5/23/2016": [27.85, 0.01642335766423368], "5/24/2016": [28.0, 0.005385996409335676], "5/25/2016": [28.05, 0.001785714285714311], "5/26/2016": [28.25, 0.007130124777183575], "5/27/2016": [28.4, 0.005309734513274286], "5/30/2016": [28.7, 0.010563380281690167], "5/31/2016": [28.8, 0.0034843205574913386], "6/1/2016": [28.95, 0.005208333333333284], "6/2/2016": [28.6, -0.012089810017271083], "6/3/2016": [28.6, 0.0], "6/4/2016": [28.8, 0.006993006993006968], "6/6/2016": [28.8, 0.0], "6/7/2016": [28.75, -0.0017361111111111357], "6/8/2016": [28.9, 0.005217391304347777], "6/13/2016": [28.6, -0.010380622837370145], "6/14/2016": [28.75, 0.005244755244755195], "6/15/2016": [28.65, -0.003478260869565267], "6/16/2016": [28.7, 0.0017452006980803042], "6/17/2016": [28.65, -0.0017421602787456693], "6/20/2016": [28.8, 0.005235602094240913], "6/21/2016": [28.95, 0.005208333333333284], "6/22/2016": [28.95, 0.0], "6/23/2016": [28.9, -0.001727115716753047], "6/24/2016": [28.8, -0.003460207612456674], "6/27/2016": [29.25, 0.015624999999999976], "6/28/2016": [29.25, 0.0], "6/29/2016": [29.55, 0.01025641025641028], "6/30/2016": [30.0, 0.015228426395939063], "7/1/2016": [30.35, 0.011666666666666714], "7/4/2016": [30.45, 0.0032948929159801604], "7/5/2016": [30.45, 0.0], "7/6/2016": [30.25, -0.006568144499178959], "7/7/2016": [30.45, 0.006611570247933861], "7/11/2016": [30.55, 0.0032840722495895377], "7/12/2016": [31.0, 0.014729950900163642], "7/13/2016": [26.15, -0.15645161290322585], "7/14/2016": [27.3, 0.043977055449330865], "7/15/2016": [26.9, -0.01465201465201473], "7/18/2016": [26.95, 0.0018587360594795805], "7/19/2016": [26.75, -0.0074211502782931095], "7/20/2016": [26.75, 0.0], "7/21/2016": [26.8, 0.0018691588785046994], "7/22/2016": [26.7, -0.0037313432835821424], "7/25/2016": [26.65, -0.0018726591760299892], "7/26/2016": [26.55, -0.00375234521575977], "7/27/2016": [26.5, -0.0018832391713747914], "7/28/2016": [26.45, -0.0018867924528302156], "7/29/2016": [26.4, -0.001890359168241993], "8/1/2016": [26.45, 0.0018939393939394209], "8/2/2016": [26.55, 0.003780718336483986], "8/3/2016": [26.4, -0.0056497175141243736], "8/4/2016": [26.5, 0.0037878787878788418], "8/5/2016": [26.45, -0.0018867924528302156], "8/8/2016": [26.45, 0.0], "8/9/2016": [26.35, -0.0037807183364838514], "8/10/2016": [27.0, 0.0246679316888045], "8/11/2016": [26.0, -0.037037037037037035], "8/12/2016": [26.1, 0.003846153846153901], "8/15/2016": [26.0, -0.0038314176245211272], "8/16/2016": [25.75, -0.009615384615384616], "8/17/2016": [25.55, -0.007766990291262109], "8/18/2016": [25.9, 0.013698630136986217], "8/19/2016": [25.65, -0.009652509652509652], "8/22/2016": [25.3, -0.013645224171539879], "8/23/2016": [25.6, 0.01185770750988145], "8/24/2016": [25.5, -0.0039062500000000555], "8/25/2016": [25.6, 0.003921568627451036], "8/26/2016": [25.7, 0.0039062499999999167], "8/29/2016": [25.6, -0.0038910505836575048], "8/30/2016": [25.45, -0.005859375000000083], "8/31/2016": [25.4, -0.0019646365422397137], "9/1/2016": [25.2, -0.007874015748031468], "9/2/2016": [24.9, -0.011904761904761934], "9/5/2016": [25.9, 0.040160642570281124], "9/6/2016": [25.85, -0.0019305019305018208], "9/7/2016": [25.8, -0.0019342359767891956], "9/8/2016": [26.8, 0.03875968992248062], "9/9/2016": [26.5, -0.011194029850746294], "9/10/2016": [26.4, -0.003773584905660431], "9/12/2016": [26.1, -0.011363636363636256], "9/13/2016": [25.85, -0.009578544061302681], "9/14/2016": [25.75, -0.0038684719535783912], "9/19/2016": [26.0, 0.009708737864077669], "9/20/2016": [25.95, -0.0019230769230769505], "9/21/2016": [26.05, 0.0038535645472062207], "9/22/2016": [26.0, -0.0019193857965451328], "9/23/2016": [25.95, -0.0019230769230769505], "9/26/2016": [25.9, -0.0019267822736031104], "9/29/2016": [25.9, 0.0], "9/30/2016": [25.8, -0.003861003861003779], "10/3/2016": [25.8, 0.0], "10/4/2016": [26.1, 0.011627906976744214], "10/5/2016": [26.05, -0.0019157088122605636], "10/6/2016": [25.95, -0.0038387715930902656], "10/7/2016": [26.0, 0.0019267822736031104], "10/11/2016": [25.8, -0.007692307692307665], "10/12/2016": [25.6, -0.007751937984496096], "10/13/2016": [25.55, -0.0019531250000000278], "10/14/2016": [25.45, -0.003913894324853284],