{"1/4/2016": [7.99, ""], "1/5/2016": [7.97, -0.0025031289111389814], "1/6/2016": [8.05, 0.010037641154328853], "1/7/2016": [7.82, -0.028571428571428623], "1/8/2016": [8.0, 0.023017902813299195], "1/11/2016": [7.9, -0.012499999999999956], "1/12/2016": [7.83, -0.008860759493670921], "1/13/2016": [7.84, 0.0012771392081736637], "1/14/2016": [7.74, -0.012755102040816282], "1/15/2016": [7.69, -0.006459948320413414], "1/18/2016": [7.88, 0.024707412223667034], "1/19/2016": [7.98, 0.012690355329949306], "1/20/2016": [7.75, -0.028822055137844662], "1/21/2016": [7.65, -0.012903225806451568], "1/22/2016": [7.69, 0.0052287581699346445], "1/25/2016": [7.86, 0.022106631989596868], "1/26/2016": [7.77, -0.011450381679389407], "1/27/2016": [7.87, 0.012870012870012939], "1/28/2016": [7.8, -0.008894536213468906], "1/29/2016": [7.82, 0.0025641025641026235], "1/30/2016": [7.84, 0.0025575447570331936], "2/1/2016": [7.74, -0.012755102040816282], "2/2/2016": [7.61, -0.016795865633074922], "2/3/2016": [7.72, 0.014454664914585996], "2/15/2016": [7.53, -0.024611398963730505], "2/16/2016": [7.48, -0.006640106241699843], "2/17/2016": [7.48, 0.0], "2/18/2016": [7.5, 0.0026737967914437933], "2/19/2016": [7.41, -0.011999999999999981], "2/22/2016": [7.38, -0.004048582995951451], "2/23/2016": [7.39, 0.0013550135501354725], "2/24/2016": [7.38, -0.0013531799729363718], "2/25/2016": [7.35, -0.0040650406504065375], "2/26/2016": [7.35, 0.0], "3/1/2016": [7.43, 0.010884353741496608], "3/2/2016": [7.45, 0.002691790040376913], "3/3/2016": [7.44, -0.0013422818791946022], "3/4/2016": [7.34, -0.013440860215053835], "3/7/2016": [7.48, 0.019073569482288905], "3/8/2016": [7.45, -0.004010695187165809], "3/9/2016": [7.38, -0.009395973154362454], "3/10/2016": [7.38, 0.0], "3/11/2016": [7.5, 0.016260162601626032], "3/14/2016": [7.53, 0.004000000000000033], "3/15/2016": [7.42, -0.01460823373173975], "3/16/2016": [7.47, 0.006738544474393507], "3/17/2016": [7.4, -0.009370816599732181], "3/18/2016": [7.44, 0.00540540540540541], "3/21/2016": [7.26, -0.024193548387096853], "3/22/2016": [7.37, 0.015151515151515195], "3/23/2016": [7.19, -0.02442333785617364], "3/24/2016": [7.16, -0.004172461752433971], "3/25/2016": [7.03, -0.01815642458100557], "3/28/2016": [6.9, -0.018492176386913212], "3/29/2016": [6.8, -0.014492753623188482], "3/30/2016": [7.08, 0.041176470588235335], "3/31/2016": [7.08, 0.0], "4/1/2016": [7.0, -0.011299435028248598], "4/6/2016": [6.85, -0.02142857142857148], "4/7/2016": [6.87, 0.0029197080291971478], "4/8/2016": [7.21, 0.049490538573507985], "4/11/2016": [7.1, -0.015256588072122098], "4/12/2016": [6.85, -0.035211267605633804], "4/13/2016": [7.35, 0.07299270072992702], "4/14/2016": [7.13, -0.029931972789115614], "4/15/2016": [7.05, -0.011220196353436195], "4/18/2016": [7.07, 0.002836879432624179], "4/19/2016": [7.0, -0.009900990099009941], "4/20/2016": [6.95, -0.0071428571428571175], "4/21/2016": [6.99, 0.005755395683453243], "4/22/2016": [7.0, 0.0014306151645207133], "4/25/2016": [7.0, 0.0], "4/26/2016": [6.92, -0.011428571428571439], "4/27/2016": [6.95, 0.004335260115606972], "4/28/2016": [6.9, -0.007194244604316521], "4/29/2016": [6.89, -0.0014492753623189384], "5/3/2016": [6.85, -0.005805515239477509], "5/4/2016": [6.84, -0.001459854014598509], "5/5/2016": [6.84, 0.0], "5/6/2016": [6.82, -0.0029239766081870723], "5/9/2016": [6.82, 0.0], "5/10/2016": [6.78, -0.005865102639296193], "5/11/2016": [6.82, 0.005899705014749268], "5/12/2016": [6.71, -0.01612903225806456], "5/13/2016": [6.87, 0.02384500745156485], "5/16/2016": [7.0, 0.01892285298398834], "5/17/2016": [6.92, -0.011428571428571439], "5/18/2016": [7.0, 0.011560693641618507], "5/19/2016": [6.96, -0.0057142857142857195], "5/20/2016": [6.96, 0.0], "5/23/2016": [7.05, 0.0129310344827586], "5/24/2016": [7.0, -0.007092198581560258], "5/25/2016": [7.04, 0.0057142857142857195], "5/26/2016": [7.08, 0.005681818181818187], "5/27/2016": [7.07, -0.0014124293785310433], "5/30/2016": [7.02, -0.007072135785007172], "5/31/2016": [6.99, -0.004273504273504183], "6/1/2016": [7.03, 0.005722460658082981], "6/2/2016": [7.01, -0.0028449502133713316], "6/3/2016": [7.09, 0.011412268188302436], "6/4/2016": [7.2, 0.015514809590973247], "6/6/2016": [7.23, 0.004166666666666701], "6/7/2016": [7.16, -0.009681881051175695], "6/8/2016": [7.2, 0.005586592178770954], "6/13/2016": [7.2, 0.0], "6/14/2016": [7.24, 0.00555555555555556], "6/15/2016": [7.19, -0.006906077348066274], "6/16/2016": [7.17, -0.0027816411682893547], "6/17/2016": [7.8, 0.08786610878661086], "6/20/2016": [7.56, -0.0307692307692308], "6/21/2016": [7.48, -0.010582010582010474], "6/22/2016": [7.48, 0.0], "6/23/2016": [7.4, -0.010695187165775409], "6/24/2016": [7.25, -0.020270270270270316], "6/27/2016": [7.35, 0.013793103448275813], "6/28/2016": [7.35, 0.0], "6/29/2016": [7.43, 0.010884353741496608], "6/30/2016": [7.37, -0.0080753701211305], "7/1/2016": [7.47, 0.01356852103120755], "7/4/2016": [7.49, 0.002677376171352137], "7/5/2016": [7.42, -0.009345794392523402], "7/6/2016": [7.41, -0.0013477088948786774], "7/7/2016": [7.42, 0.00134952766531711], "7/11/2016": [7.22, -0.02695417789757415], "7/12/2016": [7.13, -0.012465373961218818], "7/13/2016": [7.2, 0.009817671809256702], "7/14/2016": [7.22, 0.0027777777777777185], "7/15/2016": [7.25, 0.004155124653739647], "7/18/2016": [7.21, -0.00551724137931035], "7/19/2016": [7.19, -0.0027739251040221325], "7/20/2016": [7.24, 0.006954102920723202], "7/21/2016": [7.29, 0.006906077348066274], "7/22/2016": [7.24, -0.0068587105624142415], "7/25/2016": [7.2, -0.005524861878453044], "7/26/2016": [7.2, 0.0], "7/27/2016": [7.2, 0.0], "7/28/2016": [7.2, 0.0], "7/29/2016": [7.17, -0.004166666666666701], "8/1/2016": [7.17, 0.0], "8/2/2016": [7.38, 0.02928870292887029], "8/3/2016": [7.24, -0.018970189701896976], "8/4/2016": [7.32, 0.011049723756906087], "8/5/2016": [7.41, 0.012295081967213095], "8/8/2016": [7.4, -0.00134952766531711], "8/9/2016": [7.34, -0.008108108108108174], "8/10/2016": [7.3, -0.005449591280653956], "8/11/2016": [7.25, -0.006849315068493127], "8/12/2016": [7.27, 0.0027586206896551137], "8/15/2016": [7.2, -0.009628610729023301], "8/16/2016": [7.2, 0.0], "8/17/2016": [7.19, -0.0013888888888888592], "8/18/2016": [7.18, -0.0013908205841447392], "8/19/2016": [7.2, 0.0027855153203343265], "8/22/2016": [7.2, 0.0], "8/23/2016": [7.21, 0.0013888888888888592], "8/24/2016": [7.17, -0.005547850208044388], "8/25/2016": [7.2, 0.004184100418410076], "8/26/2016": [7.2, 0.0], "8/29/2016": [7.13, -0.009722222222222262], "8/30/2016": [7.12, -0.0014025245441794932], "8/31/2016": [7.08, -0.005617977528089893], "9/1/2016": [7.2, 0.016949152542372895], "9/2/2016": [7.14, -0.008333333333333403], "9/5/2016": [7.19, 0.007002801120448279], "9/6/2016": [7.2, 0.0013908205841446156], "9/7/2016": [7.21, 0.0013888888888888592], "9/8/2016": [7.21, 0.0], "9/9/2016": [7.29, 0.011095700416088776], "9/10/2016": [7.26, -0.004115226337448594], "9/12/2016": [7.2, -0.008264462809917302], "9/13/2016": [7.2, 0.0], "9/14/2016": [7.24, 0.00555555555555556], "9/19/2016": [7.3, 0.008287292817679504], "9/20/2016": [7.4, 0.013698630136986375], "9/21/2016": [7.45, 0.006756756756756733], "9/22/2016": [7.4, -0.00671140939597313], "9/23/2016": [8.14, 0.10000000000000002], "9/26/2016": [8.06, -0.009828009828009836], "9/29/2016": [7.7, -0.04466501240694793], "9/30/2016": [7.81, 0.014285714285714212], "10/3/2016": [7.74, -0.008962868117797618], "10/4/2016": [7.74, 0.0], "10/5/2016": [7.7, -0.005167958656330754], "10/6/2016": [7.7, 0.0], "10/7/2016": [7.67, -0.003896103896103928], "10/11/2016": [7.4, -0.03520208604954362], "10/12/2016": [7.45, 0.006756756756756733], "10/13/2016": [7.45, 0.0], "10/14/2016": [7.45, 0.0], "10/17/2016": [7.55, 0.01342281879194626], "10/18/2016": [7.52, -0.003973509933774867], "10/19/2016": [7.52, 0.0], "10/20/2016": [7.53, 0.001329787234042643], "10/21/2016": [7.52, -0.0013280212483400631], "10/24/2016": [7.52, 0.0], "10/25/2016": [7.5, -0.00265957446808505],