{"1/4/2016": [6.96, ""], "1/5/2016": [6.92, -0.005747126436781614], "1/6/2016": [6.9, -0.0028901734104045626], "1/7/2016": [6.78, -0.0173913043478261], "1/8/2016": [6.78, 0.0], "1/11/2016": [6.78, 0.0], "1/12/2016": [6.73, -0.007374631268436552], "1/13/2016": [6.67, -0.008915304606240787], "1/14/2016": [6.68, 0.0014992503748125618], "1/15/2016": [6.56, -0.017964071856287442], "1/18/2016": [6.77, 0.03201219512195121], "1/19/2016": [6.79, 0.0029542097488922396], "1/20/2016": [6.75, -0.005891016200294556], "1/21/2016": [6.75, 0.0], "1/22/2016": [6.75, 0.0], "1/25/2016": [6.71, -0.005925925925925931], "1/26/2016": [6.65, -0.008941877794336752], "1/27/2016": [6.69, 0.006015037593984967], "1/28/2016": [6.69, 0.0], "1/29/2016": [6.68, -0.0014947683109119096], "1/30/2016": [6.68, 0.0], "2/1/2016": [6.7, 0.0029940119760479733], "2/2/2016": [6.75, 0.007462686567164152], "2/3/2016": [6.67, -0.011851851851851862], "2/15/2016": [6.66, -0.0014992503748125618], "2/16/2016": [6.72, 0.00900900900900895], "2/17/2016": [6.72, 0.0], "2/18/2016": [6.73, 0.0014880952380953386], "2/19/2016": [6.77, 0.0059435364041603485], "2/22/2016": [6.77, 0.0], "2/23/2016": [6.8, 0.004431314623338294], "2/24/2016": [6.82, 0.0029411764705883033], "2/25/2016": [6.82, 0.0], "2/26/2016": [6.82, 0.0], "3/1/2016": [6.89, 0.01026392961876824], "3/2/2016": [6.9, 0.001451378809869474], "3/3/2016": [6.93, 0.004347826086956429], "3/4/2016": [7.0, 0.010101010101010142], "3/7/2016": [7.04, 0.0057142857142857195], "3/8/2016": [7.28, 0.03409090909090912], "3/9/2016": [7.18, -0.013736263736263809], "3/10/2016": [7.18, 0.0], "3/11/2016": [7.18, 0.0], "3/14/2016": [7.18, 0.0], "3/15/2016": [7.09, -0.012534818941504159], "3/16/2016": [7.16, 0.009873060648801169], "3/17/2016": [7.16, 0.0], "3/18/2016": [7.19, 0.004189944134078247], "3/21/2016": [7.15, -0.005563282336578586], "3/22/2016": [7.17, 0.0027972027972027374], "3/23/2016": [7.14, -0.004184100418410076], "3/24/2016": [7.17, 0.004201680672268943], "3/25/2016": [7.15, -0.0027894002789399684], "3/28/2016": [7.1, -0.006993006993007092], "3/29/2016": [7.03, -0.00985915492957738], "3/30/2016": [7.02, -0.001422475106685729], "3/31/2016": [7.05, 0.0042735042735043095], "4/1/2016": [7.05, 0.0], "4/6/2016": [7.06, 0.0014184397163120265], "4/7/2016": [7.0, -0.008498583569405044], "4/8/2016": [7.06, 0.008571428571428516], "4/11/2016": [7.06, 0.0], "4/12/2016": [7.0, -0.008498583569405044], "4/13/2016": [6.96, -0.0057142857142857195], "4/14/2016": [6.96, 0.0], "4/15/2016": [7.0, 0.005747126436781614], "4/18/2016": [6.95, -0.0071428571428571175], "4/19/2016": [6.99, 0.005755395683453243], "4/20/2016": [7.0, 0.0014306151645207133], "4/21/2016": [7.0, 0.0], "4/22/2016": [6.98, -0.0028571428571427964], "4/25/2016": [6.93, -0.007163323782235058], "4/26/2016": [6.97, 0.005772005772005777], "4/27/2016": [6.95, -0.0028694404591104125], "4/28/2016": [6.95, 0.0], "4/29/2016": [6.93, -0.002877697841726685], "5/3/2016": [6.8, -0.018759018759018746], "5/4/2016": [6.75, -0.007352941176470562], "5/5/2016": [6.83, 0.011851851851851862], "5/6/2016": [6.75, -0.01171303074670572], "5/9/2016": [6.69, -0.008888888888888832], "5/10/2016": [6.65, -0.005979073243647239], "5/11/2016": [6.69, 0.006015037593984967], "5/12/2016": [6.66, -0.004484304932735463], "5/13/2016": [6.68, 0.003003003003002939], "5/16/2016": [6.54, -0.020958083832335283], "5/17/2016": [6.45, -0.013761467889908235], "5/18/2016": [6.37, -0.012403100775193809], "5/19/2016": [6.33, -0.006279434850863428], "5/20/2016": [6.35, 0.003159557661927263], "5/23/2016": [6.51, 0.02519685039370081], "5/24/2016": [6.45, -0.009216589861751093], "5/25/2016": [6.5, 0.007751937984496096], "5/26/2016": [6.53, 0.004615384615384654], "5/27/2016": [6.52, -0.001531393568147117], "5/30/2016": [6.51, -0.001533742331288311], "5/31/2016": [6.46, -0.0076804915514592665], "6/1/2016": [6.49, 0.0046439628482972525], "6/2/2016": [6.48, -0.0015408320493065927], "6/3/2016": [6.47, -0.0015432098765433139], "6/4/2016": [6.45, -0.003091190108191588], "6/6/2016": [6.45, 0.0], "6/7/2016": [6.42, -0.0046511627906977125], "6/8/2016": [6.44, 0.00311526479750786], "6/13/2016": [6.36, -0.012422360248447215], "6/14/2016": [6.42, 0.009433962264150882], "6/15/2016": [6.41, -0.0015576323987538609], "6/16/2016": [6.43, 0.003120124804992133], "6/17/2016": [6.41, -0.0031104199066873364], "6/20/2016": [6.45, 0.006240249609984405], "6/21/2016": [6.44, -0.0015503875968991916], "6/22/2016": [6.45, 0.0015527950310558673], "6/23/2016": [6.45, 0.0], "6/24/2016": [6.3, -0.023255813953488427], "6/27/2016": [6.37, 0.011111111111111157], "6/28/2016": [6.42, 0.00784929356357925], "6/29/2016": [6.47, 0.007788161993769443], "6/30/2016": [6.48, 0.0015455950540959314], "7/1/2016": [6.48, 0.0], "7/4/2016": [6.5, 0.0030864197530863537], "7/5/2016": [6.52, 0.0030769230769230114], "7/6/2016": [6.52, 0.0], "7/7/2016": [6.5, -0.003067484662576622], "7/11/2016": [6.53, 0.004615384615384654], "7/12/2016": [6.51, -0.0030627871362940984], "7/13/2016": [6.56, 0.0076804915514592665], "7/14/2016": [6.56, 0.0], "7/15/2016": [6.53, -0.00457317073170722], "7/18/2016": [6.62, 0.013782542113323101], "7/19/2016": [6.6, -0.0030211480362538463], "7/20/2016": [6.6, 0.0], "7/21/2016": [6.66, 0.009090909090909167], "7/22/2016": [6.65, -0.0015015015015014694], "7/25/2016": [6.63, -0.0030075187969925503], "7/26/2016": [6.62, -0.0015082956259426527], "7/27/2016": [6.64, 0.003021148036253712], "7/28/2016": [6.65, 0.001506024096385644], "7/29/2016": [6.65, 0.0], "8/1/2016": [6.65, 0.0], "8/2/2016": [6.66, 0.0015037593984962084], "8/3/2016": [6.67, 0.0015015015015014694], "8/4/2016": [6.66, -0.0014992503748125618], "8/5/2016": [6.67, 0.0015015015015014694], "8/8/2016": [6.8, 0.019490254872563704], "8/9/2016": [6.8, 0.0], "8/10/2016": [6.77, -0.004411764705882389], "8/11/2016": [6.68, -0.01329394387001475], "8/12/2016": [6.71, 0.004491017964071893], "8/15/2016": [6.9, 0.028315946348733294], "8/16/2016": [6.94, 0.005797101449275368], "8/17/2016": [6.93, -0.0014409221902018264], "8/18/2016": [7.08, 0.021645021645021696], "8/19/2016": [7.0, -0.011299435028248598], "8/22/2016": [6.97, -0.0042857142857143215], "8/23/2016": [7.0, 0.004304160688665746], "8/24/2016": [6.97, -0.0042857142857143215], "8/25/2016": [6.99, 0.00286944045911054], "8/26/2016": [6.93, -0.008583690987124535], "8/29/2016": [6.88, -0.00721500721500719], "8/30/2016": [6.89, 0.0014534883720929922], "8/31/2016": [6.87, -0.0029027576197386902], "9/1/2016": [6.87, 0.0], "9/2/2016": [6.83, -0.005822416302765653], "9/5/2016": [6.82, -0.0014641288433381826], "9/6/2016": [6.85, 0.004398826979472047], "9/7/2016": [6.89, 0.005839416058394166], "9/8/2016": [6.97, 0.011611030478955018], "9/9/2016": [6.96, -0.0014347202295552062], "9/10/2016": [6.91, -0.007183908045976986], "9/12/2016": [6.8, -0.015918958031837963], "9/13/2016": [6.8, 0.0], "9/14/2016": [6.99, 0.027941176470588292], "9/19/2016": [6.99, 0.0], "9/20/2016": [6.98, -0.0014306151645207133], "9/21/2016": [7.07, 0.012893982808022902], "9/22/2016": [7.25, 0.02545968882602542], "9/23/2016": [7.35, 0.013793103448275813], "9/26/2016": [7.29, -0.008163265306122396], "9/29/2016": [7.36, 0.009602194787380012], "9/30/2016": [7.35, -0.0013586956521740047], "10/3/2016": [7.28, -0.009523809523809441], "10/4/2016": [7.34, 0.008241758241758188], "10/5/2016": [7.25, -0.012261580381471371], "10/6/2016": [7.27, 0.0027586206896551137], "10/7/2016": [7.15, -0.016506189821182838], "10/11/2016": [7.05, -0.01398601398601406], "10/12/2016": [6.9, -0.021276595744680778], "10/13/2016": [6.89, -0.0014492753623189384], "10/14/2016": [6.74, -0.021770682148040562], "10/17/2016": [6.77, 0.0044510385756675605], "10/18/2016": [6.85, 0.011816838995568697], "10/19/2016": [6.91, 0.008759124087591314], "10/20/2016": [6.99, 0.011577424023154858], "10/21/2016": [7.0, 0.0014306151645207133], "10/24/2016": [7.0, 0.0], "10/25/2016": [7.0, 0.0], "10/26/2016": [6.99, -0.0014285714285713982], "10/27/2016": [6.98, -0.0014306151645207133],