{"1/4/2016": [21.9, ""], "1/5/2016": [22.25, 0.015981735159817417], "1/6/2016": [23.4, 0.0516853932584269], "1/7/2016": [21.8, -0.06837606837606829], "1/8/2016": [22.0, 0.009174311926605472], "1/11/2016": [22.15, 0.006818181818181754], "1/12/2016": [21.75, -0.01805869074492093], "1/13/2016": [21.8, 0.002298850574712676], "1/14/2016": [21.65, -0.006880733944954226], "1/15/2016": [21.7, 0.0023094688221709336], "1/18/2016": [22.15, 0.02073732718894006], "1/19/2016": [23.0, 0.03837471783295718], "1/20/2016": [22.7, -0.013043478260869596], "1/21/2016": [22.4, -0.013215859030837036], "1/22/2016": [22.75, 0.015625000000000066], "1/25/2016": [25.0, 0.0989010989010989], "1/26/2016": [25.2, 0.007999999999999972], "1/27/2016": [25.15, -0.001984126984127012], "1/28/2016": [27.65, 0.09940357852882704], "1/29/2016": [28.05, 0.01446654611211581], "1/30/2016": [28.75, 0.024955436720142575], "2/1/2016": [28.5, -0.008695652173913044], "2/2/2016": [30.15, 0.057894736842105214], "2/3/2016": [29.5, -0.021558872305140916], "2/15/2016": [29.55, 0.0016949152542373122], "2/16/2016": [29.2, -0.011844331641286003], "2/17/2016": [27.25, -0.0667808219178082], "2/18/2016": [29.0, 0.06422018348623854], "2/19/2016": [29.0, 0.0], "2/22/2016": [28.45, -0.018965517241379334], "2/23/2016": [28.5, 0.00175746924428825], "2/24/2016": [29.0, 0.017543859649122806], "2/25/2016": [31.9, 0.09999999999999995], "2/26/2016": [34.6, 0.08463949843260198], "3/1/2016": [35.5, 0.026011560693641578], "3/2/2016": [34.85, -0.018309859154929536], "3/3/2016": [34.85, 0.0], "3/4/2016": [34.75, -0.002869440459110514], "3/7/2016": [32.8, -0.056115107913669145], "3/8/2016": [33.4, 0.018292682926829312], "3/9/2016": [34.2, 0.023952095808383363], "3/10/2016": [34.5, 0.00877192982456132], "3/11/2016": [34.5, 0.0], "3/14/2016": [34.5, 0.0], "3/15/2016": [32.9, -0.04637681159420294], "3/16/2016": [34.15, 0.037993920972644375], "3/17/2016": [33.5, -0.019033674963396738], "3/18/2016": [34.5, 0.029850746268656716], "3/21/2016": [34.6, 0.0028985507246377224], "3/22/2016": [34.35, -0.0072254335260115606], "3/23/2016": [34.5, 0.004366812227074194], "3/24/2016": [33.95, -0.015942028985507162], "3/25/2016": [33.7, -0.0073637702503681875], "3/28/2016": [35.05, 0.04005934718100873], "3/29/2016": [33.15, -0.054208273894436484], "3/30/2016": [33.9, 0.02262443438914027], "3/31/2016": [33.2, -0.020648967551622294], "4/1/2016": [32.3, -0.02710843373493993], "4/6/2016": [34.55, 0.0696594427244582], "4/7/2016": [36.2, 0.047756874095513914], "4/8/2016": [35.8, -0.011049723756906233], "4/11/2016": [35.3, -0.013966480446927375], "4/12/2016": [34.6, -0.01983002832861178], "4/13/2016": [36.4, 0.052023121387283155], "4/14/2016": [40.0, 0.09890109890109894], "4/15/2016": [39.8, -0.005000000000000071], "4/18/2016": [40.65, 0.021356783919598027], "4/19/2016": [42.0, 0.03321033210332107], "4/20/2016": [40.55, -0.03452380952380959], "4/21/2016": [44.6, 0.09987669543773131], "4/22/2016": [45.35, 0.016816143497757848], "4/25/2016": [44.35, -0.022050716648291068], "4/26/2016": [43.2, -0.0259301014656144], "4/27/2016": [43.35, 0.003472222222222189], "4/28/2016": [41.6, -0.040369088811995385], "4/29/2016": [41.9, 0.0072115384615383925], "5/3/2016": [40.0, -0.04534606205250594], "5/4/2016": [40.35, 0.008750000000000036], "5/5/2016": [41.8, 0.0359355638166046], "5/6/2016": [40.5, -0.031100478468899455], "5/9/2016": [36.55, -0.09753086419753093], "5/10/2016": [35.55, -0.02735978112175103], "5/11/2016": [33.25, -0.06469760900140639], "5/12/2016": [31.1, -0.06466165413533831], "5/13/2016": [34.2, 0.09967845659163992], "5/16/2016": [33.85, -0.010233918128655012], "5/17/2016": [34.2, 0.010339734121122641], "5/18/2016": [34.65, 0.01315789473684198], "5/19/2016": [34.15, -0.01443001443001443], "5/20/2016": [33.75, -0.011713030746705669], "5/23/2016": [34.75, 0.02962962962962963], "5/24/2016": [36.7, 0.056115107913669145], "5/25/2016": [36.75, 0.0013623978201634103], "5/26/2016": [36.3, -0.012244897959183751], "5/27/2016": [37.5, 0.033057851239669506], "5/30/2016": [37.6, 0.0026666666666667047], "5/31/2016": [37.55, -0.0013297872340426666], "6/1/2016": [37.8, 0.006657789613848203], "6/2/2016": [37.05, -0.019841269841269844], "6/3/2016": [36.65, -0.010796221322537075], "6/4/2016": [36.75, 0.002728512960436601], "6/6/2016": [39.1, 0.06394557823129256], "6/7/2016": [40.6, 0.03836317135549872], "6/8/2016": [39.2, -0.03448275862068962], "6/13/2016": [39.9, 0.01785714285714275], "6/14/2016": [40.1, 0.005012531328320874], "6/15/2016": [41.6, 0.03740648379052369], "6/16/2016": [40.55, -0.025240384615384717], "6/17/2016": [41.1, 0.013563501849568541], "6/20/2016": [42.0, 0.02189781021897807], "6/21/2016": [41.9, -0.002380952380952415], "6/22/2016": [41.85, -0.0011933174224342997], "6/23/2016": [42.6, 0.017921146953405017], "6/24/2016": [39.9, -0.06338028169014091], "6/27/2016": [41.1, 0.030075187969924883], "6/28/2016": [42.0, 0.02189781021897807], "6/29/2016": [43.0, 0.023809523809523808], "6/30/2016": [42.7, -0.006976744186046446], "7/1/2016": [43.4, 0.01639344262295072], "7/4/2016": [43.85, 0.010368663594470112], "7/5/2016": [43.85, 0.0], "7/6/2016": [42.75, -0.025085518814139143], "7/7/2016": [42.6, -0.003508771929824528], "7/11/2016": [44.95, 0.055164319248826324], "7/12/2016": [45.45, 0.011123470522803113], "7/13/2016": [49.6, 0.09130913091309127], "7/14/2016": [50.7, 0.02217741935483874], "7/15/2016": [55.2, 0.08875739644970414], "7/18/2016": [55.1, -0.0018115942028985763], "7/19/2016": [59.2, 0.07441016333938297], "7/20/2016": [55.0, -0.07094594594594598], "7/21/2016": [55.4, 0.007272727272727247], "7/22/2016": [54.6, -0.014440433212996338], "7/25/2016": [54.9, 0.005494505494505442], "7/26/2016": [55.8, 0.016393442622950793], "7/27/2016": [55.1, -0.012544802867383437], "7/28/2016": [50.5, -0.08348457350272234], "7/29/2016": [50.6, 0.0019801980198020084], "8/1/2016": [52.1, 0.029644268774703556], "8/2/2016": [55.5, 0.06525911708253355], "8/3/2016": [54.9, -0.010810810810810836], "8/4/2016": [56.1, 0.02185792349726781], "8/5/2016": [56.7, 0.010695187165775426], "8/8/2016": [56.4, -0.005291005291005366], "8/9/2016": [61.8, 0.0957446808510638], "8/10/2016": [66.8, 0.08090614886731393], "8/11/2016": [66.2, -0.008982035928143627], "8/12/2016": [66.6, 0.006042296072507424], "8/15/2016": [66.6, 0.0], "8/16/2016": [66.7, 0.0015015015015016296], "8/17/2016": [66.0, -0.010494752623688198], "8/18/2016": [70.2, 0.06363636363636369], "8/19/2016": [72.5, 0.03276353276353272], "8/22/2016": [73.4, 0.012413793103448353], "8/23/2016": [79.1, 0.07765667574931864], "8/24/2016": [71.5, -0.09608091024020221], "8/25/2016": [73.2, 0.023776223776223817], "8/26/2016": [70.9, -0.03142076502732236], "8/29/2016": [71.7, 0.011283497884344105], "8/30/2016": [78.8, 0.0990237099023709], "8/31/2016": [86.2, 0.09390862944162444], "9/1/2016": [87.0, 0.009280742459396718], "9/2/2016": [83.0, -0.04597701149425287], "9/5/2016": [87.4, 0.05301204819277115], "9/6/2016": [87.4, 0.0], "9/7/2016": [86.0, -0.01601830663615567], "9/8/2016": [86.3, 0.003488372093023223], "9/9/2016": [88.5, 0.025492468134414865], "9/10/2016": [85.7, -0.031638418079096016], "9/12/2016": [84.0, -0.019836639439906684], "9/13/2016": [80.6, -0.04047619047619054], "9/14/2016": [80.1, -0.00620347394540943], "9/19/2016": [87.5, 0.09238451935081156], "9/20/2016": [85.0, -0.02857142857142857], "9/21/2016": [85.2, 0.002352941176470622], "9/22/2016": [83.5, -0.01995305164319252], "9/23/2016": [84.6, 0.01317365269461071], "9/26/2016": [80.5, -0.04846335697399521], "9/29/2016": [78.0, -0.031055900621118012], "9/30/2016": [79.0, 0.01282051282051282], "10/3/2016": [79.5, 0.006329113924050633], "10/4/2016": [80.6, 0.013836477987421313], "10/5/2016": [79.6, -0.01240694789081886], "10/6/2016": [78.3, -0.016331658291457253], "10/7/2016": [76.0, -0.029374201787994856], "10/11/2016": [74.3, -0.022368421052631617], "10/12/2016": [74.3, 0.0], "10/13/2016": [72.3, -0.026917900403768506], "10/14/2016": [67.4, -0.06777316735822948],