{"1/4/2016": [12.65, ""], "1/5/2016": [12.6, -0.00395256916996053], "1/6/2016": [12.55, -0.003968253968253884], "1/7/2016": [12.25, -0.023904382470119577], "1/8/2016": [12.65, 0.03265306122448983], "1/11/2016": [12.6, -0.00395256916996053], "1/12/2016": [12.7, 0.007936507936507908], "1/13/2016": [12.7, 0.0], "1/14/2016": [12.7, 0.0], "1/15/2016": [13.05, 0.02755905511811035], "1/18/2016": [12.9, -0.011494252873563244], "1/19/2016": [12.95, 0.003875968992247979], "1/20/2016": [13.0, 0.003861003861003916], "1/21/2016": [12.95, -0.003846153846153901], "1/22/2016": [12.35, -0.04633204633204631], "1/25/2016": [12.95, 0.04858299595141698], "1/26/2016": [12.9, -0.003861003861003779], "1/27/2016": [12.9, 0.0], "1/28/2016": [12.75, -0.011627906976744214], "1/29/2016": [12.65, -0.007843137254901933], "1/30/2016": [12.9, 0.019762845849802372], "2/1/2016": [12.65, -0.01937984496124031], "2/2/2016": [12.6, -0.00395256916996053], "2/3/2016": [12.6, 0.0], "2/15/2016": [12.4, -0.015873015873015817], "2/16/2016": [12.85, 0.0362903225806451], "2/17/2016": [12.6, -0.019455252918287938], "2/18/2016": [12.6, 0.0], "2/19/2016": [12.3, -0.023809523809523725], "2/22/2016": [12.3, 0.0], "2/23/2016": [12.5, 0.01626016260162596], "2/24/2016": [12.35, -0.012000000000000028], "2/25/2016": [12.55, 0.016194331983805755], "2/26/2016": [12.3, -0.0199203187250996], "3/1/2016": [12.65, 0.0284552845528455], "3/2/2016": [12.7, 0.00395256916996039], "3/3/2016": [12.55, -0.011811023622047133], "3/4/2016": [12.6, 0.003984063745019835], "3/7/2016": [12.5, -0.007936507936507908], "3/8/2016": [12.45, -0.0040000000000000565], "3/9/2016": [12.4, -0.004016064257028027], "3/10/2016": [12.4, 0.0], "3/11/2016": [12.6, 0.016129032258064457], "3/14/2016": [12.85, 0.01984126984126984], "3/15/2016": [12.5, -0.027237354085603085], "3/16/2016": [12.75, 0.02], "3/17/2016": [12.5, -0.0196078431372549], "3/18/2016": [12.6, 0.007999999999999972], "3/21/2016": [12.75, 0.011904761904761934], "3/22/2016": [12.7, -0.003921568627451036], "3/23/2016": [12.6, -0.007874015748031468], "3/24/2016": [12.55, -0.003968253968253884], "3/25/2016": [12.75, 0.015936254980079625], "3/28/2016": [12.75, 0.0], "3/29/2016": [12.5, -0.0196078431372549], "3/30/2016": [12.8, 0.024000000000000056], "3/31/2016": [13.25, 0.035156249999999944], "4/1/2016": [12.95, -0.022641509433962318], "4/6/2016": [12.85, -0.007722007722007695], "4/7/2016": [12.8, -0.0038910505836575048], "4/8/2016": [13.0, 0.015624999999999944], "4/11/2016": [13.1, 0.007692307692307665], "4/12/2016": [12.8, -0.022900763358778546], "4/13/2016": [12.9, 0.007812499999999972], "4/14/2016": [12.9, 0.0], "4/15/2016": [12.95, 0.003875968992247979], "4/18/2016": [13.0, 0.003861003861003916], "4/19/2016": [13.15, 0.011538461538461565], "4/20/2016": [13.15, 0.0], "4/21/2016": [13.15, 0.0], "4/22/2016": [13.0, -0.011406844106463905], "4/25/2016": [12.95, -0.003846153846153901], "4/26/2016": [13.05, 0.007722007722007832], "4/27/2016": [12.95, -0.0076628352490422545], "4/28/2016": [12.8, -0.011583011583011473], "4/29/2016": [12.65, -0.011718750000000028], "5/3/2016": [12.7, 0.00395256916996039], "5/4/2016": [12.7, 0.0], "5/5/2016": [12.6, -0.007874015748031468], "5/6/2016": [12.35, -0.01984126984126984], "5/9/2016": [12.9, 0.044534412955465646], "5/10/2016": [12.8, -0.007751937984496096], "5/11/2016": [12.5, -0.023437500000000056], "5/12/2016": [12.8, 0.024000000000000056], "5/13/2016": [12.65, -0.011718750000000028], "5/16/2016": [12.25, -0.03162055335968382], "5/17/2016": [12.4, 0.012244897959183702], "5/18/2016": [12.2, -0.016129032258064602], "5/19/2016": [12.25, 0.004098360655737763], "5/20/2016": [12.35, 0.00816326530612242], "5/23/2016": [12.5, 0.01214574898785428], "5/24/2016": [12.55, 0.0040000000000000565], "5/25/2016": [12.75, 0.015936254980079625], "5/26/2016": [12.65, -0.007843137254901933], "5/27/2016": [12.7, 0.00395256916996039], "5/30/2016": [12.75, 0.003937007874015804], "5/31/2016": [12.7, -0.003921568627451036], "6/1/2016": [12.85, 0.011811023622047273], "6/2/2016": [12.85, 0.0], "6/3/2016": [12.85, 0.0], "6/4/2016": [12.75, -0.0077821011673151474], "6/6/2016": [12.75, 0.0], "6/7/2016": [12.55, -0.015686274509803866], "6/8/2016": [12.75, 0.015936254980079625], "6/13/2016": [12.75, 0.0], "6/14/2016": [12.45, -0.023529411764705938], "6/15/2016": [12.2, -0.020080321285140562], "6/16/2016": [12.65, 0.036885245901639434], "6/17/2016": [12.35, -0.0237154150197629], "6/20/2016": [12.5, 0.01214574898785428], "6/21/2016": [12.6, 0.007999999999999972], "6/22/2016": [12.75, 0.011904761904761934], "6/23/2016": [12.7, -0.003921568627451036], "6/24/2016": [12.7, 0.0], "6/27/2016": [12.7, 0.0], "6/28/2016": [12.65, -0.003937007874015665], "6/29/2016": [12.8, 0.01185770750988145], "6/30/2016": [12.45, -0.02734375000000011], "7/1/2016": [12.5, 0.004016064257028169], "7/4/2016": [12.5, 0.0], "7/5/2016": [12.6, 0.007999999999999972], "7/6/2016": [12.75, 0.011904761904761934], "7/7/2016": [12.75, 0.0], "7/11/2016": [12.45, -0.023529411764705938], "7/12/2016": [12.7, 0.020080321285140562], "7/13/2016": [12.7, 0.0], "7/14/2016": [12.65, -0.003937007874015665], "7/15/2016": [12.6, -0.00395256916996053], "7/18/2016": [12.65, 0.003968253968254024], "7/19/2016": [12.45, -0.01581027667984198], "7/20/2016": [12.25, -0.016064257028112393], "7/21/2016": [12.55, 0.024489795918367405], "7/22/2016": [12.8, 0.0199203187250996], "7/25/2016": [12.65, -0.011718750000000028], "7/26/2016": [12.55, -0.00790513833992092], "7/27/2016": [12.75, 0.015936254980079625], "7/28/2016": [12.8, 0.003921568627451036], "7/29/2016": [12.8, 0.0], "8/1/2016": [12.6, -0.015625000000000083], "8/2/2016": [12.9, 0.023809523809523867], "8/3/2016": [14.15, 0.09689922480620154], "8/4/2016": [14.1, -0.00353356890459369], "8/5/2016": [14.1, 0.0], "8/8/2016": [13.75, -0.02482269503546097], "8/9/2016": [13.8, 0.003636363636363688], "8/10/2016": [13.8, 0.0], "8/11/2016": [13.75, -0.0036231884057971527], "8/12/2016": [13.7, -0.003636363636363688], "8/15/2016": [13.6, -0.007299270072992675], "8/16/2016": [14.0, 0.02941176470588238], "8/17/2016": [13.65, -0.024999999999999974], "8/18/2016": [13.8, 0.010989010989011014], "8/19/2016": [14.0, 0.014492753623188354], "8/22/2016": [13.9, -0.0071428571428571175], "8/23/2016": [13.7, -0.01438848920863317], "8/24/2016": [13.8, 0.007299270072992805], "8/25/2016": [12.9, -0.06521739130434785], "8/26/2016": [13.25, 0.027131782945736406], "8/29/2016": [13.2, -0.003773584905660431], "8/30/2016": [13.2, 0.0], "8/31/2016": [13.35, 0.011363636363636392], "9/1/2016": [13.35, 0.0], "9/2/2016": [13.5, 0.011235955056179803], "9/5/2016": [13.5, 0.0], "9/6/2016": [13.9, 0.029629629629629655], "9/7/2016": [14.3, 0.028776978417266213], "9/8/2016": [15.7, 0.09790209790209779], "9/9/2016": [15.75, 0.0031847133757962236], "9/10/2016": [15.45, -0.019047619047619094], "9/12/2016": [15.75, 0.019417475728155387], "9/13/2016": [15.8, 0.0031746031746032197], "9/14/2016": [15.8, 0.0], "9/19/2016": [17.0, 0.07594936708860754], "9/20/2016": [16.9, -0.005882352941176554], "9/21/2016": [17.15, 0.014792899408284025], "9/22/2016": [17.1, -0.0029154518950435665], "9/23/2016": [17.2, 0.005847953216374144], "9/26/2016": [17.05, -0.008720930232558058], "9/29/2016": [17.4, 0.02052785923753653], "9/30/2016": [17.85, 0.025862068965517408], "10/3/2016": [19.6, 0.09803921568627451], "10/4/2016": [20.25, 0.033163265306122375], "10/5/2016": [20.7, 0.02222222222222219], "10/6/2016": [22.7, 0.0966183574879227], "10/7/2016": [22.4, -0.013215859030837036], "10/11/2016": [22.2, -0.008928571428571397], "10/12/2016": [24.4, 0.09909909909909907], "10/13/2016": [23.6, -0.03278688524590152], "10/14/2016": [24.2, 0.02542372881355923], "10/17/2016": [24.15, -0.0020661157024793684], "10/18/2016": [25.4, 0.051759834368530024], "10/19/2016": [25.4, 0.0], "10/20/2016": [25.45, 0.001968503937007902], "10/21/2016": [26.05, 0.023575638506876283], "10/24/2016": [26.9, 0.032629558541266715], "10/25/2016": [29.0, 0.07806691449814132],