{"1/4/2016": [152.0, ""], "1/5/2016": [150.0, -0.013157894736842105], "1/6/2016": [146.5, -0.023333333333333334], "1/7/2016": [139.0, -0.051194539249146756], "1/8/2016": [150.0, 0.07913669064748201], "1/11/2016": [159.5, 0.06333333333333334], "1/12/2016": [152.5, -0.0438871473354232], "1/13/2016": [156.0, 0.022950819672131147], "1/14/2016": [156.0, 0.0], "1/15/2016": [155.0, -0.00641025641025641], "1/18/2016": [160.0, 0.03225806451612903], "1/19/2016": [164.5, 0.028125], "1/20/2016": [160.0, -0.02735562310030395], "1/21/2016": [165.0, 0.03125], "1/22/2016": [168.5, 0.021212121212121213], "1/25/2016": [179.5, 0.06528189910979229], "1/26/2016": [183.0, 0.019498607242339833], "1/27/2016": [179.0, -0.02185792349726776], "1/28/2016": [180.5, 0.008379888268156424], "1/29/2016": [180.5, 0.0], "1/30/2016": [183.5, 0.01662049861495845], "2/1/2016": [182.0, -0.008174386920980926], "2/2/2016": [179.0, -0.016483516483516484], "2/3/2016": [175.0, -0.0223463687150838], "2/15/2016": [182.0, 0.04], "2/16/2016": [183.0, 0.005494505494505495], "2/17/2016": [195.0, 0.06557377049180328], "2/18/2016": [196.0, 0.005128205128205128], "2/19/2016": [202.0, 0.030612244897959183], "2/22/2016": [203.0, 0.0049504950495049506], "2/23/2016": [198.5, -0.022167487684729065], "2/24/2016": [195.5, -0.015113350125944584], "2/25/2016": [193.0, -0.01278772378516624], "2/26/2016": [198.0, 0.025906735751295335], "3/1/2016": [197.0, -0.005050505050505051], "3/2/2016": [203.0, 0.030456852791878174], "3/3/2016": [196.5, -0.03201970443349754], "3/4/2016": [197.0, 0.002544529262086514], "3/7/2016": [195.5, -0.007614213197969543], "3/8/2016": [196.5, 0.005115089514066497], "3/9/2016": [198.0, 0.007633587786259542], "3/10/2016": [201.0, 0.015151515151515152], "3/11/2016": [200.0, -0.004975124378109453], "3/14/2016": [205.0, 0.025], "3/15/2016": [198.0, -0.03414634146341464], "3/16/2016": [198.5, 0.0025252525252525255], "3/17/2016": [189.5, -0.04534005037783375], "3/18/2016": [192.0, 0.013192612137203167], "3/21/2016": [194.0, 0.010416666666666666], "3/22/2016": [198.5, 0.023195876288659795], "3/23/2016": [195.0, -0.017632241813602016], "3/24/2016": [197.0, 0.010256410256410256], "3/25/2016": [199.0, 0.01015228426395939], "3/28/2016": [181.5, -0.08793969849246232], "3/29/2016": [173.5, -0.0440771349862259], "3/30/2016": [174.0, 0.002881844380403458], "3/31/2016": [173.0, -0.005747126436781609], "4/1/2016": [173.0, 0.0], "4/6/2016": [165.5, -0.04335260115606936], "4/7/2016": [169.5, 0.02416918429003021], "4/8/2016": [176.5, 0.04129793510324484], "4/11/2016": [169.5, -0.039660056657223795], "4/12/2016": [156.0, -0.07964601769911504], "4/13/2016": [162.0, 0.038461538461538464], "4/14/2016": [165.0, 0.018518518518518517], "4/15/2016": [166.5, 0.00909090909090909], "4/18/2016": [159.5, -0.042042042042042045], "4/19/2016": [160.0, 0.003134796238244514], "4/20/2016": [156.5, -0.021875], "4/21/2016": [157.0, 0.003194888178913738], "4/22/2016": [157.5, 0.0031847133757961785], "4/25/2016": [157.5, 0.0], "4/26/2016": [157.5, 0.0], "4/27/2016": [159.5, 0.012698412698412698], "4/28/2016": [165.0, 0.034482758620689655], "4/29/2016": [157.5, -0.045454545454545456], "5/3/2016": [159.5, 0.012698412698412698], "5/4/2016": [156.5, -0.018808777429467086], "5/5/2016": [157.0, 0.003194888178913738], "5/6/2016": [153.5, -0.022292993630573247], "5/9/2016": [140.0, -0.08794788273615635], "5/10/2016": [126.0, -0.1], "5/11/2016": [123.0, -0.023809523809523808], "5/12/2016": [111.0, -0.0975609756097561], "5/13/2016": [122.0, 0.0990990990990991], "5/16/2016": [120.0, -0.01639344262295082], "5/17/2016": [121.0, 0.008333333333333333], "5/18/2016": [123.5, 0.02066115702479339], "5/19/2016": [122.5, -0.008097165991902834], "5/20/2016": [122.0, -0.004081632653061225], "5/23/2016": [134.0, 0.09836065573770492], "5/24/2016": [135.5, 0.011194029850746268], "5/25/2016": [136.0, 0.0036900369003690036], "5/26/2016": [138.5, 0.01838235294117647], "5/27/2016": [140.5, 0.01444043321299639], "5/30/2016": [145.0, 0.03202846975088968], "5/31/2016": [145.0, 0.0], "6/1/2016": [144.0, -0.006896551724137931], "6/2/2016": [134.5, -0.06597222222222222], "6/3/2016": [137.5, 0.022304832713754646], "6/4/2016": [135.5, -0.014545454545454545], "6/6/2016": [134.5, -0.007380073800738007], "6/7/2016": [131.5, -0.022304832713754646], "6/8/2016": [131.5, 0.0], "6/13/2016": [134.0, 0.019011406844106463], "6/14/2016": [135.5, 0.011194029850746268], "6/15/2016": [137.0, 0.01107011070110701], "6/16/2016": [137.5, 0.0036496350364963502], "6/17/2016": [142.0, 0.03272727272727273], "6/20/2016": [143.5, 0.01056338028169014], "6/21/2016": [143.5, 0.0], "6/22/2016": [144.0, 0.003484320557491289], "6/23/2016": [142.5, -0.010416666666666666], "6/24/2016": [135.5, -0.04912280701754386], "6/27/2016": [136.0, 0.0036900369003690036], "6/28/2016": [139.5, 0.025735294117647058], "6/29/2016": [139.5, 0.0], "6/30/2016": [144.0, 0.03225806451612903], "7/1/2016": [143.0, -0.006944444444444444], "7/4/2016": [140.0, -0.02097902097902098], "7/5/2016": [142.0, 0.014285714285714285], "7/6/2016": [138.5, -0.02464788732394366], "7/7/2016": [136.5, -0.01444043321299639], "7/11/2016": [142.0, 0.040293040293040296], "7/12/2016": [156.0, 0.09859154929577464], "7/13/2016": [155.0, -0.00641025641025641], "7/14/2016": [155.0, 0.0], "7/15/2016": [160.0, 0.03225806451612903], "7/18/2016": [162.0, 0.0125], "7/19/2016": [159.0, -0.018518518518518517], "7/20/2016": [156.0, -0.018867924528301886], "7/21/2016": [159.0, 0.019230769230769232], "7/22/2016": [156.5, -0.015723270440251572], "7/25/2016": [157.0, 0.003194888178913738], "7/26/2016": [159.5, 0.01592356687898089], "7/27/2016": [160.0, 0.003134796238244514], "7/28/2016": [158.0, -0.0125], "7/29/2016": [160.0, 0.012658227848101266], "8/1/2016": [161.5, 0.009375], "8/2/2016": [160.5, -0.006191950464396285], "8/3/2016": [160.0, -0.003115264797507788], "8/4/2016": [169.0, 0.05625], "8/5/2016": [165.0, -0.023668639053254437], "8/8/2016": [165.5, 0.0030303030303030303], "8/9/2016": [161.5, -0.02416918429003021], "8/10/2016": [168.0, 0.04024767801857585], "8/11/2016": [170.5, 0.01488095238095238], "8/12/2016": [160.0, -0.06158357771260997], "8/15/2016": [164.5, 0.028125], "8/16/2016": [168.5, 0.0243161094224924], "8/17/2016": [167.5, -0.005934718100890208], "8/18/2016": [174.5, 0.041791044776119404], "8/19/2016": [176.5, 0.011461318051575931], "8/22/2016": [145.0, -0.17847025495750707], "8/23/2016": [139.5, -0.03793103448275862], "8/24/2016": [142.5, 0.021505376344086023], "8/25/2016": [142.5, 0.0], "8/26/2016": [143.0, 0.0035087719298245615], "8/29/2016": [143.0, 0.0], "8/30/2016": [148.5, 0.038461538461538464], "8/31/2016": [149.0, 0.003367003367003367], "9/1/2016": [145.0, -0.026845637583892617], "9/2/2016": [144.0, -0.006896551724137931], "9/5/2016": [144.0, 0.0], "9/6/2016": [147.0, 0.020833333333333332], "9/7/2016": [146.0, -0.006802721088435374], "9/8/2016": [145.0, -0.00684931506849315], "9/9/2016": [146.0, 0.006896551724137931], "9/10/2016": [142.5, -0.023972602739726026], "9/12/2016": [140.0, -0.017543859649122806], "9/13/2016": [139.5, -0.0035714285714285713], "9/14/2016": [140.5, 0.007168458781362007], "9/19/2016": [141.0, 0.0035587188612099642], "9/20/2016": [141.5, 0.0035460992907801418], "9/21/2016": [141.5, 0.0], "9/22/2016": [144.5, 0.02120141342756184], "9/23/2016": [143.0, -0.010380622837370242], "9/26/2016": [141.5, -0.01048951048951049], "9/29/2016": [136.5, -0.0353356890459364], "9/30/2016": [136.5, 0.0], "10/3/2016": [136.0, -0.003663003663003663], "10/4/2016": [133.5, -0.01838235294117647], "10/5/2016": [128.5, -0.03745318352059925], "10/6/2016": [131.5, 0.023346303501945526], "10/7/2016": [133.0, 0.011406844106463879], "10/11/2016": [127.0, -0.045112781954887216], "10/12/2016": [130.5, 0.027559055118110236], "10/13/2016": [129.0, -0.011494252873563218], "10/14/2016": [125.0, -0.031007751937984496], "10/17/2016": [124.5, -0.004], "10/18/2016": [125.0, 0.004016064257028112], "10/19/2016": [130.0, 0.04],