{"1/4/2016": [46.0, ""], "1/5/2016": [45.45, -0.011956521739130373], "1/6/2016": [45.8, 0.007700770077007575], "1/7/2016": [43.35, -0.0534934497816593], "1/8/2016": [44.5, 0.026528258362168364], "1/11/2016": [42.8, -0.0382022471910113], "1/12/2016": [40.65, -0.050233644859813055], "1/13/2016": [41.5, 0.020910209102091057], "1/14/2016": [40.3, -0.02891566265060248], "1/15/2016": [40.6, 0.007444168734491422], "1/18/2016": [42.6, 0.04926108374384236], "1/19/2016": [43.5, 0.021126760563380247], "1/20/2016": [41.65, -0.04252873563218394], "1/21/2016": [42.95, 0.031212484993997702], "1/22/2016": [44.5, 0.036088474970896324], "1/25/2016": [44.55, 0.0011235955056179137], "1/26/2016": [44.15, -0.008978675645342282], "1/27/2016": [43.2, -0.02151755379388439], "1/28/2016": [43.8, 0.013888888888888756], "1/29/2016": [45.15, 0.03082191780821921], "1/30/2016": [45.3, 0.003322259136212593], "2/1/2016": [44.8, -0.011037527593818985], "2/2/2016": [44.65, -0.0033482142857142543], "2/3/2016": [43.7, -0.021276595744680757], "2/15/2016": [41.45, -0.051487414187643014], "2/16/2016": [42.2, 0.0180940892641737], "2/17/2016": [41.7, -0.011848341232227487], "2/18/2016": [41.85, 0.003597122302158239], "2/19/2016": [42.4, 0.013142174432496944], "2/22/2016": [42.5, 0.0023584905660377696], "2/23/2016": [42.45, -0.0011764705882352272], "2/24/2016": [41.15, -0.030624263839811643], "2/25/2016": [41.6, 0.010935601458080264], "2/26/2016": [41.6, 0.0], "3/1/2016": [41.05, -0.013221153846153948], "3/2/2016": [41.5, 0.010962241169305794], "3/3/2016": [43.2, 0.04096385542168682], "3/4/2016": [42.9, -0.006944444444444543], "3/7/2016": [42.0, -0.020979020979020945], "3/8/2016": [42.1, 0.002380952380952415], "3/9/2016": [42.65, 0.013064133016627011], "3/10/2016": [42.2, -0.010550996483001073], "3/11/2016": [41.9, -0.007109004739336593], "3/14/2016": [43.0, 0.02625298329355612], "3/15/2016": [42.4, -0.013953488372093056], "3/16/2016": [42.6, 0.004716981132075539], "3/17/2016": [41.85, -0.017605633802816902], "3/18/2016": [41.75, -0.002389486260454036], "3/21/2016": [41.8, 0.0011976047904190936], "3/22/2016": [42.4, 0.014354066985645968], "3/23/2016": [43.8, 0.03301886792452827], "3/24/2016": [43.3, -0.011415525114155252], "3/25/2016": [42.4, -0.020785219399538073], "3/28/2016": [43.0, 0.014150943396226448], "3/29/2016": [42.0, -0.023255813953488372], "3/30/2016": [42.4, 0.00952380952380949], "3/31/2016": [41.7, -0.01650943396226405], "4/1/2016": [42.05, 0.0083932853717025], "4/6/2016": [41.95, -0.0023781212841853584], "4/7/2016": [42.6, 0.01549463647199043], "4/8/2016": [42.25, -0.008215962441314588], "4/11/2016": [41.85, -0.009467455621301742], "4/12/2016": [42.5, 0.01553166069295098], "4/13/2016": [42.35, -0.003529411764705849], "4/14/2016": [40.75, -0.037780401416765086], "4/15/2016": [40.5, -0.006134969325153374], "4/18/2016": [40.65, 0.0037037037037036687], "4/19/2016": [40.45, -0.0049200492004919], "4/20/2016": [38.4, -0.050679851668726926], "4/21/2016": [36.75, -0.042968749999999965], "4/22/2016": [35.5, -0.034013605442176874], "4/25/2016": [35.8, 0.008450704225352032], "4/26/2016": [35.45, -0.009776536312849004], "4/27/2016": [35.5, 0.001410437235542938], "4/28/2016": [35.2, -0.008450704225352032], "4/29/2016": [34.05, -0.032670454545454704], "5/3/2016": [34.25, 0.00587371512481653], "5/4/2016": [33.7, -0.01605839416058386], "5/5/2016": [34.1, 0.011869436201780372], "5/6/2016": [33.55, -0.01612903225806464], "5/9/2016": [33.15, -0.011922503725782373], "5/10/2016": [34.1, 0.028657616892911096], "5/11/2016": [33.1, -0.029325513196480937], "5/12/2016": [30.9, -0.06646525679758317], "5/13/2016": [31.4, 0.016181229773462785], "5/16/2016": [30.7, -0.022292993630573226], "5/17/2016": [33.3, 0.08469055374592827], "5/18/2016": [33.4, 0.003003003003003046], "5/19/2016": [32.4, -0.029940119760479042], "5/20/2016": [32.5, 0.003086419753086464], "5/23/2016": [34.0, 0.046153846153846156], "5/24/2016": [33.6, -0.0117647058823529], "5/25/2016": [33.85, 0.00744047619047619], "5/26/2016": [34.35, 0.014771048744460856], "5/27/2016": [34.0, -0.010189228529839925], "5/30/2016": [34.15, 0.004411764705882311], "5/31/2016": [33.8, -0.010248901903367538], "6/1/2016": [34.15, 0.010355029585798859], "6/2/2016": [33.65, -0.014641288433382138], "6/3/2016": [33.8, 0.004457652303120315], "6/4/2016": [33.55, -0.007396449704142012], "6/6/2016": [34.4, 0.025335320417287675], "6/7/2016": [36.05, 0.04796511627906973], "6/8/2016": [35.6, -0.012482662968099745], "6/13/2016": [34.6, -0.028089887640449437], "6/14/2016": [34.8, 0.005780346820809125], "6/15/2016": [35.15, 0.010057471264367858], "6/16/2016": [34.25, -0.025604551920341355], "6/17/2016": [34.55, 0.008759124087591158], "6/20/2016": [35.2, 0.018813314037626795], "6/21/2016": [35.05, -0.004261363636363797], "6/22/2016": [35.35, 0.00855920114122694], "6/23/2016": [34.85, -0.014144271570014143], "6/24/2016": [33.55, -0.03730272596843628], "6/27/2016": [33.5, -0.0014903129657227172], "6/28/2016": [34.25, 0.022388059701492536], "6/29/2016": [34.25, 0.0], "6/30/2016": [34.4, 0.004379562043795579], "7/1/2016": [34.2, -0.005813953488371969], "7/4/2016": [34.2, 0.0], "7/5/2016": [34.35, 0.00438596491228066], "7/6/2016": [33.95, -0.011644832605531254], "7/7/2016": [34.0, 0.0014727540500735538], "7/11/2016": [34.95, 0.02794117647058832], "7/12/2016": [35.75, 0.02288984263233182], "7/13/2016": [37.7, 0.054545454545454626], "7/14/2016": [37.7, 0.0], "7/15/2016": [38.6, 0.0238726790450928], "7/18/2016": [38.6, 0.0], "7/19/2016": [39.2, 0.015544041450777238], "7/20/2016": [38.5, -0.01785714285714293], "7/21/2016": [39.5, 0.025974025974025976], "7/22/2016": [39.7, 0.005063291139240578], "7/25/2016": [39.0, -0.017632241813602085], "7/26/2016": [39.95, 0.024358974358974432], "7/27/2016": [41.0, 0.026282853566958624], "7/28/2016": [40.8, -0.004878048780487874], "7/29/2016": [40.9, 0.002450980392156898], "8/1/2016": [41.0, 0.0024449877750611594], "8/2/2016": [41.0, 0.0], "8/3/2016": [42.15, 0.028048780487804844], "8/4/2016": [43.3, 0.02728351126927636], "8/5/2016": [43.1, -0.004618937644341703], "8/8/2016": [43.3, 0.004640371229698277], "8/9/2016": [41.95, -0.03117782909930703], "8/10/2016": [42.75, 0.019070321811680502], "8/11/2016": [40.1, -0.06198830409356722], "8/12/2016": [40.95, 0.021197007481296794], "8/15/2016": [40.65, -0.007326007326007429], "8/16/2016": [41.5, 0.020910209102091057], "8/17/2016": [40.8, -0.016867469879518142], "8/18/2016": [41.5, 0.01715686274509811], "8/19/2016": [42.2, 0.016867469879518142], "8/22/2016": [42.75, 0.013033175355450169], "8/23/2016": [42.7, -0.0011695906432747873], "8/24/2016": [41.9, -0.018735362997658177], "8/25/2016": [43.8, 0.04534606205250594], "8/26/2016": [43.5, -0.006849315068493086], "8/29/2016": [43.6, 0.002298850574712676], "8/30/2016": [43.95, 0.008027522935779848], "8/31/2016": [43.25, -0.0159271899886235], "9/1/2016": [42.7, -0.012716763005780281], "9/2/2016": [41.5, -0.028103044496487185], "9/5/2016": [43.15, 0.03975903614457828], "9/6/2016": [44.35, 0.02780996523754352], "9/7/2016": [44.35, 0.0], "9/8/2016": [44.9, 0.01240135287485901], "9/9/2016": [44.3, -0.01336302895322943], "9/10/2016": [42.35, -0.04401805869074483], "9/12/2016": [41.7, -0.01534828807556077], "9/13/2016": [41.5, -0.004796163069544433], "9/14/2016": [41.1, -0.009638554216867436], "9/19/2016": [42.4, 0.03163017031630163], "9/20/2016": [42.0, -0.00943396226415091], "9/21/2016": [41.9, -0.002380952380952415], "9/22/2016": [41.6, -0.007159904534606138], "9/23/2016": [41.7, 0.002403846153846188], "9/26/2016": [41.0, -0.01678657074340534], "9/29/2016": [41.75, 0.018292682926829267], "9/30/2016": [42.2, 0.010778443113772523], "10/3/2016": [41.85, -0.008293838862559275], "10/4/2016": [42.4, 0.013142174432496944], "10/5/2016": [41.8, -0.014150943396226448], "10/6/2016": [41.7, -0.0023923444976075197], "10/7/2016": [41.9, 0.004796163069544262], "10/11/2016": [39.8, -0.05011933174224347], "10/12/2016": [39.55, -0.00628140703517588],