{"1/4/2016": [83.6, ""], "1/5/2016": [84.1, 0.005980861244019139], "1/6/2016": [83.5, -0.007134363852556413], "1/7/2016": [83.9, 0.004790419161676715], "1/8/2016": [83.9, 0.0], "1/11/2016": [84.0, 0.0011918951132299678], "1/12/2016": [81.6, -0.02857142857142864], "1/13/2016": [82.9, 0.01593137254901975], "1/14/2016": [82.4, -0.006031363088057901], "1/15/2016": [82.0, -0.004854368932038904], "1/18/2016": [83.5, 0.018292682926829267], "1/19/2016": [84.0, 0.005988023952095809], "1/20/2016": [82.7, -0.015476190476190442], "1/21/2016": [82.0, -0.008464328899637276], "1/22/2016": [84.4, 0.029268292682926897], "1/25/2016": [85.1, 0.008293838862559107], "1/26/2016": [82.8, -0.027027027027026994], "1/27/2016": [85.0, 0.02657004830917878], "1/28/2016": [86.8, 0.021176470588235262], "1/29/2016": [89.8, 0.03456221198156682], "1/30/2016": [88.7, -0.012249443207126886], "2/1/2016": [91.4, 0.03043968432919958], "2/2/2016": [91.6, 0.0021881838074397004], "2/3/2016": [91.5, -0.0010917030567684969], "2/15/2016": [92.5, 0.01092896174863388], "2/16/2016": [94.2, 0.01837837837837841], "2/17/2016": [94.9, 0.007430997876857779], "2/18/2016": [96.9, 0.02107481559536354], "2/19/2016": [97.7, 0.00825593395252835], "2/22/2016": [97.0, -0.007164790174002076], "2/23/2016": [97.2, 0.002061855670103122], "2/24/2016": [97.4, 0.002057613168724309], "2/25/2016": [98.6, 0.012320328542094338], "2/26/2016": [101.5, 0.02941176470588241], "3/1/2016": [105.5, 0.03940886699507389], "3/2/2016": [105.5, 0.0], "3/3/2016": [106.0, 0.004739336492890996], "3/4/2016": [102.5, -0.0330188679245283], "3/7/2016": [101.0, -0.014634146341463415], "3/8/2016": [100.5, -0.0049504950495049506], "3/9/2016": [102.5, 0.01990049751243781], "3/10/2016": [104.5, 0.01951219512195122], "3/11/2016": [105.0, 0.004784688995215311], "3/14/2016": [102.5, -0.023809523809523808], "3/15/2016": [100.5, -0.01951219512195122], "3/16/2016": [99.1, -0.013930348258706524], "3/17/2016": [97.8, -0.01311806256306758], "3/18/2016": [99.4, 0.016359918200409086], "3/21/2016": [99.9, 0.005030181086519115], "3/22/2016": [97.7, -0.02202202202202205], "3/23/2016": [98.6, 0.009211873080859688], "3/24/2016": [97.8, -0.008113590263691656], "3/25/2016": [97.9, 0.0010224948875256496], "3/28/2016": [98.3, 0.00408580183861074], "3/29/2016": [98.5, 0.002034587995930853], "3/30/2016": [98.8, 0.0030456852791877886], "3/31/2016": [99.5, 0.0070850202429150085], "4/1/2016": [99.0, -0.005025125628140704], "4/6/2016": [97.3, -0.0171717171717172], "4/7/2016": [96.2, -0.011305241521068802], "4/8/2016": [95.8, -0.004158004158004217], "4/11/2016": [96.3, 0.005219206680584551], "4/12/2016": [95.2, -0.011422637590861831], "4/13/2016": [96.8, 0.01680672268907557], "4/14/2016": [95.9, -0.009297520661156937], "4/15/2016": [96.9, 0.010427528675703858], "4/18/2016": [97.5, 0.006191950464396226], "4/19/2016": [95.7, -0.018461538461538432], "4/20/2016": [94.8, -0.009404388714733602], "4/21/2016": [93.8, -0.010548523206751054], "4/22/2016": [92.9, -0.009594882729210996], "4/25/2016": [92.8, -0.0010764262648009528], "4/26/2016": [92.8, 0.0], "4/27/2016": [92.7, -0.0010775862068964906], "4/28/2016": [92.5, -0.0021574973031284017], "4/29/2016": [90.7, -0.019459459459459427], "5/3/2016": [90.6, -0.0011025358324146474], "5/4/2016": [89.8, -0.008830022075055156], "5/5/2016": [89.2, -0.006681514476614636], "5/6/2016": [87.8, -0.015695067264574054], "5/9/2016": [87.8, 0.0], "5/10/2016": [87.9, 0.0011389521640092087], "5/11/2016": [86.8, -0.01251422070534708], "5/12/2016": [88.1, 0.01497695852534559], "5/13/2016": [86.2, -0.021566401816117953], "5/16/2016": [85.8, -0.004640371229698442], "5/17/2016": [86.3, 0.005827505827505828], "5/18/2016": [86.5, 0.002317497103128654], "5/19/2016": [85.5, -0.011560693641618497], "5/20/2016": [87.4, 0.02222222222222229], "5/23/2016": [91.5, 0.04691075514874135], "5/24/2016": [89.2, -0.025136612021857893], "5/25/2016": [91.1, 0.02130044843049318], "5/26/2016": [90.6, -0.005488474204171241], "5/27/2016": [90.4, -0.0022075055187636716], "5/30/2016": [91.8, 0.015486725663716719], "5/31/2016": [93.2, 0.01525054466230943], "6/1/2016": [94.0, 0.008583690987124432], "6/2/2016": [93.8, -0.0021276595744681155], "6/3/2016": [94.0, 0.0021321961620469386], "6/4/2016": [94.0, 0.0], "6/6/2016": [95.0, 0.010638297872340425], "6/7/2016": [96.0, 0.010526315789473684], "6/8/2016": [96.4, 0.004166666666666726], "6/13/2016": [93.1, -0.03423236514522833], "6/14/2016": [94.4, 0.013963480128893785], "6/15/2016": [95.8, 0.01483050847457618], "6/16/2016": [95.8, 0.0], "6/17/2016": [93.5, -0.024008350730688906], "6/20/2016": [95.4, 0.020320855614973325], "6/21/2016": [97.5, 0.02201257861635214], "6/22/2016": [96.9, -0.006153846153846096], "6/23/2016": [96.1, -0.008255933952528497], "6/24/2016": [93.5, -0.02705515088449526], "6/27/2016": [95.4, 0.020320855614973325], "6/28/2016": [94.6, -0.008385744234800957], "6/29/2016": [96.6, 0.021141649048625793], "6/30/2016": [97.6, 0.010351966873706004], "7/1/2016": [99.0, 0.014344262295082027], "7/4/2016": [99.3, 0.0030303030303030017], "7/5/2016": [98.4, -0.009063444108761243], "7/6/2016": [98.4, 0.0], "7/7/2016": [91.9, -0.06605691056910569], "7/11/2016": [94.2, 0.02502720348204567], "7/12/2016": [94.4, 0.002123142250530816], "7/13/2016": [96.0, 0.01694915254237282], "7/14/2016": [95.6, -0.004166666666666726], "7/15/2016": [95.0, -0.006276150627615004], "7/18/2016": [96.6, 0.016842105263157835], "7/19/2016": [97.0, 0.004140786749482461], "7/20/2016": [97.5, 0.005154639175257732], "7/21/2016": [97.9, 0.004102564102564161], "7/22/2016": [96.7, -0.012257405515832511], "7/25/2016": [96.0, -0.007238883143743566], "7/26/2016": [96.0, 0.0], "7/27/2016": [96.0, 0.0], "7/28/2016": [97.0, 0.010416666666666666], "7/29/2016": [95.7, -0.013402061855670075], "8/1/2016": [95.0, -0.007314524555903896], "8/2/2016": [94.8, -0.0021052631578947667], "8/3/2016": [95.2, 0.004219409282700482], "8/4/2016": [94.2, -0.010504201680672268], "8/5/2016": [95.5, 0.013800424628450075], "8/8/2016": [95.0, -0.005235602094240838], "8/9/2016": [97.0, 0.021052631578947368], "8/10/2016": [96.0, -0.010309278350515464], "8/11/2016": [95.2, -0.008333333333333304], "8/12/2016": [95.3, 0.0010504201680671672], "8/15/2016": [96.7, 0.014690451206715695], "8/16/2016": [96.8, 0.001034126163391875], "8/17/2016": [95.8, -0.010330578512396695], "8/18/2016": [94.8, -0.010438413361169102], "8/19/2016": [94.4, -0.004219409282700332], "8/22/2016": [94.0, -0.00423728813559328], "8/23/2016": [93.7, -0.0031914893617020976], "8/24/2016": [92.0, -0.018143009605122763], "8/25/2016": [91.8, -0.0021739130434782917], "8/26/2016": [92.2, 0.004357298474945596], "8/29/2016": [91.6, -0.0065075921908894635], "8/30/2016": [91.9, 0.003275109170305801], "8/31/2016": [91.5, -0.004352557127312358], "9/1/2016": [91.4, -0.001092896174863326], "9/2/2016": [91.1, -0.0032822757111598618], "9/5/2016": [91.1, 0.0], "9/6/2016": [92.5, 0.015367727771679536], "9/7/2016": [90.6, -0.0205405405405406], "9/8/2016": [90.5, -0.0011037527593818358], "9/9/2016": [90.2, -0.003314917127071792], "9/10/2016": [90.0, -0.0022172949002217607], "9/12/2016": [90.0, 0.0], "9/13/2016": [90.1, 0.001111111111111048], "9/14/2016": [90.7, 0.006659267480577232], "9/19/2016": [90.5, -0.002205071664829138], "9/20/2016": [90.0, -0.0055248618784530384], "9/21/2016": [91.0, 0.011111111111111112], "9/22/2016": [91.2, 0.002197802197802229], "9/23/2016": [92.3, 0.012061403508771867], "9/26/2016": [92.2, -0.0010834236186348246], "9/29/2016": [93.3, 0.011930585683297117], "9/30/2016": [91.5, -0.019292604501607687], "10/3/2016": [91.3, -0.002185792349726807], "10/4/2016": [92.5, 0.013143483023001126], "10/5/2016": [92.6, 0.0010810810810810197], "10/6/2016": [92.3, -0.003239740820734311], "10/7/2016": [91.5, -0.00866738894907906], "10/11/2016": [90.1, -0.015300546448087494], "10/12/2016": [90.9, 0.008879023307436309], "10/13/2016": [89.9, -0.011001100110011], "10/14/2016": [89.5, -0.004449388209121309],