{"1/4/2016": [155.0, ""], "1/5/2016": [153.0, -0.012903225806451613], "1/6/2016": [155.0, 0.013071895424836602], "1/7/2016": [149.0, -0.03870967741935484], "1/8/2016": [153.0, 0.026845637583892617], "1/11/2016": [159.0, 0.0392156862745098], "1/12/2016": [156.5, -0.015723270440251572], "1/13/2016": [166.0, 0.06070287539936102], "1/14/2016": [164.5, -0.009036144578313253], "1/15/2016": [163.0, -0.00911854103343465], "1/18/2016": [175.5, 0.07668711656441718], "1/19/2016": [176.5, 0.005698005698005698], "1/20/2016": [171.0, -0.031161473087818695], "1/21/2016": [173.0, 0.011695906432748537], "1/22/2016": [174.5, 0.008670520231213872], "1/25/2016": [176.0, 0.008595988538681949], "1/26/2016": [175.0, -0.005681818181818182], "1/27/2016": [177.0, 0.011428571428571429], "1/28/2016": [177.5, 0.002824858757062147], "1/29/2016": [173.5, -0.022535211267605635], "1/30/2016": [171.5, -0.011527377521613832], "2/1/2016": [173.5, 0.011661807580174927], "2/2/2016": [171.5, -0.011527377521613832], "2/3/2016": [170.5, -0.0058309037900874635], "2/15/2016": [167.5, -0.017595307917888565], "2/16/2016": [184.0, 0.09850746268656717], "2/17/2016": [184.5, 0.002717391304347826], "2/18/2016": [185.5, 0.005420054200542005], "2/19/2016": [182.0, -0.018867924528301886], "2/22/2016": [182.5, 0.0027472527472527475], "2/23/2016": [182.5, 0.0], "2/24/2016": [180.5, -0.010958904109589041], "2/25/2016": [177.5, -0.01662049861495845], "2/26/2016": [181.5, 0.022535211267605635], "3/1/2016": [188.5, 0.03856749311294766], "3/2/2016": [189.0, 0.002652519893899204], "3/3/2016": [182.5, -0.03439153439153439], "3/4/2016": [178.5, -0.021917808219178082], "3/7/2016": [180.5, 0.011204481792717087], "3/8/2016": [177.0, -0.019390581717451522], "3/9/2016": [173.0, -0.022598870056497175], "3/10/2016": [173.0, 0.0], "3/11/2016": [175.5, 0.014450867052023121], "3/14/2016": [177.0, 0.008547008547008548], "3/15/2016": [177.5, 0.002824858757062147], "3/16/2016": [184.0, 0.036619718309859155], "3/17/2016": [184.0, 0.0], "3/18/2016": [185.0, 0.005434782608695652], "3/21/2016": [189.5, 0.024324324324324326], "3/22/2016": [189.5, 0.0], "3/23/2016": [185.0, -0.023746701846965697], "3/24/2016": [185.5, 0.002702702702702703], "3/25/2016": [185.5, 0.0], "3/28/2016": [180.5, -0.026954177897574125], "3/29/2016": [180.0, -0.002770083102493075], "3/30/2016": [193.0, 0.07222222222222222], "3/31/2016": [195.5, 0.012953367875647668], "4/1/2016": [215.0, 0.09974424552429667], "4/6/2016": [234.0, 0.08837209302325581], "4/7/2016": [219.0, -0.0641025641025641], "4/8/2016": [223.0, 0.0182648401826484], "4/11/2016": [218.5, -0.020179372197309416], "4/12/2016": [212.0, -0.029748283752860413], "4/13/2016": [223.0, 0.05188679245283019], "4/14/2016": [221.0, -0.008968609865470852], "4/15/2016": [221.5, 0.0022624434389140274], "4/18/2016": [216.5, -0.022573363431151242], "4/19/2016": [212.5, -0.018475750577367205], "4/20/2016": [208.0, -0.021176470588235293], "4/21/2016": [213.0, 0.02403846153846154], "4/22/2016": [210.5, -0.011737089201877934], "4/25/2016": [206.0, -0.021377672209026127], "4/26/2016": [203.5, -0.012135922330097087], "4/27/2016": [199.0, -0.022113022113022112], "4/28/2016": [204.5, 0.02763819095477387], "4/29/2016": [193.0, -0.05623471882640587], "5/3/2016": [184.0, -0.046632124352331605], "5/4/2016": [188.0, 0.021739130434782608], "5/5/2016": [191.0, 0.015957446808510637], "5/6/2016": [193.0, 0.010471204188481676], "5/9/2016": [185.0, -0.04145077720207254], "5/10/2016": [193.0, 0.043243243243243246], "5/11/2016": [192.0, -0.0051813471502590676], "5/12/2016": [185.5, -0.033854166666666664], "5/13/2016": [192.0, 0.03504043126684636], "5/16/2016": [191.5, -0.0026041666666666665], "5/17/2016": [196.5, 0.02610966057441253], "5/18/2016": [211.0, 0.0737913486005089], "5/19/2016": [201.0, -0.04739336492890995], "5/20/2016": [199.0, -0.009950248756218905], "5/23/2016": [205.5, 0.032663316582914576], "5/24/2016": [202.0, -0.0170316301703163], "5/25/2016": [203.5, 0.007425742574257425], "5/26/2016": [208.0, 0.022113022113022112], "5/27/2016": [206.0, -0.009615384615384616], "5/30/2016": [209.0, 0.014563106796116505], "5/31/2016": [209.0, 0.0], "6/1/2016": [205.5, -0.01674641148325359], "6/2/2016": [202.5, -0.014598540145985401], "6/3/2016": [197.5, -0.024691358024691357], "6/4/2016": [191.0, -0.03291139240506329], "6/6/2016": [189.5, -0.007853403141361256], "6/7/2016": [193.5, 0.021108179419525065], "6/8/2016": [198.0, 0.023255813953488372], "6/13/2016": [194.5, -0.017676767676767676], "6/14/2016": [194.0, -0.002570694087403599], "6/15/2016": [196.0, 0.010309278350515464], "6/16/2016": [194.0, -0.01020408163265306], "6/17/2016": [203.0, 0.04639175257731959], "6/20/2016": [203.5, 0.0024630541871921183], "6/21/2016": [211.0, 0.036855036855036855], "6/22/2016": [215.0, 0.018957345971563982], "6/23/2016": [215.5, 0.002325581395348837], "6/24/2016": [209.0, -0.030162412993039442], "6/27/2016": [213.0, 0.019138755980861243], "6/28/2016": [223.0, 0.046948356807511735], "6/29/2016": [217.0, -0.026905829596412557], "6/30/2016": [218.0, 0.004608294930875576], "7/1/2016": [220.0, 0.009174311926605505], "7/4/2016": [222.5, 0.011363636363636364], "7/5/2016": [224.5, 0.008988764044943821], "7/6/2016": [219.0, -0.024498886414253896], "7/7/2016": [217.0, -0.0091324200913242], "7/11/2016": [216.0, -0.004608294930875576], "7/12/2016": [229.0, 0.06018518518518518], "7/13/2016": [227.0, -0.008733624454148471], "7/14/2016": [223.5, -0.015418502202643172], "7/15/2016": [227.0, 0.015659955257270694], "7/18/2016": [227.0, 0.0], "7/19/2016": [222.0, -0.022026431718061675], "7/20/2016": [220.5, -0.006756756756756757], "7/21/2016": [225.5, 0.022675736961451247], "7/22/2016": [225.0, -0.0022172949002217295], "7/25/2016": [222.0, -0.013333333333333334], "7/26/2016": [226.0, 0.018018018018018018], "7/27/2016": [226.0, 0.0], "7/28/2016": [220.0, -0.02654867256637168], "7/29/2016": [220.5, 0.0022727272727272726], "8/1/2016": [221.0, 0.0022675736961451248], "8/2/2016": [232.0, 0.049773755656108594], "8/3/2016": [239.5, 0.032327586206896554], "8/4/2016": [240.5, 0.0041753653444676405], "8/5/2016": [251.5, 0.04573804573804574], "8/8/2016": [250.0, -0.005964214711729622], "8/9/2016": [238.0, -0.048], "8/10/2016": [238.0, 0.0], "8/11/2016": [230.0, -0.03361344537815126], "8/12/2016": [232.0, 0.008695652173913044], "8/15/2016": [231.0, -0.004310344827586207], "8/16/2016": [231.5, 0.0021645021645021645], "8/17/2016": [230.0, -0.0064794816414686825], "8/18/2016": [238.0, 0.034782608695652174], "8/19/2016": [225.5, -0.052521008403361345], "8/22/2016": [220.5, -0.022172949002217297], "8/23/2016": [221.0, 0.0022675736961451248], "8/24/2016": [229.0, 0.03619909502262444], "8/25/2016": [227.5, -0.006550218340611353], "8/26/2016": [224.0, -0.015384615384615385], "8/29/2016": [221.5, -0.011160714285714286], "8/30/2016": [224.0, 0.011286681715575621], "8/31/2016": [225.5, 0.006696428571428571], "9/1/2016": [229.5, 0.017738359201773836], "9/2/2016": [227.0, -0.010893246187363835], "9/5/2016": [230.0, 0.013215859030837005], "9/6/2016": [231.5, 0.006521739130434782], "9/7/2016": [237.0, 0.023758099352051837], "9/8/2016": [239.5, 0.010548523206751054], "9/9/2016": [239.0, -0.0020876826722338203], "9/10/2016": [232.5, -0.027196652719665274], "9/12/2016": [237.0, 0.01935483870967742], "9/13/2016": [235.0, -0.008438818565400843], "9/14/2016": [240.0, 0.02127659574468085], "9/19/2016": [238.0, -0.008333333333333333], "9/20/2016": [241.0, 0.012605042016806723], "9/21/2016": [237.0, -0.016597510373443983], "9/22/2016": [237.5, 0.002109704641350211], "9/23/2016": [236.5, -0.004210526315789474], "9/26/2016": [237.5, 0.004228329809725159], "9/29/2016": [238.0, 0.002105263157894737], "9/30/2016": [235.0, -0.012605042016806723], "10/3/2016": [236.5, 0.006382978723404255], "10/4/2016": [226.0, -0.04439746300211417], "10/5/2016": [219.0, -0.030973451327433628], "10/6/2016": [219.0, 0.0], "10/7/2016": [220.5, 0.00684931506849315], "10/11/2016": [201.5, -0.08616780045351474],