{"1/4/2016": [360.0, ""], "1/5/2016": [353.5, -0.018055555555555554], "1/6/2016": [349.0, -0.01272984441301273], "1/7/2016": [343.5, -0.015759312320916905], "1/8/2016": [367.0, 0.06841339155749636], "1/11/2016": [362.0, -0.013623978201634877], "1/12/2016": [353.0, -0.024861878453038673], "1/13/2016": [355.5, 0.007082152974504249], "1/14/2016": [342.0, -0.0379746835443038], "1/15/2016": [342.0, 0.0], "1/18/2016": [349.0, 0.02046783625730994], "1/19/2016": [362.5, 0.03868194842406877], "1/20/2016": [352.5, -0.027586206896551724], "1/21/2016": [350.0, -0.0070921985815602835], "1/22/2016": [355.0, 0.014285714285714285], "1/25/2016": [356.5, 0.004225352112676056], "1/26/2016": [368.0, 0.03225806451612903], "1/27/2016": [365.0, -0.008152173913043478], "1/28/2016": [371.5, 0.01780821917808219], "1/29/2016": [384.0, 0.033647375504710635], "1/30/2016": [382.5, -0.00390625], "2/1/2016": [381.5, -0.00261437908496732], "2/2/2016": [371.0, -0.027522935779816515], "2/3/2016": [366.0, -0.013477088948787063], "2/15/2016": [366.5, 0.001366120218579235], "2/16/2016": [366.5, 0.0], "2/17/2016": [365.0, -0.004092769440654843], "2/18/2016": [370.0, 0.0136986301369863], "2/19/2016": [375.0, 0.013513513513513514], "2/22/2016": [361.0, -0.037333333333333336], "2/23/2016": [351.0, -0.027700831024930747], "2/24/2016": [342.0, -0.02564102564102564], "2/25/2016": [345.0, 0.008771929824561403], "2/26/2016": [349.0, 0.011594202898550725], "3/1/2016": [368.0, 0.054441260744985676], "3/2/2016": [369.0, 0.002717391304347826], "3/3/2016": [364.0, -0.013550135501355014], "3/4/2016": [367.0, 0.008241758241758242], "3/7/2016": [365.5, -0.004087193460490463], "3/8/2016": [365.0, -0.0013679890560875513], "3/9/2016": [373.0, 0.021917808219178082], "3/10/2016": [376.5, 0.00938337801608579], "3/11/2016": [374.0, -0.006640106241699867], "3/14/2016": [370.5, -0.009358288770053475], "3/15/2016": [368.0, -0.006747638326585695], "3/16/2016": [369.5, 0.004076086956521739], "3/17/2016": [361.0, -0.023004059539918808], "3/18/2016": [364.0, 0.008310249307479225], "3/21/2016": [372.0, 0.02197802197802198], "3/22/2016": [366.0, -0.016129032258064516], "3/23/2016": [367.5, 0.004098360655737705], "3/24/2016": [367.0, -0.0013605442176870747], "3/25/2016": [365.5, -0.004087193460490463], "3/28/2016": [361.5, -0.01094391244870041], "3/29/2016": [359.0, -0.006915629322268326], "3/30/2016": [364.5, 0.01532033426183844], "3/31/2016": [372.0, 0.0205761316872428], "4/1/2016": [370.0, -0.005376344086021506], "4/6/2016": [375.0, 0.013513513513513514], "4/7/2016": [374.5, -0.0013333333333333333], "4/8/2016": [373.5, -0.0026702269692923898], "4/11/2016": [368.5, -0.013386880856760375], "4/12/2016": [364.0, -0.012211668928086838], "4/13/2016": [374.0, 0.027472527472527472], "4/14/2016": [374.0, 0.0], "4/15/2016": [373.0, -0.00267379679144385], "4/18/2016": [374.0, 0.002680965147453083], "4/19/2016": [374.0, 0.0], "4/20/2016": [365.0, -0.02406417112299465], "4/21/2016": [357.5, -0.02054794520547945], "4/22/2016": [350.0, -0.02097902097902098], "4/25/2016": [358.0, 0.022857142857142857], "4/26/2016": [358.5, 0.0013966480446927375], "4/27/2016": [360.0, 0.0041841004184100415], "4/28/2016": [357.0, -0.008333333333333333], "4/29/2016": [354.0, -0.008403361344537815], "5/3/2016": [357.5, 0.009887005649717515], "5/4/2016": [354.0, -0.009790209790209791], "5/5/2016": [356.5, 0.007062146892655367], "5/6/2016": [345.0, -0.03225806451612903], "5/9/2016": [311.0, -0.09855072463768116], "5/10/2016": [335.0, 0.07717041800643087], "5/11/2016": [318.0, -0.050746268656716415], "5/12/2016": [323.0, 0.015723270440251572], "5/13/2016": [326.0, 0.009287925696594427], "5/16/2016": [327.0, 0.003067484662576687], "5/17/2016": [329.0, 0.0061162079510703364], "5/18/2016": [329.0, 0.0], "5/19/2016": [319.5, -0.028875379939209727], "5/20/2016": [316.5, -0.009389671361502348], "5/23/2016": [325.0, 0.026856240126382307], "5/24/2016": [325.0, 0.0], "5/25/2016": [326.0, 0.003076923076923077], "5/26/2016": [325.0, -0.003067484662576687], "5/27/2016": [324.5, -0.0015384615384615385], "5/30/2016": [330.0, 0.01694915254237288], "5/31/2016": [327.5, -0.007575757575757576], "6/1/2016": [318.0, -0.02900763358778626], "6/2/2016": [315.0, -0.009433962264150943], "6/3/2016": [319.5, 0.014285714285714285], "6/4/2016": [321.0, 0.004694835680751174], "6/6/2016": [321.5, 0.001557632398753894], "6/7/2016": [328.5, 0.02177293934681182], "6/8/2016": [327.0, -0.0045662100456621], "6/13/2016": [327.0, 0.0], "6/14/2016": [328.0, 0.0030581039755351682], "6/15/2016": [325.0, -0.009146341463414634], "6/16/2016": [324.5, -0.0015384615384615385], "6/17/2016": [324.5, 0.0], "6/20/2016": [329.0, 0.01386748844375963], "6/21/2016": [330.5, 0.004559270516717325], "6/22/2016": [330.5, 0.0], "6/23/2016": [328.0, -0.007564296520423601], "6/24/2016": [324.0, -0.012195121951219513], "6/27/2016": [317.0, -0.021604938271604937], "6/28/2016": [318.0, 0.0031545741324921135], "6/29/2016": [321.0, 0.009433962264150943], "6/30/2016": [318.0, -0.009345794392523364], "7/1/2016": [317.0, -0.0031446540880503146], "7/4/2016": [314.0, -0.00946372239747634], "7/5/2016": [312.0, -0.006369426751592357], "7/6/2016": [301.5, -0.03365384615384615], "7/7/2016": [302.5, 0.003316749585406302], "7/11/2016": [299.5, -0.009917355371900827], "7/12/2016": [298.0, -0.005008347245409015], "7/13/2016": [303.0, 0.016778523489932886], "7/14/2016": [299.5, -0.01155115511551155], "7/15/2016": [303.0, 0.011686143572621035], "7/18/2016": [323.0, 0.066006600660066], "7/19/2016": [321.0, -0.006191950464396285], "7/20/2016": [318.5, -0.00778816199376947], "7/21/2016": [317.0, -0.004709576138147566], "7/22/2016": [317.0, 0.0], "7/25/2016": [312.0, -0.015772870662460567], "7/26/2016": [317.0, 0.016025641025641024], "7/27/2016": [318.5, 0.00473186119873817], "7/28/2016": [316.5, -0.006279434850863423], "7/29/2016": [320.5, 0.01263823064770932], "8/1/2016": [324.0, 0.0109204368174727], "8/2/2016": [323.5, -0.0015432098765432098], "8/3/2016": [324.0, 0.0015455950540958269], "8/4/2016": [327.0, 0.009259259259259259], "8/5/2016": [329.0, 0.0061162079510703364], "8/8/2016": [325.0, -0.0121580547112462], "8/9/2016": [324.0, -0.003076923076923077], "8/10/2016": [328.5, 0.013888888888888888], "8/11/2016": [329.0, 0.0015220700152207], "8/12/2016": [328.0, -0.00303951367781155], "8/15/2016": [327.0, -0.003048780487804878], "8/16/2016": [327.5, 0.0015290519877675841], "8/17/2016": [327.5, 0.0], "8/18/2016": [329.0, 0.004580152671755725], "8/19/2016": [329.0, 0.0], "8/22/2016": [328.5, -0.001519756838905775], "8/23/2016": [328.0, -0.0015220700152207], "8/24/2016": [323.0, -0.01524390243902439], "8/25/2016": [323.0, 0.0], "8/26/2016": [322.5, -0.0015479876160990713], "8/29/2016": [330.0, 0.023255813953488372], "8/30/2016": [332.0, 0.006060606060606061], "8/31/2016": [330.0, -0.006024096385542169], "9/1/2016": [327.5, -0.007575757575757576], "9/2/2016": [326.0, -0.004580152671755725], "9/5/2016": [328.5, 0.007668711656441718], "9/6/2016": [326.5, -0.0060882800608828], "9/7/2016": [327.5, 0.0030627871362940277], "9/8/2016": [341.0, 0.04122137404580153], "9/9/2016": [336.0, -0.01466275659824047], "9/10/2016": [330.5, -0.01636904761904762], "9/12/2016": [334.0, 0.01059001512859304], "9/13/2016": [335.5, 0.004491017964071856], "9/14/2016": [337.5, 0.005961251862891207], "9/19/2016": [338.5, 0.002962962962962963], "9/20/2016": [340.0, 0.004431314623338257], "9/21/2016": [338.0, -0.0058823529411764705], "9/22/2016": [337.0, -0.0029585798816568047], "9/23/2016": [341.0, 0.011869436201780416], "9/26/2016": [339.0, -0.005865102639296188], "9/29/2016": [338.5, -0.0014749262536873156], "9/30/2016": [335.0, -0.0103397341211226], "10/3/2016": [334.5, -0.0014925373134328358], "10/4/2016": [334.5, 0.0], "10/5/2016": [335.0, 0.0014947683109118087], "10/6/2016": [338.0, 0.008955223880597015], "10/7/2016": [335.0, -0.008875739644970414], "10/11/2016": [333.5, -0.004477611940298508], "10/12/2016": [337.5, 0.01199400299850075],