{"1/4/2016": [13.15, ""], "1/5/2016": [13.1, -0.0038022813688213465], "1/6/2016": [12.85, -0.019083969465648856], "1/7/2016": [12.45, -0.03112840466926073], "1/8/2016": [12.45, 0.0], "1/11/2016": [12.05, -0.032128514056224786], "1/12/2016": [12.0, -0.004149377593361055], "1/13/2016": [11.65, -0.029166666666666636], "1/14/2016": [11.15, -0.04291845493562232], "1/15/2016": [11.1, -0.004484304932735489], "1/18/2016": [11.6, 0.04504504504504505], "1/19/2016": [12.1, 0.04310344827586207], "1/20/2016": [11.9, -0.016528925619834652], "1/21/2016": [12.1, 0.01680672268907557], "1/22/2016": [11.85, -0.02066115702479339], "1/25/2016": [11.9, 0.004219409282700482], "1/26/2016": [11.85, -0.004201680672268967], "1/27/2016": [11.7, -0.012658227848101297], "1/28/2016": [11.95, 0.021367521367521368], "1/29/2016": [11.9, -0.004184100418409953], "1/30/2016": [12.3, 0.03361344537815129], "2/1/2016": [12.3, 0.0], "2/2/2016": [12.1, -0.0162601626016261], "2/3/2016": [11.85, -0.02066115702479339], "2/15/2016": [11.9, 0.004219409282700482], "2/16/2016": [12.0, 0.008403361344537785], "2/17/2016": [11.9, -0.008333333333333304], "2/18/2016": [12.0, 0.008403361344537785], "2/19/2016": [12.35, 0.029166666666666636], "2/22/2016": [12.4, 0.004048582995951474], "2/23/2016": [12.3, -0.008064516129032228], "2/24/2016": [12.2, -0.008130081300813123], "2/25/2016": [12.15, -0.0040983606557376175], "2/26/2016": [12.1, -0.004115226337448618], "3/1/2016": [12.4, 0.024793388429752126], "3/2/2016": [12.5, 0.008064516129032228], "3/3/2016": [13.75, 0.1], "3/4/2016": [13.65, -0.007272727272727247], "3/7/2016": [13.6, -0.003663003663003715], "3/8/2016": [13.65, 0.0036764705882353465], "3/9/2016": [13.3, -0.025641025641025616], "3/10/2016": [13.75, 0.033834586466165356], "3/11/2016": [13.95, 0.014545454545454493], "3/14/2016": [13.9, -0.0035842293906809273], "3/15/2016": [13.05, -0.06115107913669062], "3/16/2016": [13.3, 0.019157088122605363], "3/17/2016": [13.25, -0.0037593984962406546], "3/18/2016": [13.75, 0.03773584905660377], "3/21/2016": [13.75, 0.0], "3/22/2016": [13.5, -0.01818181818181818], "3/23/2016": [13.35, -0.011111111111111138], "3/24/2016": [13.0, -0.02621722846441945], "3/25/2016": [12.8, -0.01538461538461533], "3/28/2016": [12.55, -0.01953125], "3/29/2016": [12.35, -0.015936254980079764], "3/30/2016": [12.45, 0.008097165991902806], "3/31/2016": [12.25, -0.016064257028112393], "4/1/2016": [12.35, 0.00816326530612242], "4/6/2016": [12.55, 0.016194331983805755], "4/7/2016": [12.65, 0.007968127490039813], "4/8/2016": [12.65, 0.0], "4/11/2016": [12.6, -0.00395256916996053], "4/12/2016": [12.25, -0.027777777777777752], "4/13/2016": [12.3, 0.004081632653061282], "4/14/2016": [12.2, -0.008130081300813123], "4/15/2016": [12.1, -0.00819672131147538], "4/18/2016": [11.85, -0.02066115702479339], "4/19/2016": [11.9, 0.004219409282700482], "4/20/2016": [11.95, 0.004201680672268818], "4/21/2016": [11.9, -0.004184100418409953], "4/22/2016": [11.65, -0.021008403361344536], "4/25/2016": [11.7, 0.00429184549356214], "4/26/2016": [11.85, 0.012820512820512851], "4/27/2016": [11.75, -0.008438818565400814], "4/28/2016": [11.45, -0.025531914893617082], "4/29/2016": [11.4, -0.004366812227074143], "5/3/2016": [11.0, -0.03508771929824565], "5/4/2016": [10.25, -0.06818181818181818], "5/5/2016": [10.7, 0.04390243902439017], "5/6/2016": [10.45, -0.023364485981308414], "5/9/2016": [10.3, -0.014354066985645798], "5/10/2016": [10.45, 0.014563106796116367], "5/11/2016": [10.5, 0.004784688995215379], "5/12/2016": [10.3, -0.01904761904761898], "5/13/2016": [10.25, -0.004854368932038904], "5/16/2016": [10.3, 0.004878048780487874], "5/17/2016": [10.25, -0.004854368932038904], "5/18/2016": [10.25, 0.0], "5/19/2016": [10.1, -0.014634146341463448], "5/20/2016": [10.25, 0.014851485148514887], "5/23/2016": [10.5, 0.024390243902439025], "5/24/2016": [10.35, -0.01428571428571432], "5/25/2016": [10.4, 0.004830917874396204], "5/26/2016": [11.4, 0.09615384615384615], "5/27/2016": [11.15, -0.021929824561403508], "5/30/2016": [11.9, 0.06726457399103139], "5/31/2016": [11.85, -0.004201680672268967], "6/1/2016": [11.6, -0.02109704641350211], "6/2/2016": [11.45, -0.012931034482758652], "6/3/2016": [11.75, 0.02620087336244548], "6/4/2016": [11.65, -0.00851063829787231], "6/6/2016": [11.2, -0.03862660944206018], "6/7/2016": [11.2, 0.0], "6/8/2016": [11.4, 0.017857142857142953], "6/13/2016": [10.9, -0.043859649122807015], "6/14/2016": [11.0, 0.009174311926605472], "6/15/2016": [10.95, -0.00454545454545461], "6/16/2016": [10.85, -0.00913242009132417], "6/17/2016": [10.9, 0.004608294930875642], "6/20/2016": [11.45, 0.050458715596330174], "6/21/2016": [11.4, -0.004366812227074143], "6/22/2016": [11.2, -0.0175438596491229], "6/23/2016": [11.2, 0.0], "6/24/2016": [10.85, -0.03124999999999997], "6/27/2016": [11.15, 0.027649769585253524], "6/28/2016": [12.25, 0.09865470852017934], "6/29/2016": [12.7, 0.03673469387755096], "6/30/2016": [12.6, -0.007874015748031468], "7/1/2016": [12.8, 0.01587301587301596], "7/4/2016": [12.9, 0.007812499999999972], "7/5/2016": [12.45, -0.03488372093023264], "7/6/2016": [12.6, 0.012048192771084366], "7/7/2016": [12.55, -0.003968253968253884], "7/11/2016": [12.5, -0.003984063745019977], "7/12/2016": [12.6, 0.007999999999999972], "7/13/2016": [12.3, -0.023809523809523725], "7/14/2016": [12.35, 0.004065040650406417], "7/15/2016": [12.35, 0.0], "7/18/2016": [12.35, 0.0], "7/19/2016": [12.3, -0.004048582995951331], "7/20/2016": [12.45, 0.012195121951219396], "7/21/2016": [12.55, 0.008032128514056339], "7/22/2016": [12.5, -0.003984063745019977], "7/25/2016": [12.7, 0.015999999999999945], "7/26/2016": [13.95, 0.0984251968503937], "7/27/2016": [13.75, -0.014336917562723964], "7/28/2016": [13.5, -0.01818181818181818], "7/29/2016": [13.85, 0.0259259259259259], "8/1/2016": [13.4, -0.032490974729241826], "8/2/2016": [13.45, 0.00373134328358201], "8/3/2016": [13.65, 0.014869888475836512], "8/4/2016": [13.95, 0.0219780219780219], "8/5/2016": [13.6, -0.025089605734767], "8/8/2016": [13.45, -0.011029411764705909], "8/9/2016": [13.05, -0.029739776951672757], "8/10/2016": [12.85, -0.015325670498084372], "8/11/2016": [12.35, -0.038910505836575876], "8/12/2016": [12.35, 0.0], "8/15/2016": [12.4, 0.004048582995951474], "8/16/2016": [12.4, 0.0], "8/17/2016": [12.2, -0.016129032258064602], "8/18/2016": [12.4, 0.016393442622950907], "8/19/2016": [12.75, 0.028225806451612875], "8/22/2016": [12.4, -0.027450980392156835], "8/23/2016": [12.5, 0.008064516129032228], "8/24/2016": [12.4, -0.007999999999999972], "8/25/2016": [12.3, -0.008064516129032228], "8/26/2016": [12.5, 0.01626016260162596], "8/29/2016": [12.4, -0.007999999999999972], "8/30/2016": [12.3, -0.008064516129032228], "8/31/2016": [12.45, 0.012195121951219396], "9/1/2016": [12.35, -0.008032128514056196], "9/2/2016": [12.55, 0.016194331983805755], "9/5/2016": [13.8, 0.099601593625498], "9/6/2016": [14.4, 0.04347826086956519], "9/7/2016": [14.35, -0.0034722222222222715], "9/8/2016": [14.35, 0.0], "9/9/2016": [14.35, 0.0], "9/10/2016": [14.4, 0.0034843205574913386], "9/12/2016": [14.35, -0.0034722222222222715], "9/13/2016": [14.35, 0.0], "9/14/2016": [14.4, 0.0034843205574913386], "9/19/2016": [14.35, -0.0034722222222222715], "9/20/2016": [14.4, 0.0034843205574913386], "9/21/2016": [14.35, -0.0034722222222222715], "9/22/2016": [14.35, 0.0], "9/23/2016": [14.4, 0.0034843205574913386], "9/26/2016": [14.4, 0.0], "9/29/2016": [14.4, 0.0], "9/30/2016": [14.4, 0.0], "10/3/2016": [14.4, 0.0], "10/4/2016": [14.45, 0.0034722222222221483], "10/5/2016": [14.4, -0.003460207612456674], "10/6/2016": [14.4, 0.0], "10/7/2016": [14.4, 0.0], "10/11/2016": [14.4, 0.0], "10/12/2016": [14.4, 0.0], "10/13/2016": [14.4, 0.0], "10/14/2016": [14.4, 0.0], "10/17/2016": [14.4, 0.0], "10/18/2016": [14.4, 0.0], "10/19/2016": [14.4, 0.0], "10/20/2016": [14.4, 0.0], "10/21/2016": [14.4, 0.0], "10/24/2016": [14.1, -0.02083333333333338], "10/25/2016": [13.95, -0.010638297872340451],