{"1/4/2016": [8.09, ""], "1/5/2016": [8.1, 0.0012360939431396523], "1/6/2016": [8.05, -0.006172839506172708], "1/7/2016": [7.89, -0.019875776397515654], "1/8/2016": [8.0, 0.01394169835234478], "1/11/2016": [7.81, -0.02375000000000005], "1/12/2016": [7.81, 0.0], "1/13/2016": [7.79, -0.0025608194622278586], "1/14/2016": [7.52, -0.03465982028241341], "1/15/2016": [7.33, -0.025265957446808446], "1/18/2016": [7.43, 0.013642564802182762], "1/19/2016": [7.49, 0.00807537012113062], "1/20/2016": [7.65, 0.021361815754339136], "1/21/2016": [7.68, 0.003921568627450896], "1/22/2016": [7.66, -0.0026041666666666114], "1/25/2016": [7.71, 0.00652741514360311], "1/26/2016": [7.71, 0.0], "1/27/2016": [7.76, 0.006485084306095956], "1/28/2016": [7.82, 0.007731958762886662], "1/29/2016": [7.89, 0.00895140664961629], "1/30/2016": [7.95, 0.007604562737642649], "2/1/2016": [7.96, 0.001257861635220099], "2/2/2016": [7.95, -0.001256281407035149], "2/3/2016": [7.89, -0.007547169811320817], "2/15/2016": [7.87, -0.002534854245880808], "2/16/2016": [7.96, 0.011435832274459956], "2/17/2016": [7.98, 0.00251256281407041], "2/18/2016": [8.01, 0.003759398496240521], "2/19/2016": [8.0, -0.001248439450686615], "2/22/2016": [8.04, 0.004999999999999893], "2/23/2016": [8.1, 0.007462686567164241], "2/24/2016": [8.05, -0.006172839506172708], "2/25/2016": [8.06, 0.0012422360248446939], "2/26/2016": [8.33, 0.033498759305210866], "3/1/2016": [8.33, 0.0], "3/2/2016": [8.32, -0.001200480192076805], "3/3/2016": [8.36, 0.004807692307692205], "3/4/2016": [8.41, 0.005980861244019224], "3/7/2016": [8.84, 0.051129607609988074], "3/8/2016": [9.15, 0.03506787330316748], "3/9/2016": [8.89, -0.02841530054644806], "3/10/2016": [8.85, -0.004499437570303816], "3/11/2016": [8.75, -0.011299435028248548], "3/14/2016": [8.85, 0.011428571428571389], "3/15/2016": [8.51, -0.038418079096045187], "3/16/2016": [8.66, 0.017626321974148103], "3/17/2016": [8.58, -0.009237875288683611], "3/18/2016": [8.78, 0.02331002331002323], "3/21/2016": [8.69, -0.010250569476081989], "3/22/2016": [8.74, 0.005753739930955203], "3/23/2016": [8.7, -0.004576659038901708], "3/24/2016": [8.62, -0.009195402298850583], "3/25/2016": [8.57, -0.005800464037122846], "3/28/2016": [8.5, -0.008168028004667477], "3/29/2016": [8.29, -0.024705882352941275], "3/30/2016": [8.4, 0.013268998793727529], "3/31/2016": [8.3, -0.011904761904761862], "4/1/2016": [8.32, 0.002409638554216816], "4/6/2016": [8.14, -0.02163461538461535], "4/7/2016": [8.15, 0.0012285012285012022], "4/8/2016": [8.2, 0.006134969325153243], "4/11/2016": [8.1, -0.01219512195121947], "4/12/2016": [7.85, -0.0308641975308642], "4/13/2016": [7.98, 0.016560509554140228], "4/14/2016": [8.03, 0.006265664160400869], "4/15/2016": [8.02, -0.0012453300124532737], "4/18/2016": [8.02, 0.0], "4/19/2016": [8.01, -0.0012468827930174299], "4/20/2016": [8.07, 0.007490636704119913], "4/21/2016": [8.21, 0.01734820322180924], "4/22/2016": [8.06, -0.018270401948842916], "4/25/2016": [8.05, -0.0012406947890818594], "4/26/2016": [8.1, 0.006211180124223469], "4/27/2016": [8.05, -0.006172839506172708], "4/28/2016": [7.95, -0.01242236024844727], "4/29/2016": [7.89, -0.007547169811320817], "5/3/2016": [7.76, -0.01647655259822559], "5/4/2016": [7.63, -0.016752577319587614], "5/5/2016": [7.55, -0.010484927916120585], "5/6/2016": [7.56, 0.00132450331125825], "5/9/2016": [7.54, -0.0026455026455025894], "5/10/2016": [7.54, 0.0], "5/11/2016": [7.52, -0.0026525198938992657], "5/12/2016": [7.5, -0.00265957446808505], "5/13/2016": [7.4, -0.013333333333333286], "5/16/2016": [7.22, -0.024324324324324405], "5/17/2016": [7.38, 0.02216066481994462], "5/18/2016": [7.34, -0.005420054200542011], "5/19/2016": [7.33, -0.0013623978201634586], "5/20/2016": [7.3, -0.004092769440654877], "5/23/2016": [7.38, 0.010958904109589052], "5/24/2016": [7.38, 0.0], "5/25/2016": [7.42, 0.005420054200542011], "5/26/2016": [7.38, -0.005390835579514829], "5/27/2016": [7.37, -0.0013550135501354725], "5/30/2016": [7.41, 0.005427408412483044], "5/31/2016": [7.38, -0.004048582995951451], "6/1/2016": [7.46, 0.010840108401084021], "6/2/2016": [7.33, -0.017426273458445028], "6/3/2016": [7.25, -0.010914051841746257], "6/4/2016": [7.13, -0.01655172413793105], "6/6/2016": [7.0, -0.018232819074333786], "6/7/2016": [7.03, 0.0042857142857143215], "6/8/2016": [7.01, -0.0028449502133713316], "6/13/2016": [6.81, -0.028530670470756088], "6/14/2016": [7.02, 0.03083700440528634], "6/15/2016": [6.96, -0.008547008547008492], "6/16/2016": [6.95, -0.0014367816091953717], "6/17/2016": [6.71, -0.03453237410071945], "6/20/2016": [6.87, 0.02384500745156485], "6/21/2016": [6.91, 0.005822416302765653], "6/22/2016": [6.9, -0.001447178002894325], "6/23/2016": [6.87, -0.004347826086956557], "6/24/2016": [6.77, -0.014556040756914197], "6/27/2016": [6.76, -0.0014771048744460543], "6/28/2016": [6.77, 0.0014792899408283709], "6/29/2016": [6.86, 0.013293943870014882], "6/30/2016": [6.91, 0.007288629737609303], "7/1/2016": [6.94, 0.004341534008683104], "7/4/2016": [6.98, 0.005763688760806921], "7/5/2016": [7.07, 0.012893982808022902], "7/6/2016": [6.93, -0.019801980198019882], "7/7/2016": [7.0, 0.010101010101010142], "7/11/2016": [6.94, -0.008571428571428516], "7/12/2016": [6.91, -0.004322766570605223], "7/13/2016": [7.28, 0.05354558610709119], "7/14/2016": [7.28, 0.0], "7/15/2016": [7.25, -0.004120879120879155], "7/18/2016": [7.33, 0.0110344827586207], "7/19/2016": [7.26, -0.009549795361528005], "7/20/2016": [7.28, 0.0027548209366391823], "7/21/2016": [7.32, 0.005494505494505499], "7/22/2016": [7.28, -0.005464480874316944], "7/25/2016": [7.32, 0.005494505494505499], "7/26/2016": [7.32, 0.0], "7/27/2016": [7.26, -0.008196721311475478], "7/28/2016": [7.98, 0.09917355371900835], "7/29/2016": [7.89, -0.011278195488721898], "8/1/2016": [7.84, -0.006337135614702133], "8/2/2016": [7.99, 0.019132653061224535], "8/3/2016": [7.93, -0.007509386733416833], "8/4/2016": [7.87, -0.007566204287515714], "8/5/2016": [7.97, 0.012706480304955482], "8/8/2016": [7.88, -0.011292346298619808], "8/9/2016": [7.8, -0.0101522842639594], "8/10/2016": [7.79, -0.0012820512820512547], "8/11/2016": [7.75, -0.005134788189987168], "8/12/2016": [7.78, 0.003870967741935516], "8/15/2016": [7.58, -0.02570694087403601], "8/16/2016": [7.5, -0.010554089709762543], "8/17/2016": [7.66, 0.021333333333333353], "8/18/2016": [7.66, 0.0], "8/19/2016": [7.78, 0.015665796344647532], "8/22/2016": [7.7, -0.010282776349614406], "8/23/2016": [7.67, -0.003896103896103928], "8/24/2016": [7.68, 0.0013037809647978862], "8/25/2016": [7.76, 0.010416666666666676], "8/26/2016": [7.73, -0.0038659793814432167], "8/29/2016": [7.72, -0.0012936610608021571], "8/30/2016": [7.71, -0.0012953367875647393], "8/31/2016": [7.8, 0.011673151750972744], "9/1/2016": [7.73, -0.008974358974358897], "9/2/2016": [7.62, -0.014230271668822809], "9/5/2016": [7.65, 0.003937007874015781], "9/6/2016": [7.65, 0.0], "9/7/2016": [7.62, -0.003921568627451012], "9/8/2016": [7.68, 0.007874015748031444], "9/9/2016": [7.68, 0.0], "9/10/2016": [7.65, -0.0039062499999999167], "9/12/2016": [7.6, -0.006535947712418394], "9/13/2016": [7.56, -0.005263157894736847], "9/14/2016": [7.58, 0.002645502645502707], "9/19/2016": [7.6, 0.0026385224274405768], "9/20/2016": [7.65, 0.006578947368421147], "9/21/2016": [7.7, 0.006535947712418277], "9/22/2016": [7.65, -0.0064935064935064705], "9/23/2016": [7.7, 0.006535947712418277], "9/26/2016": [7.62, -0.010389610389610398], "9/29/2016": [7.66, 0.005249343832021002], "9/30/2016": [7.65, -0.0013054830287205987], "10/3/2016": [7.65, 0.0], "10/4/2016": [7.62, -0.003921568627451012], "10/5/2016": [7.53, -0.011811023622047225], "10/6/2016": [7.53, 0.0], "10/7/2016": [7.57, 0.005312084993359899], "10/11/2016": [7.46, -0.014531043593130821], "10/12/2016": [7.34, -0.016085790884718513], "10/13/2016": [7.28, -0.008174386920980874], "10/14/2016": [7.0, -0.03846153846153849], "10/17/2016": [7.05, 0.0071428571428571175], "10/18/2016": [7.22, 0.024113475177304954],