{"1/4/2016": [67.3, ""], "1/5/2016": [65.5, -0.0267459138187221], "1/6/2016": [63.0, -0.03816793893129771], "1/7/2016": [61.0, -0.031746031746031744], "1/8/2016": [59.8, -0.01967213114754103], "1/11/2016": [57.6, -0.03678929765886281], "1/12/2016": [58.5, 0.015624999999999976], "1/13/2016": [58.6, 0.0017094017094017337], "1/14/2016": [56.8, -0.030716723549488126], "1/15/2016": [57.5, 0.012323943661971882], "1/18/2016": [59.7, 0.03826086956521744], "1/19/2016": [59.4, -0.005025125628140775], "1/20/2016": [57.5, -0.031986531986531966], "1/21/2016": [58.5, 0.017391304347826087], "1/22/2016": [58.3, -0.0034188034188034674], "1/25/2016": [60.0, 0.02915951972555751], "1/26/2016": [59.4, -0.010000000000000024], "1/27/2016": [59.0, -0.00673400673400671], "1/28/2016": [59.7, 0.011864406779661066], "1/29/2016": [60.4, 0.011725293132328236], "1/30/2016": [60.8, 0.006622516556291367], "2/1/2016": [61.8, 0.01644736842105263], "2/2/2016": [61.7, -0.0016181229773461865], "2/3/2016": [60.7, -0.01620745542949757], "2/15/2016": [60.5, -0.0032948929159802775], "2/16/2016": [60.8, 0.004958677685950366], "2/17/2016": [61.3, 0.008223684210526315], "2/18/2016": [61.5, 0.0032626427406199487], "2/19/2016": [61.5, 0.0], "2/22/2016": [61.8, 0.004878048780487759], "2/23/2016": [65.0, 0.05177993527508096], "2/24/2016": [65.1, 0.001538461538461451], "2/25/2016": [64.1, -0.015360983102918589], "2/26/2016": [64.8, 0.010920436817472744], "3/1/2016": [65.0, 0.003086419753086464], "3/2/2016": [65.5, 0.007692307692307693], "3/3/2016": [66.1, 0.009160305343511364], "3/4/2016": [66.0, -0.0015128593040846343], "3/7/2016": [66.5, 0.007575757575757576], "3/8/2016": [65.5, -0.015037593984962405], "3/9/2016": [65.5, 0.0], "3/10/2016": [64.8, -0.010687022900763402], "3/11/2016": [65.5, 0.010802469135802514], "3/14/2016": [65.0, -0.007633587786259542], "3/15/2016": [64.0, -0.015384615384615385], "3/16/2016": [62.2, -0.028124999999999956], "3/17/2016": [62.0, -0.0032154340836013317], "3/18/2016": [62.2, 0.003225806451612949], "3/21/2016": [62.1, -0.0016077170418006658], "3/22/2016": [62.3, 0.0032206119162640216], "3/23/2016": [62.1, -0.0032102728731941534], "3/24/2016": [62.2, 0.0016103059581320679], "3/25/2016": [62.2, 0.0], "3/28/2016": [62.3, 0.0016077170418005516], "3/29/2016": [61.7, -0.009630818619582574], "3/30/2016": [62.4, 0.011345218800648229], "3/31/2016": [62.4, 0.0], "4/1/2016": [62.0, -0.0064102564102563875], "4/6/2016": [63.3, 0.020967741935483824], "4/7/2016": [62.8, -0.007898894154818327], "4/8/2016": [62.1, -0.011146496815286558], "4/11/2016": [62.0, -0.0016103059581320679], "4/12/2016": [61.8, -0.003225806451612949], "4/13/2016": [62.1, 0.004854368932038904], "4/14/2016": [62.2, 0.0016103059581320679], "4/15/2016": [61.7, -0.008038585209003215], "4/18/2016": [62.1, 0.006482982171799004], "4/19/2016": [61.8, -0.0048309178743962036], "4/20/2016": [60.9, -0.014563106796116483], "4/21/2016": [60.6, -0.00492610837438419], "4/22/2016": [60.2, -0.006600660066006577], "4/25/2016": [60.0, -0.0033222591362126715], "4/26/2016": [60.2, 0.003333333333333381], "4/27/2016": [59.8, -0.006644518272425343], "4/28/2016": [60.0, 0.003344481605351218], "4/29/2016": [59.9, -0.0016666666666666904], "5/3/2016": [59.7, -0.003338898163605939], "5/4/2016": [59.8, 0.0016750418760468058], "5/5/2016": [60.1, 0.005016722408026827], "5/6/2016": [60.0, -0.0016638935108153315], "5/9/2016": [59.8, -0.003333333333333381], "5/10/2016": [62.0, 0.03678929765886293], "5/11/2016": [62.0, 0.0], "5/12/2016": [62.6, 0.009677419354838733], "5/13/2016": [63.2, 0.009584664536741236], "5/16/2016": [63.2, 0.0], "5/17/2016": [63.7, 0.00791139240506329], "5/18/2016": [63.2, -0.007849293563579277], "5/19/2016": [61.9, -0.020569620253164625], "5/20/2016": [62.0, 0.0016155088852988922], "5/23/2016": [62.3, 0.004838709677419309], "5/24/2016": [62.4, 0.0016051364365971337], "5/25/2016": [62.5, 0.0016025641025641253], "5/26/2016": [62.6, 0.0016000000000000228], "5/27/2016": [62.3, -0.004792332268370675], "5/30/2016": [62.7, 0.006420545746388535], "5/31/2016": [62.8, 0.0015948963317383464], "6/1/2016": [64.3, 0.02388535031847134], "6/2/2016": [63.8, -0.007776049766718507], "6/3/2016": [64.9, 0.017241379310344963], "6/4/2016": [65.3, 0.006163328197226371], "6/6/2016": [64.7, -0.009188361408881997], "6/7/2016": [65.1, 0.006182380216383176], "6/8/2016": [64.7, -0.006144393241167305], "6/13/2016": [64.3, -0.006182380216383395], "6/14/2016": [63.5, -0.012441679626749568], "6/15/2016": [64.0, 0.007874015748031496], "6/16/2016": [63.9, -0.0015625000000000222], "6/17/2016": [64.2, 0.004694835680751241], "6/20/2016": [64.4, 0.0031152647975078323], "6/21/2016": [65.8, 0.021739130434782473], "6/22/2016": [65.3, -0.007598784194528876], "6/23/2016": [65.4, 0.0015313935681471444], "6/24/2016": [64.6, -0.012232415902140846], "6/27/2016": [65.8, 0.0185758513931889], "6/28/2016": [68.2, 0.03647416413373869], "6/29/2016": [68.0, -0.0029325513196481355], "6/30/2016": [67.4, -0.008823529411764622], "7/1/2016": [67.8, 0.00593471810089008], "7/4/2016": [68.1, 0.004424778761061905], "7/5/2016": [67.3, -0.011747430249632852], "7/6/2016": [66.5, -0.011887072808320909], "7/7/2016": [66.9, 0.006015037593985048], "7/11/2016": [67.5, 0.008968609865470767], "7/12/2016": [68.3, 0.01185185185185181], "7/13/2016": [68.5, 0.0029282576866764692], "7/14/2016": [68.0, -0.0072992700729927005], "7/15/2016": [68.9, 0.013235294117647142], "7/18/2016": [69.5, 0.008708272859216172], "7/19/2016": [69.7, 0.0028776978417266595], "7/20/2016": [69.7, 0.0], "7/21/2016": [70.5, 0.011477761836441853], "7/22/2016": [71.4, 0.012765957446808592], "7/25/2016": [71.5, 0.001400560224089556], "7/26/2016": [70.1, -0.01958041958041966], "7/27/2016": [69.5, -0.00855920114122674], "7/28/2016": [68.6, -0.012949640287769865], "7/29/2016": [69.5, 0.013119533527696877], "8/1/2016": [69.3, -0.0028776978417266595], "8/2/2016": [69.9, 0.008658008658008781], "8/3/2016": [70.8, 0.012875536480686572], "8/4/2016": [71.3, 0.007062146892655367], "8/5/2016": [72.0, 0.009817671809256702], "8/8/2016": [71.3, -0.009722222222222262], "8/9/2016": [70.9, -0.005610098176717974], "8/10/2016": [71.6, 0.009873060648800967], "8/11/2016": [70.9, -0.009776536312849004], "8/12/2016": [71.9, 0.014104372355430182], "8/15/2016": [71.8, -0.0013908205841447639], "8/16/2016": [70.9, -0.01253481894150406], "8/17/2016": [69.6, -0.018335684062059397], "8/18/2016": [69.5, -0.0014367816091953207], "8/19/2016": [69.2, -0.004316546762589887], "8/22/2016": [68.7, -0.0072254335260115606], "8/23/2016": [69.7, 0.01455604075691412], "8/24/2016": [70.1, 0.005738880918220824], "8/25/2016": [70.1, 0.0], "8/26/2016": [70.1, 0.0], "8/29/2016": [70.6, 0.007132667617689016], "8/30/2016": [70.5, -0.0014164305949007695], "8/31/2016": [71.0, 0.0070921985815602835], "9/1/2016": [69.9, -0.015492957746478794], "9/2/2016": [69.5, -0.005722460658083056], "9/5/2016": [70.0, 0.007194244604316547], "9/6/2016": [69.6, -0.005714285714285796], "9/7/2016": [70.0, 0.0057471264367816915], "9/8/2016": [70.8, 0.011428571428571389], "9/9/2016": [71.2, 0.005649717514124374], "9/10/2016": [69.9, -0.018258426966292093], "9/12/2016": [68.9, -0.014306151645207437], "9/13/2016": [68.9, 0.0], "9/14/2016": [68.4, -0.007256894049346879], "9/19/2016": [69.2, 0.011695906432748496], "9/20/2016": [70.0, 0.011560693641618455], "9/21/2016": [71.0, 0.014285714285714285], "9/22/2016": [70.8, -0.0028169014084507443], "9/23/2016": [71.0, 0.002824858757062187], "9/26/2016": [70.9, -0.001408450704225272], "9/29/2016": [70.3, -0.00846262341325823], "9/30/2016": [69.5, -0.011379800853485025], "10/3/2016": [69.8, 0.004316546762589887], "10/4/2016": [70.3, 0.0071633237822349575], "10/5/2016": [69.9, -0.005689900426742411], "10/6/2016": [70.0, 0.0014306151645206624], "10/7/2016": [70.0, 0.0], "10/11/2016": [69.8, -0.002857142857142898], "10/12/2016": [68.0, -0.025787965616045804], "10/13/2016": [67.2, -0.0117647058823529], "10/14/2016": [67.4, 0.0029761904761905185],