{"1/4/2016": [7.21, ""], "1/5/2016": [7.43, 0.03051317614424407], "1/6/2016": [7.6, 0.02288021534320322], "1/7/2016": [7.45, -0.019736842105263087], "1/8/2016": [7.57, 0.016107382550335586], "1/11/2016": [7.29, -0.036988110964332924], "1/12/2016": [7.23, -0.008230452674897066], "1/13/2016": [7.17, -0.00829875518672206], "1/14/2016": [7.01, -0.022315202231520243], "1/15/2016": [7.18, 0.024251069900142645], "1/18/2016": [7.2, 0.0027855153203343265], "1/19/2016": [7.3, 0.01388888888888884], "1/20/2016": [7.13, -0.023287671232876703], "1/21/2016": [7.09, -0.005610098176718098], "1/22/2016": [7.79, 0.09873060648801131], "1/25/2016": [8.56, 0.09884467265725294], "1/26/2016": [8.92, 0.04205607476635507], "1/27/2016": [8.05, -0.09753363228699542], "1/28/2016": [8.38, 0.04099378881987578], "1/29/2016": [8.79, 0.04892601431980887], "1/30/2016": [8.98, 0.021615472127417667], "2/1/2016": [9.05, 0.007795100222717181], "2/2/2016": [8.86, -0.020994475138121686], "2/3/2016": [8.7, -0.01805869074492101], "2/15/2016": [8.33, -0.042528735632183824], "2/16/2016": [8.97, 0.07683073229291723], "2/17/2016": [8.58, -0.04347826086956528], "2/18/2016": [8.6, 0.002331002331002281], "2/19/2016": [8.53, -0.008139534883720963], "2/22/2016": [8.61, 0.009378663540445496], "2/23/2016": [8.74, 0.015098722415795678], "2/24/2016": [9.0, 0.029748283752860386], "2/25/2016": [8.97, -0.0033333333333332624], "2/26/2016": [8.8, -0.01895206243032329], "3/1/2016": [8.96, 0.018181818181818195], "3/2/2016": [8.69, -0.030133928571428718], "3/3/2016": [8.82, 0.014959723820483405], "3/4/2016": [8.65, -0.019274376417233553], "3/7/2016": [8.62, -0.0034682080924856805], "3/8/2016": [8.55, -0.008120649651971986], "3/9/2016": [8.43, -0.01403508771929836], "3/10/2016": [8.35, -0.009489916963226581], "3/11/2016": [8.49, 0.016766467065868332], "3/14/2016": [8.34, -0.01766784452296824], "3/15/2016": [8.19, -0.01798561151079141], "3/16/2016": [8.46, 0.032967032967033134], "3/17/2016": [8.15, -0.036643026004728185], "3/18/2016": [8.33, 0.02208588957055211], "3/21/2016": [8.27, -0.007202881152461044], "3/22/2016": [8.28, 0.0012091898428052948], "3/23/2016": [8.18, -0.012077294685990296], "3/24/2016": [8.13, -0.006112469437652682], "3/25/2016": [8.06, -0.008610086100861043], "3/28/2016": [7.99, -0.008684863523573236], "3/29/2016": [8.03, 0.005006257822277741], "3/30/2016": [7.95, -0.0099626400996263], "3/31/2016": [7.71, -0.030188679245283043], "4/1/2016": [7.5, -0.02723735408560311], "4/6/2016": [7.3, -0.02666666666666669], "4/7/2016": [7.3, 0.0], "4/8/2016": [7.86, 0.07671232876712336], "4/11/2016": [7.65, -0.026717557251908393], "4/12/2016": [7.85, 0.02614379084967311], "4/13/2016": [7.93, 0.01019108280254778], "4/14/2016": [7.81, -0.01513240857503154], "4/15/2016": [7.82, 0.001280409731114043], "4/18/2016": [7.79, -0.003836317135549904], "4/19/2016": [7.65, -0.01797175866495503], "4/20/2016": [7.41, -0.03137254901960787], "4/21/2016": [8.0, 0.07962213225371118], "4/22/2016": [8.8, 0.10000000000000009], "4/25/2016": [9.58, 0.08863636363636355], "4/26/2016": [9.38, -0.02087682672233813], "4/27/2016": [9.15, -0.024520255863539488], "4/28/2016": [8.77, -0.04153005464480883], "4/29/2016": [9.11, 0.038768529076396795], "5/3/2016": [9.2, 0.009879253567508219], "5/4/2016": [9.0, -0.021739130434782532], "5/5/2016": [9.2, 0.022222222222222143], "5/6/2016": [9.04, -0.017391304347826105], "5/9/2016": [8.91, -0.014380530973451218], "5/10/2016": [8.9, -0.001122334455667765], "5/11/2016": [8.97, 0.007865168539325874], "5/12/2016": [8.7, -0.030100334448160685], "5/13/2016": [8.75, 0.0057471264367816915], "5/16/2016": [8.59, -0.0182857142857143], "5/17/2016": [8.78, 0.02211874272409773], "5/18/2016": [8.51, -0.03075170842824597], "5/19/2016": [8.45, -0.007050528789659283], "5/20/2016": [8.94, 0.0579881656804734], "5/23/2016": [8.75, -0.0212527964205816], "5/24/2016": [8.86, 0.012571428571428506], "5/25/2016": [8.69, -0.019187358916478547], "5/26/2016": [8.14, -0.06329113924050621], "5/27/2016": [8.17, 0.0036855036855036067], "5/30/2016": [8.2, 0.0036719706242349277], "5/31/2016": [8.23, 0.0036585365853659927], "6/1/2016": [8.4, 0.020656136087484803], "6/2/2016": [8.28, -0.014285714285714403], "6/3/2016": [8.13, -0.018115942028985338], "6/4/2016": [8.4, 0.03321033210332098], "6/6/2016": [8.21, -0.02261904761904756], "6/7/2016": [8.16, -0.00609013398294771], "6/8/2016": [8.11, -0.0061274509803922435], "6/13/2016": [7.9, -0.025893958076448717], "6/14/2016": [7.88, -0.0025316455696203113], "6/15/2016": [7.92, 0.0050761421319797], "6/16/2016": [8.0, 0.01010101010101011], "6/17/2016": [8.1, 0.012499999999999956], "6/20/2016": [7.9, -0.02469135802469127], "6/21/2016": [7.94, 0.005063291139240511], "6/22/2016": [8.03, 0.011335012594458307], "6/23/2016": [8.03, 0.0], "6/24/2016": [7.82, -0.02615193026151919], "6/27/2016": [7.99, 0.021739130434782598], "6/28/2016": [7.85, -0.017521902377972538], "6/29/2016": [7.78, -0.008917197452229223], "6/30/2016": [7.95, 0.02185089974293058], "7/1/2016": [8.0, 0.006289308176100607], "7/4/2016": [8.0, 0.0], "7/5/2016": [7.8, -0.025000000000000022], "7/6/2016": [7.79, -0.0012820512820512547], "7/7/2016": [7.72, -0.008985879332477572], "7/11/2016": [7.6, -0.015544041450777216], "7/12/2016": [7.75, 0.019736842105263205], "7/13/2016": [7.74, -0.0012903225806451338], "7/14/2016": [7.71, -0.003875968992248094], "7/15/2016": [7.91, 0.02594033722438394], "7/18/2016": [7.89, -0.002528445006321171], "7/19/2016": [7.88, -0.001267427122940404], "7/20/2016": [7.77, -0.013959390862944203], "7/21/2016": [7.84, 0.009009009009009045], "7/22/2016": [7.81, -0.00382653061224493], "7/25/2016": [7.7, -0.014084507042253449], "7/26/2016": [7.65, -0.0064935064935064705], "7/27/2016": [7.61, -0.0052287581699346445], "7/28/2016": [7.55, -0.007884362680683377], "7/29/2016": [7.54, -0.00132450331125825], "8/1/2016": [7.46, -0.010610079575596827], "8/2/2016": [7.4, -0.008042895442359197], "8/3/2016": [7.35, -0.0067567567567568525], "8/4/2016": [7.26, -0.012244897959183655], "8/5/2016": [7.44, 0.02479338842975215], "8/8/2016": [7.46, 0.0026881720430106952], "8/9/2016": [7.4, -0.008042895442359197], "8/10/2016": [7.26, -0.018918918918918996], "8/11/2016": [7.22, -0.005509641873278242], "8/12/2016": [7.15, -0.009695290858725678], "8/15/2016": [7.0, -0.02097902097902103], "8/16/2016": [6.99, -0.0014285714285713982], "8/17/2016": [7.0, 0.0014306151645207133], "8/18/2016": [7.0, 0.0], "8/19/2016": [6.91, -0.012857142857142836], "8/22/2016": [6.59, -0.04630969609261943], "8/23/2016": [6.79, 0.030349013657056174], "8/24/2016": [6.82, 0.0044182621502209495], "8/25/2016": [6.87, 0.007331378299120208], "8/26/2016": [6.81, -0.008733624454148544], "8/29/2016": [6.87, 0.008810572687224743], "8/30/2016": [6.87, 0.0], "8/31/2016": [6.82, -0.007278020378457034], "9/1/2016": [6.77, -0.007331378299120338], "9/2/2016": [6.66, -0.01624815361890686], "9/5/2016": [6.8, 0.021021021021020974], "9/6/2016": [6.7, -0.014705882352941124], "9/7/2016": [6.7, 0.0], "9/8/2016": [6.77, 0.01044776119402976], "9/9/2016": [6.7, -0.010339734121122511], "9/10/2016": [6.63, -0.010447761194029893], "9/12/2016": [6.76, 0.019607843137254888], "9/13/2016": [6.74, -0.0029585798816567418], "9/14/2016": [6.62, -0.017804154302670638], "9/19/2016": [6.66, 0.006042296072507558], "9/20/2016": [6.66, 0.0], "9/21/2016": [6.66, 0.0], "9/22/2016": [6.57, -0.013513513513513492], "9/23/2016": [6.49, -0.012176560121765611], "9/26/2016": [6.47, -0.0030816640986133224], "9/29/2016": [6.5, 0.004636785162287519], "9/30/2016": [7.15, 0.10000000000000006], "10/3/2016": [7.86, 0.09930069930069929], "10/4/2016": [7.65, -0.026717557251908393], "10/5/2016": [7.79, 0.018300653594771198], "10/6/2016": [7.7, -0.011553273427471098], "10/7/2016": [7.75, 0.0064935064935064705], "10/11/2016": [7.4, -0.0451612903225806], "10/12/2016": [7.25, -0.020270270270270316], "10/13/2016": [7.41, 0.0220689655172414], "10/14/2016": [7.32, -0.012145748987854232], "10/17/2016": [7.48, 0.021857923497267777],