{"1/4/2016": [5.8, ""], "1/5/2016": [5.7, -0.01724137931034477], "1/6/2016": [5.5, -0.03508771929824565], "1/7/2016": [5.3, -0.0363636363636364], "1/8/2016": [5.25, -0.00943396226415091], "1/11/2016": [4.85, -0.07619047619047625], "1/12/2016": [4.8, -0.010309278350515427], "1/13/2016": [4.88, 0.016666666666666684], "1/14/2016": [4.72, -0.03278688524590167], "1/15/2016": [4.6, -0.025423728813559344], "1/18/2016": [4.77, 0.03695652173913042], "1/19/2016": [4.66, -0.023060796645702188], "1/20/2016": [4.71, 0.010729613733905541], "1/21/2016": [4.71, 0.0], "1/22/2016": [4.58, -0.02760084925690019], "1/25/2016": [4.74, 0.03493449781659392], "1/26/2016": [4.78, 0.008438818565400852], "1/27/2016": [4.55, -0.048117154811715565], "1/28/2016": [4.69, 0.030769230769230896], "1/29/2016": [4.7, 0.0021321961620468627], "1/30/2016": [4.8, 0.021276595744680774], "2/1/2016": [4.65, -0.03124999999999989], "2/2/2016": [4.74, 0.01935483870967739], "2/3/2016": [4.75, 0.0021097046413501657], "2/15/2016": [4.66, -0.0189473684210526], "2/16/2016": [4.87, 0.04506437768240342], "2/17/2016": [5.35, 0.09856262833675555], "2/18/2016": [5.88, 0.09906542056074771], "2/19/2016": [6.06, 0.030612244897959134], "2/22/2016": [5.99, -0.011551155115511452], "2/23/2016": [5.92, -0.011686143572621082], "2/24/2016": [5.88, -0.006756756756756763], "2/25/2016": [5.88, 0.0], "2/26/2016": [5.85, -0.005102040816326573], "3/1/2016": [5.78, -0.011965811965811863], "3/2/2016": [5.73, -0.008650519031141838], "3/3/2016": [5.63, -0.017452006980802882], "3/4/2016": [5.75, 0.02131438721136769], "3/7/2016": [5.61, -0.024347826086956466], "3/8/2016": [5.47, -0.024955436720142703], "3/9/2016": [5.23, -0.04387568555758672], "3/10/2016": [5.38, 0.02868068833651997], "3/11/2016": [5.18, -0.037174721189591114], "3/14/2016": [5.27, 0.017374517374517347], "3/15/2016": [5.0, -0.05123339658444015], "3/16/2016": [5.0, 0.0], "3/17/2016": [5.0, 0.0], "3/18/2016": [5.13, 0.025999999999999978], "3/21/2016": [5.02, -0.021442495126705714], "3/22/2016": [5.05, 0.005976095617529931], "3/23/2016": [5.01, -0.007920792079207928], "3/24/2016": [4.99, -0.003992015968063787], "3/25/2016": [5.02, 0.006012024048096064], "3/28/2016": [4.99, -0.005976095617529754], "3/29/2016": [4.98, -0.0020040080160320215], "3/30/2016": [5.03, 0.010040160642570245], "3/31/2016": [4.98, -0.009940357852882668], "4/1/2016": [4.95, -0.006024096385542218], "4/6/2016": [4.87, -0.016161616161616175], "4/7/2016": [4.74, -0.026694045174537964], "4/8/2016": [4.61, -0.02742616033755272], "4/11/2016": [4.65, 0.008676789587852502], "4/12/2016": [4.61, -0.008602150537634416], "4/13/2016": [4.66, 0.010845986984815578], "4/14/2016": [4.73, 0.015021459227467872], "4/15/2016": [4.7, -0.00634249471458779], "4/18/2016": [4.8, 0.021276595744680774], "4/19/2016": [4.79, -0.002083333333333289], "4/20/2016": [4.7, -0.018789144050104355], "4/21/2016": [4.65, -0.010638297872340387], "4/22/2016": [4.58, -0.015053763440860275], "4/25/2016": [4.64, 0.013100436681222622], "4/26/2016": [4.63, -0.0021551724137930574], "4/27/2016": [4.48, -0.0323974082073433], "4/28/2016": [4.3, -0.040178571428571556], "4/29/2016": [4.16, -0.03255813953488365], "5/3/2016": [4.0, -0.03846153846153849], "5/4/2016": [3.9, -0.025000000000000022], "5/5/2016": [3.89, -0.0025641025641025095], "5/6/2016": [3.9, 0.002570694087403544], "5/9/2016": [3.92, 0.0051282051282051325], "5/10/2016": [3.85, -0.017857142857142818], "5/11/2016": [3.88, 0.007792207792207741], "5/12/2016": [3.73, -0.03865979381443297], "5/13/2016": [4.1, 0.09919571045576399], "5/16/2016": [3.96, -0.03414634146341456], "5/17/2016": [4.07, 0.02777777777777786], "5/18/2016": [3.67, -0.09828009828009836], "5/19/2016": [3.31, -0.09809264305177108], "5/20/2016": [3.09, -0.06646525679758314], "5/23/2016": [3.08, -0.003236245954692488], "5/24/2016": [3.25, 0.05519480519480517], "5/25/2016": [2.93, -0.0984615384615384], "5/26/2016": [2.64, -0.09897610921501707], "5/27/2016": [2.73, 0.03409090909090903], "5/30/2016": [2.63, -0.03663003663003666], "5/31/2016": [2.7, 0.02661596958174916], "6/1/2016": [2.8, 0.0370370370370369], "6/2/2016": [2.84, 0.0142857142857143], "6/3/2016": [2.79, -0.01760563380281684], "6/4/2016": [2.85, 0.02150537634408604], "6/6/2016": [2.6, -0.08771929824561403], "6/7/2016": [2.69, 0.03461538461538456], "6/8/2016": [2.65, -0.014869888475836444], "6/13/2016": [2.67, 0.007547169811320762], "6/14/2016": [2.68, 0.003745318352060012], "6/15/2016": [2.6, -0.02985074626865674], "6/16/2016": [2.56, -0.015384615384615398], "6/17/2016": [2.62, 0.02343750000000002], "6/20/2016": [2.58, -0.015267175572519097], "6/21/2016": [2.57, -0.0038759689922481513], "6/22/2016": [2.68, 0.04280155642023359], "6/23/2016": [2.68, 0.0], "6/24/2016": [2.6, -0.02985074626865674], "6/27/2016": [2.6, 0.0], "6/28/2016": [2.59, -0.003846153846153935], "6/29/2016": [2.58, -0.003861003861003779], "6/30/2016": [2.65, 0.02713178294573637], "7/1/2016": [2.6, -0.01886792452830182], "7/4/2016": [2.71, 0.04230769230769226], "7/5/2016": [2.87, 0.05904059040590411], "7/6/2016": [2.9, 0.010452961672473799], "7/7/2016": [3.1, 0.06896551724137938], "7/11/2016": [3.35, 0.08064516129032258], "7/12/2016": [3.67, 0.09552238805970144], "7/13/2016": [3.45, -0.059945504087193395], "7/14/2016": [3.45, 0.0], "7/15/2016": [3.6, 0.04347826086956519], "7/18/2016": [3.58, -0.00555555555555556], "7/19/2016": [3.51, -0.019553072625698404], "7/20/2016": [3.21, -0.08547008547008543], "7/21/2016": [3.22, 0.00311526479750786], "7/22/2016": [3.25, 0.009316770186335343], "7/25/2016": [3.03, -0.06769230769230775], "7/26/2016": [3.25, 0.07260726072607268], "7/27/2016": [3.3, 0.01538461538461533], "7/28/2016": [3.57, 0.08181818181818183], "7/29/2016": [3.39, -0.050420168067226816], "8/1/2016": [3.33, -0.0176991150442478], "8/2/2016": [3.3, -0.009009009009009084], "8/3/2016": [3.15, -0.04545454545454543], "8/4/2016": [3.0, -0.047619047619047596], "8/5/2016": [3.1, 0.03333333333333336], "8/8/2016": [3.19, 0.029032258064516082], "8/9/2016": [3.13, -0.018808777429467103], "8/10/2016": [3.1, -0.009584664536741151], "8/11/2016": [3.1, 0.0], "8/12/2016": [2.89, -0.06774193548387096], "8/15/2016": [2.8, -0.03114186851211083], "8/16/2016": [2.79, -0.0035714285714284954], "8/17/2016": [2.73, -0.02150537634408604], "8/18/2016": [2.46, -0.09890109890109891], "8/19/2016": [2.3, -0.06504065040650413], "8/22/2016": [2.1, -0.08695652173913032], "8/23/2016": [1.89, -0.10000000000000009], "8/24/2016": [1.95, 0.03174603174603178], "8/25/2016": [1.94, -0.0051282051282051325], "8/26/2016": [2.06, 0.06185567010309284], "8/29/2016": [2.24, 0.0873786407766991], "8/30/2016": [2.33, 0.04017857142857136], "8/31/2016": [2.39, 0.02575107296137341], "9/1/2016": [2.5, 0.04602510460251041], "9/2/2016": [2.26, -0.09600000000000009], "9/5/2016": [2.16, -0.044247787610619316], "9/6/2016": [2.03, -0.060185185185185334], "9/7/2016": [2.0, -0.014778325123152615], "9/8/2016": [2.17, 0.08499999999999996], "9/9/2016": [2.23, 0.027649769585253482], "9/10/2016": [2.4, 0.07623318385650221], "9/12/2016": [2.25, -0.062499999999999965], "9/13/2016": [2.33, 0.03555555555555559], "9/14/2016": [2.1, -0.09871244635193133], "9/19/2016": [1.98, -0.05714285714285719], "9/20/2016": [2.04, 0.03030303030303033], "9/21/2016": [1.93, -0.053921568627451025], "9/22/2016": [1.96, 0.015544041450777216], "9/23/2016": [1.95, -0.005102040816326535], "9/26/2016": [1.86, -0.04615384615384608], "9/29/2016": [1.95, 0.04838709677419347], "9/30/2016": [1.97, 0.010256410256410265], "10/3/2016": [1.88, -0.0456852791878173], "10/4/2016": [1.83, -0.02659574468085097], "10/5/2016": [1.78, -0.027322404371584723], "10/6/2016": [1.8, 0.011235955056179785], "10/7/2016": [1.83, 0.01666666666666668], "10/11/2016": [1.65, -0.098360655737705], "10/12/2016": [1.65, 0.0], "10/13/2016": [1.65, 0.0], "10/14/2016": [1.57, -0.048484848484848395], "10/17/2016": [1.65, 0.05095541401273875], "10/18/2016": [1.6, -0.030303030303030196], "10/19/2016": [1.6, 0.0],