{"1/4/2016": [5.75, ""], "1/5/2016": [5.55, -0.0347826086956522], "1/6/2016": [5.48, -0.012612612612612505], "1/7/2016": [5.45, -0.005474452554744571], "1/8/2016": [5.51, 0.011009174311926533], "1/11/2016": [5.32, -0.034482758620689564], "1/12/2016": [5.09, -0.043233082706767], "1/13/2016": [5.16, 0.013752455795677855], "1/14/2016": [4.93, -0.04457364341085279], "1/15/2016": [5.04, 0.022312373225152195], "1/18/2016": [5.16, 0.02380952380952383], "1/19/2016": [5.2, 0.007751937984496131], "1/20/2016": [5.09, -0.021153846153846214], "1/21/2016": [5.09, 0.0], "1/22/2016": [5.12, 0.005893909626719106], "1/25/2016": [5.13, 0.0019531249999999584], "1/26/2016": [5.43, 0.05847953216374266], "1/27/2016": [5.3, -0.023941068139963148], "1/28/2016": [5.24, -0.011320754716981058], "1/29/2016": [5.26, 0.0038167938931296893], "1/30/2016": [5.29, 0.005703422053231987], "2/1/2016": [5.29, 0.0], "2/2/2016": [5.27, -0.0037807183364840192], "2/3/2016": [5.46, 0.03605313092979135], "2/15/2016": [5.44, -0.003663003663003585], "2/16/2016": [5.48, 0.007352941176470594], "2/17/2016": [5.5, 0.003649635036496272], "2/18/2016": [5.53, 0.0054545454545455], "2/19/2016": [5.9, 0.06690777576853528], "2/22/2016": [5.75, -0.02542372881355938], "2/23/2016": [5.81, 0.010434782608695584], "2/24/2016": [5.68, -0.022375215146299466], "2/25/2016": [5.69, 0.001760563380281809], "2/26/2016": [5.76, 0.012302284710017469], "3/1/2016": [5.74, -0.0034722222222221483], "3/2/2016": [5.74, 0.0], "3/3/2016": [5.7, -0.0069686411149825845], "3/4/2016": [5.77, 0.012280701754385859], "3/7/2016": [5.75, -0.0034662045060657844], "3/8/2016": [5.82, 0.012173913043478311], "3/9/2016": [5.93, 0.018900343642611585], "3/10/2016": [5.98, 0.008431703204047339], "3/11/2016": [6.21, 0.03846153846153838], "3/14/2016": [6.06, -0.024154589371980735], "3/15/2016": [5.72, -0.056105610561056084], "3/16/2016": [5.82, 0.017482517482517577], "3/17/2016": [5.65, -0.029209621993127134], "3/18/2016": [5.65, 0.0], "3/21/2016": [5.92, 0.04778761061946895], "3/22/2016": [5.92, 0.0], "3/23/2016": [5.82, -0.01689189189189183], "3/24/2016": [5.71, -0.018900343642611738], "3/25/2016": [5.72, 0.001751313485113798], "3/28/2016": [5.7, -0.003496503496503422], "3/29/2016": [5.47, -0.04035087719298253], "3/30/2016": [5.59, 0.02193784277879344], "3/31/2016": [5.53, -0.01073345259391764], "4/1/2016": [5.56, 0.0054249547920432835], "4/6/2016": [5.5, -0.010791366906474751], "4/7/2016": [5.47, -0.0054545454545455], "4/8/2016": [5.47, 0.0], "4/11/2016": [5.49, 0.0036563071297989877], "4/12/2016": [5.4, -0.016393442622950793], "4/13/2016": [5.4, 0.0], "4/14/2016": [5.42, 0.0037037037037036245], "4/15/2016": [5.41, -0.0018450184501844625], "4/18/2016": [5.53, 0.022181146025878024], "4/19/2016": [5.5, -0.005424954792043445], "4/20/2016": [5.4, -0.01818181818181812], "4/21/2016": [5.42, 0.0037037037037036245], "4/22/2016": [5.25, -0.031365313653136516], "4/25/2016": [5.24, -0.0019047619047618642], "4/26/2016": [5.4, 0.030534351145038195], "4/27/2016": [5.49, 0.01666666666666664], "4/28/2016": [5.5, 0.0018214936247722745], "4/29/2016": [5.47, -0.0054545454545455], "5/3/2016": [5.43, -0.007312614259597813], "5/4/2016": [5.4, -0.005524861878452921], "5/5/2016": [5.37, -0.005555555555555601], "5/6/2016": [5.36, -0.0018621973929236102], "5/9/2016": [5.53, 0.03171641791044775], "5/10/2016": [5.57, 0.007233273056057872], "5/11/2016": [5.57, 0.0], "5/12/2016": [5.14, -0.07719928186714553], "5/13/2016": [5.09, -0.009727626459143934], "5/16/2016": [5.25, 0.031434184675834996], "5/17/2016": [5.46, 0.039999999999999994], "5/18/2016": [5.43, -0.00549450549450554], "5/19/2016": [5.42, -0.0018416206261509737], "5/20/2016": [5.48, 0.011070110701107102], "5/23/2016": [5.53, 0.009124087591240842], "5/24/2016": [5.52, -0.0018083182640145886], "5/25/2016": [5.58, 0.010869565217391396], "5/26/2016": [5.64, 0.01075268817204294], "5/27/2016": [5.79, 0.02659574468085113], "5/30/2016": [5.75, -0.0069084628670120956], "5/31/2016": [5.68, -0.012173913043478311], "6/1/2016": [5.7, 0.003521126760563462], "6/2/2016": [5.72, 0.0035087719298244864], "6/3/2016": [5.8, 0.013986013986014], "6/4/2016": [6.05, 0.04310344827586207], "6/6/2016": [5.81, -0.03966942148760334], "6/7/2016": [5.85, 0.0068846815834767705], "6/8/2016": [5.81, -0.006837606837606844], "6/13/2016": [5.52, -0.04991394148020655], "6/14/2016": [5.6, 0.01449275362318842], "6/15/2016": [5.65, 0.008928571428571556], "6/16/2016": [5.56, -0.01592920353982314], "6/17/2016": [5.64, 0.014388489208633108], "6/20/2016": [5.69, 0.008865248226950482], "6/21/2016": [5.65, -0.0070298769771529055], "6/22/2016": [5.67, 0.003539823008849482], "6/23/2016": [5.72, 0.008818342151675453], "6/24/2016": [5.69, -0.005244755244755133], "6/27/2016": [5.65, -0.0070298769771529055], "6/28/2016": [5.67, 0.003539823008849482], "6/29/2016": [5.73, 0.01058201058201067], "6/30/2016": [5.71, -0.0034904013961606388], "7/1/2016": [5.74, 0.0052539404553415495], "7/4/2016": [5.72, -0.0034843205574913694], "7/5/2016": [5.8, 0.013986013986014], "7/6/2016": [5.72, -0.013793103448275874], "7/7/2016": [5.71, -0.001748251748251711], "7/11/2016": [5.71, 0.0], "7/12/2016": [5.73, 0.003502626970227752], "7/13/2016": [5.74, 0.001745200698080242], "7/14/2016": [5.87, 0.02264808362369336], "7/15/2016": [5.99, 0.020442930153321996], "7/18/2016": [6.02, 0.005008347245408908], "7/19/2016": [6.37, 0.05813953488372102], "7/20/2016": [6.56, 0.029827315541601177], "7/21/2016": [6.57, 0.001524390243902542], "7/22/2016": [6.4, -0.02587519025875189], "7/25/2016": [6.53, 0.020312499999999983], "7/26/2016": [6.66, 0.01990811638591116], "7/27/2016": [6.5, -0.024024024024024045], "7/28/2016": [6.4, -0.01538461538461533], "7/29/2016": [6.4, 0.0], "8/1/2016": [6.4, 0.0], "8/2/2016": [6.45, 0.007812499999999972], "8/3/2016": [6.41, -0.006201550387596904], "8/4/2016": [6.4, -0.0015600624024960665], "8/5/2016": [6.4, 0.0], "8/8/2016": [6.43, 0.0046874999999999], "8/9/2016": [7.07, 0.09953343701399699], "8/10/2016": [6.8, -0.03818953323903825], "8/11/2016": [6.34, -0.06764705882352941], "8/12/2016": [6.05, -0.045741324921135654], "8/15/2016": [5.98, -0.011570247933884198], "8/16/2016": [6.13, 0.02508361204013369], "8/17/2016": [6.06, -0.011419249592169703], "8/18/2016": [6.12, 0.009900990099009984], "8/19/2016": [6.11, -0.0016339869281045403], "8/22/2016": [6.02, -0.014729950900163788], "8/23/2016": [6.1, 0.01328903654485051], "8/24/2016": [6.12, 0.00327868852459024], "8/25/2016": [6.13, 0.0016339869281045403], "8/26/2016": [6.26, 0.021207177814029348], "8/29/2016": [6.17, -0.0143769968051118], "8/30/2016": [6.17, 0.0], "8/31/2016": [6.11, -0.009724473257698478], "9/1/2016": [6.11, 0.0], "9/2/2016": [6.01, -0.01636661211129305], "9/5/2016": [6.02, 0.0016638935108152725], "9/6/2016": [6.09, 0.011627906976744234], "9/7/2016": [6.16, 0.011494252873563265], "9/8/2016": [6.2, 0.006493506493506499], "9/9/2016": [6.2, 0.0], "9/10/2016": [6.15, -0.008064516129032228], "9/12/2016": [6.09, -0.00975609756097569], "9/13/2016": [6.1, 0.0016420361247947105], "9/14/2016": [6.08, -0.003278688524590094], "9/19/2016": [6.11, 0.00493421052631583], "9/20/2016": [6.11, 0.0], "9/21/2016": [6.16, 0.008183306055646452], "9/22/2016": [6.15, -0.0016233766233765888], "9/23/2016": [6.3, 0.024390243902438935], "9/26/2016": [6.38, 0.01269841269841271], "9/29/2016": [6.42, 0.006269592476489034], "9/30/2016": [6.33, -0.014018691588785024], "10/3/2016": [6.28, -0.007898894154818297], "10/4/2016": [6.29, 0.0015923566878980552], "10/5/2016": [6.28, -0.00158982511923685], "10/6/2016": [6.3, 0.0031847133757961104], "10/7/2016": [6.43, 0.020634920634920617], "10/11/2016": [6.18, -0.038880248833592534], "10/12/2016": [6.15, -0.004854368932038731], "10/13/2016": [6.09, -0.00975609756097569], "10/14/2016": [6.01, -0.013136288998357976], "10/17/2016": [6.02, 0.0016638935108152725], "10/18/2016": [6.01, -0.001661129568106277], "10/19/2016": [6.09, 0.013311148086522475], "10/20/2016": [6.07, -0.003284072249589421],