{"1/4/2016": [9.09, ""], "1/5/2016": [9.05, -0.0044004400440043065], "1/6/2016": [9.0, -0.0055248618784531165], "1/7/2016": [8.75, -0.027777777777777776], "1/8/2016": [8.87, 0.013714285714285625], "1/11/2016": [8.3, -0.06426155580608778], "1/12/2016": [8.38, 0.009638554216867478], "1/13/2016": [8.8, 0.05011933174224342], "1/14/2016": [8.69, -0.012500000000000136], "1/15/2016": [8.61, -0.009205983889528202], "1/18/2016": [9.0, 0.04529616724738683], "1/19/2016": [9.28, 0.03111111111111104], "1/20/2016": [9.7, 0.045258620689655166], "1/21/2016": [9.7, 0.0], "1/22/2016": [9.76, 0.00618556701030933], "1/25/2016": [9.8, 0.0040983606557378], "1/26/2016": [9.85, 0.005102040816326422], "1/27/2016": [9.9, 0.005076142131979768], "1/28/2016": [9.8, -0.010101010101010065], "1/29/2016": [9.7, -0.010204081632653206], "1/30/2016": [9.99, 0.029896907216494944], "2/1/2016": [9.89, -0.010010010010009973], "2/2/2016": [9.89, 0.0], "2/3/2016": [9.9, 0.0010111223458038206], "2/15/2016": [9.9, 0.0], "2/16/2016": [9.88, -0.0020202020202019773], "2/17/2016": [9.72, -0.016194331983805682], "2/18/2016": [9.85, 0.013374485596707716], "2/19/2016": [9.87, 0.002030456852791835], "2/22/2016": [10.85, 0.09929078014184402], "2/23/2016": [11.9, 0.09677419354838716], "2/24/2016": [12.45, 0.046218487394957895], "2/25/2016": [11.95, -0.040160642570281124], "2/26/2016": [11.85, -0.008368200836820055], "3/1/2016": [12.4, 0.046413502109704706], "3/2/2016": [12.5, 0.008064516129032228], "3/3/2016": [12.3, -0.015999999999999945], "3/4/2016": [12.3, 0.0], "3/7/2016": [13.1, 0.06504065040650397], "3/8/2016": [13.4, 0.02290076335877868], "3/9/2016": [13.5, 0.007462686567164152], "3/10/2016": [14.15, 0.048148148148148176], "3/11/2016": [13.9, -0.0176678445229682], "3/14/2016": [14.2, 0.02158273381294956], "3/15/2016": [13.6, -0.04225352112676054], "3/16/2016": [13.0, -0.044117647058823505], "3/17/2016": [12.8, -0.01538461538461533], "3/18/2016": [13.05, 0.01953125], "3/21/2016": [12.8, -0.019157088122605363], "3/22/2016": [12.7, -0.007812500000000111], "3/23/2016": [12.4, -0.023622047244094405], "3/24/2016": [11.3, -0.0887096774193548], "3/25/2016": [11.1, -0.01769911504424788], "3/28/2016": [11.15, 0.004504504504504569], "3/29/2016": [10.75, -0.03587443946188344], "3/30/2016": [10.75, 0.0], "3/31/2016": [10.75, 0.0], "4/1/2016": [10.95, 0.01860465116279063], "4/6/2016": [11.0, 0.004566210045662165], "4/7/2016": [11.75, 0.06818181818181818], "4/8/2016": [11.7, -0.004255319148936231], "4/11/2016": [11.5, -0.017094017094017033], "4/12/2016": [11.05, -0.039130434782608636], "4/13/2016": [10.7, -0.031674208144796503], "4/14/2016": [10.85, 0.014018691588785081], "4/15/2016": [11.0, 0.013824884792626762], "4/18/2016": [11.0, 0.0], "4/19/2016": [10.75, -0.022727272727272728], "4/20/2016": [10.75, 0.0], "4/21/2016": [10.75, 0.0], "4/22/2016": [10.8, 0.00465116279069774], "4/25/2016": [10.95, 0.013888888888888756], "4/26/2016": [11.3, 0.03196347031963483], "4/27/2016": [11.25, -0.004424778761062009], "4/28/2016": [11.2, -0.004444444444444508], "4/29/2016": [10.7, -0.044642857142857144], "5/3/2016": [10.5, -0.018691588785046665], "5/4/2016": [10.5, 0.0], "5/5/2016": [10.6, 0.00952380952380949], "5/6/2016": [10.75, 0.014150943396226448], "5/9/2016": [10.7, -0.00465116279069774], "5/10/2016": [10.8, 0.009345794392523497], "5/11/2016": [10.95, 0.013888888888888756], "5/12/2016": [10.6, -0.031963470319634674], "5/13/2016": [10.45, -0.014150943396226448], "5/16/2016": [10.5, 0.004784688995215379], "5/17/2016": [10.4, -0.00952380952380949], "5/18/2016": [10.35, -0.004807692307692376], "5/19/2016": [10.0, -0.03381642512077292], "5/20/2016": [9.8, -0.019999999999999928], "5/23/2016": [9.72, -0.008163265306122455], "5/24/2016": [9.8, 0.008230452674897125], "5/25/2016": [10.0, 0.020408163265306048], "5/26/2016": [10.0, 0.0], "5/27/2016": [10.2, 0.019999999999999928], "5/30/2016": [11.1, 0.0882352941176471], "5/31/2016": [10.8, -0.02702702702702693], "6/1/2016": [11.0, 0.01851851851851845], "6/2/2016": [10.35, -0.059090909090909124], "6/3/2016": [10.0, -0.03381642512077292], "6/4/2016": [10.0, 0.0], "6/6/2016": [10.0, 0.0], "6/7/2016": [10.1, 0.009999999999999964], "6/8/2016": [10.0, -0.009900990099009866], "6/13/2016": [9.9, -0.009999999999999964], "6/14/2016": [9.7, -0.020202020202020308], "6/15/2016": [9.68, -0.002061855670103049], "6/16/2016": [9.1, -0.059917355371900835], "6/17/2016": [9.25, 0.016483516483516522], "6/20/2016": [9.25, 0.0], "6/21/2016": [8.85, -0.04324324324324328], "6/22/2016": [9.1, 0.02824858757062147], "6/23/2016": [9.2, 0.01098901098901095], "6/24/2016": [8.9, -0.0326086956521738], "6/27/2016": [9.18, 0.031460674157303296], "6/28/2016": [9.15, -0.0032679738562090806], "6/29/2016": [9.14, -0.0010928961748633646], "6/30/2016": [8.99, -0.016411378555798724], "7/1/2016": [8.99, 0.0], "7/4/2016": [8.2, -0.08787541713014471], "7/5/2016": [8.2, 0.0], "7/6/2016": [8.2, 0.0], "7/7/2016": [8.2, 0.0], "7/11/2016": [8.09, -0.013414634146341396], "7/12/2016": [8.03, -0.0074165636588381335], "7/13/2016": [8.0, -0.003735990037359821], "7/14/2016": [7.9, -0.012499999999999956], "7/15/2016": [7.94, 0.005063291139240511], "7/18/2016": [8.0, 0.0075566750629722425], "7/19/2016": [8.0, 0.0], "7/20/2016": [8.0, 0.0], "7/21/2016": [8.1, 0.012499999999999956], "7/22/2016": [8.17, 0.008641975308642011], "7/25/2016": [8.35, 0.022031823745410004], "7/26/2016": [8.3, -0.005988023952095681], "7/27/2016": [8.37, 0.008433734939758856], "7/28/2016": [8.2, -0.020310633213859015], "7/29/2016": [8.12, -0.009756097560975618], "8/1/2016": [8.02, -0.012315270935960548], "8/2/2016": [8.3, 0.03491271820448892], "8/3/2016": [8.23, -0.00843373493975907], "8/4/2016": [8.37, 0.017010935601457933], "8/5/2016": [8.25, -0.014336917562723922], "8/8/2016": [8.22, -0.0036363636363635587], "8/9/2016": [8.24, 0.0024330900243308483], "8/10/2016": [9.06, 0.09951456310679614], "8/11/2016": [9.96, 0.0993377483443709], "8/12/2016": [9.69, -0.02710843373493989], "8/15/2016": [10.25, 0.05779153766769871], "8/16/2016": [11.25, 0.0975609756097561], "8/17/2016": [12.0, 0.06666666666666667], "8/18/2016": [13.05, 0.08750000000000006], "8/19/2016": [12.35, -0.0536398467432951], "8/22/2016": [13.0, 0.05263157894736845], "8/23/2016": [12.9, -0.007692307692307665], "8/24/2016": [12.7, -0.015503875968992331], "8/25/2016": [12.3, -0.03149606299212587], "8/26/2016": [12.5, 0.01626016260162596], "8/29/2016": [12.4, -0.007999999999999972], "8/30/2016": [12.6, 0.016129032258064457], "8/31/2016": [13.65, 0.0833333333333334], "9/1/2016": [13.3, -0.025641025641025616], "9/2/2016": [12.65, -0.048872180451127845], "9/5/2016": [11.9, -0.05928853754940711], "9/6/2016": [13.05, 0.0966386554621849], "9/7/2016": [11.75, -0.09961685823754794], "9/8/2016": [11.9, 0.012765957446808541], "9/9/2016": [11.75, -0.012605042016806753], "9/10/2016": [11.35, -0.03404255319148939], "9/12/2016": [11.6, 0.022026431718061675], "9/13/2016": [12.5, 0.07758620689655175], "9/14/2016": [12.7, 0.015999999999999945], "9/19/2016": [13.3, 0.047244094488189094], "9/20/2016": [14.2, 0.06766917293233071], "9/21/2016": [14.8, 0.04225352112676067], "9/22/2016": [14.85, 0.003378378378378306], "9/23/2016": [16.3, 0.09764309764309771], "9/26/2016": [17.9, 0.09815950920245385], "9/29/2016": [19.65, 0.09776536312849163], "9/30/2016": [21.0, 0.06870229007633595], "10/3/2016": [18.9, -0.10000000000000006], "10/4/2016": [19.4, 0.026455026455026457], "10/5/2016": [19.0, -0.020618556701030855], "10/6/2016": [19.2, 0.010526315789473648], "10/7/2016": [21.1, 0.09895833333333345], "10/11/2016": [22.1, 0.04739336492890995], "10/12/2016": [22.4, 0.013574660633484033], "10/13/2016": [22.5, 0.004464285714285778], "10/14/2016": [22.95, 0.01999999999999997], "10/17/2016": [25.0, 0.08932461873638348], "10/18/2016": [26.85, 0.07400000000000005], "10/19/2016": [27.1, 0.009310986964618248], "10/20/2016": [25.6, -0.055350553505535055], "10/21/2016": [25.8, 0.007812499999999972], "10/24/2016": [25.5, -0.011627906976744214],