{"1/4/2016": [68.2, ""], "1/5/2016": [68.5, 0.004398826979472099], "1/6/2016": [68.6, 0.0014598540145984572], "1/7/2016": [69.0, 0.005830903790087547], "1/8/2016": [68.1, -0.013043478260869648], "1/11/2016": [68.7, 0.008810572687224795], "1/12/2016": [69.7, 0.01455604075691412], "1/13/2016": [70.4, 0.010043041606886698], "1/14/2016": [70.4, 0.0], "1/15/2016": [71.0, 0.00852272727272719], "1/18/2016": [70.1, -0.01267605633802825], "1/19/2016": [70.1, 0.0], "1/20/2016": [69.2, -0.012838801711840108], "1/21/2016": [67.8, -0.02023121387283245], "1/22/2016": [68.8, 0.014749262536873156], "1/25/2016": [70.5, 0.02470930232558144], "1/26/2016": [69.8, -0.009929078014184438], "1/27/2016": [70.1, 0.0042979942693409335], "1/28/2016": [70.1, 0.0], "1/29/2016": [71.4, 0.018544935805991605], "1/30/2016": [71.3, -0.0014005602240897551], "2/1/2016": [71.9, 0.008415147265077258], "2/2/2016": [71.9, 0.0], "2/3/2016": [70.5, -0.01947148817802511], "2/15/2016": [71.3, 0.011347517730496413], "2/16/2016": [71.6, 0.004207573632538529], "2/17/2016": [71.5, -0.0013966480446926581], "2/18/2016": [72.8, 0.018181818181818143], "2/19/2016": [72.6, -0.0027472527472527865], "2/22/2016": [72.2, -0.00550964187327812], "2/23/2016": [72.4, 0.0027700831024931143], "2/24/2016": [73.0, 0.00828729281767948], "2/25/2016": [73.0, 0.0], "2/26/2016": [74.8, 0.024657534246575304], "3/1/2016": [74.9, 0.0013368983957220391], "3/2/2016": [75.6, 0.009345794392523211], "3/3/2016": [76.5, 0.01190476190476198], "3/4/2016": [77.1, 0.007843137254901886], "3/7/2016": [78.5, 0.018158236057068816], "3/8/2016": [79.6, 0.014012738853503112], "3/9/2016": [78.2, -0.017587939698492358], "3/10/2016": [77.2, -0.01278772378516624], "3/11/2016": [78.0, 0.010362694300518097], "3/14/2016": [77.2, -0.01025641025641022], "3/15/2016": [76.9, -0.0038860103626942636], "3/16/2016": [77.3, 0.005201560468140331], "3/17/2016": [78.0, 0.009055627425614526], "3/18/2016": [79.8, 0.02307692307692304], "3/21/2016": [78.8, -0.012531328320802006], "3/22/2016": [78.9, 0.0012690355329950322], "3/23/2016": [78.9, 0.0], "3/24/2016": [79.7, 0.01013941698352341], "3/25/2016": [78.6, -0.013801756587202113], "3/28/2016": [78.9, 0.0038167938931299157], "3/29/2016": [78.5, -0.005069708491761795], "3/30/2016": [80.1, 0.020382165605095467], "3/31/2016": [80.2, 0.0012484394506867482], "4/1/2016": [81.1, 0.011221945137157], "4/6/2016": [78.7, -0.029593094944512843], "4/7/2016": [78.6, -0.001270648030495661], "4/8/2016": [80.1, 0.019083969465648856], "4/11/2016": [80.5, 0.004993757802746638], "4/12/2016": [81.0, 0.006211180124223602], "4/13/2016": [82.3, 0.01604938271604935], "4/14/2016": [84.7, 0.02916160388821392], "4/15/2016": [84.8, 0.0011806375442738408], "4/18/2016": [84.9, 0.0011792452830189685], "4/19/2016": [86.0, 0.012956419316843278], "4/20/2016": [84.5, -0.01744186046511628], "4/21/2016": [84.5, 0.0], "4/22/2016": [84.1, -0.004733727810650954], "4/25/2016": [84.0, -0.0011890606420926792], "4/26/2016": [83.7, -0.0035714285714285375], "4/27/2016": [84.2, 0.005973715651135005], "4/28/2016": [84.1, -0.0011876484560571084], "4/29/2016": [82.4, -0.02021403091557656], "5/3/2016": [80.8, -0.019417475728155442], "5/4/2016": [79.5, -0.016089108910891055], "5/5/2016": [79.3, -0.0025157232704402874], "5/6/2016": [80.4, 0.01387137452711234], "5/9/2016": [80.3, -0.0012437810945274692], "5/10/2016": [80.3, 0.0], "5/11/2016": [83.3, 0.03735990037359901], "5/12/2016": [83.1, -0.0024009603841536956], "5/13/2016": [81.8, -0.015643802647412722], "5/16/2016": [80.9, -0.011002444987774957], "5/17/2016": [82.6, 0.021013597033374395], "5/18/2016": [84.0, 0.01694915254237295], "5/19/2016": [79.8, -0.05000000000000003], "5/20/2016": [80.8, 0.012531328320802006], "5/23/2016": [80.6, -0.0024752475247525104], "5/24/2016": [81.5, 0.011166253101737043], "5/25/2016": [81.3, -0.0024539877300613845], "5/26/2016": [80.4, -0.011070110701106906], "5/27/2016": [81.5, 0.013681592039800924], "5/30/2016": [81.6, 0.001226993865030605], "5/31/2016": [82.2, 0.007352941176470693], "6/1/2016": [81.9, -0.0036496350364963156], "6/2/2016": [82.3, 0.00488400488400478], "6/3/2016": [82.0, -0.003645200486026697], "6/4/2016": [82.0, 0.0], "6/6/2016": [82.1, 0.0012195121951218818], "6/7/2016": [84.5, 0.02923264311814867], "6/8/2016": [83.6, -0.010650887573964565], "6/13/2016": [81.0, -0.031100478468899455], "6/14/2016": [81.0, 0.0], "6/15/2016": [82.4, 0.017283950617284022], "6/16/2016": [80.4, -0.024271844660194174], "6/17/2016": [80.2, -0.0024875621890547614], "6/20/2016": [81.1, 0.011221945137157], "6/21/2016": [81.1, 0.0], "6/22/2016": [81.9, 0.009864364981504456], "6/23/2016": [81.8, -0.001221001221001325], "6/24/2016": [79.5, -0.0281173594132029], "6/27/2016": [79.9, 0.005031446540880575], "6/28/2016": [81.0, 0.013767209011264008], "6/29/2016": [80.9, -0.0012345679012344976], "6/30/2016": [81.0, 0.0012360939431396083], "7/1/2016": [82.2, 0.01481481481481485], "7/4/2016": [82.2, 0.0], "7/5/2016": [82.1, -0.0012165450121655538], "7/6/2016": [77.8, -0.052375152253349544], "7/7/2016": [77.8, 0.0], "7/11/2016": [79.2, 0.017994858611825267], "7/12/2016": [82.2, 0.03787878787878788], "7/13/2016": [82.2, 0.0], "7/14/2016": [82.2, 0.0], "7/15/2016": [82.4, 0.0024330900243309346], "7/18/2016": [82.9, 0.006067961165048544], "7/19/2016": [83.3, 0.004825090470446217], "7/20/2016": [83.4, 0.0012004801920769332], "7/21/2016": [83.7, 0.003597122302158239], "7/22/2016": [83.6, -0.001194743130227103], "7/25/2016": [83.8, 0.0023923444976076897], "7/26/2016": [83.8, 0.0], "7/27/2016": [84.0, 0.002386634844868769], "7/28/2016": [84.5, 0.005952380952380952], "7/29/2016": [83.1, -0.016568047337278173], "8/1/2016": [83.4, 0.0036101083032492346], "8/2/2016": [83.9, 0.005995203836930456], "8/3/2016": [83.9, 0.0], "8/4/2016": [84.0, 0.0011918951132299678], "8/5/2016": [83.6, -0.00476190476190483], "8/8/2016": [84.0, 0.004784688995215379], "8/9/2016": [84.4, 0.00476190476190483], "8/10/2016": [84.3, -0.0011848341232228497], "8/11/2016": [85.0, 0.008303677342823284], "8/12/2016": [85.3, 0.003529411764705849], "8/15/2016": [85.3, 0.0], "8/16/2016": [85.0, -0.0035169988276670242], "8/17/2016": [84.3, -0.008235294117647092], "8/18/2016": [84.2, -0.0011862396204032541], "8/19/2016": [83.3, -0.010688836104513131], "8/22/2016": [82.7, -0.007202881152460917], "8/23/2016": [84.1, 0.016928657799274383], "8/24/2016": [83.5, -0.007134363852556413], "8/25/2016": [83.1, -0.004790419161676715], "8/26/2016": [83.1, 0.0], "8/29/2016": [83.2, 0.0012033694344164684], "8/30/2016": [83.0, -0.002403846153846188], "8/31/2016": [82.4, -0.007228915662650534], "9/1/2016": [80.4, -0.024271844660194174], "9/2/2016": [81.9, 0.018656716417910446], "9/5/2016": [82.5, 0.007326007326007256], "9/6/2016": [83.6, 0.013333333333333265], "9/7/2016": [85.4, 0.021531100478469036], "9/8/2016": [85.5, 0.0011709601873535634], "9/9/2016": [84.3, -0.014035087719298279], "9/10/2016": [83.5, -0.009489916963226538], "9/12/2016": [81.5, -0.023952095808383235], "9/13/2016": [81.8, 0.00368098159509199], "9/14/2016": [80.5, -0.015892420537897276], "9/19/2016": [83.7, 0.03975155279503109], "9/20/2016": [83.3, -0.004778972520908072], "9/21/2016": [84.5, 0.014405762304922003], "9/22/2016": [85.2, 0.008284023668639087], "9/23/2016": [85.3, 0.0011737089201877267], "9/26/2016": [84.7, -0.0070339976553340485], "9/29/2016": [85.4, 0.008264462809917389], "9/30/2016": [84.3, -0.012880562060890029], "10/3/2016": [85.2, 0.010676156583629961], "10/4/2016": [85.2, 0.0], "10/5/2016": [85.0, -0.0023474178403756203], "10/6/2016": [85.0, 0.0], "10/7/2016": [85.6, 0.007058823529411698], "10/11/2016": [85.6, 0.0], "10/12/2016": [86.8, 0.014018691588785081], "10/13/2016": [87.7, 0.010368663594470112], "10/14/2016": [87.7, 0.0], "10/17/2016": [87.7, 0.0], "10/18/2016": [89.0, 0.014823261117445806], "10/19/2016": [92.0, 0.033707865168539325], "10/20/2016": [93.0, 0.010869565217391304], "10/21/2016": [92.5, -0.005376344086021506], "10/24/2016": [92.5, 0.0],