{"1/4/2016": [9.74, ""], "1/5/2016": [9.51, -0.02361396303901442], "1/6/2016": [9.5, -0.0010515247108306822], "1/7/2016": [9.05, -0.047368421052631504], "1/8/2016": [9.15, 0.011049723756906037], "1/11/2016": [9.17, 0.002185792349726729], "1/12/2016": [9.15, -0.0021810250817883943], "1/13/2016": [9.14, -0.0010928961748633646], "1/14/2016": [9.1, -0.00437636761487975], "1/15/2016": [9.0, -0.01098901098901095], "1/18/2016": [9.07, 0.00777777777777781], "1/19/2016": [9.12, 0.00551267916207265], "1/20/2016": [9.1, -0.0021929824561403044], "1/21/2016": [9.01, -0.009890109890109874], "1/22/2016": [9.01, 0.0], "1/25/2016": [9.14, 0.014428412874583883], "1/26/2016": [9.13, -0.001094091903719889], "1/27/2016": [9.77, 0.07009857612267237], "1/28/2016": [9.79, 0.002047082906857684], "1/29/2016": [9.73, -0.006128702757916111], "1/30/2016": [9.78, 0.005138746145940281], "2/1/2016": [9.83, 0.005112474437627885], "2/2/2016": [9.74, -0.009155645981688694], "2/3/2016": [9.51, -0.02361396303901442], "2/15/2016": [9.49, -0.0021030494216613643], "2/16/2016": [10.4, 0.09589041095890412], "2/17/2016": [11.4, 0.09615384615384615], "2/18/2016": [11.5, 0.008771929824561372], "2/19/2016": [11.25, -0.021739130434782608], "2/22/2016": [11.25, 0.0], "2/23/2016": [11.3, 0.004444444444444508], "2/24/2016": [10.85, -0.03982300884955761], "2/25/2016": [10.75, -0.009216589861751119], "2/26/2016": [11.05, 0.027906976744186112], "3/1/2016": [10.9, -0.013574660633484194], "3/2/2016": [10.9, 0.0], "3/3/2016": [10.9, 0.0], "3/4/2016": [10.9, 0.0], "3/7/2016": [11.4, 0.04587155963302752], "3/8/2016": [11.4, 0.0], "3/9/2016": [11.55, 0.013157894736842136], "3/10/2016": [11.4, -0.012987012987013017], "3/11/2016": [11.35, -0.004385964912280764], "3/14/2016": [11.2, -0.013215859030837036], "3/15/2016": [10.35, -0.07589285714285711], "3/16/2016": [10.55, 0.019323671497584644], "3/17/2016": [10.5, -0.004739336492891062], "3/18/2016": [10.45, -0.00476190476190483], "3/21/2016": [10.45, 0.0], "3/22/2016": [10.55, 0.009569377990430759], "3/23/2016": [10.5, -0.004739336492891062], "3/24/2016": [10.2, -0.02857142857142864], "3/25/2016": [10.5, 0.029411764705882425], "3/28/2016": [10.95, 0.04285714285714279], "3/29/2016": [10.45, -0.04566210045662101], "3/30/2016": [10.75, 0.028708133971291936], "3/31/2016": [10.6, -0.013953488372093056], "4/1/2016": [10.75, 0.014150943396226448], "4/6/2016": [10.6, -0.013953488372093056], "4/7/2016": [10.45, -0.014150943396226448], "4/8/2016": [10.35, -0.009569377990430589], "4/11/2016": [10.75, 0.038647342995169115], "4/12/2016": [10.75, 0.0], "4/13/2016": [10.75, 0.0], "4/14/2016": [10.9, 0.013953488372093056], "4/15/2016": [10.8, -0.009174311926605472], "4/18/2016": [10.6, -0.018518518518518615], "4/19/2016": [10.55, -0.004716981132075371], "4/20/2016": [10.2, -0.0331753554502371], "4/21/2016": [10.2, 0.0], "4/22/2016": [10.1, -0.009803921568627416], "4/25/2016": [10.2, 0.009900990099009866], "4/26/2016": [10.15, -0.004901960784313621], "4/27/2016": [10.15, 0.0], "4/28/2016": [10.15, 0.0], "4/29/2016": [10.25, 0.009852216748768438], "5/3/2016": [10.05, -0.01951219512195115], "5/4/2016": [10.2, 0.014925373134328216], "5/5/2016": [10.15, -0.004901960784313621], "5/6/2016": [10.2, 0.0049261083743841316], "5/9/2016": [10.15, -0.004901960784313621], "5/10/2016": [10.1, -0.004926108374384306], "5/11/2016": [10.05, -0.004950495049504845], "5/12/2016": [9.96, -0.008955223880597], "5/13/2016": [9.94, -0.0020080321285141918], "5/16/2016": [9.8, -0.0140845070422534], "5/17/2016": [9.9, 0.010204081632653024], "5/18/2016": [9.99, 0.009090909090909077], "5/19/2016": [9.8, -0.01901901901901897], "5/20/2016": [9.88, 0.008163265306122455], "5/23/2016": [9.46, -0.04251012145748987], "5/24/2016": [9.68, 0.02325581395348825], "5/25/2016": [9.99, 0.032024793388429805], "5/26/2016": [10.15, 0.01601601601601603], "5/27/2016": [10.1, -0.004926108374384306], "5/30/2016": [10.15, 0.004950495049505021], "5/31/2016": [10.15, 0.0], "6/1/2016": [10.3, 0.014778325123152743], "6/2/2016": [10.4, 0.009708737864077634], "6/3/2016": [10.4, 0.0], "6/4/2016": [10.5, 0.009615384615384581], "6/6/2016": [10.15, -0.0333333333333333], "6/7/2016": [10.3, 0.014778325123152743], "6/8/2016": [10.3, 0.0], "6/13/2016": [10.3, 0.0], "6/14/2016": [10.35, 0.004854368932038731], "6/15/2016": [10.65, 0.02898550724637688], "6/16/2016": [10.75, 0.009389671361502313], "6/17/2016": [10.75, 0.0], "6/20/2016": [11.2, 0.04186046511627901], "6/21/2016": [11.0, -0.017857142857142794], "6/22/2016": [11.05, 0.00454545454545461], "6/23/2016": [10.95, -0.009049773755656236], "6/24/2016": [10.7, -0.022831050228310504], "6/27/2016": [10.7, 0.0], "6/28/2016": [10.55, -0.014018691588784915], "6/29/2016": [10.45, -0.009478672985782125], "6/30/2016": [10.4, -0.004784688995215209], "7/1/2016": [10.5, 0.009615384615384581], "7/4/2016": [10.5, 0.0], "7/5/2016": [10.5, 0.0], "7/6/2016": [10.5, 0.0], "7/7/2016": [10.5, 0.0], "7/11/2016": [10.45, -0.00476190476190483], "7/12/2016": [10.4, -0.004784688995215209], "7/13/2016": [10.4, 0.0], "7/14/2016": [10.3, -0.009615384615384581], "7/15/2016": [10.35, 0.004854368932038731], "7/18/2016": [10.4, 0.004830917874396204], "7/19/2016": [10.5, 0.009615384615384581], "7/20/2016": [10.55, 0.00476190476190483], "7/21/2016": [10.75, 0.018957345971563913], "7/22/2016": [10.5, -0.023255813953488372], "7/25/2016": [10.6, 0.00952380952380949], "7/26/2016": [10.55, -0.004716981132075371], "7/27/2016": [10.5, -0.004739336492891062], "7/28/2016": [10.45, -0.00476190476190483], "7/29/2016": [10.15, -0.028708133971291766], "8/1/2016": [10.25, 0.009852216748768438], "8/2/2016": [10.35, 0.009756097560975575], "8/3/2016": [10.25, -0.009661835748792237], "8/4/2016": [10.3, 0.004878048780487874], "8/5/2016": [10.4, 0.009708737864077634], "8/8/2016": [10.3, -0.009615384615384581], "8/9/2016": [10.35, 0.004854368932038731], "8/10/2016": [10.35, 0.0], "8/11/2016": [10.15, -0.019323671497584474], "8/12/2016": [10.2, 0.0049261083743841316], "8/15/2016": [10.2, 0.0], "8/16/2016": [10.2, 0.0], "8/17/2016": [10.25, 0.004901960784313796], "8/18/2016": [10.25, 0.0], "8/19/2016": [10.2, -0.004878048780487874], "8/22/2016": [10.35, 0.014705882352941213], "8/23/2016": [10.4, 0.004830917874396204], "8/24/2016": [10.35, -0.004807692307692376], "8/25/2016": [10.4, 0.004830917874396204], "8/26/2016": [10.45, 0.004807692307692205], "8/29/2016": [10.45, 0.0], "8/30/2016": [10.55, 0.009569377990430759], "8/31/2016": [10.6, 0.004739336492890894], "9/1/2016": [10.8, 0.018867924528301987], "9/2/2016": [10.8, 0.0], "9/5/2016": [10.6, -0.018518518518518615], "9/6/2016": [10.65, 0.004716981132075539], "9/7/2016": [10.7, 0.004694835680751073], "9/8/2016": [10.55, -0.014018691588784915], "9/9/2016": [10.6, 0.004739336492890894], "9/10/2016": [10.7, 0.00943396226415091], "9/12/2016": [10.65, -0.004672897196261583], "9/13/2016": [10.6, -0.004694835680751241], "9/14/2016": [10.5, -0.00943396226415091], "9/19/2016": [10.6, 0.00952380952380949], "9/20/2016": [10.55, -0.004716981132075371], "9/21/2016": [10.5, -0.004739336492891062], "9/22/2016": [10.5, 0.0], "9/23/2016": [10.5, 0.0], "9/26/2016": [10.5, 0.0], "9/29/2016": [10.5, 0.0], "9/30/2016": [10.5, 0.0], "10/3/2016": [10.5, 0.0], "10/4/2016": [10.5, 0.0], "10/5/2016": [10.5, 0.0], "10/6/2016": [10.5, 0.0], "10/7/2016": [10.7, 0.01904761904761898], "10/11/2016": [10.6, -0.009345794392523333], "10/12/2016": [10.65, 0.004716981132075539], "10/13/2016": [10.7, 0.004694835680751073], "10/14/2016": [10.7, 0.0], "10/17/2016": [10.75, 0.004672897196261749], "10/18/2016": [10.8, 0.00465116279069774], "10/19/2016": [10.8, 0.0], "10/20/2016": [10.8, 0.0], "10/21/2016": [10.75, -0.004629629629629695], "10/24/2016": [10.8, 0.00465116279069774], "10/25/2016": [10.8, 0.0], "10/26/2016": [10.8, 0.0], "10/27/2016": [10.75, -0.004629629629629695], "10/28/2016": [10.75, 0.0], "10/31/2016": [10.7, -0.00465116279069774], "11/1/2016": [10.65, -0.004672897196261583], "11/2/2016": [10.6, -0.004694835680751241],