{"1/4/2016": [19.95, ""], "1/5/2016": [19.75, -0.010025062656641569], "1/6/2016": [19.95, 0.010126582278480976], "1/7/2016": [19.45, -0.025062656641604012], "1/8/2016": [19.5, 0.0025706940874036356], "1/11/2016": [18.8, -0.03589743589743586], "1/12/2016": [18.85, 0.002659574468085144], "1/13/2016": [18.75, -0.005305039787798484], "1/14/2016": [18.8, 0.0026666666666667047], "1/15/2016": [19.6, 0.042553191489361736], "1/18/2016": [20.35, 0.038265306122448974], "1/19/2016": [20.6, 0.012285012285012284], "1/20/2016": [20.75, 0.007281553398058183], "1/21/2016": [20.5, -0.012048192771084338], "1/22/2016": [20.8, 0.014634146341463448], "1/25/2016": [22.85, 0.09855769230769233], "1/26/2016": [22.35, -0.02188183807439825], "1/27/2016": [22.5, 0.00671140939597309], "1/28/2016": [23.15, 0.028888888888888825], "1/29/2016": [23.75, 0.025917926565874792], "1/30/2016": [23.95, 0.008421052631578918], "2/1/2016": [23.4, -0.022964509394572057], "2/2/2016": [23.6, 0.00854700854700867], "2/3/2016": [23.15, -0.01906779661016961], "2/15/2016": [23.2, 0.002159827213822925], "2/16/2016": [25.0, 0.07758620689655175], "2/17/2016": [24.75, -0.01], "2/18/2016": [24.8, 0.002020202020202049], "2/19/2016": [25.0, 0.008064516129032228], "2/22/2016": [24.6, -0.015999999999999945], "2/23/2016": [24.3, -0.01219512195121954], "2/24/2016": [24.5, 0.00823045267489709], "2/25/2016": [24.45, -0.002040816326530641], "2/26/2016": [24.85, 0.016359918200409086], "3/1/2016": [26.0, 0.0462776659959758], "3/2/2016": [25.95, -0.0019230769230769505], "3/3/2016": [26.5, 0.021194605009633938], "3/4/2016": [27.4, 0.03396226415094334], "3/7/2016": [30.1, 0.09854014598540158], "3/8/2016": [30.0, -0.0033222591362126715], "3/9/2016": [28.5, -0.05], "3/10/2016": [28.8, 0.01052631578947371], "3/11/2016": [28.15, -0.022569444444444517], "3/14/2016": [27.4, -0.026642984014209593], "3/15/2016": [27.4, 0.0], "3/16/2016": [27.9, 0.018248175182481754], "3/17/2016": [27.2, -0.025089605734767], "3/18/2016": [27.6, 0.014705882352941256], "3/21/2016": [27.25, -0.012681159420289906], "3/22/2016": [28.0, 0.027522935779816515], "3/23/2016": [28.55, 0.019642857142857167], "3/24/2016": [28.25, -0.010507880910683037], "3/25/2016": [27.3, -0.03362831858407077], "3/28/2016": [26.95, -0.012820512820512872], "3/29/2016": [26.4, -0.02040816326530615], "3/30/2016": [27.2, 0.03030303030303033], "3/31/2016": [27.25, 0.0018382352941176733], "4/1/2016": [27.4, 0.005504587155963251], "4/6/2016": [26.95, -0.016423357664233553], "4/7/2016": [27.05, 0.0037105751391466207], "4/8/2016": [27.3, 0.009242144177449167], "4/11/2016": [28.25, 0.03479853479853477], "4/12/2016": [28.7, 0.015929203539822984], "4/13/2016": [29.9, 0.041811846689895446], "4/14/2016": [29.4, -0.016722408026755852], "4/15/2016": [31.0, 0.05442176870748305], "4/18/2016": [29.35, -0.05322580645161286], "4/19/2016": [29.85, 0.017035775127768313], "4/20/2016": [29.65, -0.006700167504187699], "4/21/2016": [30.0, 0.011804384485666152], "4/22/2016": [29.3, -0.02333333333333331], "4/25/2016": [28.85, -0.015358361774744003], "4/26/2016": [29.9, 0.03639514731369141], "4/27/2016": [29.35, -0.018394648829431343], "4/28/2016": [29.0, -0.011925042589437867], "4/29/2016": [28.4, -0.02068965517241384], "5/3/2016": [27.6, -0.028169014084506942], "5/4/2016": [26.55, -0.03804347826086959], "5/5/2016": [27.8, 0.047080979284369114], "5/6/2016": [27.35, -0.016187050359712206], "5/9/2016": [27.3, -0.0018281535648994774], "5/10/2016": [27.6, 0.010989010989011014], "5/11/2016": [27.3, -0.01086956521739133], "5/12/2016": [27.5, 0.0073260073260073], "5/13/2016": [26.6, -0.032727272727272674], "5/16/2016": [26.05, -0.020676691729323335], "5/17/2016": [27.0, 0.03646833013435698], "5/18/2016": [27.05, 0.0018518518518518782], "5/19/2016": [26.25, -0.029574861367837362], "5/20/2016": [26.7, 0.017142857142857116], "5/23/2016": [27.0, 0.011235955056179803], "5/24/2016": [27.0, 0.0], "5/25/2016": [26.8, -0.007407407407407381], "5/26/2016": [27.0, 0.007462686567164152], "5/27/2016": [26.9, -0.0037037037037037563], "5/30/2016": [26.6, -0.011152416356877219], "5/31/2016": [26.7, 0.003759398496240521], "6/1/2016": [27.3, 0.022471910112359605], "6/2/2016": [26.75, -0.020146520146520172], "6/3/2016": [27.0, 0.009345794392523364], "6/4/2016": [27.0, 0.0], "6/6/2016": [26.7, -0.011111111111111138], "6/7/2016": [26.8, 0.0037453183520599785], "6/8/2016": [27.2, 0.014925373134328304], "6/13/2016": [26.65, -0.020220588235294143], "6/14/2016": [26.2, -0.016885553470919298], "6/15/2016": [26.0, -0.007633587786259515], "6/16/2016": [25.55, -0.01730769230769228], "6/17/2016": [25.5, -0.001956947162426642], "6/20/2016": [26.45, 0.037254901960784285], "6/21/2016": [26.3, -0.0056710775047258445], "6/22/2016": [28.9, 0.09885931558935353], "6/23/2016": [28.75, -0.005190311418685072], "6/24/2016": [27.55, -0.041739130434782584], "6/27/2016": [27.95, 0.01451905626134296], "6/28/2016": [28.9, 0.033989266547406055], "6/29/2016": [29.25, 0.012110726643598666], "6/30/2016": [29.6, 0.011965811965812015], "7/1/2016": [28.95, -0.02195945945945953], "7/4/2016": [29.2, 0.008635578583765112], "7/5/2016": [28.95, -0.008561643835616438], "7/6/2016": [28.25, -0.02417962003454229], "7/7/2016": [28.5, 0.008849557522123894], "7/11/2016": [28.2, -0.01052631578947371], "7/12/2016": [27.7, -0.01773049645390071], "7/13/2016": [27.95, 0.009025270758122744], "7/14/2016": [27.9, -0.001788908765652977], "7/15/2016": [27.8, -0.0035842293906809273], "7/18/2016": [28.65, 0.030575539568345245], "7/19/2016": [28.4, -0.008726003490401396], "7/20/2016": [28.0, -0.014084507042253471], "7/21/2016": [28.35, 0.012500000000000051], "7/22/2016": [28.45, 0.0035273368606701188], "7/25/2016": [28.45, 0.0], "7/26/2016": [28.4, -0.00175746924428825], "7/27/2016": [28.3, -0.0035211267605633053], "7/28/2016": [28.0, -0.010600706713780944], "7/29/2016": [27.95, -0.001785714285714311], "8/1/2016": [27.8, -0.005366726296958804], "8/2/2016": [27.9, 0.003597122302158197], "8/3/2016": [27.75, -0.005376344086021455], "8/4/2016": [28.4, 0.02342342342342337], "8/5/2016": [29.65, 0.04401408450704226], "8/8/2016": [29.7, 0.0016863406408094675], "8/9/2016": [29.85, 0.005050505050505122], "8/10/2016": [30.0, 0.005025125628140656], "8/11/2016": [29.4, -0.02000000000000005], "8/12/2016": [29.3, -0.0034013605442176145], "8/15/2016": [29.3, 0.0], "8/16/2016": [29.3, 0.0], "8/17/2016": [29.05, -0.008532423208191127], "8/18/2016": [29.35, 0.010327022375215171], "8/19/2016": [29.05, -0.010221465076661012], "8/22/2016": [28.7, -0.012048192771084387], "8/23/2016": [29.1, 0.013937282229965231], "8/24/2016": [28.9, -0.006872852233677073], "8/25/2016": [28.5, -0.013840830449826941], "8/26/2016": [28.85, 0.012280701754386015], "8/29/2016": [29.0, 0.005199306759098737], "8/30/2016": [29.2, 0.006896551724137907], "8/31/2016": [29.15, -0.001712328767123312], "9/1/2016": [28.8, -0.012006861063464765], "9/2/2016": [28.5, -0.01041666666666669], "9/5/2016": [29.0, 0.017543859649122806], "9/6/2016": [29.3, 0.01034482758620692], "9/7/2016": [29.3, 0.0], "9/8/2016": [29.6, 0.010238907849829375], "9/9/2016": [29.6, 0.0], "9/10/2016": [29.1, -0.01689189189189189], "9/12/2016": [28.8, -0.010309278350515488], "9/13/2016": [28.55, -0.008680555555555556], "9/14/2016": [28.55, 0.0], "9/19/2016": [28.85, 0.010507880910683037], "9/20/2016": [29.0, 0.005199306759098737], "9/21/2016": [29.05, 0.0017241379310345072], "9/22/2016": [29.05, 0.0], "9/23/2016": [29.1, 0.0017211703958692154], "9/26/2016": [28.75, -0.012027491408934755], "9/29/2016": [28.8, 0.0017391304347826335], "9/30/2016": [28.9, 0.0034722222222221483], "10/3/2016": [28.95, 0.0017301038062283985], "10/4/2016": [29.05, 0.003454231433506094], "10/5/2016": [29.0, -0.0017211703958692154], "10/6/2016": [28.95, -0.0017241379310345072], "10/7/2016": [28.85, -0.0034542314335059715], "10/11/2016": [28.8, -0.0017331022530329536], "10/12/2016": [28.6, -0.00694444444444442], "10/13/2016": [29.55, 0.03321678321678319], "10/14/2016": [30.8, 0.04230118443316413],