{"1/4/2016": [21.3, ""], "1/5/2016": [23.4, 0.09859154929577454], "1/6/2016": [22.9, -0.021367521367521368], "1/7/2016": [21.75, -0.050218340611353655], "1/8/2016": [21.35, -0.018390804597701083], "1/11/2016": [20.45, -0.042154566744730775], "1/12/2016": [18.6, -0.09046454767726152], "1/13/2016": [17.6, -0.05376344086021505], "1/14/2016": [15.9, -0.09659090909090914], "1/15/2016": [16.5, 0.03773584905660375], "1/18/2016": [17.55, 0.06363636363636369], "1/19/2016": [18.4, 0.04843304843304831], "1/20/2016": [17.4, -0.05434782608695653], "1/21/2016": [17.35, -0.0028735632183906415], "1/22/2016": [17.0, -0.020172910662824287], "1/25/2016": [17.45, 0.026470588235294076], "1/26/2016": [17.4, -0.0028653295128940235], "1/27/2016": [17.1, -0.017241379310344664], "1/28/2016": [17.45, 0.020467836257309815], "1/29/2016": [17.45, 0.0], "1/30/2016": [17.95, 0.02865329512893983], "2/1/2016": [17.6, -0.019498607242339715], "2/2/2016": [17.4, -0.011363636363636524], "2/3/2016": [17.05, -0.02011494252873551], "2/15/2016": [16.95, -0.005865102639296271], "2/16/2016": [17.2, 0.014749262536873156], "2/17/2016": [17.8, 0.03488372093023264], "2/18/2016": [19.05, 0.07022471910112359], "2/19/2016": [18.8, -0.013123359580052493], "2/22/2016": [19.0, 0.010638297872340387], "2/23/2016": [19.1, 0.005263157894736917], "2/24/2016": [18.3, -0.04188481675392674], "2/25/2016": [18.5, 0.01092896174863384], "2/26/2016": [18.4, -0.005405405405405482], "3/1/2016": [18.4, 0.0], "3/2/2016": [19.2, 0.04347826086956526], "3/3/2016": [19.0, -0.01041666666666663], "3/4/2016": [18.8, -0.010526315789473648], "3/7/2016": [19.05, 0.013297872340425532], "3/8/2016": [20.95, 0.09973753280839887], "3/9/2016": [20.6, -0.016706443914081045], "3/10/2016": [20.55, -0.002427184466019452], "3/11/2016": [20.45, -0.004866180048661869], "3/14/2016": [20.3, -0.007334963325183305], "3/15/2016": [19.3, -0.04926108374384236], "3/16/2016": [19.9, 0.031088082901554293], "3/17/2016": [19.4, -0.02512562814070352], "3/18/2016": [20.1, 0.03608247422680427], "3/21/2016": [19.9, -0.009950248756219046], "3/22/2016": [19.65, -0.01256281407035176], "3/23/2016": [19.65, 0.0], "3/24/2016": [19.6, -0.0025445292620863693], "3/25/2016": [19.6, 0.0], "3/28/2016": [19.4, -0.010204081632653206], "3/29/2016": [18.85, -0.02835051546391738], "3/30/2016": [19.1, 0.01326259946949602], "3/31/2016": [19.3, 0.010471204188481638], "4/1/2016": [19.25, -0.00259067357512957], "4/6/2016": [19.4, 0.0077922077922077185], "4/7/2016": [19.5, 0.005154639175257806], "4/8/2016": [20.05, 0.02820512820512824], "4/11/2016": [20.95, 0.04488778054862835], "4/12/2016": [20.95, 0.0], "4/13/2016": [20.7, -0.011933174224343675], "4/14/2016": [20.65, -0.002415458937198102], "4/15/2016": [20.9, 0.012106537530266345], "4/18/2016": [21.3, 0.019138755980861347], "4/19/2016": [21.2, -0.004694835680751241], "4/20/2016": [20.3, -0.04245283018867918], "4/21/2016": [20.4, 0.0049261083743841316], "4/22/2016": [20.1, -0.014705882352941037], "4/25/2016": [20.05, -0.0024875621890547614], "4/26/2016": [19.8, -0.012468827930174562], "4/27/2016": [19.75, -0.002525252525252561], "4/28/2016": [19.55, -0.010126582278480976], "4/29/2016": [19.55, 0.0], "5/3/2016": [19.65, 0.005115089514066387], "5/4/2016": [19.6, -0.0025445292620863693], "5/5/2016": [19.45, -0.007653061224489904], "5/6/2016": [19.6, 0.007712082262210907], "5/9/2016": [19.65, 0.0025510204081631203], "5/10/2016": [19.6, -0.0025445292620863693], "5/11/2016": [18.5, -0.056122448979591906], "5/12/2016": [18.55, 0.002702702702702741], "5/13/2016": [17.4, -0.061994609164420594], "5/16/2016": [17.7, 0.01724137931034487], "5/17/2016": [18.05, 0.01977401129943511], "5/18/2016": [19.85, 0.09972299168975073], "5/19/2016": [19.65, -0.010075566750629865], "5/20/2016": [20.3, 0.03307888040712479], "5/23/2016": [21.2, 0.04433497536945805], "5/24/2016": [21.35, 0.007075471698113308], "5/25/2016": [21.35, 0.0], "5/26/2016": [21.6, 0.011709601873536299], "5/27/2016": [23.6, 0.09259259259259259], "5/30/2016": [23.8, 0.00847457627118641], "5/31/2016": [23.65, -0.006302521008403451], "6/1/2016": [23.7, 0.0021141649048626093], "6/2/2016": [23.7, 0.0], "6/3/2016": [23.85, 0.006329113924050723], "6/4/2016": [23.6, -0.010482180293501047], "6/6/2016": [23.8, 0.00847457627118641], "6/7/2016": [23.75, -0.0021008403361344836], "6/8/2016": [22.4, -0.05684210526315796], "6/13/2016": [21.0, -0.06249999999999994], "6/14/2016": [22.2, 0.057142857142857106], "6/15/2016": [22.1, -0.004504504504504409], "6/16/2016": [22.1, 0.0], "6/17/2016": [22.35, 0.011312217194570135], "6/20/2016": [23.25, 0.04026845637583886], "6/21/2016": [23.35, 0.004301075268817265], "6/22/2016": [22.85, -0.021413276231263382], "6/23/2016": [22.55, -0.01312910284463898], "6/24/2016": [22.0, -0.024390243902439056], "6/27/2016": [22.4, 0.01818181818181812], "6/28/2016": [23.25, 0.03794642857142864], "6/29/2016": [23.2, -0.0021505376344086325], "6/30/2016": [23.1, -0.004310344827586115], "7/1/2016": [23.1, 0.0], "7/4/2016": [23.3, 0.008658008658008627], "7/5/2016": [24.4, 0.047210300429184456], "7/6/2016": [24.3, -0.0040983606557376175], "7/7/2016": [24.45, 0.006172839506172781], "7/11/2016": [24.9, 0.018404907975460093], "7/12/2016": [24.65, -0.010040160642570281], "7/13/2016": [24.35, -0.01217038539553741], "7/14/2016": [24.5, 0.006160164271047169], "7/15/2016": [24.8, 0.012244897959183702], "7/18/2016": [24.7, -0.004032258064516186], "7/19/2016": [24.7, 0.0], "7/20/2016": [23.9, -0.032388663967611364], "7/21/2016": [24.5, 0.025104602510460313], "7/22/2016": [24.5, 0.0], "7/25/2016": [24.4, -0.004081632653061282], "7/26/2016": [24.25, -0.006147540983606499], "7/27/2016": [24.35, 0.004123711340206244], "7/28/2016": [23.85, -0.02053388090349076], "7/29/2016": [23.7, -0.006289308176100718], "8/1/2016": [23.85, 0.006329113924050723], "8/2/2016": [25.15, 0.054507337526205325], "8/3/2016": [25.25, 0.003976143141153138], "8/4/2016": [25.1, -0.005940594059405884], "8/5/2016": [25.3, 0.007968127490039813], "8/8/2016": [25.45, 0.0059288537549406556], "8/9/2016": [27.6, 0.08447937131630658], "8/10/2016": [27.95, 0.012681159420289778], "8/11/2016": [28.15, 0.007155635062611782], "8/12/2016": [28.05, -0.0035523978685612035], "8/15/2016": [28.75, 0.024955436720142575], "8/16/2016": [28.4, -0.012173913043478311], "8/17/2016": [27.6, -0.028169014084506942], "8/18/2016": [27.95, 0.012681159420289778], "8/19/2016": [27.5, -0.01610017889087654], "8/22/2016": [26.8, -0.025454545454545428], "8/23/2016": [26.85, 0.0018656716417910712], "8/24/2016": [27.65, 0.02979515828677829], "8/25/2016": [27.6, -0.001808318264014364], "8/26/2016": [27.45, -0.005434782608695729], "8/29/2016": [27.1, -0.012750455373406116], "8/30/2016": [27.6, 0.01845018450184502], "8/31/2016": [27.4, -0.007246376811594305], "9/1/2016": [27.35, -0.0018248175182480715], "9/2/2016": [26.75, -0.02193784277879347], "9/5/2016": [27.3, 0.02056074766355143], "9/6/2016": [28.35, 0.038461538461538484], "9/7/2016": [27.95, -0.01410934744268085], "9/8/2016": [27.3, -0.023255813953488323], "9/9/2016": [26.9, -0.01465201465201473], "9/10/2016": [26.45, -0.01672862453531596], "9/12/2016": [26.4, -0.001890359168241993], "9/13/2016": [26.3, -0.0037878787878787073], "9/14/2016": [26.1, -0.007604562737642559], "9/19/2016": [26.2, 0.003831417624520991], "9/20/2016": [26.65, 0.017175572519083943], "9/21/2016": [26.35, -0.011257035647279444], "9/22/2016": [26.35, 0.0], "9/23/2016": [26.3, -0.0018975332068311465], "9/26/2016": [26.25, -0.0019011406844106733], "9/29/2016": [26.3, 0.0019047619047619319], "9/30/2016": [25.65, -0.024714828897338482], "10/3/2016": [25.3, -0.013645224171539879], "10/4/2016": [25.45, 0.0059288537549406556], "10/5/2016": [25.6, 0.005893909626719141], "10/6/2016": [25.6, 0.0], "10/7/2016": [25.5, -0.0039062500000000555], "10/11/2016": [25.85, 0.013725490196078487], "10/12/2016": [25.85, 0.0], "10/13/2016": [25.2, -0.02514506769825927], "10/14/2016": [24.3, -0.03571428571428566], "10/17/2016": [24.35, 0.002057613168724309],