{"1/4/2016": [11.2, ""], "1/5/2016": [11.0, -0.017857142857142794], "1/6/2016": [11.6, 0.054545454545454515], "1/7/2016": [12.4, 0.06896551724137938], "1/8/2016": [12.6, 0.016129032258064457], "1/11/2016": [13.25, 0.05158730158730162], "1/12/2016": [12.95, -0.022641509433962318], "1/13/2016": [12.8, -0.011583011583011473], "1/14/2016": [11.9, -0.07031250000000003], "1/15/2016": [11.25, -0.054621848739495826], "1/18/2016": [11.85, 0.0533333333333333], "1/19/2016": [12.4, 0.046413502109704706], "1/20/2016": [12.1, -0.024193548387096833], "1/21/2016": [12.4, 0.024793388429752126], "1/22/2016": [12.2, -0.016129032258064602], "1/25/2016": [12.35, 0.012295081967213144], "1/26/2016": [12.95, 0.04858299595141698], "1/27/2016": [12.6, -0.027027027027027], "1/28/2016": [12.3, -0.023809523809523725], "1/29/2016": [12.3, 0.0], "1/30/2016": [12.4, 0.00813008130081298], "2/1/2016": [12.0, -0.03225806451612906], "2/2/2016": [12.0, 0.0], "2/3/2016": [11.75, -0.020833333333333332], "2/15/2016": [11.55, -0.01702127659574462], "2/16/2016": [11.55, 0.0], "2/17/2016": [11.85, 0.02597402597402588], "2/18/2016": [11.95, 0.008438818565400814], "2/19/2016": [11.8, -0.012552301255230007], "2/22/2016": [11.9, 0.00847457627118641], "2/23/2016": [11.7, -0.01680672268907572], "2/24/2016": [11.5, -0.017094017094017033], "2/25/2016": [11.5, 0.0], "2/26/2016": [11.3, -0.017391304347826025], "3/1/2016": [11.4, 0.008849557522123862], "3/2/2016": [11.45, 0.004385964912280608], "3/3/2016": [12.1, 0.0567685589519651], "3/4/2016": [11.95, -0.012396694214876063], "3/7/2016": [12.1, 0.012552301255230157], "3/8/2016": [12.3, 0.016528925619834798], "3/9/2016": [12.1, -0.0162601626016261], "3/10/2016": [12.0, -0.008264462809917326], "3/11/2016": [11.85, -0.01250000000000003], "3/14/2016": [12.05, 0.016877637130801777], "3/15/2016": [11.85, -0.01659751037344407], "3/16/2016": [12.7, 0.07172995780590714], "3/17/2016": [12.15, -0.043307086614173144], "3/18/2016": [12.25, 0.00823045267489709], "3/21/2016": [11.05, -0.09795918367346933], "3/22/2016": [10.2, -0.07692307692307705], "3/23/2016": [9.89, -0.030392156862744976], "3/24/2016": [9.3, -0.05965621840242668], "3/25/2016": [9.65, 0.0376344086021505], "3/28/2016": [9.65, 0.0], "3/29/2016": [9.3, -0.036269430051813434], "3/30/2016": [9.52, 0.0236559139784945], "3/31/2016": [9.42, -0.010504201680672232], "4/1/2016": [9.44, 0.0021231422505307404], "4/6/2016": [9.38, -0.006355932203389696], "4/7/2016": [10.3, 0.09808102345415777], "4/8/2016": [10.0, -0.029126213592233077], "4/11/2016": [10.0, 0.0], "4/12/2016": [9.72, -0.027999999999999935], "4/13/2016": [9.8, 0.008230452674897125], "4/14/2016": [9.75, -0.005102040816326603], "4/15/2016": [9.73, -0.0020512820512820075], "4/18/2016": [9.74, 0.0010277492291880562], "4/19/2016": [9.76, 0.0020533880903490323], "4/20/2016": [9.85, 0.009221311475409822], "4/21/2016": [10.05, 0.02030456852791889], "4/22/2016": [9.83, -0.021890547263681653], "4/25/2016": [9.79, -0.004069175991861742], "4/26/2016": [9.9, 0.0112359550561799], "4/27/2016": [9.86, -0.004040404040404133], "4/28/2016": [9.86, 0.0], "4/29/2016": [9.66, -0.02028397565922914], "5/3/2016": [9.6, -0.006211180124223654], "5/4/2016": [9.6, 0.0], "5/5/2016": [9.88, 0.029166666666666785], "5/6/2016": [9.76, -0.01214574898785435], "5/9/2016": [9.77, 0.0010245901639344044], "5/10/2016": [9.75, -0.002047082906857684], "5/11/2016": [9.75, 0.0], "5/12/2016": [9.77, 0.0020512820512820075], "5/13/2016": [9.67, -0.010235414534288603], "5/16/2016": [9.59, -0.008273009307135478], "5/17/2016": [9.51, -0.008342022940563094], "5/18/2016": [9.43, -0.008412197686645645], "5/19/2016": [9.34, -0.009544008483563082], "5/20/2016": [9.39, 0.005353319057815922], "5/23/2016": [9.6, 0.022364217252396068], "5/24/2016": [9.54, -0.006250000000000052], "5/25/2016": [9.63, 0.009433962264151115], "5/26/2016": [9.55, -0.008307372793354108], "5/27/2016": [9.67, 0.012565445026177928], "5/30/2016": [9.85, 0.018614270941054778], "5/31/2016": [9.73, -0.01218274111675119], "6/1/2016": [10.7, 0.09969167523124345], "6/2/2016": [10.35, -0.032710280373831745], "6/3/2016": [10.3, -0.004830917874396033], "6/4/2016": [10.2, -0.009708737864077808], "6/6/2016": [10.3, 0.009803921568627591], "6/7/2016": [10.2, -0.009708737864077808], "6/8/2016": [10.1, -0.009803921568627416], "6/13/2016": [9.83, -0.02673267326732669], "6/14/2016": [9.84, 0.0010172939979653903], "6/15/2016": [9.86, 0.002032520325203209], "6/16/2016": [9.77, -0.00912778904665313], "6/17/2016": [9.95, 0.01842374616171952], "6/20/2016": [9.91, -0.004020100502512477], "6/21/2016": [10.0, 0.009081735620585252], "6/22/2016": [9.99, -0.0009999999999999788], "6/23/2016": [10.05, 0.006006006006006055], "6/24/2016": [9.72, -0.032835820895522394], "6/27/2016": [9.73, 0.0010288065843621179], "6/28/2016": [9.81, 0.008221993833504632], "6/29/2016": [9.8, -0.0010193679918450342], "6/30/2016": [9.8, 0.0], "7/1/2016": [9.8, 0.0], "7/4/2016": [9.86, 0.0061224489795917054], "7/5/2016": [10.05, 0.01926977687626788], "7/6/2016": [10.05, 0.0], "7/7/2016": [10.1, 0.004975124378109346], "7/11/2016": [10.05, -0.004950495049504845], "7/12/2016": [10.15, 0.009950248756218869], "7/13/2016": [10.1, -0.004926108374384306], "7/14/2016": [10.25, 0.014851485148514887], "7/15/2016": [10.25, 0.0], "7/18/2016": [10.35, 0.009756097560975575], "7/19/2016": [11.1, 0.07246376811594203], "7/20/2016": [10.95, -0.013513513513513545], "7/21/2016": [12.0, 0.09589041095890419], "7/22/2016": [12.0, 0.0], "7/25/2016": [11.65, -0.029166666666666636], "7/26/2016": [11.35, -0.02575107296137345], "7/27/2016": [11.15, -0.01762114537444928], "7/28/2016": [11.3, 0.01345291479820631], "7/29/2016": [11.15, -0.013274336283185872], "8/1/2016": [11.3, 0.01345291479820631], "8/2/2016": [11.7, 0.03539823008849545], "8/3/2016": [11.4, -0.02564102564102555], "8/4/2016": [11.3, -0.008771929824561372], "8/5/2016": [11.25, -0.004424778761062009], "8/8/2016": [11.15, -0.008888888888888858], "8/9/2016": [11.3, 0.01345291479820631], "8/10/2016": [11.9, 0.05309734513274333], "8/11/2016": [11.65, -0.021008403361344536], "8/12/2016": [11.4, -0.02145922746781116], "8/15/2016": [11.5, 0.008771929824561372], "8/16/2016": [11.7, 0.017391304347826025], "8/17/2016": [11.45, -0.021367521367521368], "8/18/2016": [11.35, -0.008733624454148442], "8/19/2016": [11.35, 0.0], "8/22/2016": [11.1, -0.022026431718061675], "8/23/2016": [11.15, 0.004504504504504569], "8/24/2016": [12.25, 0.09865470852017934], "8/25/2016": [13.45, 0.09795918367346933], "8/26/2016": [13.7, 0.01858736059479554], "8/29/2016": [13.65, -0.0036496350364962726], "8/30/2016": [14.05, 0.02930402930402933], "8/31/2016": [13.55, -0.03558718861209964], "9/1/2016": [13.7, 0.011070110701106906], "9/2/2016": [13.0, -0.05109489051094886], "9/5/2016": [13.4, 0.030769230769230795], "9/6/2016": [13.15, -0.018656716417910446], "9/7/2016": [13.0, -0.011406844106463905], "9/8/2016": [13.6, 0.04615384615384613], "9/9/2016": [13.35, -0.01838235294117647], "9/10/2016": [13.2, -0.011235955056179803], "9/12/2016": [13.2, 0.0], "9/13/2016": [12.65, -0.04166666666666659], "9/14/2016": [12.5, -0.01185770750988145], "9/19/2016": [12.5, 0.0], "9/20/2016": [12.5, 0.0], "9/21/2016": [12.5, 0.0], "9/22/2016": [12.5, 0.0], "9/23/2016": [12.5, 0.0], "9/26/2016": [12.5, 0.0], "9/29/2016": [27.5, 1.2], "9/30/2016": [27.8, 0.010909090909090934], "10/3/2016": [26.7, -0.03956834532374106], "10/4/2016": [26.35, -0.013108614232209659], "10/5/2016": [26.6, 0.009487666034155597], "10/6/2016": [26.2, -0.015037593984962485], "10/7/2016": [25.6, -0.022900763358778546], "10/11/2016": [26.2, 0.023437499999999917], "10/12/2016": [25.85, -0.013358778625954117], "10/13/2016": [26.4, 0.02127659574468074], "10/14/2016": [25.85, -0.020833333333333228], "10/17/2016": [25.35, -0.01934235976789168], "10/18/2016": [25.4, 0.001972386587771091], "10/19/2016": [25.75, 0.013779527559055175], "10/20/2016": [25.95, 0.007766990291262109], "10/21/2016": [25.95, 0.0],