{"1/4/2016": [15.0, ""], "1/5/2016": [14.9, -0.006666666666666643], "1/6/2016": [14.75, -0.010067114093959755], "1/7/2016": [14.45, -0.020338983050847505], "1/8/2016": [14.3, -0.010380622837370145], "1/11/2016": [14.25, -0.003496503496503546], "1/12/2016": [14.15, -0.007017543859649098], "1/13/2016": [14.2, 0.003533568904593564], "1/14/2016": [14.05, -0.010563380281690042], "1/15/2016": [14.1, 0.0035587188612098883], "1/18/2016": [14.0, -0.007092198581560258], "1/19/2016": [14.05, 0.003571428571428622], "1/20/2016": [14.0, -0.003558718861210015], "1/21/2016": [13.85, -0.01071428571428574], "1/22/2016": [13.85, 0.0], "1/25/2016": [14.05, 0.014440433212996467], "1/26/2016": [13.85, -0.014234875444839933], "1/27/2016": [13.9, 0.0036101083032491488], "1/28/2016": [13.95, 0.003597122302158197], "1/29/2016": [14.05, 0.0071684587813621095], "1/30/2016": [14.1, 0.0035587188612098883], "2/1/2016": [14.1, 0.0], "2/2/2016": [14.2, 0.007092198581560258], "2/3/2016": [14.3, 0.007042253521126861], "2/15/2016": [14.8, 0.03496503496503496], "2/16/2016": [15.05, 0.01689189189189189], "2/17/2016": [14.85, -0.013289036544850568], "2/18/2016": [14.9, 0.003367003367003415], "2/19/2016": [14.85, -0.003355704697986625], "2/22/2016": [14.85, 0.0], "2/23/2016": [15.0, 0.010101010101010124], "2/24/2016": [15.2, 0.013333333333333286], "2/25/2016": [15.25, 0.0032894736842105734], "2/26/2016": [15.25, 0.0], "3/1/2016": [15.25, 0.0], "3/2/2016": [15.3, 0.0032786885245902103], "3/3/2016": [15.35, 0.0032679738562090806], "3/4/2016": [15.5, 0.009771986970684063], "3/7/2016": [15.6, 0.006451612903225784], "3/8/2016": [15.8, 0.01282051282051289], "3/9/2016": [15.7, -0.006329113924050722], "3/10/2016": [15.7, 0.0], "3/11/2016": [15.75, 0.0031847133757962236], "3/14/2016": [16.0, 0.015873015873015872], "3/15/2016": [16.25, 0.015625], "3/16/2016": [16.5, 0.015384615384615385], "3/17/2016": [16.45, -0.0030303030303030732], "3/18/2016": [16.55, 0.006079027355623187], "3/21/2016": [17.2, 0.03927492447129901], "3/22/2016": [17.0, -0.011627906976744146], "3/23/2016": [16.9, -0.005882352941176554], "3/24/2016": [16.7, -0.011834319526627177], "3/25/2016": [16.7, 0.0], "3/28/2016": [17.55, 0.05089820359281446], "3/29/2016": [16.95, -0.03418803418803427], "3/30/2016": [17.15, 0.011799410029498483], "3/31/2016": [17.1, -0.0029154518950435665], "4/1/2016": [17.35, 0.014619883040935672], "4/6/2016": [17.1, -0.01440922190201729], "4/7/2016": [17.4, 0.01754385964912264], "4/8/2016": [17.3, -0.005747126436781487], "4/11/2016": [17.7, 0.02312138728323691], "4/12/2016": [17.6, -0.005649717514124173], "4/13/2016": [17.5, -0.005681818181818262], "4/14/2016": [17.35, -0.00857142857142849], "4/15/2016": [17.5, 0.008645533141210292], "4/18/2016": [17.3, -0.011428571428571389], "4/19/2016": [17.1, -0.011560693641618455], "4/20/2016": [16.85, -0.014619883040935672], "4/21/2016": [17.0, 0.008902077151335227], "4/22/2016": [16.85, -0.008823529411764622], "4/25/2016": [17.0, 0.008902077151335227], "4/26/2016": [17.0, 0.0], "4/27/2016": [17.25, 0.014705882352941176], "4/28/2016": [17.1, -0.00869565217391296], "4/29/2016": [16.9, -0.011695906432748704], "5/3/2016": [16.75, -0.008875739644970331], "5/4/2016": [16.55, -0.011940298507462643], "5/5/2016": [16.45, -0.006042296072507639], "5/6/2016": [16.7, 0.015197568389057751], "5/9/2016": [16.55, -0.008982035928143627], "5/10/2016": [16.8, 0.015105740181268881], "5/11/2016": [16.55, -0.01488095238095238], "5/12/2016": [16.4, -0.009063444108761459], "5/13/2016": [16.15, -0.015243902439024392], "5/16/2016": [16.0, -0.00928792569659434], "5/17/2016": [16.3, 0.018750000000000044], "5/18/2016": [16.3, 0.0], "5/19/2016": [15.9, -0.02453987730061352], "5/20/2016": [15.9, 0.0], "5/23/2016": [16.2, 0.01886792452830182], "5/24/2016": [16.35, 0.00925925925925939], "5/25/2016": [16.85, 0.030581039755351678], "5/26/2016": [16.9, 0.002967359050444935], "5/27/2016": [16.7, -0.011834319526627177], "5/30/2016": [16.8, 0.005988023952095894], "5/31/2016": [16.7, -0.005952380952381037], "6/1/2016": [16.7, 0.0], "6/2/2016": [16.5, -0.011976047904191574], "6/3/2016": [16.45, -0.0030303030303030732], "6/4/2016": [16.55, 0.006079027355623187], "6/6/2016": [16.4, -0.009063444108761459], "6/7/2016": [17.05, 0.03963414634146355], "6/8/2016": [17.05, 0.0], "6/13/2016": [17.0, -0.0029325513196481355], "6/14/2016": [17.2, 0.0117647058823529], "6/15/2016": [16.9, -0.01744186046511632], "6/16/2016": [17.0, 0.005917159763313694], "6/17/2016": [17.0, 0.0], "6/20/2016": [16.9, -0.005882352941176554], "6/21/2016": [17.0, 0.005917159763313694], "6/22/2016": [16.95, -0.002941176470588277], "6/23/2016": [16.75, -0.011799410029498483], "6/24/2016": [16.3, -0.026865671641791003], "6/27/2016": [16.5, 0.012269938650306704], "6/28/2016": [16.4, -0.0060606060606061465], "6/29/2016": [16.7, 0.018292682926829312], "6/30/2016": [16.8, 0.005988023952095894], "7/1/2016": [16.8, 0.0], "7/4/2016": [16.8, 0.0], "7/5/2016": [16.85, 0.0029761904761905185], "7/6/2016": [16.7, -0.008902077151335437], "7/7/2016": [17.1, 0.023952095808383363], "7/11/2016": [17.25, 0.00877192982456132], "7/12/2016": [17.2, -0.0028985507246377224], "7/13/2016": [17.8, 0.03488372093023264], "7/14/2016": [17.65, -0.008426966292134951], "7/15/2016": [17.7, 0.00283286118980174], "7/18/2016": [17.7, 0.0], "7/19/2016": [17.75, 0.002824858757062187], "7/20/2016": [17.65, -0.0056338028169014885], "7/21/2016": [17.75, 0.00566572237960348], "7/22/2016": [17.7, -0.0028169014084507443], "7/25/2016": [16.55, -0.06497175141242931], "7/26/2016": [16.55, 0.0], "7/27/2016": [16.75, 0.012084592145015062], "7/28/2016": [16.9, 0.00895522388059693], "7/29/2016": [16.9, 0.0], "8/1/2016": [16.9, 0.0], "8/2/2016": [16.9, 0.0], "8/3/2016": [16.9, 0.0], "8/4/2016": [16.95, 0.002958579881656847], "8/5/2016": [16.95, 0.0], "8/8/2016": [16.75, -0.011799410029498483], "8/9/2016": [16.7, -0.002985074626865714], "8/10/2016": [16.55, -0.008982035928143627], "8/11/2016": [16.4, -0.009063444108761459], "8/12/2016": [16.1, -0.018292682926829097], "8/15/2016": [15.6, -0.03105590062111812], "8/16/2016": [15.6, 0.0], "8/17/2016": [15.75, 0.009615384615384638], "8/18/2016": [15.65, -0.006349206349206327], "8/19/2016": [15.55, -0.006389776357827453], "8/22/2016": [15.55, 0.0], "8/23/2016": [15.6, 0.0032154340836012176], "8/24/2016": [15.75, 0.009615384615384638], "8/25/2016": [15.85, 0.006349206349206327], "8/26/2016": [15.95, 0.006309148264984205], "8/29/2016": [15.95, 0.0], "8/30/2016": [16.0, 0.0031347962382445587], "8/31/2016": [16.1, 0.006250000000000089], "9/1/2016": [16.15, 0.0031055900621116245], "9/2/2016": [16.05, -0.006191950464396153], "9/5/2016": [16.15, 0.0062305295950154434], "9/6/2016": [16.05, -0.006191950464396153], "9/7/2016": [16.15, 0.0062305295950154434], "9/8/2016": [16.55, 0.024767801857585273], "9/9/2016": [16.55, 0.0], "9/10/2016": [16.55, 0.0], "9/12/2016": [16.55, 0.0], "9/13/2016": [16.6, 0.0030211480362538194], "9/14/2016": [16.55, -0.003012048192771127], "9/19/2016": [16.5, -0.0030211480362538194], "9/20/2016": [16.45, -0.0030303030303030732], "9/21/2016": [16.6, 0.00911854103343478], "9/22/2016": [16.5, -0.006024096385542254], "9/23/2016": [16.45, -0.0030303030303030732], "9/26/2016": [16.2, -0.015197568389057751], "9/29/2016": [16.1, -0.006172839506172708], "9/30/2016": [16.2, 0.006211180124223469], "10/3/2016": [16.3, 0.006172839506172928], "10/4/2016": [16.35, 0.0030674846625767306], "10/5/2016": [16.3, -0.0030581039755352116], "10/6/2016": [16.2, -0.006134969325153461], "10/7/2016": [16.2, 0.0], "10/11/2016": [16.0, -0.012345679012345635], "10/12/2016": [16.0, 0.0], "10/13/2016": [15.9, -0.006249999999999978], "10/14/2016": [15.95, 0.0031446540880502474], "10/17/2016": [16.0, 0.0031347962382445587], "10/18/2016": [16.0, 0.0], "10/19/2016": [16.0, 0.0], "10/20/2016": [16.15, 0.009374999999999911], "10/21/2016": [16.05, -0.006191950464396153], "10/24/2016": [16.0, -0.0031152647975078323], "10/25/2016": [16.0, 0.0],