{"1/4/2016": [42.25, ""], "1/5/2016": [42.9, 0.01538461538461535], "1/6/2016": [43.25, 0.008158508158508193], "1/7/2016": [42.05, -0.02774566473988446], "1/8/2016": [42.45, 0.00951248513674211], "1/11/2016": [41.25, -0.028268551236749182], "1/12/2016": [41.5, 0.006060606060606061], "1/13/2016": [42.6, 0.026506024096385576], "1/14/2016": [41.8, -0.018779342723004796], "1/15/2016": [41.15, -0.015550239234449727], "1/18/2016": [41.7, 0.013365735115431453], "1/19/2016": [41.95, 0.005995203836930456], "1/20/2016": [41.2, -0.017878426698450536], "1/21/2016": [40.8, -0.009708737864077808], "1/22/2016": [41.1, 0.007352941176470693], "1/25/2016": [41.3, 0.0048661800486616965], "1/26/2016": [41.1, -0.0048426150121064345], "1/27/2016": [41.05, -0.0012165450121655538], "1/28/2016": [41.8, 0.018270401948842874], "1/29/2016": [42.0, 0.004784688995215379], "1/30/2016": [42.1, 0.002380952380952415], "2/1/2016": [42.4, 0.007125890736341975], "2/2/2016": [43.1, 0.01650943396226422], "2/3/2016": [42.4, -0.01624129930394438], "2/15/2016": [42.6, 0.004716981132075539], "2/16/2016": [43.05, 0.01056338028169004], "2/17/2016": [42.9, -0.0034843205574912562], "2/18/2016": [43.75, 0.019813519813519847], "2/19/2016": [43.7, -0.0011428571428570779], "2/22/2016": [44.05, 0.008009153318077673], "2/23/2016": [44.4, 0.00794551645856984], "2/24/2016": [44.3, -0.0022522522522522843], "2/25/2016": [44.6, 0.0067720090293454695], "2/26/2016": [44.8, 0.0044843049327353305], "3/1/2016": [45.65, 0.01897321428571432], "3/2/2016": [45.75, 0.002190580503833547], "3/3/2016": [45.85, 0.002185792349726807], "3/4/2016": [46.1, 0.0054525627044711015], "3/7/2016": [46.1, 0.0], "3/8/2016": [46.1, 0.0], "3/9/2016": [46.4, 0.006507592190889309], "3/10/2016": [47.75, 0.029094827586206927], "3/11/2016": [48.3, 0.011518324607329784], "3/14/2016": [47.95, -0.007246376811594086], "3/15/2016": [48.0, 0.0010427528675703264], "3/16/2016": [48.45, 0.009375000000000059], "3/17/2016": [48.5, 0.0010319917440659888], "3/18/2016": [48.0, -0.010309278350515464], "3/21/2016": [47.65, -0.007291666666666696], "3/22/2016": [47.65, 0.0], "3/23/2016": [48.35, 0.014690451206715695], "3/24/2016": [47.95, -0.008273009307135442], "3/25/2016": [47.7, -0.005213764337851929], "3/28/2016": [46.8, -0.018867924528302004], "3/29/2016": [47.3, 0.010683760683760684], "3/30/2016": [47.65, 0.007399577167019058], "3/31/2016": [48.65, 0.020986358866736624], "4/1/2016": [46.35, -0.04727646454265154], "4/6/2016": [47.1, 0.016181229773462782], "4/7/2016": [46.1, -0.021231422505307854], "4/8/2016": [45.85, -0.005422993492407809], "4/11/2016": [46.0, 0.0032715376226826296], "4/12/2016": [45.9, -0.0021739130434782917], "4/13/2016": [45.9, 0.0], "4/14/2016": [45.6, -0.006535947712418239], "4/15/2016": [45.75, 0.003289473684210495], "4/18/2016": [45.8, 0.001092896174863326], "4/19/2016": [45.05, -0.016375545851528384], "4/20/2016": [44.45, -0.013318534961154148], "4/21/2016": [44.2, -0.00562429696287964], "4/22/2016": [44.75, 0.012443438914027084], "4/25/2016": [44.25, -0.0111731843575419], "4/26/2016": [44.35, 0.0022598870056497497], "4/27/2016": [44.7, 0.00789177001127399], "4/28/2016": [44.15, -0.01230425055928421], "4/29/2016": [43.85, -0.006795016987542405], "5/3/2016": [43.0, -0.019384264538198435], "5/4/2016": [42.3, -0.016279069767441926], "5/5/2016": [41.9, -0.009456264775413678], "5/6/2016": [41.7, -0.004773269689737369], "5/9/2016": [41.7, 0.0], "5/10/2016": [41.7, 0.0], "5/11/2016": [41.7, 0.0], "5/12/2016": [41.85, 0.003597122302158239], "5/13/2016": [41.4, -0.010752688172043078], "5/16/2016": [41.4, 0.0], "5/17/2016": [41.75, 0.00845410628019327], "5/18/2016": [41.95, 0.004790419161676715], "5/19/2016": [41.6, -0.008343265792610284], "5/20/2016": [41.45, -0.0036057692307691963], "5/23/2016": [42.5, 0.025331724969843115], "5/24/2016": [42.0, -0.011764705882352941], "5/25/2016": [42.0, 0.0], "5/26/2016": [41.6, -0.00952380952380949], "5/27/2016": [42.5, 0.02163461538461535], "5/30/2016": [43.0, 0.011764705882352941], "5/31/2016": [42.95, -0.0011627906976743525], "6/1/2016": [43.25, 0.006984866123399235], "6/2/2016": [43.0, -0.005780346820809248], "6/3/2016": [42.5, -0.011627906976744186], "6/4/2016": [42.95, 0.010588235294117714], "6/6/2016": [42.95, 0.0], "6/7/2016": [43.4, 0.010477299185098852], "6/8/2016": [43.0, -0.009216589861751119], "6/13/2016": [42.55, -0.010465116279069833], "6/14/2016": [42.55, 0.0], "6/15/2016": [42.7, 0.003525264394829746], "6/16/2016": [41.95, -0.01756440281030445], "6/17/2016": [42.45, 0.011918951132300357], "6/20/2016": [42.8, 0.008244994110718358], "6/21/2016": [43.05, 0.0058411214953271035], "6/22/2016": [43.25, 0.004645760743321785], "6/23/2016": [43.3, 0.001156069364161784], "6/24/2016": [42.05, -0.02886836027713626], "6/27/2016": [42.1, 0.001189060642092848], "6/28/2016": [42.2, 0.0023752969121140478], "6/29/2016": [42.4, 0.004739336492890894], "6/30/2016": [42.85, 0.010613207547169878], "7/1/2016": [43.0, 0.0035005834305717287], "7/4/2016": [43.0, 0.0], "7/5/2016": [43.05, 0.0011627906976743525], "7/6/2016": [42.65, -0.009291521486643405], "7/7/2016": [42.55, -0.002344665885111405], "7/11/2016": [43.05, 0.011750881316098707], "7/12/2016": [43.25, 0.004645760743321785], "7/13/2016": [43.9, 0.015028901734104013], "7/14/2016": [44.0, 0.0022779043280182557], "7/15/2016": [44.4, 0.00909090909090906], "7/18/2016": [44.5, 0.0022522522522522843], "7/19/2016": [44.85, 0.007865168539325874], "7/20/2016": [45.1, 0.005574136008918617], "7/21/2016": [44.9, -0.004434589800443521], "7/22/2016": [44.65, -0.005567928730512249], "7/25/2016": [44.35, -0.006718924972004416], "7/26/2016": [44.75, 0.009019165727170205], "7/27/2016": [44.8, 0.0011173184357541265], "7/28/2016": [44.75, -0.0011160714285713652], "7/29/2016": [44.5, -0.00558659217877095], "8/1/2016": [44.6, 0.002247191011235987], "8/2/2016": [44.75, 0.0033632286995515376], "8/3/2016": [45.0, 0.00558659217877095], "8/4/2016": [45.0, 0.0], "8/5/2016": [45.1, 0.002222222222222254], "8/8/2016": [45.05, -0.0011086474501109593], "8/9/2016": [45.0, -0.0011098779134294597], "8/10/2016": [45.45, 0.010000000000000063], "8/11/2016": [45.05, -0.008800880088008925], "8/12/2016": [45.1, 0.0011098779134296175], "8/15/2016": [44.95, -0.0033259423503325626], "8/16/2016": [44.55, -0.008898776418242618], "8/17/2016": [43.05, -0.03367003367003367], "8/18/2016": [43.05, 0.0], "8/19/2016": [42.7, -0.008130081300812877], "8/22/2016": [42.25, -0.010538641686182735], "8/23/2016": [42.25, 0.0], "8/24/2016": [42.2, -0.0011834319526626547], "8/25/2016": [42.55, 0.008293838862559107], "8/26/2016": [42.65, 0.0023501762632197752], "8/29/2016": [42.55, -0.002344665885111405], "8/30/2016": [42.4, -0.003525264394829579], "8/31/2016": [41.9, -0.01179245283018868], "9/1/2016": [41.95, 0.0011933174224344693], "9/2/2016": [42.0, 0.0011918951132299678], "9/5/2016": [42.15, 0.0035714285714285375], "9/6/2016": [42.9, 0.017793594306049824], "9/7/2016": [42.55, -0.008158508158508193], "9/8/2016": [43.1, 0.01292596944770868], "9/9/2016": [42.45, -0.015081206496519688], "9/10/2016": [42.05, -0.009422850412249838], "9/12/2016": [41.85, -0.004756242568370886], "9/13/2016": [41.8, -0.001194743130227103], "9/14/2016": [41.75, -0.0011961722488037598], "9/19/2016": [41.8, 0.0011976047904190936], "9/20/2016": [41.95, 0.0035885167464116195], "9/21/2016": [42.55, 0.014302741358760293], "9/22/2016": [42.5, -0.001175088131609804], "9/23/2016": [42.2, -0.007058823529411698], "9/26/2016": [42.5, 0.007109004739336425], "9/29/2016": [42.65, 0.003529411764705849], "9/30/2016": [42.0, -0.015240328253223882], "10/3/2016": [42.35, 0.008333333333333368], "10/4/2016": [42.45, 0.002361275088547849], "10/5/2016": [42.3, -0.003533568904593773], "10/6/2016": [42.15, -0.0035460992907801084], "10/7/2016": [42.2, 0.0011862396204034226], "10/11/2016": [42.1, -0.002369668246445531], "10/12/2016": [42.1, 0.0], "10/13/2016": [42.4, 0.007125890736341975], "10/14/2016": [42.1, -0.007075471698113141],