{"1/4/2016": [46.4, ""], "1/5/2016": [47.5, 0.023706896551724168], "1/6/2016": [47.0, -0.010526315789473684], "1/7/2016": [46.5, -0.010638297872340425], "1/8/2016": [46.15, -0.007526881720430138], "1/11/2016": [46.0, -0.003250270855904628], "1/12/2016": [43.8, -0.0478260869565218], "1/13/2016": [43.6, -0.004566210045662003], "1/14/2016": [41.2, -0.055045871559632996], "1/15/2016": [41.3, 0.0024271844660192794], "1/18/2016": [42.3, 0.02421307506053269], "1/19/2016": [42.3, 0.0], "1/20/2016": [43.0, 0.016548463356974064], "1/21/2016": [47.3, 0.09999999999999994], "1/22/2016": [48.75, 0.030655391120507462], "1/25/2016": [48.8, 0.0010256410256409673], "1/26/2016": [48.6, -0.0040983606557376175], "1/27/2016": [48.3, -0.006172839506172927], "1/28/2016": [48.95, 0.013457556935817924], "1/29/2016": [49.0, 0.0010214504596526488], "1/30/2016": [48.9, -0.002040816326530641], "2/1/2016": [49.55, 0.013292433537832282], "2/2/2016": [49.2, -0.007063572149343982], "2/3/2016": [48.8, -0.008130081300813123], "2/15/2016": [49.8, 0.020491803278688527], "2/16/2016": [49.65, -0.003012048192771056], "2/17/2016": [50.5, 0.017119838872104762], "2/18/2016": [52.1, 0.03168316831683171], "2/19/2016": [52.7, 0.01151631477927066], "2/22/2016": [52.3, -0.007590132827324586], "2/23/2016": [54.5, 0.0420650095602295], "2/24/2016": [54.6, 0.001834862385321127], "2/25/2016": [54.1, -0.009157509157509158], "2/26/2016": [55.6, 0.027726432532347505], "3/1/2016": [56.4, 0.014388489208633042], "3/2/2016": [56.5, 0.0017730496453900962], "3/3/2016": [54.9, -0.028318584070796484], "3/4/2016": [55.4, 0.009107468123861567], "3/7/2016": [55.8, 0.007220216606498169], "3/8/2016": [55.4, -0.007168458781361982], "3/9/2016": [54.7, -0.012635379061371764], "3/10/2016": [54.9, 0.003656307129798825], "3/11/2016": [54.8, -0.0018214936247723393], "3/14/2016": [57.0, 0.04014598540145991], "3/15/2016": [57.7, 0.012280701754386015], "3/16/2016": [59.1, 0.02426343154246098], "3/17/2016": [58.1, -0.01692047377326565], "3/18/2016": [57.5, -0.010327022375215171], "3/21/2016": [56.3, -0.020869565217391355], "3/22/2016": [55.0, -0.023090586145648264], "3/23/2016": [55.2, 0.003636363636363688], "3/24/2016": [54.5, -0.012681159420289906], "3/25/2016": [54.5, 0.0], "3/28/2016": [54.9, 0.007339449541284377], "3/29/2016": [53.7, -0.021857923497267683], "3/30/2016": [53.7, 0.0], "3/31/2016": [53.5, -0.0037243947858473527], "4/1/2016": [53.6, 0.0018691588785046994], "4/6/2016": [53.6, 0.0], "4/7/2016": [54.1, 0.009328358208955223], "4/8/2016": [54.1, 0.0], "4/11/2016": [54.0, -0.0018484288354898599], "4/12/2016": [53.6, -0.007407407407407381], "4/13/2016": [53.7, 0.0018656716417910712], "4/14/2016": [54.6, 0.01675977653631282], "4/15/2016": [54.5, -0.0018315018315018575], "4/18/2016": [53.9, -0.011009174311926632], "4/19/2016": [53.5, -0.0074211502782931095], "4/20/2016": [49.0, -0.08411214953271028], "4/21/2016": [48.8, -0.004081632653061282], "4/22/2016": [48.8, 0.0], "4/25/2016": [49.9, 0.02254098360655741], "4/26/2016": [50.3, 0.008016032064128228], "4/27/2016": [50.9, 0.011928429423459274], "4/28/2016": [50.2, -0.013752455795677717], "4/29/2016": [50.0, -0.003984063745019977], "5/3/2016": [49.7, -0.005999999999999943], "5/4/2016": [49.6, -0.0020120724346076742], "5/5/2016": [49.5, -0.002016129032258093], "5/6/2016": [50.0, 0.010101010101010102], "5/9/2016": [49.5, -0.01], "5/10/2016": [49.6, 0.002020202020202049], "5/11/2016": [49.35, -0.005040322580645161], "5/12/2016": [48.1, -0.025329280648429583], "5/13/2016": [48.05, -0.001039501039501128], "5/16/2016": [46.1, -0.04058272632674289], "5/17/2016": [47.3, 0.02603036876355739], "5/18/2016": [47.2, -0.0021141649048624592], "5/19/2016": [47.1, -0.00211864406779664], "5/20/2016": [46.8, -0.006369426751592447], "5/23/2016": [48.35, 0.03311965811965821], "5/24/2016": [48.25, -0.002068252326783897], "5/25/2016": [48.25, 0.0], "5/26/2016": [48.65, 0.008290155440414478], "5/27/2016": [49.3, 0.013360739979444987], "5/30/2016": [49.9, 0.012170385395537555], "5/31/2016": [51.7, 0.03607214428857724], "6/1/2016": [51.6, -0.0019342359767891956], "6/2/2016": [50.1, -0.029069767441860465], "6/3/2016": [50.8, 0.013972055888223468], "6/4/2016": [51.0, 0.003937007874015804], "6/6/2016": [51.0, 0.0], "6/7/2016": [51.0, 0.0], "6/8/2016": [50.9, -0.001960784313725518], "6/13/2016": [50.5, -0.007858546168958714], "6/14/2016": [50.7, 0.003960396039604017], "6/15/2016": [51.0, 0.005917159763313553], "6/16/2016": [50.9, -0.001960784313725518], "6/17/2016": [50.5, -0.007858546168958714], "6/20/2016": [50.5, 0.0], "6/21/2016": [50.4, -0.0019801980198020084], "6/22/2016": [49.8, -0.011904761904761934], "6/23/2016": [48.8, -0.020080321285140562], "6/24/2016": [47.8, -0.020491803278688527], "6/27/2016": [47.65, -0.003138075313807502], "6/28/2016": [47.5, -0.0031479538300104633], "6/29/2016": [48.3, 0.016842105263157835], "6/30/2016": [48.7, 0.008281573498964922], "7/1/2016": [48.5, -0.00410677618069821], "7/4/2016": [48.3, -0.004123711340206244], "7/5/2016": [47.65, -0.013457556935817776], "7/6/2016": [47.2, -0.00944386149003139], "7/7/2016": [48.3, 0.02330508474576259], "7/11/2016": [48.0, -0.006211180124223544], "7/12/2016": [48.55, 0.011458333333333274], "7/13/2016": [48.6, 0.0010298661174048252], "7/14/2016": [47.7, -0.01851851851851849], "7/15/2016": [48.0, 0.0062893081761005686], "7/18/2016": [48.15, 0.0031249999999999702], "7/19/2016": [48.7, 0.011422637590861979], "7/20/2016": [48.05, -0.01334702258726911], "7/21/2016": [49.0, 0.019771071800208175], "7/22/2016": [49.5, 0.01020408163265306], "7/25/2016": [49.5, 0.0], "7/26/2016": [48.9, -0.01212121212121215], "7/27/2016": [48.7, -0.004089979550102162], "7/28/2016": [48.9, 0.0041067761806980645], "7/29/2016": [48.9, 0.0], "8/1/2016": [49.5, 0.012269938650306778], "8/2/2016": [49.6, 0.002020202020202049], "8/3/2016": [49.4, -0.004032258064516186], "8/4/2016": [49.6, 0.004048582995951474], "8/5/2016": [49.8, 0.004032258064516043], "8/8/2016": [49.9, 0.0020080321285140847], "8/9/2016": [49.8, -0.0020040080160320926], "8/10/2016": [49.8, 0.0], "8/11/2016": [50.0, 0.004016064257028169], "8/12/2016": [50.0, 0.0], "8/15/2016": [49.6, -0.007999999999999972], "8/16/2016": [49.6, 0.0], "8/17/2016": [48.6, -0.020161290322580645], "8/18/2016": [48.8, 0.0041152263374484715], "8/19/2016": [49.25, 0.009221311475409895], "8/22/2016": [49.45, 0.004060913705583814], "8/23/2016": [49.1, -0.007077856420626924], "8/24/2016": [49.0, -0.002036659877800436], "8/25/2016": [49.2, 0.004081632653061282], "8/26/2016": [47.5, -0.03455284552845534], "8/29/2016": [48.0, 0.010526315789473684], "8/30/2016": [47.8, -0.004166666666666726], "8/31/2016": [47.8, 0.0], "9/1/2016": [48.0, 0.004184100418410101], "9/2/2016": [47.5, -0.010416666666666666], "9/5/2016": [46.8, -0.014736842105263218], "9/6/2016": [47.3, 0.010683760683760684], "9/7/2016": [47.0, -0.006342494714587678], "9/8/2016": [47.5, 0.010638297872340425], "9/9/2016": [47.5, 0.0], "9/10/2016": [46.9, -0.01263157894736845], "9/12/2016": [46.3, -0.012793176972281481], "9/13/2016": [46.0, -0.006479481641468622], "9/14/2016": [45.3, -0.015217391304347887], "9/19/2016": [45.8, 0.011037527593818985], "9/20/2016": [46.6, 0.017467248908297036], "9/21/2016": [46.5, -0.0021459227467811462], "9/22/2016": [46.5, 0.0], "9/23/2016": [47.05, 0.01182795698924725], "9/26/2016": [46.55, -0.010626992561105207], "9/29/2016": [46.4, -0.0032223415682061996], "9/30/2016": [46.2, -0.004310344827586115], "10/3/2016": [46.1, -0.0021645021645021953], "10/4/2016": [45.25, -0.01843817787418658], "10/5/2016": [45.65, 0.008839779005524831], "10/6/2016": [45.3, -0.007667031763417337], "10/7/2016": [45.35, 0.0011037527593819926], "10/11/2016": [44.5, -0.01874310915104744], "10/12/2016": [44.0, -0.011235955056179775], "10/13/2016": [44.0, 0.0], "10/14/2016": [44.1, 0.002272727272727305], "10/17/2016": [43.8, -0.00680272108843547], "10/18/2016": [44.3, 0.011415525114155252], "10/19/2016": [44.0, -0.006772009029345309],