{"1/4/2016": [13.3, ""], "1/5/2016": [13.2, -0.007518796992481309], "1/6/2016": [13.05, -0.011363636363636256], "1/7/2016": [12.35, -0.0536398467432951], "1/8/2016": [12.35, 0.0], "1/11/2016": [12.2, -0.01214574898785428], "1/12/2016": [12.15, -0.0040983606557376175], "1/13/2016": [12.15, 0.0], "1/14/2016": [12.25, 0.00823045267489709], "1/15/2016": [12.3, 0.004081632653061282], "1/18/2016": [12.5, 0.01626016260162596], "1/19/2016": [12.45, -0.0040000000000000565], "1/20/2016": [12.35, -0.008032128514056196], "1/21/2016": [12.35, 0.0], "1/22/2016": [12.3, -0.004048582995951331], "1/25/2016": [12.45, 0.012195121951219396], "1/26/2016": [12.4, -0.004016064257028027], "1/27/2016": [12.3, -0.008064516129032228], "1/28/2016": [12.35, 0.004065040650406417], "1/29/2016": [12.5, 0.01214574898785428], "1/30/2016": [12.5, 0.0], "2/1/2016": [12.5, 0.0], "2/2/2016": [12.6, 0.007999999999999972], "2/3/2016": [12.6, 0.0], "2/15/2016": [12.4, -0.015873015873015817], "2/16/2016": [12.7, 0.024193548387096687], "2/17/2016": [12.75, 0.003937007874015804], "2/18/2016": [12.65, -0.007843137254901933], "2/19/2016": [12.85, 0.01581027667984184], "2/22/2016": [13.7, 0.06614785992217896], "2/23/2016": [13.85, 0.010948905109489078], "2/24/2016": [14.0, 0.010830324909747318], "2/25/2016": [13.85, -0.01071428571428574], "2/26/2016": [14.0, 0.010830324909747318], "3/1/2016": [14.85, 0.060714285714285686], "3/2/2016": [15.1, 0.016835016835016835], "3/3/2016": [14.85, -0.016556291390728478], "3/4/2016": [14.8, -0.0033670033670032953], "3/7/2016": [14.75, -0.0033783783783784263], "3/8/2016": [16.2, 0.09830508474576266], "3/9/2016": [16.15, -0.003086419753086464], "3/10/2016": [15.7, -0.02786377708978324], "3/11/2016": [16.1, 0.025477707006369563], "3/14/2016": [15.65, -0.027950310559006274], "3/15/2016": [14.7, -0.06070287539936109], "3/16/2016": [15.0, 0.020408163265306173], "3/17/2016": [14.6, -0.02666666666666669], "3/18/2016": [14.35, -0.017123287671232876], "3/21/2016": [14.15, -0.013937282229965108], "3/22/2016": [14.35, 0.014134275618374508], "3/23/2016": [14.25, -0.006968641114982554], "3/24/2016": [14.15, -0.007017543859649098], "3/25/2016": [14.1, -0.00353356890459369], "3/28/2016": [13.9, -0.014184397163120517], "3/29/2016": [13.8, -0.007194244604316521], "3/30/2016": [13.75, -0.0036231884057971527], "3/31/2016": [13.8, 0.003636363636363688], "4/1/2016": [13.55, -0.018115942028985508], "4/6/2016": [13.55, 0.0], "4/7/2016": [13.45, -0.007380073800738112], "4/8/2016": [13.55, 0.007434944237918322], "4/11/2016": [13.4, -0.011070110701107036], "4/12/2016": [13.45, 0.00373134328358201], "4/13/2016": [13.85, 0.02973977695167289], "4/14/2016": [14.25, 0.028880866425992805], "4/15/2016": [14.25, 0.0], "4/18/2016": [14.25, 0.0], "4/19/2016": [14.1, -0.01052631578947371], "4/20/2016": [13.75, -0.02482269503546097], "4/21/2016": [13.8, 0.003636363636363688], "4/22/2016": [13.65, -0.01086956521739133], "4/25/2016": [13.75, 0.0073260073260073], "4/26/2016": [13.8, 0.003636363636363688], "4/27/2016": [13.6, -0.014492753623188482], "4/28/2016": [13.5, -0.007352941176470562], "4/29/2016": [13.35, -0.011111111111111138], "5/3/2016": [13.0, -0.02621722846441945], "5/4/2016": [12.7, -0.02307692307692313], "5/5/2016": [12.65, -0.003937007874015665], "5/6/2016": [12.5, -0.01185770750988145], "5/9/2016": [12.4, -0.007999999999999972], "5/10/2016": [12.65, 0.020161290322580645], "5/11/2016": [12.6, -0.00395256916996053], "5/12/2016": [12.25, -0.027777777777777752], "5/13/2016": [12.1, -0.012244897959183702], "5/16/2016": [12.2, 0.008264462809917326], "5/17/2016": [12.55, 0.028688524590164053], "5/18/2016": [12.4, -0.011952191235059789], "5/19/2016": [12.25, -0.012096774193548416], "5/20/2016": [12.2, -0.004081632653061282], "5/23/2016": [12.25, 0.004098360655737763], "5/24/2016": [12.1, -0.012244897959183702], "5/25/2016": [12.1, 0.0], "5/26/2016": [12.25, 0.012396694214876063], "5/27/2016": [12.2, -0.004081632653061282], "5/30/2016": [12.3, 0.008196721311475526], "5/31/2016": [12.3, 0.0], "6/1/2016": [12.5, 0.01626016260162596], "6/2/2016": [12.3, -0.015999999999999945], "6/3/2016": [12.3, 0.0], "6/4/2016": [12.2, -0.008130081300813123], "6/6/2016": [12.15, -0.0040983606557376175], "6/7/2016": [12.15, 0.0], "6/8/2016": [12.3, 0.012345679012345708], "6/13/2016": [12.1, -0.0162601626016261], "6/14/2016": [12.1, 0.0], "6/15/2016": [12.15, 0.004132231404958737], "6/16/2016": [12.0, -0.012345679012345708], "6/17/2016": [12.0, 0.0], "6/20/2016": [12.1, 0.008333333333333304], "6/21/2016": [12.15, 0.004132231404958737], "6/22/2016": [12.15, 0.0], "6/23/2016": [12.1, -0.004115226337448618], "6/24/2016": [11.95, -0.012396694214876063], "6/27/2016": [11.9, -0.004184100418409953], "6/28/2016": [11.9, 0.0], "6/29/2016": [12.1, 0.01680672268907557], "6/30/2016": [12.1, 0.0], "7/1/2016": [12.1, 0.0], "7/4/2016": [12.35, 0.02066115702479339], "7/5/2016": [12.25, -0.008097165991902806], "7/6/2016": [12.15, -0.00816326530612242], "7/7/2016": [12.15, 0.0], "7/11/2016": [12.1, -0.004115226337448618], "7/12/2016": [12.2, 0.008264462809917326], "7/13/2016": [12.2, 0.0], "7/14/2016": [12.35, 0.012295081967213144], "7/15/2016": [12.35, 0.0], "7/18/2016": [12.4, 0.004048582995951474], "7/19/2016": [12.4, 0.0], "7/20/2016": [12.4, 0.0], "7/21/2016": [12.55, 0.012096774193548416], "7/22/2016": [12.55, 0.0], "7/25/2016": [12.45, -0.007968127490039953], "7/26/2016": [12.35, -0.008032128514056196], "7/27/2016": [12.3, -0.004048582995951331], "7/28/2016": [12.25, -0.004065040650406562], "7/29/2016": [12.4, 0.012244897959183702], "8/1/2016": [12.3, -0.008064516129032228], "8/2/2016": [12.25, -0.004065040650406562], "8/3/2016": [12.2, -0.004081632653061282], "8/4/2016": [12.2, 0.0], "8/5/2016": [12.2, 0.0], "8/8/2016": [12.3, 0.008196721311475526], "8/9/2016": [12.2, -0.008130081300813123], "8/10/2016": [12.2, 0.0], "8/11/2016": [12.15, -0.0040983606557376175], "8/12/2016": [12.2, 0.0041152263374484715], "8/15/2016": [12.2, 0.0], "8/16/2016": [12.2, 0.0], "8/17/2016": [12.3, 0.008196721311475526], "8/18/2016": [12.1, -0.0162601626016261], "8/19/2016": [11.95, -0.012396694214876063], "8/22/2016": [11.9, -0.004184100418409953], "8/23/2016": [11.95, 0.004201680672268818], "8/24/2016": [11.95, 0.0], "8/25/2016": [12.05, 0.008368200836820203], "8/26/2016": [12.0, -0.004149377593361055], "8/29/2016": [11.9, -0.008333333333333304], "8/30/2016": [11.95, 0.004201680672268818], "8/31/2016": [12.0, 0.004184100418410101], "9/1/2016": [12.3, 0.02500000000000006], "9/2/2016": [12.25, -0.004065040650406562], "9/5/2016": [12.2, -0.004081632653061282], "9/6/2016": [12.15, -0.0040983606557376175], "9/7/2016": [12.35, 0.01646090534979418], "9/8/2016": [12.4, 0.004048582995951474], "9/9/2016": [12.25, -0.012096774193548416], "9/10/2016": [12.2, -0.004081632653061282], "9/12/2016": [12.2, 0.0], "9/13/2016": [12.15, -0.0040983606557376175], "9/14/2016": [12.15, 0.0], "9/19/2016": [12.15, 0.0], "9/20/2016": [12.1, -0.004115226337448618], "9/21/2016": [12.25, 0.012396694214876063], "9/22/2016": [12.25, 0.0], "9/23/2016": [12.75, 0.04081632653061224], "9/26/2016": [12.55, -0.015686274509803866], "9/29/2016": [12.4, -0.011952191235059789], "9/30/2016": [12.25, -0.012096774193548416], "10/3/2016": [12.15, -0.00816326530612242], "10/4/2016": [12.25, 0.00823045267489709], "10/5/2016": [12.15, -0.00816326530612242], "10/6/2016": [12.2, 0.0041152263374484715], "10/7/2016": [12.2, 0.0], "10/11/2016": [12.1, -0.00819672131147538], "10/12/2016": [12.05, -0.004132231404958589], "10/13/2016": [11.95, -0.00829875518672211], "10/14/2016": [11.9, -0.004184100418409953], "10/17/2016": [11.9, 0.0], "10/18/2016": [11.9, 0.0], "10/19/2016": [11.9, 0.0], "10/20/2016": [11.95, 0.004201680672268818], "10/21/2016": [11.95, 0.0], "10/24/2016": [11.95, 0.0], "10/25/2016": [12.05, 0.008368200836820203], "10/26/2016": [12.0, -0.004149377593361055], "10/27/2016": [11.9, -0.008333333333333304], "10/28/2016": [11.85, -0.004201680672268967],