{"1/4/2016": [11.25, ""], "1/5/2016": [11.0, -0.022222222222222223], "1/6/2016": [11.15, 0.013636363636363669], "1/7/2016": [11.15, 0.0], "1/8/2016": [11.05, -0.00896860986547082], "1/11/2016": [11.15, 0.009049773755656076], "1/12/2016": [11.15, 0.0], "1/13/2016": [10.95, -0.017937219730941797], "1/14/2016": [10.9, -0.004566210045662003], "1/15/2016": [10.65, -0.02293577981651376], "1/18/2016": [10.95, 0.028169014084506942], "1/19/2016": [11.0, 0.004566210045662165], "1/20/2016": [10.75, -0.022727272727272728], "1/21/2016": [10.75, 0.0], "1/22/2016": [10.6, -0.013953488372093056], "1/25/2016": [10.65, 0.004716981132075539], "1/26/2016": [10.6, -0.004694835680751241], "1/27/2016": [10.4, -0.01886792452830182], "1/28/2016": [10.55, 0.014423076923076957], "1/29/2016": [10.55, 0.0], "1/30/2016": [11.0, 0.042654028436018884], "2/1/2016": [10.95, -0.00454545454545461], "2/2/2016": [10.9, -0.004566210045662003], "2/3/2016": [10.6, -0.027522935779816578], "2/15/2016": [10.4, -0.01886792452830182], "2/16/2016": [10.5, 0.009615384615384581], "2/17/2016": [10.5, 0.0], "2/18/2016": [10.4, -0.00952380952380949], "2/19/2016": [10.05, -0.03365384615384612], "2/22/2016": [9.65, -0.039800995024875656], "2/23/2016": [9.86, 0.021761658031087986], "2/24/2016": [9.63, -0.023326572008113455], "2/25/2016": [9.59, -0.004153686396677146], "2/26/2016": [9.81, 0.022940563086548554], "3/1/2016": [9.97, 0.016309887869520912], "3/2/2016": [10.95, 0.09829488465396174], "3/3/2016": [12.0, 0.09589041095890419], "3/4/2016": [12.1, 0.008333333333333304], "3/7/2016": [12.25, 0.012396694214876063], "3/8/2016": [13.0, 0.061224489795918366], "3/9/2016": [13.0, 0.0], "3/10/2016": [13.0, 0.0], "3/11/2016": [12.45, -0.042307692307692366], "3/14/2016": [12.7, 0.020080321285140562], "3/15/2016": [12.2, -0.03937007874015748], "3/16/2016": [12.05, -0.012295081967212998], "3/17/2016": [11.75, -0.024896265560166032], "3/18/2016": [11.8, 0.004255319148936231], "3/21/2016": [11.65, -0.01271186440677969], "3/22/2016": [11.6, -0.0042918454935622925], "3/23/2016": [11.75, 0.012931034482758652], "3/24/2016": [11.35, -0.03404255319148939], "3/25/2016": [11.35, 0.0], "3/28/2016": [11.25, -0.00881057268722464], "3/29/2016": [12.0, 0.06666666666666667], "3/30/2016": [11.45, -0.04583333333333339], "3/31/2016": [11.45, 0.0], "4/1/2016": [11.45, 0.0], "4/6/2016": [11.05, -0.03493449781659377], "4/7/2016": [11.35, 0.027149321266968226], "4/8/2016": [11.05, -0.026431718061673916], "4/11/2016": [10.9, -0.013574660633484194], "4/12/2016": [10.95, 0.0045871559633026545], "4/13/2016": [10.85, -0.00913242009132417], "4/14/2016": [10.75, -0.009216589861751119], "4/15/2016": [10.95, 0.01860465116279063], "4/18/2016": [10.65, -0.027397260273972508], "4/19/2016": [10.65, 0.0], "4/20/2016": [10.7, 0.004694835680751073], "4/21/2016": [10.65, -0.004672897196261583], "4/22/2016": [10.5, -0.014084507042253554], "4/25/2016": [10.6, 0.00952380952380949], "4/26/2016": [10.55, -0.004716981132075371], "4/27/2016": [10.35, -0.01895734597156408], "4/28/2016": [10.3, -0.004830917874396033], "4/29/2016": [10.3, 0.0], "5/3/2016": [10.25, -0.004854368932038904], "5/4/2016": [10.1, -0.014634146341463448], "5/5/2016": [10.3, 0.01980198019801991], "5/6/2016": [10.35, 0.004854368932038731], "5/9/2016": [10.25, -0.009661835748792237], "5/10/2016": [10.3, 0.004878048780487874], "5/11/2016": [9.9, -0.03883495145631071], "5/12/2016": [9.44, -0.04646464646464655], "5/13/2016": [9.27, -0.01800847457627118], "5/16/2016": [8.37, -0.09708737864077674], "5/17/2016": [8.8, 0.05137395459976123], "5/18/2016": [8.79, -0.001136363636363814], "5/19/2016": [8.79, 0.0], "5/20/2016": [8.89, 0.011376564277588331], "5/23/2016": [8.64, -0.028121484814398197], "5/24/2016": [8.36, -0.03240740740740754], "5/25/2016": [8.5, 0.01674641148325366], "5/26/2016": [8.55, 0.005882352941176554], "5/27/2016": [8.64, 0.010526315789473667], "5/30/2016": [8.61, -0.0034722222222223534], "5/31/2016": [9.0, 0.04529616724738683], "6/1/2016": [9.13, 0.01444444444444453], "6/2/2016": [9.15, 0.002190580503833469], "6/3/2016": [9.15, 0.0], "6/4/2016": [9.25, 0.01092896174863384], "6/6/2016": [9.15, -0.010810810810810773], "6/7/2016": [9.25, 0.01092896174863384], "6/8/2016": [9.3, 0.005405405405405482], "6/13/2016": [9.09, -0.02258064516129041], "6/14/2016": [8.98, -0.012101210121012038], "6/15/2016": [8.96, -0.0022271714922048524], "6/16/2016": [8.88, -0.008928571428571435], "6/17/2016": [8.98, 0.01126126126126122], "6/20/2016": [9.12, 0.015590200445434164], "6/21/2016": [9.26, 0.01535087719298252], "6/22/2016": [10.15, 0.09611231101511886], "6/23/2016": [11.15, 0.09852216748768472], "6/24/2016": [11.2, 0.0044843049327353305], "6/27/2016": [11.25, 0.004464285714285778], "6/28/2016": [11.8, 0.048888888888888954], "6/29/2016": [11.8, 0.0], "6/30/2016": [12.1, 0.02542372881355923], "7/1/2016": [12.1, 0.0], "7/4/2016": [12.15, 0.004132231404958737], "7/5/2016": [11.95, -0.016460905349794327], "7/6/2016": [11.9, -0.004184100418409953], "7/7/2016": [12.1, 0.01680672268907557], "7/11/2016": [11.5, -0.049586776859504106], "7/12/2016": [10.55, -0.08260869565217385], "7/13/2016": [11.55, 0.0947867298578199], "7/14/2016": [11.35, -0.017316017316017406], "7/15/2016": [11.6, 0.022026431718061675], "7/18/2016": [11.35, -0.021551724137931036], "7/19/2016": [11.1, -0.022026431718061675], "7/20/2016": [11.15, 0.004504504504504569], "7/21/2016": [11.3, 0.01345291479820631], "7/22/2016": [11.3, 0.0], "7/25/2016": [11.2, -0.008849557522124019], "7/26/2016": [11.35, 0.013392857142857175], "7/27/2016": [11.2, -0.013215859030837036], "7/28/2016": [11.2, 0.0], "7/29/2016": [11.2, 0.0], "8/1/2016": [11.35, 0.013392857142857175], "8/2/2016": [12.35, 0.0881057268722467], "8/3/2016": [12.1, -0.020242914979757085], "8/4/2016": [11.9, -0.016528925619834652], "8/5/2016": [11.95, 0.004201680672268818], "8/8/2016": [11.9, -0.004184100418409953], "8/9/2016": [12.0, 0.008403361344537785], "8/10/2016": [11.9, -0.008333333333333304], "8/11/2016": [11.7, -0.01680672268907572], "8/12/2016": [11.7, 0.0], "8/15/2016": [11.65, -0.004273504273504183], "8/16/2016": [11.65, 0.0], "8/17/2016": [11.5, -0.012875536480686725], "8/18/2016": [11.55, 0.004347826086956583], "8/19/2016": [11.4, -0.012987012987013017], "8/22/2016": [11.2, -0.0175438596491229], "8/23/2016": [11.05, -0.013392857142857017], "8/24/2016": [10.8, -0.02262443438914027], "8/25/2016": [11.05, 0.023148148148148147], "8/26/2016": [11.5, 0.04072398190045242], "8/29/2016": [11.5, 0.0], "8/30/2016": [11.85, 0.030434782608695622], "8/31/2016": [11.8, -0.004219409282700332], "9/1/2016": [11.7, -0.00847457627118656], "9/2/2016": [12.85, 0.09829059829059833], "9/5/2016": [14.1, 0.09727626459143969], "9/6/2016": [14.1, 0.0], "9/7/2016": [13.65, -0.031914893617021226], "9/8/2016": [12.7, -0.06959706959706967], "9/9/2016": [12.65, -0.003937007874015665], "9/10/2016": [12.75, 0.00790513833992092], "9/12/2016": [13.7, 0.07450980392156857], "9/13/2016": [13.9, 0.01459854014598548], "9/14/2016": [15.25, 0.09712230215827335], "9/19/2016": [13.75, -0.09836065573770492], "9/20/2016": [13.7, -0.003636363636363688], "9/21/2016": [13.2, -0.03649635036496351], "9/22/2016": [14.5, 0.09848484848484855], "9/23/2016": [14.1, -0.027586206896551748], "9/26/2016": [13.75, -0.02482269503546097], "9/29/2016": [13.35, -0.029090909090909115], "9/30/2016": [13.6, 0.018726591760299626], "10/3/2016": [12.55, -0.0772058823529411], "10/4/2016": [12.3, -0.0199203187250996], "10/5/2016": [12.25, -0.004065040650406562], "10/6/2016": [12.55, 0.024489795918367405], "10/7/2016": [12.0, -0.043824701195219175], "10/11/2016": [11.3, -0.05833333333333327], "10/12/2016": [11.7, 0.03539823008849545], "10/13/2016": [11.6, -0.008547008547008517], "10/14/2016": [11.5, -0.008620689655172384], "10/17/2016": [11.8, 0.02608695652173919], "10/18/2016": [12.2, 0.03389830508474564], "10/19/2016": [12.2, 0.0], "10/20/2016": [12.1, -0.00819672131147538], "10/21/2016": [12.15, 0.004132231404958737],