{"1/4/2016": [13.5, ""], "1/5/2016": [13.5, 0.0], "1/6/2016": [13.5, 0.0], "1/7/2016": [13.3, -0.014814814814814762], "1/8/2016": [13.3, 0.0], "1/11/2016": [13.1, -0.015037593984962485], "1/12/2016": [13.15, 0.0038167938931298255], "1/13/2016": [13.2, 0.0038022813688212117], "1/14/2016": [13.05, -0.011363636363636256], "1/15/2016": [12.9, -0.011494252873563244], "1/18/2016": [12.85, -0.003875968992248117], "1/19/2016": [13.0, 0.01167315175097279], "1/20/2016": [13.0, 0.0], "1/21/2016": [12.8, -0.01538461538461533], "1/22/2016": [12.85, 0.0039062499999999167], "1/25/2016": [13.15, 0.02334630350194558], "1/26/2016": [13.0, -0.011406844106463905], "1/27/2016": [13.1, 0.007692307692307665], "1/28/2016": [13.35, 0.019083969465648856], "1/29/2016": [13.8, 0.03370786516853941], "1/30/2016": [13.85, 0.003623188405797024], "2/1/2016": [13.85, 0.0], "2/2/2016": [13.7, -0.010830324909747318], "2/3/2016": [13.55, -0.010948905109488948], "2/15/2016": [13.6, 0.0036900369003689247], "2/16/2016": [13.9, 0.022058823529411818], "2/17/2016": [13.85, -0.0035971223021583243], "2/18/2016": [13.8, -0.0036101083032490204], "2/19/2016": [13.95, 0.0108695652173912], "2/22/2016": [13.9, -0.0035842293906809273], "2/23/2016": [13.95, 0.003597122302158197], "2/24/2016": [13.95, 0.0], "2/25/2016": [14.0, 0.0035842293906810548], "2/26/2016": [14.15, 0.01071428571428574], "3/1/2016": [14.1, -0.00353356890459369], "3/2/2016": [14.25, 0.010638297872340451], "3/3/2016": [14.4, 0.01052631578947371], "3/4/2016": [14.35, -0.0034722222222222715], "3/7/2016": [14.4, 0.0034843205574913386], "3/8/2016": [14.4, 0.0], "3/9/2016": [14.2, -0.013888888888888963], "3/10/2016": [14.4, 0.014084507042253596], "3/11/2016": [14.45, 0.0034722222222221483], "3/14/2016": [14.45, 0.0], "3/15/2016": [14.3, -0.010380622837370145], "3/16/2016": [14.3, 0.0], "3/17/2016": [14.45, 0.01048951048951039], "3/18/2016": [14.5, 0.003460207612456797], "3/21/2016": [14.45, -0.0034482758620690145], "3/22/2016": [14.45, 0.0], "3/23/2016": [14.5, 0.003460207612456797], "3/24/2016": [14.45, -0.0034482758620690145], "3/25/2016": [14.4, -0.003460207612456674], "3/28/2016": [14.35, -0.0034722222222222715], "3/29/2016": [14.4, 0.0034843205574913386], "3/30/2016": [14.45, 0.0034722222222221483], "3/31/2016": [14.4, -0.003460207612456674], "4/1/2016": [14.35, -0.0034722222222222715], "4/6/2016": [14.3, -0.003484320557491215], "4/7/2016": [14.2, -0.006993006993007092], "4/8/2016": [14.2, 0.0], "4/11/2016": [14.2, 0.0], "4/12/2016": [14.2, 0.0], "4/13/2016": [14.35, 0.010563380281690167], "4/14/2016": [14.35, 0.0], "4/15/2016": [14.35, 0.0], "4/18/2016": [14.4, 0.0034843205574913386], "4/19/2016": [14.35, -0.0034722222222222715], "4/20/2016": [14.2, -0.010452961672473893], "4/21/2016": [14.2, 0.0], "4/22/2016": [14.3, 0.007042253521126861], "4/25/2016": [14.35, 0.003496503496503422], "4/26/2016": [14.35, 0.0], "4/27/2016": [14.25, -0.006968641114982554], "4/28/2016": [14.15, -0.007017543859649098], "4/29/2016": [14.25, 0.007067137809187254], "5/3/2016": [14.15, -0.007017543859649098], "5/4/2016": [14.2, 0.003533568904593564], "5/5/2016": [14.0, -0.014084507042253471], "5/6/2016": [13.8, -0.014285714285714235], "5/9/2016": [13.85, 0.003623188405797024], "5/10/2016": [13.75, -0.007220216606498169], "5/11/2016": [13.7, -0.003636363636363688], "5/12/2016": [13.8, 0.007299270072992805], "5/13/2016": [13.7, -0.007246376811594305], "5/16/2016": [13.55, -0.010948905109488948], "5/17/2016": [13.7, 0.011070110701106906], "5/18/2016": [13.85, 0.010948905109489078], "5/19/2016": [13.6, -0.018050541516245487], "5/20/2016": [13.6, 0.0], "5/23/2016": [13.85, 0.01838235294117647], "5/24/2016": [13.75, -0.007220216606498169], "5/25/2016": [13.85, 0.007272727272727247], "5/26/2016": [13.9, 0.0036101083032491488], "5/27/2016": [14.0, 0.007194244604316521], "5/30/2016": [14.1, 0.0071428571428571175], "5/31/2016": [14.3, 0.014184397163120643], "6/1/2016": [14.25, -0.003496503496503546], "6/2/2016": [14.2, -0.0035087719298246113], "6/3/2016": [14.3, 0.007042253521126861], "6/4/2016": [14.2, -0.006993006993007092], "6/6/2016": [14.2, 0.0], "6/7/2016": [14.4, 0.014084507042253596], "6/8/2016": [14.4, 0.0], "6/13/2016": [14.2, -0.013888888888888963], "6/14/2016": [14.3, 0.007042253521126861], "6/15/2016": [14.3, 0.0], "6/16/2016": [14.1, -0.01398601398601406], "6/17/2016": [14.3, 0.014184397163120643], "6/20/2016": [14.3, 0.0], "6/21/2016": [14.35, 0.003496503496503422], "6/22/2016": [14.35, 0.0], "6/23/2016": [14.3, -0.003484320557491215], "6/24/2016": [14.0, -0.02097902097902103], "6/27/2016": [14.05, 0.003571428571428622], "6/28/2016": [14.05, 0.0], "6/29/2016": [14.2, 0.010676156583629791], "6/30/2016": [14.2, 0.0], "7/1/2016": [14.35, 0.010563380281690167], "7/4/2016": [14.35, 0.0], "7/5/2016": [14.35, 0.0], "7/6/2016": [14.2, -0.010452961672473893], "7/7/2016": [14.2, 0.0], "7/11/2016": [14.4, 0.014084507042253596], "7/12/2016": [14.5, 0.00694444444444442], "7/13/2016": [14.55, 0.0034482758620690145], "7/14/2016": [14.65, 0.0068728522336769515], "7/15/2016": [14.8, 0.010238907849829375], "7/18/2016": [14.95, 0.010135135135135039], "7/19/2016": [15.0, 0.003344481605351218], "7/20/2016": [14.95, -0.003333333333333381], "7/21/2016": [14.95, 0.0], "7/22/2016": [14.95, 0.0], "7/25/2016": [14.9, -0.0033444816053510994], "7/26/2016": [14.9, 0.0], "7/27/2016": [14.9, 0.0], "7/28/2016": [14.95, 0.0033557046979865056], "7/29/2016": [14.95, 0.0], "8/1/2016": [15.0, 0.003344481605351218], "8/2/2016": [14.95, -0.003333333333333381], "8/3/2016": [14.95, 0.0], "8/4/2016": [14.95, 0.0], "8/5/2016": [15.0, 0.003344481605351218], "8/8/2016": [15.1, 0.006666666666666643], "8/9/2016": [15.15, 0.0033112582781457426], "8/10/2016": [14.3, -0.056105610561056084], "8/11/2016": [14.3, 0.0], "8/12/2016": [14.3, 0.0], "8/15/2016": [14.2, -0.006993006993007092], "8/16/2016": [14.25, 0.0035211267605634307], "8/17/2016": [14.25, 0.0], "8/18/2016": [14.2, -0.0035087719298246113], "8/19/2016": [14.05, -0.010563380281690042], "8/22/2016": [14.0, -0.003558718861210015], "8/23/2016": [14.05, 0.003571428571428622], "8/24/2016": [13.95, -0.00711743772242003], "8/25/2016": [14.1, 0.010752688172043038], "8/26/2016": [14.15, 0.0035460992907801925], "8/29/2016": [14.15, 0.0], "8/30/2016": [14.15, 0.0], "8/31/2016": [13.95, -0.014134275618374633], "9/1/2016": [14.05, 0.0071684587813621095], "9/2/2016": [13.95, -0.00711743772242003], "9/5/2016": [14.1, 0.010752688172043038], "9/6/2016": [14.15, 0.0035460992907801925], "9/7/2016": [14.2, 0.003533568904593564], "9/8/2016": [14.25, 0.0035211267605634307], "9/9/2016": [14.1, -0.01052631578947371], "9/10/2016": [14.0, -0.007092198581560258], "9/12/2016": [13.9, -0.0071428571428571175], "9/13/2016": [13.85, -0.0035971223021583243], "9/14/2016": [13.8, -0.0036101083032490204], "9/19/2016": [13.95, 0.0108695652173912], "9/20/2016": [13.9, -0.0035842293906809273], "9/21/2016": [13.95, 0.003597122302158197], "9/22/2016": [13.9, -0.0035842293906809273], "9/23/2016": [14.0, 0.007194244604316521], "9/26/2016": [13.95, -0.003571428571428622], "9/29/2016": [14.0, 0.0035842293906810548], "9/30/2016": [13.85, -0.01071428571428574], "10/3/2016": [13.85, 0.0], "10/4/2016": [13.95, 0.007220216606498169], "10/5/2016": [13.95, 0.0], "10/6/2016": [13.9, -0.0035842293906809273], "10/7/2016": [13.8, -0.007194244604316521], "10/11/2016": [13.9, 0.007246376811594177], "10/12/2016": [13.9, 0.0], "10/13/2016": [13.85, -0.0035971223021583243], "10/14/2016": [13.75, -0.007220216606498169], "10/17/2016": [13.85, 0.007272727272727247], "10/18/2016": [13.85, 0.0], "10/19/2016": [13.85, 0.0], "10/20/2016": [13.9, 0.0036101083032491488], "10/21/2016": [13.9, 0.0], "10/24/2016": [13.9, 0.0], "10/25/2016": [13.85, -0.0035971223021583243], "10/26/2016": [13.9, 0.0036101083032491488], "10/27/2016": [13.85, -0.0035971223021583243], "10/28/2016": [13.95, 0.007220216606498169], "10/31/2016": [13.85, -0.007168458781361982], "11/1/2016": [13.85, 0.0], "11/2/2016": [13.85, 0.0],