{"1/4/2016": [22.4, ""], "1/5/2016": [21.5, -0.04017857142857137], "1/6/2016": [20.7, -0.03720930232558143], "1/7/2016": [19.35, -0.06521739130434773], "1/8/2016": [20.4, 0.054263565891472715], "1/11/2016": [19.9, -0.02450980392156863], "1/12/2016": [19.35, -0.02763819095477373], "1/13/2016": [19.8, 0.023255813953488334], "1/14/2016": [19.45, -0.01767676767676775], "1/15/2016": [19.55, 0.005141388174807271], "1/18/2016": [20.9, 0.06905370843989758], "1/19/2016": [22.0, 0.052631578947368494], "1/20/2016": [21.3, -0.03181818181818179], "1/21/2016": [20.9, -0.018779342723004796], "1/22/2016": [20.9, 0.0], "1/25/2016": [21.9, 0.04784688995215311], "1/26/2016": [21.6, -0.013698630136986172], "1/27/2016": [21.0, -0.027777777777777842], "1/28/2016": [21.15, 0.007142857142857075], "1/29/2016": [21.15, 0.0], "1/30/2016": [21.6, 0.021276595744680986], "2/1/2016": [21.2, -0.018518518518518615], "2/2/2016": [21.3, 0.004716981132075539], "2/3/2016": [21.0, -0.014084507042253554], "2/15/2016": [20.85, -0.007142857142857075], "2/16/2016": [21.2, 0.01678657074340517], "2/17/2016": [21.45, 0.01179245283018868], "2/18/2016": [23.55, 0.09790209790209797], "2/19/2016": [23.3, -0.010615711252653927], "2/22/2016": [22.55, -0.032188841201716736], "2/23/2016": [22.9, 0.015521064301552012], "2/24/2016": [22.9, 0.0], "2/25/2016": [23.0, 0.004366812227074298], "2/26/2016": [23.0, 0.0], "3/1/2016": [23.0, 0.0], "3/2/2016": [22.8, -0.008695652173913012], "3/3/2016": [23.15, 0.015350877192982362], "3/4/2016": [23.15, 0.0], "3/7/2016": [23.15, 0.0], "3/8/2016": [23.15, 0.0], "3/9/2016": [23.5, 0.015118790496760322], "3/10/2016": [23.6, 0.004255319148936231], "3/11/2016": [24.05, 0.01906779661016946], "3/14/2016": [24.25, 0.008316008316008287], "3/15/2016": [23.5, -0.030927835051546393], "3/16/2016": [23.7, 0.00851063829787231], "3/17/2016": [23.75, 0.002109704641350241], "3/18/2016": [24.1, 0.014736842105263218], "3/21/2016": [26.5, 0.09958506224066384], "3/22/2016": [25.9, -0.022641509433962318], "3/23/2016": [25.1, -0.03088803088803078], "3/24/2016": [24.9, -0.007968127490039953], "3/25/2016": [25.5, 0.02409638554216873], "3/28/2016": [24.1, -0.05490196078431367], "3/29/2016": [23.8, -0.012448132780083016], "3/30/2016": [23.9, 0.004201680672268818], "3/31/2016": [23.95, 0.0020920502092050507], "4/1/2016": [24.0, 0.00208768267223385], "4/6/2016": [24.15, 0.0062499999999999405], "4/7/2016": [23.85, -0.012422360248447088], "4/8/2016": [23.9, 0.0020964360587000905], "4/11/2016": [23.9, 0.0], "4/12/2016": [23.9, 0.0], "4/13/2016": [23.75, -0.006276150627615004], "4/14/2016": [23.7, -0.0021052631578947667], "4/15/2016": [23.65, -0.002109704641350241], "4/18/2016": [23.1, -0.023255813953488254], "4/19/2016": [22.85, -0.010822510822510822], "4/20/2016": [22.45, -0.017505470459518693], "4/21/2016": [23.3, 0.03786191536748336], "4/22/2016": [22.65, -0.0278969957081546], "4/25/2016": [22.6, -0.0022075055187636716], "4/26/2016": [23.15, 0.02433628318584058], "4/27/2016": [22.8, -0.015118790496760168], "4/28/2016": [22.55, -0.010964912280701754], "4/29/2016": [22.1, -0.019955654101995533], "5/3/2016": [21.5, -0.02714932126696839], "5/4/2016": [20.6, -0.04186046511627901], "5/5/2016": [20.25, -0.01699029126213599], "5/6/2016": [20.35, 0.004938271604938342], "5/9/2016": [20.45, 0.004914004914004809], "5/10/2016": [20.5, 0.0024449877750611594], "5/11/2016": [20.4, -0.004878048780487874], "5/12/2016": [20.2, -0.009803921568627416], "5/13/2016": [20.1, -0.004950495049504845], "5/16/2016": [20.4, 0.014925373134328216], "5/17/2016": [20.75, 0.01715686274509811], "5/18/2016": [21.3, 0.026506024096385576], "5/19/2016": [21.05, -0.011737089201877934], "5/20/2016": [21.25, 0.009501187648456023], "5/23/2016": [21.45, 0.00941176470588232], "5/24/2016": [21.45, 0.0], "5/25/2016": [21.5, 0.0023310023310023644], "5/26/2016": [21.25, -0.011627906976744186], "5/27/2016": [21.05, -0.00941176470588232], "5/30/2016": [21.6, 0.02612826603325419], "5/31/2016": [21.45, -0.006944444444444543], "6/1/2016": [21.5, 0.0023310023310023644], "6/2/2016": [21.2, -0.013953488372093056], "6/3/2016": [21.4, 0.00943396226415091], "6/4/2016": [21.4, 0.0], "6/6/2016": [21.1, -0.014018691588784915], "6/7/2016": [21.4, 0.01421800947867285], "6/8/2016": [21.35, -0.0023364485981307087], "6/13/2016": [20.9, -0.02107728337236547], "6/14/2016": [21.2, 0.014354066985645968], "6/15/2016": [21.2, 0.0], "6/16/2016": [21.05, -0.007075471698113141], "6/17/2016": [21.0, -0.0023752969121140478], "6/20/2016": [21.0, 0.0], "6/21/2016": [21.1, 0.00476190476190483], "6/22/2016": [21.05, -0.002369668246445531], "6/23/2016": [21.05, 0.0], "6/24/2016": [20.2, -0.04038004750593831], "6/27/2016": [21.3, 0.054455445544554525], "6/28/2016": [21.2, -0.004694835680751241], "6/29/2016": [21.1, -0.004716981132075371], "6/30/2016": [21.1, 0.0], "7/1/2016": [21.0, -0.004739336492891062], "7/4/2016": [21.0, 0.0], "7/5/2016": [21.6, 0.02857142857142864], "7/6/2016": [22.85, 0.057870370370370364], "7/7/2016": [22.7, -0.006564551422319567], "7/11/2016": [22.3, -0.01762114537444928], "7/12/2016": [22.4, 0.0044843049327353305], "7/13/2016": [22.4, 0.0], "7/14/2016": [22.35, -0.0022321428571427304], "7/15/2016": [22.5, 0.00671140939597309], "7/18/2016": [23.15, 0.028888888888888825], "7/19/2016": [23.05, -0.004319654427645697], "7/20/2016": [22.7, -0.015184381778741927], "7/21/2016": [24.95, 0.09911894273127754], "7/22/2016": [26.0, 0.042084168336673375], "7/25/2016": [25.55, -0.01730769230769228], "7/26/2016": [25.15, -0.015655577299412998], "7/27/2016": [25.0, -0.005964214711729566], "7/28/2016": [25.0, 0.0], "7/29/2016": [24.9, -0.0040000000000000565], "8/1/2016": [24.7, -0.008032128514056196], "8/2/2016": [24.6, -0.004048582995951331], "8/3/2016": [23.9, -0.02845528455284564], "8/4/2016": [23.95, 0.0020920502092050507], "8/5/2016": [23.6, -0.014613778705636654], "8/8/2016": [25.0, 0.059322033898305024], "8/9/2016": [25.0, 0.0], "8/10/2016": [24.9, -0.0040000000000000565], "8/11/2016": [24.2, -0.02811244979919676], "8/12/2016": [23.85, -0.014462809917355284], "8/15/2016": [23.85, 0.0], "8/16/2016": [23.75, -0.0041928721174004785], "8/17/2016": [23.85, 0.0042105263157895334], "8/18/2016": [24.1, 0.010482180293501047], "8/19/2016": [24.0, -0.004149377593361055], "8/22/2016": [23.2, -0.03333333333333336], "8/23/2016": [24.0, 0.03448275862068969], "8/24/2016": [24.1, 0.004166666666666726], "8/25/2016": [24.25, 0.006224066390041434], "8/26/2016": [23.8, -0.018556701030927807], "8/29/2016": [24.1, 0.012605042016806753], "8/30/2016": [25.5, 0.05809128630705388], "8/31/2016": [25.75, 0.00980392156862745], "9/1/2016": [25.3, -0.01747572815533978], "9/2/2016": [25.0, -0.01185770750988145], "9/5/2016": [25.5, 0.02], "9/6/2016": [25.3, -0.007843137254901933], "9/7/2016": [25.1, -0.00790513833992092], "9/8/2016": [24.8, -0.011952191235059789], "9/9/2016": [25.85, 0.04233870967741938], "9/10/2016": [25.7, -0.005802707930367587], "9/12/2016": [26.0, 0.01167315175097279], "9/13/2016": [25.2, -0.030769230769230795], "9/14/2016": [25.2, 0.0], "9/19/2016": [25.75, 0.021825396825396855], "9/20/2016": [25.75, 0.0], "9/21/2016": [26.15, 0.015533980582524217], "9/22/2016": [26.5, 0.013384321223709424], "9/23/2016": [26.8, 0.011320754716981159], "9/26/2016": [26.25, -0.020522388059701517], "9/29/2016": [25.9, -0.013333333333333388], "9/30/2016": [26.5, 0.023166023166023224], "10/3/2016": [26.5, 0.0], "10/4/2016": [26.15, -0.013207547169811375], "10/5/2016": [25.9, -0.009560229445506692], "10/6/2016": [26.0, 0.003861003861003916], "10/7/2016": [26.45, 0.01730769230769228], "10/11/2016": [25.0, -0.05482041587901699], "10/12/2016": [24.9, -0.0040000000000000565], "10/13/2016": [24.7, -0.008032128514056196], "10/14/2016": [23.8, -0.036437246963562694], "10/17/2016": [24.1, 0.012605042016806753], "10/18/2016": [24.2, 0.004149377593360907], "10/19/2016": [24.3, 0.004132231404958737], "10/20/2016": [24.0, -0.012345679012345708], "10/21/2016": [24.0, 0.0], "10/24/2016": [24.0, 0.0],