{"1/4/2016": [32.5, ""], "1/5/2016": [32.4, -0.0030769230769231207], "1/6/2016": [31.7, -0.021604938271604916], "1/7/2016": [31.0, -0.022082018927444772], "1/8/2016": [31.0, 0.0], "1/11/2016": [32.0, 0.03225806451612903], "1/12/2016": [31.9, -0.0031250000000000444], "1/13/2016": [31.7, -0.006269592476489006], "1/14/2016": [31.3, -0.01261829652996841], "1/15/2016": [31.3, 0.0], "1/18/2016": [31.4, 0.00319488817891367], "1/19/2016": [31.4, 0.0], "1/20/2016": [30.95, -0.01433121019108278], "1/21/2016": [31.3, 0.01130856219709213], "1/22/2016": [30.55, -0.023961661341853034], "1/25/2016": [31.3, 0.024549918166939442], "1/26/2016": [31.3, 0.0], "1/27/2016": [31.45, 0.004792332268370562], "1/28/2016": [31.55, 0.003179650238473813], "1/29/2016": [31.5, -0.0015847860538827482], "1/30/2016": [31.8, 0.009523809523809547], "2/1/2016": [33.15, 0.04245283018867918], "2/2/2016": [32.65, -0.015082956259426848], "2/3/2016": [34.0, 0.04134762633996942], "2/15/2016": [34.1, 0.002941176470588277], "2/16/2016": [34.1, 0.0], "2/17/2016": [33.4, -0.02052785923753674], "2/18/2016": [34.0, 0.01796407185628747], "2/19/2016": [33.85, -0.004411764705882311], "2/22/2016": [33.5, -0.010339734121122641], "2/23/2016": [33.7, 0.005970149253731428], "2/24/2016": [33.6, -0.0029673590504451456], "2/25/2016": [33.95, 0.010416666666666708], "2/26/2016": [34.0, 0.0014727540500735538], "3/1/2016": [34.1, 0.002941176470588277], "3/2/2016": [35.0, 0.0263929618768328], "3/3/2016": [35.6, 0.017142857142857182], "3/4/2016": [36.2, 0.0168539325842697], "3/7/2016": [36.05, -0.004143646408839936], "3/8/2016": [35.5, -0.015256588072121975], "3/9/2016": [35.6, 0.0028169014084507443], "3/10/2016": [35.45, -0.004213483146067376], "3/11/2016": [33.5, -0.05500705218617779], "3/14/2016": [32.8, -0.020895522388059785], "3/15/2016": [32.5, -0.009146341463414549], "3/16/2016": [32.5, 0.0], "3/17/2016": [32.2, -0.009230769230769143], "3/18/2016": [31.7, -0.015527950310559115], "3/21/2016": [31.9, 0.006309148264984205], "3/22/2016": [31.8, -0.0031347962382444476], "3/23/2016": [31.65, -0.004716981132075538], "3/24/2016": [30.6, -0.03317535545023688], "3/25/2016": [30.55, -0.0016339869281045984], "3/28/2016": [30.4, -0.004909983633387958], "3/29/2016": [30.6, 0.006578947368421147], "3/30/2016": [30.5, -0.003267973856209197], "3/31/2016": [31.5, 0.03278688524590164], "4/1/2016": [31.3, -0.006349206349206327], "4/6/2016": [31.15, -0.004792332268370675], "4/7/2016": [30.55, -0.019261637239165262], "4/8/2016": [30.4, -0.004909983633387958], "4/11/2016": [30.5, 0.0032894736842105734], "4/12/2016": [30.85, 0.01147540983606562], "4/13/2016": [31.0, 0.004862236628849224], "4/14/2016": [31.35, 0.011290322580645207], "4/15/2016": [32.2, 0.027113237639553475], "4/18/2016": [32.3, 0.0031055900621116245], "4/19/2016": [32.05, -0.007739938080495357], "4/20/2016": [32.1, 0.001560062402496233], "4/21/2016": [32.6, 0.01557632398753894], "4/22/2016": [32.75, 0.004601226993864987], "4/25/2016": [33.45, 0.021374045801526805], "4/26/2016": [33.55, 0.002989536621823447], "4/27/2016": [33.75, 0.005961251862891292], "4/28/2016": [33.5, -0.007407407407407408], "4/29/2016": [33.7, 0.005970149253731428], "5/3/2016": [34.35, 0.01928783382789313], "5/4/2016": [33.9, -0.01310043668122279], "5/5/2016": [33.8, -0.0029498525073746733], "5/6/2016": [34.0, 0.005917159763313694], "5/9/2016": [33.7, -0.008823529411764622], "5/10/2016": [33.7, 0.0], "5/11/2016": [33.5, -0.005934718100890291], "5/12/2016": [32.0, -0.04477611940298507], "5/13/2016": [31.95, -0.0015625000000000222], "5/16/2016": [31.95, 0.0], "5/17/2016": [33.05, 0.03442879499217521], "5/18/2016": [33.4, 0.010590015128593085], "5/19/2016": [33.2, -0.005988023952095681], "5/20/2016": [33.0, -0.006024096385542254], "5/23/2016": [33.15, 0.004545454545454503], "5/24/2016": [33.15, 0.0], "5/25/2016": [33.15, 0.0], "5/26/2016": [33.15, 0.0], "5/27/2016": [33.2, 0.0015082956259428134], "5/30/2016": [31.8, -0.04216867469879524], "5/31/2016": [31.55, -0.007861635220125786], "6/1/2016": [31.6, 0.0015847860538827482], "6/2/2016": [31.65, 0.0015822784810125682], "6/3/2016": [31.5, -0.0047393364928909505], "6/4/2016": [32.0, 0.015873015873015872], "6/6/2016": [31.8, -0.006249999999999978], "6/7/2016": [31.7, -0.003144654088050359], "6/8/2016": [31.7, 0.0], "6/13/2016": [31.65, -0.0015772870662460793], "6/14/2016": [31.65, 0.0], "6/15/2016": [31.7, 0.0015797788309636876], "6/16/2016": [31.9, 0.006309148264984205], "6/17/2016": [31.95, 0.0015673981191222793], "6/20/2016": [32.0, 0.0015649452269170803], "6/21/2016": [31.95, -0.0015625000000000222], "6/22/2016": [31.95, 0.0], "6/23/2016": [31.85, -0.003129890453834049], "6/24/2016": [31.7, -0.004709576138147633], "6/27/2016": [31.95, 0.007886435331230283], "6/28/2016": [32.05, 0.003129890453834049], "6/29/2016": [32.15, 0.0031201248049922445], "6/30/2016": [32.15, 0.0], "7/1/2016": [32.25, 0.003110419906687447], "7/4/2016": [33.1, 0.026356589147286866], "7/5/2016": [33.15, 0.0015105740181268023], "7/6/2016": [33.15, 0.0], "7/7/2016": [33.15, 0.0], "7/11/2016": [33.25, 0.0030165912518854126], "7/12/2016": [33.05, -0.006015037593985048], "7/13/2016": [32.65, -0.01210287443267772], "7/14/2016": [33.1, 0.013782542113323212], "7/15/2016": [33.35, 0.007552870090634441], "7/18/2016": [33.3, -0.0014992503748127214], "7/19/2016": [36.6, 0.09909909909909924], "7/20/2016": [37.7, 0.030054644808743206], "7/21/2016": [36.0, -0.045092838196286546], "7/22/2016": [35.25, -0.020833333333333332], "7/25/2016": [36.15, 0.025531914893616982], "7/26/2016": [36.3, 0.004149377593360957], "7/27/2016": [36.0, -0.008264462809917278], "7/28/2016": [36.0, 0.0], "7/29/2016": [36.0, 0.0], "8/1/2016": [36.15, 0.004166666666666628], "8/2/2016": [36.3, 0.004149377593360957], "8/3/2016": [36.15, -0.004132231404958639], "8/4/2016": [36.6, 0.012448132780083066], "8/5/2016": [35.0, -0.043715846994535554], "8/8/2016": [34.7, -0.00857142857142849], "8/9/2016": [33.1, -0.04610951008645537], "8/10/2016": [33.05, -0.001510574018127017], "8/11/2016": [33.35, 0.009077155824508451], "8/12/2016": [33.1, -0.0074962518740629685], "8/15/2016": [33.0, -0.0030211480362538194], "8/16/2016": [32.9, -0.0030303030303030732], "8/17/2016": [32.9, 0.0], "8/18/2016": [32.8, -0.0030395136778115935], "8/19/2016": [33.4, 0.018292682926829312], "8/22/2016": [33.25, -0.004491017964071814], "8/23/2016": [33.35, 0.003007518796992524], "8/24/2016": [33.05, -0.00899550224887569], "8/25/2016": [32.95, -0.0030257186081692686], "8/26/2016": [32.55, -0.01213960546282263], "8/29/2016": [32.5, -0.0015360983102917715], "8/30/2016": [32.4, -0.0030769230769231207], "8/31/2016": [32.15, -0.00771604938271605], "9/1/2016": [31.5, -0.020217729393468074], "9/2/2016": [31.1, -0.012698412698412653], "9/5/2016": [30.7, -0.012861736334405212], "9/6/2016": [30.45, -0.008143322475570033], "9/7/2016": [31.3, 0.02791461412151072], "9/8/2016": [30.7, -0.019169329073482472], "9/9/2016": [30.1, -0.01954397394136801], "9/10/2016": [28.0, -0.06976744186046516], "9/12/2016": [26.0, -0.07142857142857142], "9/13/2016": [25.95, -0.0019230769230769505], "9/14/2016": [26.0, 0.0019267822736031104], "9/19/2016": [26.45, 0.01730769230769228], "9/20/2016": [26.3, -0.0056710775047258445], "9/21/2016": [26.15, -0.00570342205323202], "9/22/2016": [26.0, -0.005736137667303961], "9/23/2016": [26.0, 0.0], "9/26/2016": [25.0, -0.038461538461538464], "9/29/2016": [22.5, -0.1], "9/30/2016": [22.6, 0.004444444444444508], "10/3/2016": [22.55, -0.0022123893805310046], "10/4/2016": [21.05, -0.06651884700665188], "10/5/2016": [21.05, 0.0], "10/6/2016": [21.1, 0.0023752969121140478], "10/7/2016": [22.4, 0.0616113744075828], "10/11/2016": [23.25, 0.03794642857142864], "10/12/2016": [22.95, -0.012903225806451644], "10/13/2016": [22.65, -0.013071895424836633], "10/14/2016": [21.9, -0.033112582781456956], "10/17/2016": [22.2, 0.013698630136986335], "10/18/2016": [22.2, 0.0], "10/19/2016": [21.75, -0.02027027027027024], "10/20/2016": [21.6, -0.006896551724137866],