{"1/4/2016": [13.35, ""], "1/5/2016": [13.4, 0.0037453183520599785], "1/6/2016": [13.45, 0.00373134328358201], "1/7/2016": [13.3, -0.011152416356877219], "1/8/2016": [12.5, -0.060150375939849676], "1/11/2016": [12.5, 0.0], "1/12/2016": [12.55, 0.0040000000000000565], "1/13/2016": [12.6, 0.003984063745019835], "1/14/2016": [12.65, 0.003968253968254024], "1/15/2016": [12.65, 0.0], "1/18/2016": [12.65, 0.0], "1/19/2016": [12.75, 0.00790513833992092], "1/20/2016": [12.55, -0.015686274509803866], "1/21/2016": [12.55, 0.0], "1/22/2016": [12.65, 0.007968127490039813], "1/25/2016": [12.7, 0.00395256916996039], "1/26/2016": [12.9, 0.01574803149606308], "1/27/2016": [12.95, 0.003875968992247979], "1/28/2016": [13.15, 0.015444015444015528], "1/29/2016": [13.2, 0.0038022813688212117], "1/30/2016": [13.3, 0.0075757575757576835], "2/1/2016": [13.45, 0.011278195488721696], "2/2/2016": [13.5, 0.003717472118959161], "2/3/2016": [13.5, 0.0], "2/15/2016": [12.75, -0.05555555555555555], "2/16/2016": [13.15, 0.03137254901960787], "2/17/2016": [12.95, -0.015209125475285253], "2/18/2016": [12.95, 0.0], "2/19/2016": [12.95, 0.0], "2/22/2016": [12.95, 0.0], "2/23/2016": [13.3, 0.02702702702702714], "2/24/2016": [13.3, 0.0], "2/25/2016": [13.3, 0.0], "2/26/2016": [13.3, 0.0], "3/1/2016": [13.1, -0.015037593984962485], "3/2/2016": [13.0, -0.007633587786259515], "3/3/2016": [13.05, 0.003846153846153901], "3/4/2016": [13.05, 0.0], "3/7/2016": [12.85, -0.015325670498084372], "3/8/2016": [12.8, -0.0038910505836575048], "3/9/2016": [14.05, 0.09765625], "3/10/2016": [14.9, 0.06049822064056937], "3/11/2016": [14.5, -0.02684563758389264], "3/14/2016": [14.35, -0.01034482758620692], "3/15/2016": [13.4, -0.06620209059233445], "3/16/2016": [13.55, 0.011194029850746294], "3/17/2016": [13.15, -0.029520295202952053], "3/18/2016": [13.15, 0.0], "3/21/2016": [13.15, 0.0], "3/22/2016": [13.0, -0.011406844106463905], "3/23/2016": [12.8, -0.01538461538461533], "3/24/2016": [13.0, 0.015624999999999944], "3/25/2016": [13.3, 0.02307692307692313], "3/28/2016": [13.3, 0.0], "3/29/2016": [12.8, -0.03759398496240601], "3/30/2016": [12.8, 0.0], "3/31/2016": [12.9, 0.007812499999999972], "4/1/2016": [13.05, 0.011627906976744214], "4/6/2016": [13.25, 0.015325670498084237], "4/7/2016": [13.3, 0.003773584905660431], "4/8/2016": [13.8, 0.03759398496240601], "4/11/2016": [14.15, 0.025362318840579684], "4/12/2016": [13.65, -0.0353356890459364], "4/13/2016": [13.7, 0.003663003663003585], "4/14/2016": [15.05, 0.09854014598540158], "4/15/2016": [16.55, 0.09966777408637874], "4/18/2016": [16.1, -0.027190332326283945], "4/19/2016": [15.5, -0.0372670807453417], "4/20/2016": [15.5, 0.0], "4/21/2016": [15.55, 0.003225806451612949], "4/22/2016": [17.1, 0.09967845659163992], "4/25/2016": [15.7, -0.08187134502923989], "4/26/2016": [15.7, 0.0], "4/27/2016": [15.4, -0.019108280254777003], "4/28/2016": [16.0, 0.03896103896103894], "4/29/2016": [16.2, 0.012499999999999956], "5/3/2016": [16.1, -0.006172839506172708], "5/4/2016": [16.2, 0.006211180124223469], "5/5/2016": [15.65, -0.03395061728395055], "5/6/2016": [15.7, 0.00319488817891367], "5/9/2016": [15.6, -0.0063694267515923345], "5/10/2016": [15.65, 0.0032051282051282506], "5/11/2016": [15.7, 0.00319488817891367], "5/12/2016": [15.75, 0.0031847133757962236], "5/13/2016": [15.5, -0.015873015873015872], "5/16/2016": [15.5, 0.0], "5/17/2016": [15.5, 0.0], "5/18/2016": [15.5, 0.0], "5/19/2016": [15.15, -0.0225806451612903], "5/20/2016": [15.0, -0.009900990099009924], "5/23/2016": [15.25, 0.016666666666666666], "5/24/2016": [15.2, -0.0032786885245902103], "5/25/2016": [15.2, 0.0], "5/26/2016": [15.45, 0.01644736842105263], "5/27/2016": [15.45, 0.0], "5/30/2016": [15.5, 0.0032362459546926028], "5/31/2016": [15.5, 0.0], "6/1/2016": [15.4, -0.006451612903225784], "6/2/2016": [15.4, 0.0], "6/3/2016": [15.4, 0.0], "6/4/2016": [15.4, 0.0], "6/6/2016": [15.5, 0.0064935064935064705], "6/7/2016": [15.5, 0.0], "6/8/2016": [14.95, -0.035483870967741984], "6/13/2016": [15.0, 0.003344481605351218], "6/14/2016": [14.9, -0.006666666666666643], "6/15/2016": [14.9, 0.0], "6/16/2016": [14.6, -0.02013422818791951], "6/17/2016": [14.05, -0.03767123287671226], "6/20/2016": [13.9, -0.010676156583629918], "6/21/2016": [13.9, 0.0], "6/22/2016": [14.2, 0.02158273381294956], "6/23/2016": [15.6, 0.09859154929577468], "6/24/2016": [17.0, 0.08974358974358977], "6/27/2016": [15.55, -0.08529411764705878], "6/28/2016": [14.85, -0.04501607717041807], "6/29/2016": [14.7, -0.010101010101010124], "6/30/2016": [14.7, 0.0], "7/1/2016": [14.7, 0.0], "7/4/2016": [14.65, -0.0034013605442176145], "7/5/2016": [14.6, -0.003412969283276499], "7/6/2016": [14.5, -0.006849315068493127], "7/7/2016": [14.7, 0.013793103448275813], "7/11/2016": [14.95, 0.017006802721088437], "7/12/2016": [14.9, -0.0033444816053510994], "7/13/2016": [14.9, 0.0], "7/14/2016": [14.9, 0.0], "7/15/2016": [15.0, 0.00671140939597313], "7/18/2016": [15.0, 0.0], "7/19/2016": [14.9, -0.006666666666666643], "7/20/2016": [14.9, 0.0], "7/21/2016": [14.85, -0.003355704697986625], "7/22/2016": [14.75, -0.00673400673400671], "7/25/2016": [14.8, 0.0033898305084746243], "7/26/2016": [14.8, 0.0], "7/27/2016": [14.75, -0.0033783783783784263], "7/28/2016": [14.6, -0.010169491525423752], "7/29/2016": [14.75, 0.010273972602739751], "8/1/2016": [14.75, 0.0], "8/2/2016": [14.7, -0.0033898305084746243], "8/3/2016": [14.8, 0.006802721088435471], "8/4/2016": [14.8, 0.0], "8/5/2016": [14.8, 0.0], "8/8/2016": [14.6, -0.013513513513513585], "8/9/2016": [14.5, -0.006849315068493127], "8/10/2016": [15.15, 0.04482758620689658], "8/11/2016": [14.65, -0.033003300330033], "8/12/2016": [15.0, 0.023890784982935127], "8/15/2016": [14.75, -0.016666666666666666], "8/16/2016": [14.7, -0.0033898305084746243], "8/17/2016": [14.7, 0.0], "8/18/2016": [14.8, 0.006802721088435471], "8/19/2016": [15.0, 0.013513513513513466], "8/22/2016": [15.0, 0.0], "8/23/2016": [15.1, 0.006666666666666643], "8/24/2016": [14.6, -0.033112582781456956], "8/25/2016": [14.5, -0.006849315068493127], "8/26/2016": [14.4, -0.006896551724137907], "8/29/2016": [14.85, 0.03124999999999995], "8/30/2016": [14.5, -0.023569023569023545], "8/31/2016": [14.3, -0.013793103448275813], "9/1/2016": [14.55, 0.01748251748251748], "9/2/2016": [14.4, -0.010309278350515488], "9/5/2016": [14.6, 0.01388888888888884], "9/6/2016": [14.3, -0.020547945205479378], "9/7/2016": [14.3, 0.0], "9/8/2016": [14.55, 0.01748251748251748], "9/9/2016": [14.55, 0.0], "9/10/2016": [13.9, -0.044673539518900365], "9/12/2016": [13.95, 0.003597122302158197], "9/13/2016": [13.65, -0.021505376344085947], "9/14/2016": [13.65, 0.0], "9/19/2016": [13.65, 0.0], "9/20/2016": [13.95, 0.0219780219780219], "9/21/2016": [13.95, 0.0], "9/22/2016": [13.9, -0.0035842293906809273], "9/23/2016": [13.9, 0.0], "9/26/2016": [13.6, -0.02158273381294969], "9/29/2016": [13.6, 0.0], "9/30/2016": [13.6, 0.0], "10/3/2016": [13.6, 0.0], "10/4/2016": [13.55, -0.003676470588235216], "10/5/2016": [13.6, 0.0036900369003689247], "10/6/2016": [13.6, 0.0], "10/7/2016": [13.6, 0.0], "10/11/2016": [13.6, 0.0], "10/12/2016": [13.6, 0.0], "10/13/2016": [13.6, 0.0], "10/14/2016": [13.2, -0.02941176470588238], "10/17/2016": [13.2, 0.0], "10/18/2016": [13.2, 0.0], "10/19/2016": [13.2, 0.0], "10/20/2016": [13.2, 0.0], "10/21/2016": [13.15, -0.0037878787878787073], "10/24/2016": [13.15, 0.0], "10/25/2016": [12.55, -0.04562737642585549], "10/26/2016": [12.35, -0.015936254980079764], "10/27/2016": [12.25, -0.008097165991902806], "10/28/2016": [12.3, 0.004081632653061282], "10/31/2016": [12.3, 0.0], "11/1/2016": [12.2, -0.008130081300813123], "11/2/2016": [12.1, -0.00819672131147538], "11/3/2016": [12.05, -0.004132231404958589], "11/4/2016": [11.95, -0.00829875518672211], "11/7/2016": [11.95, 0.0], "11/8/2016": [11.95, 0.0], "11/9/2016": [11.95, 0.0], "11/10/2016": [11.95, 0.0], "11/11/2016": [11.95, 0.0], "11/14/2016": [11.95, 0.0], "11/15/2016": [11.9, -0.004184100418409953],