{"1/4/2016": [69.5, ""], "1/5/2016": [70.1, 0.008633093525179774], "1/6/2016": [68.5, -0.02282453637660477], "1/7/2016": [64.0, -0.06569343065693431], "1/8/2016": [67.8, 0.059374999999999956], "1/11/2016": [69.1, 0.01917404129793506], "1/12/2016": [67.1, -0.028943560057887122], "1/13/2016": [68.0, 0.013412816691505302], "1/14/2016": [68.4, 0.005882352941176554], "1/15/2016": [67.5, -0.013157894736842188], "1/18/2016": [68.6, 0.01629629629629621], "1/19/2016": [74.1, 0.08017492711370262], "1/20/2016": [69.8, -0.05802968960863694], "1/21/2016": [68.8, -0.014326647564469915], "1/22/2016": [69.0, 0.002906976744186088], "1/25/2016": [69.9, 0.013043478260869648], "1/26/2016": [69.7, -0.002861230329041528], "1/27/2016": [68.3, -0.020086083213773396], "1/28/2016": [68.3, 0.0], "1/29/2016": [69.2, 0.013177159590044007], "1/30/2016": [70.0, 0.011560693641618455], "2/1/2016": [71.5, 0.02142857142857143], "2/2/2016": [70.3, -0.01678321678321682], "2/3/2016": [70.1, -0.0028449502133713065], "2/15/2016": [70.0, -0.001426533523537722], "2/16/2016": [68.3, -0.024285714285714327], "2/17/2016": [68.2, -0.0014641288433381305], "2/18/2016": [68.8, 0.008797653958944197], "2/19/2016": [68.4, -0.005813953488371969], "2/22/2016": [68.2, -0.002923976608187176], "2/23/2016": [68.2, 0.0], "2/24/2016": [67.4, -0.011730205278592334], "2/25/2016": [67.9, 0.007418397626112759], "2/26/2016": [71.4, 0.05154639175257732], "3/1/2016": [72.1, 0.009803921568627291], "3/2/2016": [72.5, 0.005547850208044462], "3/3/2016": [75.0, 0.034482758620689655], "3/4/2016": [76.0, 0.013333333333333334], "3/7/2016": [77.7, 0.022368421052631617], "3/8/2016": [76.1, -0.020592020592020702], "3/9/2016": [76.2, 0.001314060446780664], "3/10/2016": [74.8, -0.018372703412073563], "3/11/2016": [72.7, -0.028074866310160353], "3/14/2016": [73.3, 0.008253094910591393], "3/15/2016": [70.5, -0.038199181446111834], "3/16/2016": [71.2, 0.009929078014184438], "3/17/2016": [69.3, -0.026685393258427045], "3/18/2016": [68.7, -0.008658008658008576], "3/21/2016": [69.0, 0.004366812227074194], "3/22/2016": [70.1, 0.015942028985507162], "3/23/2016": [69.3, -0.011412268188302386], "3/24/2016": [68.3, -0.01443001443001443], "3/25/2016": [66.6, -0.024890190336749676], "3/28/2016": [63.5, -0.04654654654654646], "3/29/2016": [64.0, 0.007874015748031496], "3/30/2016": [63.4, -0.009375000000000022], "3/31/2016": [61.8, -0.025236593059936932], "4/1/2016": [63.8, 0.03236245954692557], "4/6/2016": [61.7, -0.03291536050156731], "4/7/2016": [63.0, 0.021069692058346794], "4/8/2016": [63.0, 0.0], "4/11/2016": [63.4, 0.006349206349206327], "4/12/2016": [63.4, 0.0], "4/13/2016": [67.0, 0.056782334384858066], "4/14/2016": [69.5, 0.03731343283582089], "4/15/2016": [68.2, -0.018705035971222982], "4/18/2016": [68.8, 0.008797653958944197], "4/19/2016": [68.7, -0.0014534883720929406], "4/20/2016": [67.8, -0.01310043668122279], "4/21/2016": [68.0, 0.0029498525073746733], "4/22/2016": [67.4, -0.008823529411764622], "4/25/2016": [68.2, 0.011869436201780372], "4/26/2016": [68.4, 0.0029325513196481355], "4/27/2016": [66.8, -0.0233918128654972], "4/28/2016": [65.9, -0.013473053892215443], "4/29/2016": [64.8, -0.016691957511381007], "5/3/2016": [64.8, 0.0], "5/4/2016": [65.0, 0.003086419753086464], "5/5/2016": [64.4, -0.009230769230769143], "5/6/2016": [63.8, -0.009316770186335536], "5/9/2016": [63.3, -0.007836990595611286], "5/10/2016": [62.7, -0.009478672985781901], "5/11/2016": [62.0, -0.011164274322169104], "5/12/2016": [61.0, -0.016129032258064516], "5/13/2016": [62.7, 0.02786885245901644], "5/16/2016": [62.5, -0.003189792663476919], "5/17/2016": [63.1, 0.009600000000000023], "5/18/2016": [63.1, 0.0], "5/19/2016": [61.8, -0.020602218700475503], "5/20/2016": [61.8, 0.0], "5/23/2016": [64.6, 0.04530744336569575], "5/24/2016": [64.6, 0.0], "5/25/2016": [67.3, 0.04179566563467497], "5/26/2016": [67.8, 0.007429420505200595], "5/27/2016": [67.6, -0.0029498525073746733], "5/30/2016": [66.4, -0.017751479289940662], "5/31/2016": [65.8, -0.009036144578313381], "6/1/2016": [66.7, 0.013677811550152063], "6/2/2016": [65.8, -0.013493253373313427], "6/3/2016": [64.4, -0.021276595744680722], "6/4/2016": [62.0, -0.0372670807453417], "6/6/2016": [61.1, -0.014516129032258041], "6/7/2016": [61.4, 0.004909983633387842], "6/8/2016": [61.0, -0.006514657980456003], "6/13/2016": [60.5, -0.00819672131147541], "6/14/2016": [60.0, -0.008264462809917356], "6/15/2016": [58.6, -0.02333333333333331], "6/16/2016": [59.1, 0.008532423208191127], "6/17/2016": [59.6, 0.008460236886632826], "6/20/2016": [58.6, -0.016778523489932886], "6/21/2016": [58.3, -0.0051194539249147485], "6/22/2016": [59.0, 0.012006861063464887], "6/23/2016": [53.0, -0.1016949152542373], "6/24/2016": [48.05, -0.09339622641509439], "6/27/2016": [47.5, -0.011446409989594114], "6/28/2016": [50.6, 0.06526315789473687], "6/29/2016": [47.55, -0.060276679841897315], "6/30/2016": [47.9, 0.007360672975814962], "7/1/2016": [46.6, -0.02713987473903961], "7/4/2016": [44.95, -0.03540772532188838], "7/5/2016": [45.4, 0.010011123470522708], "7/6/2016": [45.2, -0.004405286343612241], "7/7/2016": [45.2, 0.0], "7/11/2016": [44.0, -0.026548672566371743], "7/12/2016": [44.0, 0.0], "7/13/2016": [44.1, 0.002272727272727305], "7/14/2016": [45.95, 0.04195011337868484], "7/15/2016": [45.75, -0.004352557127312358], "7/18/2016": [45.15, -0.013114754098360687], "7/19/2016": [44.4, -0.016611295681063124], "7/20/2016": [44.6, 0.004504504504504569], "7/21/2016": [44.75, 0.0033632286995515376], "7/22/2016": [45.2, 0.010055865921787773], "7/25/2016": [44.95, -0.0055309734513274336], "7/26/2016": [43.35, -0.035595105672969994], "7/27/2016": [43.85, 0.011534025374855825], "7/28/2016": [42.6, -0.028506271379703532], "7/29/2016": [42.1, -0.011737089201877934], "8/1/2016": [42.3, 0.004750593824227927], "8/2/2016": [45.4, 0.0732860520094563], "8/3/2016": [45.2, -0.004405286343612241], "8/4/2016": [45.25, 0.0011061946902654238], "8/5/2016": [45.3, 0.001104972375690545], "8/8/2016": [43.4, -0.04194260485651211], "8/9/2016": [42.75, -0.01497695852534559], "8/10/2016": [43.5, 0.017543859649122806], "8/11/2016": [43.2, -0.006896551724137866], "8/12/2016": [42.7, -0.011574074074074073], "8/15/2016": [42.65, -0.0011709601873537297], "8/16/2016": [43.05, 0.009378663540445453], "8/17/2016": [43.65, 0.013937282229965191], "8/18/2016": [44.3, 0.014891179839633416], "8/19/2016": [43.85, -0.010158013544017963], "8/22/2016": [43.0, -0.019384264538198435], "8/23/2016": [42.6, -0.009302325581395316], "8/24/2016": [43.2, 0.014084507042253554], "8/25/2016": [43.55, 0.00810185185185172], "8/26/2016": [46.5, 0.06773823191733647], "8/29/2016": [49.0, 0.053763440860215055], "8/30/2016": [50.2, 0.024489795918367405], "8/31/2016": [48.9, -0.025896414342629567], "9/1/2016": [48.8, -0.002044989775051154], "9/2/2016": [46.5, -0.04713114754098355], "9/5/2016": [47.15, 0.013978494623655883], "9/6/2016": [47.8, 0.013785790031813332], "9/7/2016": [46.95, -0.01778242677824256], "9/8/2016": [47.45, 0.010649627263045794], "9/9/2016": [47.5, 0.001053740779768117], "9/10/2016": [45.0, -0.05263157894736842], "9/12/2016": [43.0, -0.044444444444444446], "9/13/2016": [43.4, 0.009302325581395316], "9/14/2016": [42.6, -0.018433179723502238], "9/19/2016": [42.7, 0.0023474178403756203], "9/20/2016": [43.25, 0.012880562060889863], "9/21/2016": [43.65, 0.009248554913294765], "9/22/2016": [43.25, -0.009163802978235935], "9/23/2016": [42.9, -0.00809248554913298], "9/26/2016": [42.35, -0.012820512820512754], "9/29/2016": [42.5, 0.00354191263282169], "9/30/2016": [42.75, 0.0058823529411764705], "10/3/2016": [42.9, 0.003508771929824528], "10/4/2016": [42.85, -0.0011655011655010994], "10/5/2016": [38.6, -0.09918319719953325], "10/6/2016": [38.6, 0.0], "10/7/2016": [35.3, -0.08549222797927472], "10/11/2016": [33.6, -0.04815864022662878], "10/12/2016": [34.4, 0.023809523809523725], "10/13/2016": [34.65, 0.007267441860465116], "10/14/2016": [34.15, -0.01443001443001443],