{"1/4/2016": [52.64, ""], "1/5/2016": [50.5, -0.04065349544072949], "1/6/2016": [50.19, -0.006138613861386184], "1/7/2016": [47.98, -0.04403267583183903], "1/8/2016": [49.99, 0.04189245518966247], "1/11/2016": [47.55, -0.048809761952390576], "1/12/2016": [46.99, -0.01177707676130379], "1/13/2016": [47.83, 0.01787614386039575], "1/14/2016": [50.89, 0.06397658373405818], "1/15/2016": [49.85, -0.020436235016702674], "1/18/2016": [50.18, 0.006619859578736174], "1/19/2016": [52.5, 0.04623355918692707], "1/20/2016": [49.2, -0.0628571428571428], "1/21/2016": [48.0, -0.02439024390243908], "1/22/2016": [45.9, -0.04375000000000003], "1/25/2016": [46.4, 0.010893246187363835], "1/26/2016": [44.3, -0.04525862068965521], "1/27/2016": [44.7, 0.009029345372460626], "1/28/2016": [42.99, -0.038255033557047], "1/29/2016": [46.0, 0.0700162828564782], "1/30/2016": [45.36, -0.013913043478260882], "2/1/2016": [43.84, -0.03350970017636676], "2/2/2016": [44.01, 0.0038777372262772487], "2/3/2016": [43.7, -0.007043853669620431], "2/15/2016": [44.7, 0.02288329519450801], "2/16/2016": [46.5, 0.04026845637583886], "2/17/2016": [47.9, 0.0301075268817204], "2/18/2016": [48.18, 0.005845511482254721], "2/19/2016": [48.99, 0.016811955168119598], "2/22/2016": [42.9, -0.12431108389467245], "2/23/2016": [44.4, 0.03496503496503497], "2/24/2016": [43.61, -0.017792792792792774], "2/25/2016": [43.5, -0.0025223572575097325], "2/26/2016": [43.99, 0.011264367816092], "3/1/2016": [43.59, -0.009092975676290034], "3/2/2016": [43.8, 0.004817618719889739], "3/3/2016": [44.0, 0.004566210045662165], "3/4/2016": [44.13, 0.0029545454545455126], "3/7/2016": [44.25, 0.002719238613188249], "3/8/2016": [43.32, -0.021016949152542368], "3/9/2016": [43.9, 0.013388734995383155], "3/10/2016": [43.7, -0.004555808656036349], "3/11/2016": [44.5, 0.01830663615560634], "3/14/2016": [44.24, -0.005842696629213439], "3/15/2016": [43.82, -0.009493670886075988], "3/16/2016": [44.56, 0.01688726608854409], "3/17/2016": [44.12, -0.009874326750448942], "3/18/2016": [43.8, -0.007252946509519499], "3/21/2016": [43.3, -0.011415525114155252], "3/22/2016": [42.66, -0.014780600461893778], "3/23/2016": [41.7, -0.022503516174402105], "3/24/2016": [40.62, -0.025899280575539696], "3/25/2016": [41.98, 0.03348104382077793], "3/28/2016": [40.87, -0.02644116245831347], "3/29/2016": [39.9, -0.0237337900660631], "3/30/2016": [40.64, 0.01854636591478702], "3/31/2016": [41.4, 0.018700787401574753], "4/1/2016": [39.87, -0.036956521739130464], "4/6/2016": [39.01, -0.021570102834211173], "4/7/2016": [38.3, -0.0182004614201487], "4/8/2016": [39.01, 0.018537859007832922], "4/11/2016": [38.12, -0.02281466290694695], "4/12/2016": [37.1, -0.02675760755508909], "4/13/2016": [35.5, -0.043126684636118635], "4/14/2016": [34.0, -0.04225352112676056], "4/15/2016": [35.2, 0.035294117647058906], "4/18/2016": [34.43, -0.021875000000000085], "4/19/2016": [34.8, 0.010746442056346136], "4/20/2016": [34.12, -0.019540229885057464], "4/21/2016": [34.0, -0.0035169988276669826], "4/22/2016": [33.5, -0.014705882352941176], "4/25/2016": [33.9, 0.011940298507462643], "4/26/2016": [35.5, 0.04719764011799414], "4/27/2016": [35.1, -0.011267605633802778], "4/28/2016": [34.75, -0.009971509971510011], "4/29/2016": [36.1, 0.03884892086330939], "5/3/2016": [34.8, -0.036011080332410086], "5/4/2016": [34.81, 0.0002873563218392275], "5/5/2016": [34.9, 0.00258546394714152], "5/6/2016": [35.19, 0.008309455587392526], "5/9/2016": [35.13, -0.0017050298380220281], "5/10/2016": [34.9, -0.006547110731568573], "5/11/2016": [35.11, 0.0060171919770773885], "5/12/2016": [34.95, -0.004557106237539066], "5/13/2016": [34.9, -0.0014306151645208658], "5/16/2016": [34.8, -0.0028653295128940235], "5/17/2016": [34.8, 0.0], "5/18/2016": [35.09, 0.008333333333333514], "5/19/2016": [35.02, -0.001994870333428335], "5/20/2016": [34.1, -0.026270702455739623], "5/23/2016": [34.01, -0.002639296187683384], "5/24/2016": [35.7, 0.04969126727433122], "5/25/2016": [36.0, 0.008403361344537735], "5/26/2016": [35.11, -0.02472222222222224], "5/27/2016": [34.8, -0.008829393335232192], "5/30/2016": [35.6, 0.02298850574712656], "5/31/2016": [35.48, -0.00337078651685406], "6/1/2016": [35.11, -0.010428410372040516], "6/2/2016": [34.18, -0.026488180005696374], "6/3/2016": [34.93, 0.021942656524283205], "6/4/2016": [34.99, 0.0017177211565989772], "6/6/2016": [35.0, 0.00028579594169757103], "6/7/2016": [34.75, -0.007142857142857143], "6/8/2016": [33.68, -0.03079136690647483], "6/13/2016": [34.05, 0.01098574821852724], "6/14/2016": [33.73, -0.009397944199706323], "6/15/2016": [33.61, -0.0035576638007707518], "6/16/2016": [33.33, -0.008330853912526068], "6/17/2016": [33.1, -0.006900690069006807], "6/20/2016": [34.99, 0.057099697885196386], "6/21/2016": [34.6, -0.011146041726207503], "6/22/2016": [34.45, -0.004335260115606895], "6/23/2016": [34.29, -0.00464441219158211], "6/24/2016": [33.22, -0.031204432779235937], "6/27/2016": [32.91, -0.009331727874774301], "6/28/2016": [33.09, 0.005469462169553535], "6/29/2016": [33.4, 0.00936838924146253], "6/30/2016": [33.61, 0.006287425149700624], "7/1/2016": [34.4, 0.02350490925319843], "7/4/2016": [34.2, -0.005813953488371969], "7/5/2016": [34.09, -0.003216374269005831], "7/6/2016": [34.21, 0.0035200938691697693], "7/7/2016": [34.19, -0.0005846243788366889], "7/11/2016": [34.32, 0.0038022813688213678], "7/12/2016": [34.31, -0.0002913752913752334], "7/13/2016": [34.49, 0.005246283882250064], "7/14/2016": [35.6, 0.03218324151928093], "7/15/2016": [36.12, 0.014606741573033596], "7/18/2016": [36.51, 0.010797342192691047], "7/19/2016": [36.19, -0.008764721993974262], "7/20/2016": [35.74, -0.01243437413650168], "7/21/2016": [35.5, -0.006715165081141634], "7/22/2016": [35.4, -0.0028169014084507443], "7/25/2016": [36.05, 0.018361581920903914], "7/26/2016": [35.91, -0.003883495145631084], "7/27/2016": [36.0, 0.0025062656641604963], "7/28/2016": [35.75, -0.006944444444444444], "7/29/2016": [35.52, -0.006433566433566346], "8/1/2016": [36.29, 0.021677927927927814], "8/2/2016": [36.03, -0.007164508128961092], "8/3/2016": [36.0, -0.0008326394671107726], "8/4/2016": [36.0, 0.0], "8/5/2016": [36.0, 0.0], "8/8/2016": [35.68, -0.008888888888888898], "8/9/2016": [35.5, -0.005044843049327346], "8/10/2016": [35.4, -0.0028169014084507443], "8/11/2016": [35.3, -0.002824858757062187], "8/12/2016": [35.3, 0.0], "8/15/2016": [35.09, -0.005949008498583393], "8/16/2016": [35.11, 0.00056996295240798], "8/17/2016": [35.16, 0.0014240956992309073], "8/18/2016": [35.13, -0.000853242320818943], "8/19/2016": [34.92, -0.005977796754910357], "8/22/2016": [34.51, -0.01174112256586494], "8/23/2016": [34.3, -0.006085192697768788], "8/24/2016": [34.15, -0.004373177842565556], "8/25/2016": [34.3, 0.0043923865300146], "8/26/2016": [34.08, -0.006413994169096177], "8/29/2016": [33.41, -0.01965962441314559], "8/30/2016": [33.3, -0.003292427416941019], "8/31/2016": [32.68, -0.018618618618618542], "9/1/2016": [32.2, -0.01468788249693993], "9/2/2016": [31.8, -0.01242236024844727], "9/5/2016": [32.29, 0.01540880503144649], "9/6/2016": [32.97, 0.02105915144007432], "9/7/2016": [33.5, 0.01607521989687598], "9/8/2016": [33.49, -0.00029850746268650775], "9/9/2016": [33.39, -0.0029859659599880983], "9/10/2016": [33.11, -0.008385744234800872], "9/12/2016": [32.59, -0.01570522500755047], "9/13/2016": [32.0, -0.018103712795336097], "9/14/2016": [31.99, -0.00031250000000004885], "9/19/2016": [32.0, 0.00031259768677716673], "9/20/2016": [31.91, -0.0028124999999999956], "9/21/2016": [33.18, 0.03979943591350672], "9/22/2016": [33.0, -0.005424954792043391], "9/23/2016": [33.85, 0.025757575757575802], "9/26/2016": [33.5, -0.010339734121122641], "9/29/2016": [33.59, 0.002686567164179206], "9/30/2016": [33.65, 0.0017862459065196535], "10/3/2016": [34.0, 0.010401188707280875], "10/4/2016": [34.11, 0.003235294117647042], "10/5/2016": [34.22, 0.003224860744649646], "10/6/2016": [34.61, 0.01139684395090592], "10/7/2016": [35.12, 0.014735625541750882],