{"1/4/2016": [15.25, ""], "1/5/2016": [15.2, -0.0032786885245902103], "1/6/2016": [15.1, -0.00657894736842103], "1/7/2016": [15.0, -0.006622516556291367], "1/8/2016": [15.0, 0.0], "1/11/2016": [14.8, -0.013333333333333286], "1/12/2016": [15.0, 0.013513513513513466], "1/13/2016": [15.0, 0.0], "1/14/2016": [14.9, -0.006666666666666643], "1/15/2016": [14.9, 0.0], "1/18/2016": [15.65, 0.050335570469798654], "1/19/2016": [15.2, -0.02875399361022371], "1/20/2016": [15.35, 0.009868421052631603], "1/21/2016": [15.35, 0.0], "1/22/2016": [15.3, -0.003257328990227944], "1/25/2016": [15.3, 0.0], "1/26/2016": [15.3, 0.0], "1/27/2016": [15.2, -0.006535947712418394], "1/28/2016": [15.2, 0.0], "1/29/2016": [15.6, 0.026315789473684237], "1/30/2016": [15.6, 0.0], "2/1/2016": [15.6, 0.0], "2/2/2016": [15.5, -0.0064102564102563875], "2/3/2016": [15.55, 0.003225806451612949], "2/15/2016": [15.7, 0.009646302250803767], "2/16/2016": [15.65, -0.0031847133757961104], "2/17/2016": [15.7, 0.00319488817891367], "2/18/2016": [15.7, 0.0], "2/19/2016": [15.7, 0.0], "2/22/2016": [15.8, 0.006369426751592447], "2/23/2016": [15.7, -0.006329113924050722], "2/24/2016": [15.75, 0.0031847133757962236], "2/25/2016": [15.8, 0.0031746031746032197], "2/26/2016": [15.75, -0.003164556962025361], "3/1/2016": [15.75, 0.0], "3/2/2016": [15.9, 0.009523809523809547], "3/3/2016": [15.8, -0.006289308176100607], "3/4/2016": [15.9, 0.00632911392405061], "3/7/2016": [15.9, 0.0], "3/8/2016": [15.85, -0.003144654088050359], "3/9/2016": [15.7, -0.009463722397476363], "3/10/2016": [15.7, 0.0], "3/11/2016": [15.8, 0.006369426751592447], "3/14/2016": [15.8, 0.0], "3/15/2016": [15.85, 0.0031645569620252488], "3/16/2016": [15.8, -0.0031545741324920462], "3/17/2016": [15.8, 0.0], "3/18/2016": [15.9, 0.00632911392405061], "3/21/2016": [15.8, -0.006289308176100607], "3/22/2016": [15.8, 0.0], "3/23/2016": [15.7, -0.006329113924050722], "3/24/2016": [15.8, 0.006369426751592447], "3/25/2016": [15.8, 0.0], "3/28/2016": [15.85, 0.0031645569620252488], "3/29/2016": [15.8, -0.0031545741324920462], "3/30/2016": [16.1, 0.018987341772151944], "3/31/2016": [15.8, -0.01863354037267085], "4/1/2016": [16.0, 0.01265822784810122], "4/6/2016": [15.8, -0.012499999999999956], "4/7/2016": [16.0, 0.01265822784810122], "4/8/2016": [16.0, 0.0], "4/11/2016": [16.0, 0.0], "4/12/2016": [15.8, -0.012499999999999956], "4/13/2016": [15.85, 0.0031645569620252488], "4/14/2016": [15.75, -0.006309148264984205], "4/15/2016": [15.75, 0.0], "4/18/2016": [15.75, 0.0], "4/19/2016": [15.7, -0.0031746031746032197], "4/20/2016": [15.65, -0.0031847133757961104], "4/21/2016": [15.85, 0.012779552715654906], "4/22/2016": [15.8, -0.0031545741324920462], "4/25/2016": [15.6, -0.012658227848101333], "4/26/2016": [15.6, 0.0], "4/27/2016": [15.6, 0.0], "4/28/2016": [15.6, 0.0], "4/29/2016": [15.55, -0.003205128205128137], "5/3/2016": [15.45, -0.006430868167202663], "5/4/2016": [15.4, -0.003236245954692488], "5/5/2016": [15.45, 0.0032467532467531776], "5/6/2016": [15.4, -0.003236245954692488], "5/9/2016": [15.5, 0.0064935064935064705], "5/10/2016": [15.5, 0.0], "5/11/2016": [15.45, -0.003225806451612949], "5/12/2016": [15.55, 0.0064724919093852055], "5/13/2016": [15.4, -0.00964630225080388], "5/16/2016": [15.45, 0.0032467532467531776], "5/17/2016": [15.1, -0.022653721682847874], "5/18/2016": [15.2, 0.006622516556291367], "5/19/2016": [15.1, -0.00657894736842103], "5/20/2016": [15.4, 0.019867549668874218], "5/23/2016": [15.4, 0.0], "5/24/2016": [15.7, 0.01948051948051941], "5/25/2016": [15.7, 0.0], "5/26/2016": [15.7, 0.0], "5/27/2016": [15.4, -0.019108280254777003], "5/30/2016": [15.5, 0.0064935064935064705], "5/31/2016": [15.5, 0.0], "6/1/2016": [15.55, 0.003225806451612949], "6/2/2016": [15.35, -0.012861736334405212], "6/3/2016": [15.5, 0.009771986970684063], "6/4/2016": [15.25, -0.016129032258064516], "6/6/2016": [15.25, 0.0], "6/7/2016": [15.05, -0.013114754098360609], "6/8/2016": [15.0, -0.0033222591362126715], "6/13/2016": [15.0, 0.0], "6/14/2016": [15.0, 0.0], "6/15/2016": [14.9, -0.006666666666666643], "6/16/2016": [15.05, 0.010067114093959755], "6/17/2016": [14.95, -0.006644518272425343], "6/20/2016": [14.75, -0.013377926421404635], "6/21/2016": [15.0, 0.01694915254237288], "6/22/2016": [14.8, -0.013333333333333286], "6/23/2016": [14.75, -0.0033783783783784263], "6/24/2016": [14.75, 0.0], "6/27/2016": [14.75, 0.0], "6/28/2016": [14.8, 0.0033898305084746243], "6/29/2016": [14.8, 0.0], "6/30/2016": [14.8, 0.0], "7/1/2016": [14.6, -0.013513513513513585], "7/4/2016": [14.85, 0.017123287671232876], "7/5/2016": [14.95, 0.00673400673400671], "7/6/2016": [14.8, -0.010033444816053417], "7/7/2016": [14.9, 0.006756756756756733], "7/11/2016": [14.85, -0.003355704697986625], "7/12/2016": [14.8, -0.0033670033670032953], "7/13/2016": [14.8, 0.0], "7/14/2016": [15.2, 0.02702702702702693], "7/15/2016": [15.4, 0.013157894736842176], "7/18/2016": [14.9, -0.032467532467532464], "7/19/2016": [14.8, -0.00671140939597313], "7/20/2016": [14.8, 0.0], "7/21/2016": [14.9, 0.006756756756756733], "7/22/2016": [14.8, -0.00671140939597313], "7/25/2016": [14.9, 0.006756756756756733], "7/26/2016": [14.5, -0.02684563758389264], "7/27/2016": [14.55, 0.0034482758620690145], "7/28/2016": [14.65, 0.0068728522336769515], "7/29/2016": [14.4, -0.017064846416382253], "8/1/2016": [14.65, 0.017361111111111112], "8/2/2016": [14.65, 0.0], "8/3/2016": [14.65, 0.0], "8/4/2016": [14.65, 0.0], "8/5/2016": [14.65, 0.0], "8/8/2016": [14.8, 0.010238907849829375], "8/9/2016": [14.8, 0.0], "8/10/2016": [14.95, 0.010135135135135039], "8/11/2016": [14.9, -0.0033444816053510994], "8/12/2016": [14.9, 0.0], "8/15/2016": [15.0, 0.00671140939597313], "8/16/2016": [14.7, -0.02000000000000005], "8/17/2016": [14.9, 0.01360544217687082], "8/18/2016": [15.0, 0.00671140939597313], "8/19/2016": [15.0, 0.0], "8/22/2016": [14.9, -0.006666666666666643], "8/23/2016": [14.85, -0.003355704697986625], "8/24/2016": [14.95, 0.00673400673400671], "8/25/2016": [15.1, 0.010033444816053536], "8/26/2016": [14.9, -0.013245033112582735], "8/29/2016": [15.0, 0.00671140939597313], "8/30/2016": [15.0, 0.0], "8/31/2016": [15.0, 0.0], "9/1/2016": [15.0, 0.0], "9/2/2016": [15.0, 0.0], "9/5/2016": [15.0, 0.0], "9/6/2016": [15.0, 0.0], "9/7/2016": [15.0, 0.0], "9/8/2016": [15.0, 0.0], "9/9/2016": [15.0, 0.0], "9/10/2016": [15.05, 0.003333333333333381], "9/12/2016": [15.0, -0.0033222591362126715], "9/13/2016": [15.0, 0.0], "9/14/2016": [14.95, -0.003333333333333381], "9/19/2016": [14.9, -0.0033444816053510994], "9/20/2016": [15.0, 0.00671140939597313], "9/21/2016": [15.2, 0.013333333333333286], "9/22/2016": [15.15, -0.0032894736842104563], "9/23/2016": [15.05, -0.006600660066006577], "9/26/2016": [14.95, -0.006644518272425343], "9/29/2016": [15.0, 0.003344481605351218], "9/30/2016": [15.15, 0.010000000000000024], "10/3/2016": [14.95, -0.013201320132013271], "10/4/2016": [15.0, 0.003344481605351218], "10/5/2016": [15.0, 0.0], "10/6/2016": [15.0, 0.0], "10/7/2016": [14.95, -0.003333333333333381], "10/11/2016": [14.9, -0.0033444816053510994], "10/12/2016": [15.0, 0.00671140939597313], "10/13/2016": [14.9, -0.006666666666666643], "10/14/2016": [14.85, -0.003355704697986625], "10/17/2016": [14.95, 0.00673400673400671], "10/18/2016": [14.95, 0.0], "10/19/2016": [14.95, 0.0], "10/20/2016": [14.9, -0.0033444816053510994], "10/21/2016": [15.15, 0.016778523489932886], "10/24/2016": [15.0, -0.009900990099009924], "10/25/2016": [15.0, 0.0], "10/26/2016": [14.95, -0.003333333333333381], "10/27/2016": [14.95, 0.0], "10/28/2016": [14.9, -0.0033444816053510994], "10/31/2016": [14.85, -0.003355704697986625], "11/1/2016": [14.8, -0.0033670033670032953], "11/2/2016": [14.75, -0.0033783783783784263], "11/3/2016": [14.75, 0.0], "11/4/2016": [14.75, 0.0], "11/7/2016": [14.7, -0.0033898305084746243], "11/8/2016": [14.7, 0.0], "11/9/2016": [14.65, -0.0034013605442176145], "11/10/2016": [14.65, 0.0], "11/11/2016": [14.6, -0.003412969283276499], "11/14/2016": [14.6, 0.0],