{"1/4/2016": [15.15, ""], "1/5/2016": [14.95, -0.013201320132013271], "1/6/2016": [14.75, -0.013377926421404635], "1/7/2016": [14.3, -0.03050847457627114], "1/8/2016": [14.35, 0.003496503496503422], "1/11/2016": [13.95, -0.027874564459930338], "1/12/2016": [13.95, 0.0], "1/13/2016": [14.05, 0.0071684587813621095], "1/14/2016": [13.85, -0.014234875444839933], "1/15/2016": [14.0, 0.010830324909747318], "1/18/2016": [14.1, 0.0071428571428571175], "1/19/2016": [14.2, 0.007092198581560258], "1/20/2016": [13.85, -0.02464788732394364], "1/21/2016": [13.8, -0.0036101083032490204], "1/22/2016": [13.8, 0.0], "1/25/2016": [13.85, 0.003623188405797024], "1/26/2016": [14.0, 0.010830324909747318], "1/27/2016": [13.9, -0.0071428571428571175], "1/28/2016": [13.85, -0.0035971223021583243], "1/29/2016": [14.05, 0.014440433212996467], "1/30/2016": [14.35, 0.02135231316725971], "2/1/2016": [14.3, -0.003484320557491215], "2/2/2016": [14.3, 0.0], "2/3/2016": [14.3, 0.0], "2/15/2016": [14.7, 0.02797202797202787], "2/16/2016": [14.8, 0.006802721088435471], "2/17/2016": [14.75, -0.0033783783783784263], "2/18/2016": [14.6, -0.010169491525423752], "2/19/2016": [14.6, 0.0], "2/22/2016": [14.65, 0.003424657534246624], "2/23/2016": [14.7, 0.0034129692832763777], "2/24/2016": [14.6, -0.0068027210884353505], "2/25/2016": [14.65, 0.003424657534246624], "2/26/2016": [14.65, 0.0], "3/1/2016": [15.05, 0.02730375426621163], "3/2/2016": [15.1, 0.0033222591362125535], "3/3/2016": [15.7, 0.03973509933774832], "3/4/2016": [15.65, -0.0031847133757961104], "3/7/2016": [16.35, 0.0447284345047924], "3/8/2016": [16.2, -0.009174311926605633], "3/9/2016": [16.35, 0.00925925925925939], "3/10/2016": [16.2, -0.009174311926605633], "3/11/2016": [16.25, 0.003086419753086464], "3/14/2016": [16.0, -0.015384615384615385], "3/15/2016": [15.3, -0.043749999999999956], "3/16/2016": [15.65, 0.022875816993464027], "3/17/2016": [15.55, -0.006389776357827453], "3/18/2016": [15.85, 0.01929260450160765], "3/21/2016": [15.95, 0.006309148264984205], "3/22/2016": [16.1, 0.009404388714733676], "3/23/2016": [16.35, 0.015527950310559004], "3/24/2016": [16.75, 0.024464831804281256], "3/25/2016": [17.0, 0.014925373134328358], "3/28/2016": [16.7, -0.017647058823529453], "3/29/2016": [16.65, -0.002994011976047947], "3/30/2016": [16.7, 0.003003003003003046], "3/31/2016": [16.45, -0.014970059880239521], "4/1/2016": [16.6, 0.00911854103343478], "4/6/2016": [16.5, -0.006024096385542254], "4/7/2016": [16.4, -0.0060606060606061465], "4/8/2016": [16.6, 0.012195121951219686], "4/11/2016": [16.4, -0.012048192771084508], "4/12/2016": [16.0, -0.02439024390243894], "4/13/2016": [16.05, 0.0031250000000000444], "4/14/2016": [16.2, 0.009345794392523275], "4/15/2016": [15.95, -0.0154320987654321], "4/18/2016": [16.15, 0.012539184952978013], "4/19/2016": [16.1, -0.0030959752321979665], "4/20/2016": [16.0, -0.0062111801242236905], "4/21/2016": [15.8, -0.012499999999999956], "4/22/2016": [15.25, -0.03481012658227853], "4/25/2016": [15.2, -0.0032786885245902103], "4/26/2016": [15.25, 0.0032894736842105734], "4/27/2016": [15.2, -0.0032786885245902103], "4/28/2016": [15.2, 0.0], "4/29/2016": [15.25, 0.0032894736842105734], "5/3/2016": [15.05, -0.013114754098360609], "5/4/2016": [14.8, -0.01661129568106312], "5/5/2016": [14.7, -0.0067567567567568525], "5/6/2016": [14.5, -0.013605442176870701], "5/9/2016": [14.5, 0.0], "5/10/2016": [14.55, 0.0034482758620690145], "5/11/2016": [14.3, -0.017182130584192438], "5/12/2016": [14.1, -0.01398601398601406], "5/13/2016": [14.0, -0.007092198581560258], "5/16/2016": [14.0, 0.0], "5/17/2016": [14.15, 0.01071428571428574], "5/18/2016": [14.15, 0.0], "5/19/2016": [14.15, 0.0], "5/20/2016": [14.2, 0.003533568904593564], "5/23/2016": [14.5, 0.021126760563380333], "5/24/2016": [14.3, -0.013793103448275813], "5/25/2016": [14.4, 0.006993006993006968], "5/26/2016": [14.3, -0.00694444444444442], "5/27/2016": [14.4, 0.006993006993006968], "5/30/2016": [14.4, 0.0], "5/31/2016": [14.45, 0.0034722222222221483], "6/1/2016": [14.45, 0.0], "6/2/2016": [14.6, 0.010380622837370268], "6/3/2016": [14.5, -0.006849315068493127], "6/4/2016": [14.5, 0.0], "6/6/2016": [14.4, -0.006896551724137907], "6/7/2016": [14.4, 0.0], "6/8/2016": [14.35, -0.0034722222222222715], "6/13/2016": [14.25, -0.006968641114982554], "6/14/2016": [14.25, 0.0], "6/15/2016": [14.35, 0.007017543859649098], "6/16/2016": [14.35, 0.0], "6/17/2016": [14.4, 0.0034843205574913386], "6/20/2016": [14.35, -0.0034722222222222715], "6/21/2016": [14.4, 0.0034843205574913386], "6/22/2016": [14.4, 0.0], "6/23/2016": [14.4, 0.0], "6/24/2016": [14.05, -0.02430555555555553], "6/27/2016": [14.25, 0.014234875444839807], "6/28/2016": [14.3, 0.0035087719298246113], "6/29/2016": [14.45, 0.01048951048951039], "6/30/2016": [14.5, 0.003460207612456797], "7/1/2016": [14.5, 0.0], "7/4/2016": [14.7, 0.013793103448275813], "7/5/2016": [14.6, -0.0068027210884353505], "7/6/2016": [13.35, -0.08561643835616438], "7/7/2016": [13.05, -0.02247191011235947], "7/11/2016": [13.05, 0.0], "7/12/2016": [13.0, -0.0038314176245211272], "7/13/2016": [13.0, 0.0], "7/14/2016": [12.95, -0.003846153846153901], "7/15/2016": [13.15, 0.015444015444015528], "7/18/2016": [13.1, -0.0038022813688213465], "7/19/2016": [13.0, -0.007633587786259515], "7/20/2016": [13.1, 0.007692307692307665], "7/21/2016": [13.1, 0.0], "7/22/2016": [13.05, -0.0038167938931296897], "7/25/2016": [13.0, -0.0038314176245211272], "7/26/2016": [13.0, 0.0], "7/27/2016": [12.95, -0.003846153846153901], "7/28/2016": [12.9, -0.003861003861003779], "7/29/2016": [12.8, -0.007751937984496096], "8/1/2016": [12.55, -0.01953125], "8/2/2016": [12.65, 0.007968127490039813], "8/3/2016": [12.55, -0.00790513833992092], "8/4/2016": [12.55, 0.0], "8/5/2016": [12.5, -0.003984063745019977], "8/8/2016": [12.5, 0.0], "8/9/2016": [12.5, 0.0], "8/10/2016": [12.5, 0.0], "8/11/2016": [12.45, -0.0040000000000000565], "8/12/2016": [12.4, -0.004016064257028027], "8/15/2016": [12.3, -0.008064516129032228], "8/16/2016": [12.25, -0.004065040650406562], "8/17/2016": [12.4, 0.012244897959183702], "8/18/2016": [12.3, -0.008064516129032228], "8/19/2016": [12.25, -0.004065040650406562], "8/22/2016": [11.95, -0.024489795918367405], "8/23/2016": [12.0, 0.004184100418410101], "8/24/2016": [11.85, -0.01250000000000003], "8/25/2016": [12.0, 0.012658227848101297], "8/26/2016": [12.05, 0.004166666666666726], "8/29/2016": [12.15, 0.008298755186721962], "8/30/2016": [12.2, 0.0041152263374484715], "8/31/2016": [12.3, 0.008196721311475526], "9/1/2016": [12.15, -0.01219512195121954], "9/2/2016": [12.05, -0.00823045267489709], "9/5/2016": [11.95, -0.00829875518672211], "9/6/2016": [12.1, 0.012552301255230157], "9/7/2016": [11.9, -0.016528925619834652], "9/8/2016": [11.95, 0.004201680672268818], "9/9/2016": [11.9, -0.004184100418409953], "9/10/2016": [11.75, -0.012605042016806753], "9/12/2016": [11.6, -0.012765957446808541], "9/13/2016": [11.4, -0.01724137931034477], "9/14/2016": [11.5, 0.008771929824561372], "9/19/2016": [11.4, -0.008695652173913012], "9/20/2016": [11.25, -0.013157894736842136], "9/21/2016": [11.3, 0.004444444444444508], "9/22/2016": [11.25, -0.004424778761062009], "9/23/2016": [11.25, 0.0], "9/26/2016": [11.1, -0.013333333333333365], "9/29/2016": [10.95, -0.013513513513513545], "9/30/2016": [10.75, -0.01826484018264834], "10/3/2016": [10.55, -0.01860465116279063], "10/4/2016": [10.85, 0.02843601895734587], "10/5/2016": [11.05, 0.0184331797235024], "10/6/2016": [11.1, 0.0045248868778279576], "10/7/2016": [11.05, -0.004504504504504409], "10/11/2016": [10.9, -0.013574660633484194], "10/12/2016": [10.75, -0.013761467889908289], "10/13/2016": [10.7, -0.00465116279069774], "10/14/2016": [10.55, -0.014018691588784915], "10/17/2016": [10.3, -0.023696682464454975], "10/18/2016": [10.25, -0.004854368932038904], "10/19/2016": [10.3, 0.004878048780487874], "10/20/2016": [10.4, 0.009708737864077634], "10/21/2016": [10.1, -0.028846153846153914],