{"1/4/2016": [9.5, ""], "1/5/2016": [9.5, 0.0], "1/6/2016": [9.46, -0.004210526315789384], "1/7/2016": [9.47, 0.001057082452431267], "1/8/2016": [9.49, 0.0021119324181625735], "1/11/2016": [9.35, -0.014752370916754538], "1/12/2016": [9.6, 0.026737967914438502], "1/13/2016": [9.5, -0.01041666666666663], "1/14/2016": [9.5, 0.0], "1/15/2016": [9.5, 0.0], "1/18/2016": [9.5, 0.0], "1/19/2016": [9.5, 0.0], "1/20/2016": [9.5, 0.0], "1/21/2016": [9.5, 0.0], "1/22/2016": [9.51, 0.001052631578947346], "1/25/2016": [9.51, 0.0], "1/26/2016": [9.5, -0.0010515247108306822], "1/27/2016": [9.5, 0.0], "1/28/2016": [9.6, 0.010526315789473648], "1/29/2016": [9.5, -0.01041666666666663], "1/30/2016": [10.0, 0.05263157894736842], "2/1/2016": [10.0, 0.0], "2/2/2016": [9.98, -0.0019999999999999575], "2/3/2016": [9.85, -0.013026052104208494], "2/15/2016": [9.67, -0.018274111675126874], "2/16/2016": [9.8, 0.01344364012409522], "2/17/2016": [9.85, 0.005102040816326422], "2/18/2016": [9.72, -0.013197969543147108], "2/19/2016": [9.59, -0.013374485596707899], "2/22/2016": [9.59, 0.0], "2/23/2016": [9.68, 0.009384775808133457], "2/24/2016": [9.52, -0.016528925619834725], "2/25/2016": [9.4, -0.012605042016806641], "2/26/2016": [9.39, -0.0010638297872340198], "3/1/2016": [9.71, 0.03407880724174657], "3/2/2016": [9.61, -0.01029866117404752], "3/3/2016": [9.77, 0.016649323621227903], "3/4/2016": [9.92, 0.015353121801432995], "3/7/2016": [9.9, -0.0020161290322580215], "3/8/2016": [9.86, -0.004040404040404133], "3/9/2016": [9.86, 0.0], "3/10/2016": [9.8, -0.006085192697768633], "3/11/2016": [9.87, 0.00714285714285699], "3/14/2016": [9.9, 0.0030395136778116655], "3/15/2016": [9.75, -0.015151515151515187], "3/16/2016": [9.75, 0.0], "3/17/2016": [9.8, 0.005128205128205201], "3/18/2016": [9.75, -0.005102040816326603], "3/21/2016": [9.7, -0.005128205128205201], "3/22/2016": [9.7, 0.0], "3/23/2016": [9.8, 0.010309278350515611], "3/24/2016": [9.78, -0.00204081632653075], "3/25/2016": [9.89, 0.01124744376278131], "3/28/2016": [9.8, -0.009100101112234565], "3/29/2016": [9.71, -0.00918367346938774], "3/30/2016": [9.68, -0.003089598352214329], "3/31/2016": [9.8, 0.012396694214876136], "4/1/2016": [9.7, -0.010204081632653206], "4/6/2016": [9.7, 0.0], "4/7/2016": [9.84, 0.01443298969072171], "4/8/2016": [9.72, -0.012195121951219433], "4/11/2016": [9.82, 0.010288065843621363], "4/12/2016": [9.77, -0.0050916496945010905], "4/13/2016": [9.9, 0.01330603889457531], "4/14/2016": [9.7, -0.020202020202020308], "4/15/2016": [9.72, 0.002061855670103232], "4/18/2016": [9.63, -0.009259259259259245], "4/19/2016": [9.65, 0.002076843198338481], "4/20/2016": [9.6, -0.00518134715025914], "4/21/2016": [9.7, 0.01041666666666663], "4/22/2016": [9.7, 0.0], "4/25/2016": [9.66, -0.004123711340206098], "4/26/2016": [9.7, 0.0041407867494823135], "4/27/2016": [9.67, -0.0030927835051545735], "4/28/2016": [9.67, 0.0], "4/29/2016": [9.56, -0.011375387797311213], "5/3/2016": [9.68, 0.012552301255230044], "5/4/2016": [9.5, -0.018595041322314022], "5/5/2016": [9.7, 0.021052631578947295], "5/6/2016": [9.5, -0.020618556701030855], "5/9/2016": [9.5, 0.0], "5/10/2016": [9.5, 0.0], "5/11/2016": [9.5, 0.0], "5/12/2016": [9.55, 0.005263157894736917], "5/13/2016": [9.4, -0.01570680628272255], "5/16/2016": [9.48, 0.008510638297872348], "5/17/2016": [9.5, 0.0021097046413501657], "5/18/2016": [9.78, 0.02947368421052625], "5/19/2016": [10.0, 0.02249488752556244], "5/20/2016": [9.99, -0.0009999999999999788], "5/23/2016": [10.1, 0.011011011011010954], "5/24/2016": [10.15, 0.004950495049505021], "5/25/2016": [10.05, -0.009852216748768438], "5/26/2016": [10.0, -0.004975124378109523], "5/27/2016": [10.1, 0.009999999999999964], "5/30/2016": [10.25, 0.014851485148514887], "5/31/2016": [10.15, -0.009756097560975575], "6/1/2016": [10.15, 0.0], "6/2/2016": [10.0, -0.014778325123152743], "6/3/2016": [10.0, 0.0], "6/4/2016": [10.1, 0.009999999999999964], "6/6/2016": [10.2, 0.009900990099009866], "6/7/2016": [10.15, -0.004901960784313621], "6/8/2016": [10.15, 0.0], "6/13/2016": [10.0, -0.014778325123152743], "6/14/2016": [10.15, 0.015000000000000036], "6/15/2016": [10.1, -0.004926108374384306], "6/16/2016": [10.05, -0.004950495049504845], "6/17/2016": [10.15, 0.009950248756218869], "6/20/2016": [10.15, 0.0], "6/21/2016": [10.2, 0.0049261083743841316], "6/22/2016": [10.2, 0.0], "6/23/2016": [10.2, 0.0], "6/24/2016": [9.96, -0.02352941176470573], "6/27/2016": [10.15, 0.019076305220883483], "6/28/2016": [10.15, 0.0], "6/29/2016": [10.35, 0.019704433497536877], "6/30/2016": [10.3, -0.004830917874396033], "7/1/2016": [10.35, 0.004854368932038731], "7/4/2016": [10.2, -0.01449275362318844], "7/5/2016": [10.2, 0.0], "7/6/2016": [10.2, 0.0], "7/7/2016": [10.2, 0.0], "7/11/2016": [10.15, -0.004901960784313621], "7/12/2016": [11.15, 0.09852216748768472], "7/13/2016": [12.25, 0.09865470852017934], "7/14/2016": [13.45, 0.09795918367346933], "7/15/2016": [14.0, 0.04089219330855024], "7/18/2016": [13.5, -0.03571428571428571], "7/19/2016": [13.65, 0.011111111111111138], "7/20/2016": [13.25, -0.02930402930402933], "7/21/2016": [12.9, -0.026415094339622615], "7/22/2016": [12.25, -0.05038759689922483], "7/25/2016": [11.95, -0.024489795918367405], "7/26/2016": [11.9, -0.004184100418409953], "7/27/2016": [12.45, 0.046218487394957895], "7/28/2016": [12.45, 0.0], "7/29/2016": [12.25, -0.016064257028112393], "8/1/2016": [12.15, -0.00816326530612242], "8/2/2016": [12.3, 0.012345679012345708], "8/3/2016": [12.25, -0.004065040650406562], "8/4/2016": [12.2, -0.004081632653061282], "8/5/2016": [12.0, -0.01639344262295076], "8/8/2016": [12.05, 0.004166666666666726], "8/9/2016": [12.1, 0.004149377593360907], "8/10/2016": [12.0, -0.008264462809917326], "8/11/2016": [12.2, 0.016666666666666607], "8/12/2016": [11.65, -0.04508196721311467], "8/15/2016": [11.55, -0.008583690987124432], "8/16/2016": [11.15, -0.03463203463203466], "8/17/2016": [11.1, -0.004484304932735489], "8/18/2016": [10.95, -0.013513513513513545], "8/19/2016": [11.05, 0.00913242009132433], "8/22/2016": [11.0, -0.004524886877828118], "8/23/2016": [11.0, 0.0], "8/24/2016": [11.0, 0.0], "8/25/2016": [11.05, 0.00454545454545461], "8/26/2016": [11.0, -0.004524886877828118], "8/29/2016": [11.05, 0.00454545454545461], "8/30/2016": [11.0, -0.004524886877828118], "8/31/2016": [11.05, 0.00454545454545461], "9/1/2016": [11.15, 0.009049773755656076], "9/2/2016": [11.15, 0.0], "9/5/2016": [11.15, 0.0], "9/6/2016": [11.1, -0.004484304932735489], "9/7/2016": [11.0, -0.009009009009008978], "9/8/2016": [11.0, 0.0], "9/9/2016": [11.1, 0.00909090909090906], "9/10/2016": [11.05, -0.004504504504504409], "9/12/2016": [11.05, 0.0], "9/13/2016": [11.05, 0.0], "9/14/2016": [11.0, -0.004524886877828118], "9/19/2016": [11.35, 0.03181818181818179], "9/20/2016": [11.05, -0.026431718061673916], "9/21/2016": [11.5, 0.04072398190045242], "9/22/2016": [11.5, 0.0], "9/23/2016": [11.5, 0.0], "9/26/2016": [11.5, 0.0], "9/29/2016": [11.6, 0.008695652173913012], "9/30/2016": [11.7, 0.008620689655172384], "10/3/2016": [11.65, -0.004273504273504183], "10/4/2016": [11.6, -0.0042918454935622925], "10/5/2016": [11.6, 0.0], "10/6/2016": [11.55, -0.004310344827586115], "10/7/2016": [11.6, 0.004329004329004236], "10/11/2016": [11.5, -0.008620689655172384], "10/12/2016": [11.5, 0.0], "10/13/2016": [11.5, 0.0], "10/14/2016": [11.55, 0.004347826086956583], "10/17/2016": [11.5, -0.004329004329004391], "10/18/2016": [11.55, 0.004347826086956583], "10/19/2016": [11.75, 0.017316017316017254], "10/20/2016": [11.55, -0.01702127659574462], "10/21/2016": [11.45, -0.008658008658008781], "10/24/2016": [11.5, 0.004366812227074298], "10/25/2016": [11.5, 0.0], "10/26/2016": [11.5, 0.0], "10/27/2016": [11.5, 0.0], "10/28/2016": [11.5, 0.0], "10/31/2016": [11.8, 0.02608695652173919], "11/1/2016": [11.7, -0.00847457627118656], "11/2/2016": [11.7, 0.0], "11/3/2016": [11.55, -0.0128205128205127], "11/4/2016": [11.5, -0.004329004329004391], "11/7/2016": [11.5, 0.0],