{"1/4/2016": [40.0, ""], "1/5/2016": [39.65, -0.008750000000000036], "1/6/2016": [39.8, 0.003783102143757846], "1/7/2016": [39.75, -0.0012562814070351046], "1/8/2016": [39.7, -0.0012578616352200544], "1/11/2016": [39.7, 0.0], "1/12/2016": [39.8, 0.0025188916876572875], "1/13/2016": [39.7, -0.002512562814070209], "1/14/2016": [39.6, -0.0025188916876574662], "1/15/2016": [39.3, -0.0075757575757576835], "1/18/2016": [39.65, 0.008905852417302835], "1/19/2016": [39.6, -0.0012610340479192223], "1/20/2016": [39.4, -0.005050505050505122], "1/21/2016": [39.4, 0.0], "1/22/2016": [39.55, 0.0038071065989847357], "1/25/2016": [39.6, 0.0012642225031606641], "1/26/2016": [39.5, -0.002525252525252561], "1/27/2016": [39.5, 0.0], "1/28/2016": [39.6, 0.002531645569620289], "1/29/2016": [39.6, 0.0], "1/30/2016": [39.5, -0.002525252525252561], "2/1/2016": [39.55, 0.0012658227848100546], "2/2/2016": [39.5, -0.0012642225031604846], "2/3/2016": [39.5, 0.0], "2/15/2016": [39.85, 0.008860759493670923], "2/16/2016": [39.85, 0.0], "2/17/2016": [39.9, 0.0012547051442910202], "2/18/2016": [39.95, 0.0012531328320803073], "2/19/2016": [39.85, -0.002503128911138959], "2/22/2016": [39.7, -0.003764115432873239], "2/23/2016": [39.5, -0.0050377833753149324], "2/24/2016": [39.5, 0.0], "2/25/2016": [39.6, 0.002531645569620289], "2/26/2016": [39.75, 0.003787878787878752], "3/1/2016": [39.6, -0.0037735849056603414], "3/2/2016": [39.6, 0.0], "3/3/2016": [39.6, 0.0], "3/4/2016": [39.65, 0.0012626262626261907], "3/7/2016": [39.6, -0.0012610340479192223], "3/8/2016": [39.6, 0.0], "3/9/2016": [39.55, -0.0012626262626263703], "3/10/2016": [39.75, 0.0050568900126422974], "3/11/2016": [39.8, 0.0012578616352200544], "3/14/2016": [39.6, -0.005025125628140597], "3/15/2016": [39.6, 0.0], "3/16/2016": [39.55, -0.0012626262626263703], "3/17/2016": [39.6, 0.0012642225031606641], "3/18/2016": [39.7, 0.002525252525252561], "3/21/2016": [39.7, 0.0], "3/22/2016": [39.4, -0.007556675062972399], "3/23/2016": [39.55, 0.0038071065989847357], "3/24/2016": [39.55, 0.0], "3/25/2016": [39.55, 0.0], "3/28/2016": [39.6, 0.0012642225031606641], "3/29/2016": [39.6, 0.0], "3/30/2016": [39.35, -0.006313131313131313], "3/31/2016": [39.55, 0.005082592121982103], "4/1/2016": [39.5, -0.0012642225031604846], "4/6/2016": [39.45, -0.0012658227848100546], "4/7/2016": [39.45, 0.0], "4/8/2016": [39.45, 0.0], "4/11/2016": [39.45, 0.0], "4/12/2016": [39.45, 0.0], "4/13/2016": [39.45, 0.0], "4/14/2016": [39.45, 0.0], "4/15/2016": [39.5, 0.0012674271229403589], "4/18/2016": [39.5, 0.0], "4/19/2016": [39.5, 0.0], "4/20/2016": [39.5, 0.0], "4/21/2016": [39.45, -0.0012658227848100546], "4/22/2016": [39.5, 0.0012674271229403589], "4/25/2016": [39.1, -0.010126582278480976], "4/26/2016": [39.3, 0.005115089514066387], "4/27/2016": [39.35, 0.0012722646310433655], "4/28/2016": [39.4, 0.0012706480304954804], "4/29/2016": [39.6, 0.005076142131979768], "5/3/2016": [39.35, -0.006313131313131313], "5/4/2016": [39.4, 0.0012706480304954804], "5/5/2016": [39.45, 0.0012690355329950322], "5/6/2016": [39.45, 0.0], "5/9/2016": [39.5, 0.0012674271229403589], "5/10/2016": [39.6, 0.002531645569620289], "5/11/2016": [39.55, -0.0012626262626263703], "5/12/2016": [39.55, 0.0], "5/13/2016": [39.5, -0.0012642225031604846], "5/16/2016": [39.4, -0.002531645569620289], "5/17/2016": [39.6, 0.005076142131979768], "5/18/2016": [39.6, 0.0], "5/19/2016": [39.6, 0.0], "5/20/2016": [39.8, 0.0050505050505049425], "5/23/2016": [40.1, 0.0075376884422111625], "5/24/2016": [40.0, -0.0024937655860349482], "5/25/2016": [39.95, -0.001249999999999929], "5/26/2016": [39.9, -0.0012515644555695685], "5/27/2016": [40.0, 0.002506265664160437], "5/30/2016": [39.95, -0.001249999999999929], "5/31/2016": [39.95, 0.0], "6/1/2016": [39.95, 0.0], "6/2/2016": [39.9, -0.0012515644555695685], "6/3/2016": [39.85, -0.0012531328320801293], "6/4/2016": [39.9, 0.0012547051442910202], "6/6/2016": [39.9, 0.0], "6/7/2016": [39.95, 0.0012531328320803073], "6/8/2016": [39.95, 0.0], "6/13/2016": [39.95, 0.0], "6/14/2016": [40.0, 0.0012515644555693905], "6/15/2016": [40.0, 0.0], "6/16/2016": [39.7, -0.007499999999999929], "6/17/2016": [39.7, 0.0], "6/20/2016": [39.8, 0.0025188916876572875], "6/21/2016": [40.0, 0.005025125628140776], "6/22/2016": [39.9, -0.0025000000000000356], "6/23/2016": [39.8, -0.002506265664160437], "6/24/2016": [39.7, -0.002512562814070209], "6/27/2016": [39.6, -0.0025188916876574662], "6/28/2016": [39.85, 0.006313131313131313], "6/29/2016": [40.25, 0.010037641154328697], "6/30/2016": [40.25, 0.0], "7/1/2016": [39.9, -0.008695652173913078], "7/4/2016": [39.95, 0.0012531328320803073], "7/5/2016": [40.0, 0.0012515644555693905], "7/6/2016": [39.9, -0.0025000000000000356], "7/7/2016": [39.9, 0.0], "7/11/2016": [40.15, 0.006265664160401003], "7/12/2016": [40.4, 0.006226650062266501], "7/13/2016": [40.2, -0.004950495049504845], "7/14/2016": [40.2, 0.0], "7/15/2016": [40.2, 0.0], "7/18/2016": [40.3, 0.002487562189054585], "7/19/2016": [40.3, 0.0], "7/20/2016": [40.3, 0.0], "7/21/2016": [40.3, 0.0], "7/22/2016": [40.3, 0.0], "7/25/2016": [40.3, 0.0], "7/26/2016": [40.25, -0.0012406947890818154], "7/27/2016": [40.25, 0.0], "7/28/2016": [40.15, -0.002484472049689476], "7/29/2016": [40.15, 0.0], "8/1/2016": [39.05, -0.02739726027397264], "8/2/2016": [39.15, 0.0025608194622279497], "8/3/2016": [39.25, 0.0025542784163474185], "8/4/2016": [39.25, 0.0], "8/5/2016": [39.25, 0.0], "8/8/2016": [39.3, 0.0012738853503183988], "8/9/2016": [39.25, -0.0012722646310431847], "8/10/2016": [39.25, 0.0], "8/11/2016": [39.15, -0.002547770700636979], "8/12/2016": [39.1, -0.0012771392081736184], "8/15/2016": [39.15, 0.0012787723785165513], "8/16/2016": [39.0, -0.0038314176245210366], "8/17/2016": [40.1, 0.02820512820512824], "8/18/2016": [39.7, -0.009975062344139616], "8/19/2016": [39.65, -0.0012594458438288227], "8/22/2016": [39.15, -0.012610340479192938], "8/23/2016": [39.2, 0.0012771392081737999], "8/24/2016": [39.2, 0.0], "8/25/2016": [39.15, -0.0012755102040817414], "8/26/2016": [39.15, 0.0], "8/29/2016": [39.0, -0.0038314176245210366], "8/30/2016": [38.9, -0.0025641025641026005], "8/31/2016": [38.8, -0.0025706940874036356], "9/1/2016": [38.8, 0.0], "9/2/2016": [38.95, 0.0038659793814434457], "9/5/2016": [38.8, -0.003851091142490518], "9/6/2016": [39.0, 0.005154639175257806], "9/7/2016": [39.0, 0.0], "9/8/2016": [38.9, -0.0025641025641026005], "9/9/2016": [38.8, -0.0025706940874036356], "9/10/2016": [39.3, 0.012886597938144331], "9/12/2016": [39.35, 0.0012722646310433655], "9/13/2016": [39.0, -0.008894536213468906], "9/14/2016": [38.3, -0.01794871794871802], "9/19/2016": [39.15, 0.02219321148825069], "9/20/2016": [39.65, 0.01277139208173691], "9/21/2016": [39.8, 0.003783102143757846], "9/22/2016": [39.8, 0.0], "9/23/2016": [39.75, -0.0012562814070351046], "9/26/2016": [39.95, 0.005031446540880575], "9/29/2016": [40.5, 0.013767209011264008], "9/30/2016": [40.8, 0.0074074074074073374], "10/3/2016": [40.15, -0.015931372549019576], "10/4/2016": [40.0, -0.003735990037359865], "10/5/2016": [39.8, -0.005000000000000071], "10/6/2016": [39.85, 0.001256281407035283], "10/7/2016": [39.85, 0.0], "10/11/2016": [39.8, -0.0012547051442911986], "10/12/2016": [39.5, -0.007537688442210985], "10/13/2016": [39.25, -0.006329113924050633], "10/14/2016": [39.05, -0.005095541401273958], "10/17/2016": [39.8, 0.01920614596670935], "10/18/2016": [40.15, 0.008793969849246267], "10/19/2016": [40.5, 0.008717310087173136], "10/20/2016": [40.2, -0.0074074074074073374], "10/21/2016": [40.8, 0.014925373134328216], "10/24/2016": [40.6, -0.004901960784313621], "10/25/2016": [40.75, 0.003694581280788142], "10/26/2016": [40.7, -0.001226993865030605], "10/27/2016": [40.7, 0.0], "10/28/2016": [40.6, -0.0024570024570024916], "10/31/2016": [40.55, -0.001231527093596164], "11/1/2016": [40.6, 0.0012330456226881446], "11/2/2016": [40.4, -0.004926108374384306], "11/3/2016": [40.3, -0.0024752475247525104], "11/4/2016": [40.3, 0.0], "11/7/2016": [40.3, 0.0],