{"1/4/2016": [18.1, ""], "1/5/2016": [18.0, -0.0055248618784531165], "1/6/2016": [17.8, -0.011111111111111072], "1/7/2016": [17.05, -0.042134831460674156], "1/8/2016": [17.35, 0.017595307917888603], "1/11/2016": [17.05, -0.01729106628242079], "1/12/2016": [16.6, -0.0263929618768328], "1/13/2016": [16.6, 0.0], "1/14/2016": [15.8, -0.04819277108433739], "1/15/2016": [15.95, 0.00949367088607586], "1/18/2016": [16.6, 0.04075235109717882], "1/19/2016": [16.9, 0.018072289156626332], "1/20/2016": [16.5, -0.023668639053254354], "1/21/2016": [16.5, 0.0], "1/22/2016": [16.7, 0.012121212121212078], "1/25/2016": [16.7, 0.0], "1/26/2016": [16.7, 0.0], "1/27/2016": [16.7, 0.0], "1/28/2016": [16.7, 0.0], "1/29/2016": [16.85, 0.00898203592814384], "1/30/2016": [16.85, 0.0], "2/1/2016": [16.8, -0.0029673590504451456], "2/2/2016": [16.9, 0.005952380952380825], "2/3/2016": [16.9, 0.0], "2/15/2016": [16.9, 0.0], "2/16/2016": [17.15, 0.014792899408284025], "2/17/2016": [17.3, 0.00874635568513132], "2/18/2016": [17.5, 0.011560693641618455], "2/19/2016": [17.7, 0.011428571428571389], "2/22/2016": [17.75, 0.002824858757062187], "2/23/2016": [18.15, 0.022535211267605555], "2/24/2016": [17.9, -0.013774104683195593], "2/25/2016": [17.9, 0.0], "2/26/2016": [17.85, -0.0027932960893853162], "3/1/2016": [18.3, 0.025210084033613404], "3/2/2016": [18.25, -0.0027322404371585085], "3/3/2016": [18.3, 0.0027397260273972993], "3/4/2016": [18.45, 0.008196721311475332], "3/7/2016": [18.65, 0.010840108401083973], "3/8/2016": [18.5, -0.008042895442359173], "3/9/2016": [20.35, 0.10000000000000007], "3/10/2016": [19.5, -0.04176904176904184], "3/11/2016": [19.55, 0.0025641025641026005], "3/14/2016": [19.4, -0.007672634271099853], "3/15/2016": [18.7, -0.03608247422680409], "3/16/2016": [18.8, 0.0053475935828877766], "3/17/2016": [19.2, 0.021276595744680774], "3/18/2016": [19.2, 0.0], "3/21/2016": [19.2, 0.0], "3/22/2016": [19.25, 0.002604166666666704], "3/23/2016": [19.2, -0.0025974025974026343], "3/24/2016": [18.95, -0.013020833333333334], "3/25/2016": [18.95, 0.0], "3/28/2016": [18.65, -0.01583113456464384], "3/29/2016": [18.7, 0.0026809651474531213], "3/30/2016": [18.8, 0.0053475935828877766], "3/31/2016": [19.1, 0.015957446808510675], "4/1/2016": [19.0, -0.005235602094240912], "4/6/2016": [19.2, 0.010526315789473648], "4/7/2016": [19.1, -0.005208333333333223], "4/8/2016": [19.05, -0.002617801047120456], "4/11/2016": [18.95, -0.005249343832021072], "4/12/2016": [19.05, 0.005277044854881342], "4/13/2016": [18.95, -0.005249343832021072], "4/14/2016": [18.8, -0.007915567282321826], "4/15/2016": [18.7, -0.005319148936170288], "4/18/2016": [18.8, 0.0053475935828877766], "4/19/2016": [18.85, 0.002659574468085144], "4/20/2016": [18.4, -0.023872679045092986], "4/21/2016": [18.5, 0.00543478260869573], "4/22/2016": [18.2, -0.016216216216216255], "4/25/2016": [18.25, 0.0027472527472527865], "4/26/2016": [18.3, 0.0027397260273972993], "4/27/2016": [18.4, 0.005464480874316823], "4/28/2016": [18.15, -0.013586956521739132], "4/29/2016": [18.15, 0.0], "5/3/2016": [17.85, -0.016528925619834555], "5/4/2016": [17.65, -0.011204481792717245], "5/5/2016": [17.8, 0.008498583569405221], "5/6/2016": [17.85, 0.0028089887640449836], "5/9/2016": [18.15, 0.01680672268907547], "5/10/2016": [17.8, -0.019283746556473712], "5/11/2016": [17.6, -0.011235955056179735], "5/12/2016": [17.6, 0.0], "5/13/2016": [17.5, -0.005681818181818262], "5/16/2016": [17.5, 0.0], "5/17/2016": [17.8, 0.017142857142857182], "5/18/2016": [17.8, 0.0], "5/19/2016": [18.0, 0.011235955056179735], "5/20/2016": [18.1, 0.005555555555555635], "5/23/2016": [18.3, 0.011049723756906037], "5/24/2016": [18.1, -0.01092896174863384], "5/25/2016": [18.1, 0.0], "5/26/2016": [18.25, 0.00828729281767948], "5/27/2016": [18.3, 0.0027397260273972993], "5/30/2016": [18.2, -0.005464480874317017], "5/31/2016": [18.25, 0.0027472527472527865], "6/1/2016": [18.25, 0.0], "6/2/2016": [18.2, -0.0027397260273972993], "6/3/2016": [18.1, -0.005494505494505378], "6/4/2016": [18.1, 0.0], "6/6/2016": [18.15, 0.0027624309392263622], "6/7/2016": [18.0, -0.008264462809917278], "6/8/2016": [18.05, 0.0027777777777778173], "6/13/2016": [17.75, -0.016620498614958488], "6/14/2016": [18.0, 0.014084507042253521], "6/15/2016": [18.0, 0.0], "6/16/2016": [18.0, 0.0], "6/17/2016": [17.8, -0.011111111111111072], "6/20/2016": [18.0, 0.011235955056179735], "6/21/2016": [18.0, 0.0], "6/22/2016": [17.9, -0.005555555555555635], "6/23/2016": [18.1, 0.01117318435754206], "6/24/2016": [18.0, -0.0055248618784531165], "6/27/2016": [18.0, 0.0], "6/28/2016": [18.05, 0.0027777777777778173], "6/29/2016": [18.0, -0.0027700831024931143], "6/30/2016": [18.0, 0.0], "7/1/2016": [17.85, -0.008333333333333255], "7/4/2016": [18.0, 0.008403361344537735], "7/5/2016": [18.0, 0.0], "7/6/2016": [17.8, -0.011111111111111072], "7/7/2016": [17.8, 0.0], "7/11/2016": [17.8, 0.0], "7/12/2016": [17.7, -0.005617977528089967], "7/13/2016": [17.85, 0.008474576271186562], "7/14/2016": [18.0, 0.008403361344537735], "7/15/2016": [18.35, 0.019444444444444525], "7/18/2016": [18.25, -0.005449591280654028], "7/19/2016": [18.35, 0.005479452054794599], "7/20/2016": [18.25, -0.005449591280654028], "7/21/2016": [18.25, 0.0], "7/22/2016": [18.55, 0.0164383561643836], "7/25/2016": [18.45, -0.005390835579514901], "7/26/2016": [18.35, -0.00542005420054189], "7/27/2016": [18.4, 0.0027247956403268206], "7/28/2016": [18.5, 0.00543478260869573], "7/29/2016": [18.45, -0.002702702702702741], "8/1/2016": [18.45, 0.0], "8/2/2016": [18.5, 0.0027100271002710413], "8/3/2016": [18.35, -0.00810810810810803], "8/4/2016": [18.35, 0.0], "8/5/2016": [18.35, 0.0], "8/8/2016": [18.4, 0.0027247956403268206], "8/9/2016": [18.3, -0.005434782608695537], "8/10/2016": [18.2, -0.005464480874317017], "8/11/2016": [18.15, -0.0027472527472527865], "8/12/2016": [18.25, 0.005509641873278316], "8/15/2016": [18.3, 0.0027397260273972993], "8/16/2016": [18.25, -0.0027322404371585085], "8/17/2016": [18.3, 0.0027397260273972993], "8/18/2016": [18.45, 0.008196721311475332], "8/19/2016": [17.5, -0.05149051490514901], "8/22/2016": [17.4, -0.005714285714285796], "8/23/2016": [17.3, -0.005747126436781487], "8/24/2016": [17.25, -0.0028901734104046653], "8/25/2016": [17.05, -0.011594202898550683], "8/26/2016": [17.0, -0.0029325513196481355], "8/29/2016": [17.0, 0.0], "8/30/2016": [17.2, 0.0117647058823529], "8/31/2016": [17.15, -0.002906976744186088], "9/1/2016": [17.15, 0.0], "9/2/2016": [17.05, -0.005830903790087339], "9/5/2016": [17.1, 0.0029325513196481355], "9/6/2016": [17.05, -0.002923976608187176], "9/7/2016": [17.1, 0.0029325513196481355], "9/8/2016": [17.05, -0.002923976608187176], "9/9/2016": [16.95, -0.005865102639296271], "9/10/2016": [16.95, 0.0], "9/12/2016": [16.95, 0.0], "9/13/2016": [17.05, 0.005899705014749347], "9/14/2016": [16.9, -0.008797653958944406], "9/19/2016": [17.0, 0.005917159763313694], "9/20/2016": [17.15, 0.008823529411764622], "9/21/2016": [17.25, 0.005830903790087547], "9/22/2016": [17.75, 0.028985507246376812], "9/23/2016": [17.7, -0.0028169014084507443], "9/26/2016": [17.7, 0.0], "9/29/2016": [18.0, 0.016949152542372923], "9/30/2016": [17.4, -0.03333333333333341], "10/3/2016": [17.55, 0.008620689655172537], "10/4/2016": [17.4, -0.008547008547008668], "10/5/2016": [17.3, -0.005747126436781487], "10/6/2016": [17.55, 0.014450867052023121], "10/7/2016": [17.4, -0.008547008547008668], "10/11/2016": [17.1, -0.017241379310344664], "10/12/2016": [17.1, 0.0], "10/13/2016": [17.0, -0.005847953216374352], "10/14/2016": [16.95, -0.002941176470588277], "10/17/2016": [17.1, 0.00884955752212402], "10/18/2016": [17.25, 0.00877192982456132], "10/19/2016": [17.25, 0.0], "10/20/2016": [17.2, -0.0028985507246377224], "10/21/2016": [17.25, 0.002906976744186088], "10/24/2016": [17.05, -0.011594202898550683], "10/25/2016": [17.0, -0.0029325513196481355], "10/26/2016": [17.0, 0.0], "10/27/2016": [17.05, 0.002941176470588277], "10/28/2016": [17.05, 0.0],