{"1/4/2016": [5.37, ""], "1/5/2016": [5.33, -0.0074487895716946065], "1/6/2016": [5.31, -0.0037523452157599366], "1/7/2016": [5.2, -0.020715630885122304], "1/8/2016": [5.27, 0.013461538461538344], "1/11/2016": [5.15, -0.02277039848197329], "1/12/2016": [5.1, -0.009708737864077808], "1/13/2016": [5.1, 0.0], "1/14/2016": [5.08, -0.003921568627450897], "1/15/2016": [5.01, -0.013779527559055173], "1/18/2016": [5.04, 0.005988023952095858], "1/19/2016": [5.14, 0.01984126984126977], "1/20/2016": [5.04, -0.01945525291828787], "1/21/2016": [5.01, -0.0059523809523810015], "1/22/2016": [5.01, 0.0], "1/25/2016": [5.13, 0.023952095808383256], "1/26/2016": [5.07, -0.011695906432748463], "1/27/2016": [5.07, 0.0], "1/28/2016": [5.1, 0.005917159763313483], "1/29/2016": [5.18, 0.015686274509803935], "1/30/2016": [5.19, 0.0019305019305020609], "2/1/2016": [5.13, -0.011560693641618592], "2/2/2016": [5.12, -0.0019493177387913815], "2/3/2016": [5.07, -0.009765624999999965], "2/15/2016": [5.06, -0.0019723865877713364], "2/16/2016": [5.25, 0.03754940711462459], "2/17/2016": [5.15, -0.01904761904761898], "2/18/2016": [5.16, 0.0019417475728154925], "2/19/2016": [5.16, 0.0], "2/22/2016": [5.19, 0.005813953488372141], "2/23/2016": [5.26, 0.013487475915221463], "2/24/2016": [5.29, 0.005703422053231987], "2/25/2016": [5.27, -0.0037807183364840192], "2/26/2016": [5.27, 0.0], "3/1/2016": [5.28, 0.0018975332068312477], "3/2/2016": [5.37, 0.017045454545454516], "3/3/2016": [5.42, 0.009310986964618215], "3/4/2016": [5.57, 0.027675276752767593], "3/7/2016": [5.78, 0.03770197486535008], "3/8/2016": [5.74, -0.006920415224913501], "3/9/2016": [5.61, -0.02264808362369336], "3/10/2016": [5.69, 0.014260249554367213], "3/11/2016": [5.63, -0.010544815465729437], "3/14/2016": [5.63, 0.0], "3/15/2016": [5.42, -0.037300177619893425], "3/16/2016": [5.46, 0.007380073800738014], "3/17/2016": [5.5, 0.007326007326007333], "3/18/2016": [5.52, 0.0036363636363635587], "3/21/2016": [5.53, 0.001811594202898673], "3/22/2016": [5.6, 0.012658227848101156], "3/23/2016": [5.61, 0.0017857142857144064], "3/24/2016": [5.53, -0.014260249554367213], "3/25/2016": [5.5, -0.005424954792043445], "3/28/2016": [5.37, -0.02363636363636362], "3/29/2016": [5.35, -0.0037243947858473857], "3/30/2016": [5.36, 0.0018691588785047992], "3/31/2016": [5.37, 0.0018656716417910048], "4/1/2016": [5.35, -0.0037243947858473857], "4/6/2016": [5.27, -0.014953271028037398], "4/7/2016": [5.24, -0.005692599620493238], "4/8/2016": [5.29, 0.009541984732824393], "4/11/2016": [5.24, -0.009451795841209797], "4/12/2016": [5.17, -0.013358778625954252], "4/13/2016": [5.22, 0.009671179883945807], "4/14/2016": [5.2, -0.0038314176245209915], "4/15/2016": [5.18, -0.003846153846153935], "4/18/2016": [5.13, -0.00965250965250962], "4/19/2016": [5.14, 0.0019493177387913815], "4/20/2016": [5.09, -0.009727626459143934], "4/21/2016": [5.07, -0.003929273084479288], "4/22/2016": [5.07, 0.0], "4/25/2016": [5.13, 0.01183431952662714], "4/26/2016": [5.06, -0.013645224171540018], "4/27/2016": [5.06, 0.0], "4/28/2016": [5.05, -0.0019762845849801954], "4/29/2016": [5.04, -0.001980198019801938], "5/3/2016": [4.97, -0.013888888888888945], "5/4/2016": [4.9, -0.0140845070422534], "5/5/2016": [4.83, -0.014285714285714343], "5/6/2016": [4.85, 0.0041407867494823135], "5/9/2016": [4.75, -0.020618556701030855], "5/10/2016": [4.75, 0.0], "5/11/2016": [4.67, -0.016842105263157908], "5/12/2016": [4.61, -0.012847965738757947], "5/13/2016": [4.61, 0.0], "5/16/2016": [4.63, 0.004338394793926155], "5/17/2016": [4.66, 0.006479481641468736], "5/18/2016": [4.59, -0.015021459227467872], "5/19/2016": [4.68, 0.01960784313725487], "5/20/2016": [4.77, 0.0192307692307692], "5/23/2016": [4.85, 0.016771488469601692], "5/24/2016": [4.9, 0.010309278350515611], "5/25/2016": [4.97, 0.014285714285714162], "5/26/2016": [4.96, -0.002012072434607603], "5/27/2016": [5.07, 0.022177419354838773], "5/30/2016": [5.09, 0.003944773175542322], "5/31/2016": [5.08, -0.001964636542239644], "6/1/2016": [5.06, -0.003937007874015839], "6/2/2016": [5.05, -0.0019762845849801954], "6/3/2016": [5.07, 0.003960396039604052], "6/4/2016": [5.07, 0.0], "6/6/2016": [5.02, -0.009861932938856155], "6/7/2016": [5.02, 0.0], "6/8/2016": [5.01, -0.001992031872509918], "6/13/2016": [4.84, -0.0339321357285429], "6/14/2016": [4.88, 0.008264462809917363], "6/15/2016": [4.92, 0.008196721311475417], "6/16/2016": [4.87, -0.010162601626016224], "6/17/2016": [4.91, 0.008213552361396311], "6/20/2016": [4.9, -0.0020366598778003638], "6/21/2016": [4.93, 0.0061224489795917054], "6/22/2016": [4.92, -0.002028397565922878], "6/23/2016": [4.94, 0.004065040650406598], "6/24/2016": [4.79, -0.030364372469635696], "6/27/2016": [4.85, 0.012526096033402842], "6/28/2016": [4.93, 0.016494845360824757], "6/29/2016": [5.0, 0.014198782961460505], "6/30/2016": [5.11, 0.022000000000000065], "7/1/2016": [5.05, -0.011741682974559783], "7/4/2016": [5.09, 0.007920792079207928], "7/5/2016": [5.15, 0.011787819253438213], "7/6/2016": [5.13, -0.0038834951456311576], "7/7/2016": [5.14, 0.0019493177387913815], "7/11/2016": [5.11, -0.005836575875486257], "7/12/2016": [4.99, -0.023483365949119393], "7/13/2016": [5.02, 0.006012024048096064], "7/14/2016": [5.06, 0.00796812749003985], "7/15/2016": [5.08, 0.003952569169960566], "7/18/2016": [5.26, 0.035433070866141676], "7/19/2016": [5.19, -0.013307984790874411], "7/20/2016": [5.19, 0.0], "7/21/2016": [5.32, 0.025048169556840055], "7/22/2016": [5.45, 0.024436090225563888], "7/25/2016": [5.39, -0.011009174311926696], "7/26/2016": [5.36, -0.0055658627087197335], "7/27/2016": [5.36, 0.0], "7/28/2016": [5.31, -0.009328358208955357], "7/29/2016": [5.35, 0.007532956685499066], "8/1/2016": [5.64, 0.054205607476635526], "8/2/2016": [5.57, -0.01241134751773039], "8/3/2016": [5.5, -0.012567324955116747], "8/4/2016": [5.52, 0.0036363636363635587], "8/5/2016": [5.5, -0.0036231884057970243], "8/8/2016": [5.48, -0.0036363636363635587], "8/9/2016": [5.38, -0.018248175182481848], "8/10/2016": [5.35, -0.005576208178438708], "8/11/2016": [5.34, -0.001869158878504633], "8/12/2016": [5.28, -0.011235955056179702], "8/15/2016": [5.28, 0.0], "8/16/2016": [5.3, 0.003787878787878707], "8/17/2016": [5.3, 0.0], "8/18/2016": [5.31, 0.0018867924528301486], "8/19/2016": [5.37, 0.011299435028248681], "8/22/2016": [5.31, -0.011173184357541992], "8/23/2016": [5.31, 0.0], "8/24/2016": [5.3, -0.0018832391713747246], "8/25/2016": [5.4, 0.018867924528301987], "8/26/2016": [5.47, 0.01296296296296285], "8/29/2016": [5.59, 0.02193784277879344], "8/30/2016": [5.57, -0.003577817531305827], "8/31/2016": [5.51, -0.010771992818671543], "9/1/2016": [5.48, -0.005444646098003514], "9/2/2016": [5.56, 0.014598540145985252], "9/5/2016": [5.62, 0.010791366906474911], "9/6/2016": [5.68, 0.010676156583629824], "9/7/2016": [6.11, 0.07570422535211278], "9/8/2016": [6.11, 0.0], "9/9/2016": [6.19, 0.013093289689034381], "9/10/2016": [6.36, 0.02746365105008076], "9/12/2016": [6.46, 0.015723270440251517], "9/13/2016": [6.59, 0.020123839009287908], "9/14/2016": [6.64, 0.00758725341426401], "9/19/2016": [6.68, 0.006024096385542174], "9/20/2016": [6.77, 0.013473053892215548], "9/21/2016": [7.22, 0.06646971935007388], "9/22/2016": [7.5, 0.038781163434903086], "9/23/2016": [8.07, 0.07600000000000004], "9/26/2016": [8.48, 0.050805452292441156], "9/29/2016": [8.46, -0.0023584905660376855], "9/30/2016": [7.76, -0.0827423167848701], "10/3/2016": [7.66, -0.012886597938144284], "10/4/2016": [7.78, 0.015665796344647532], "10/5/2016": [7.4, -0.048843187660668363], "10/6/2016": [7.54, 0.018918918918918875], "10/7/2016": [7.31, -0.030503978779840905], "10/11/2016": [7.54, 0.03146374829001374], "10/12/2016": [7.56, 0.0026525198938991477], "10/13/2016": [7.34, -0.029100529100529068], "10/14/2016": [7.32, -0.0027247956403269173], "10/17/2016": [7.54, 0.030054644808743133], "10/18/2016": [8.03, 0.06498673740053042], "10/19/2016": [8.05, 0.0024906600249067685], "10/20/2016": [8.11, 0.007453416149068163],