{"1/4/2016": [22.45, ""], "1/5/2016": [22.45, 0.0], "1/6/2016": [22.15, -0.01336302895322943], "1/7/2016": [22.05, -0.0045146726862301525], "1/8/2016": [22.2, 0.00680272108843531], "1/11/2016": [22.1, -0.004504504504504409], "1/12/2016": [22.1, 0.0], "1/13/2016": [22.05, -0.002262443438914059], "1/14/2016": [22.0, -0.002267573696145157], "1/15/2016": [21.85, -0.006818181818181754], "1/18/2016": [22.0, 0.006864988558352337], "1/19/2016": [22.0, 0.0], "1/20/2016": [21.95, -0.002272727272727305], "1/21/2016": [21.95, 0.0], "1/22/2016": [22.0, 0.0022779043280182557], "1/25/2016": [22.1, 0.00454545454545461], "1/26/2016": [22.1, 0.0], "1/27/2016": [22.15, 0.0022624434389138985], "1/28/2016": [22.4, 0.011286681715575621], "1/29/2016": [22.2, -0.008928571428571397], "1/30/2016": [22.35, 0.006756756756756853], "2/1/2016": [22.35, 0.0], "2/2/2016": [22.4, 0.0022371364653242577], "2/3/2016": [22.35, -0.0022321428571427304], "2/15/2016": [22.35, 0.0], "2/16/2016": [22.4, 0.0022371364653242577], "2/17/2016": [22.45, 0.002232142857142889], "2/18/2016": [22.35, -0.004454342984409705], "2/19/2016": [22.55, 0.008948545861297506], "2/22/2016": [22.45, -0.004434589800443521], "2/23/2016": [22.6, 0.006681514476614795], "2/24/2016": [22.55, -0.0022123893805310046], "2/25/2016": [22.5, -0.0022172949002217607], "2/26/2016": [22.6, 0.004444444444444508], "3/1/2016": [22.6, 0.0], "3/2/2016": [22.7, 0.004424778761061852], "3/3/2016": [22.9, 0.00881057268722464], "3/4/2016": [22.95, 0.002183406113537149], "3/7/2016": [23.1, 0.006535947712418394], "3/8/2016": [23.1, 0.0], "3/9/2016": [22.9, -0.008658008658008781], "3/10/2016": [23.0, 0.004366812227074298], "3/11/2016": [23.05, 0.0021739130434782917], "3/14/2016": [23.1, 0.0021691973969631545], "3/15/2016": [23.0, -0.004329004329004391], "3/16/2016": [23.15, 0.006521739130434721], "3/17/2016": [23.15, 0.0], "3/18/2016": [23.2, 0.002159827213822925], "3/21/2016": [23.2, 0.0], "3/22/2016": [23.25, 0.002155172413793134], "3/23/2016": [23.25, 0.0], "3/24/2016": [23.25, 0.0], "3/25/2016": [23.1, -0.006451612903225746], "3/28/2016": [23.2, 0.004329004329004236], "3/29/2016": [23.15, -0.002155172413793134], "3/30/2016": [23.1, -0.0021598272138227716], "3/31/2016": [23.2, 0.004329004329004236], "4/1/2016": [23.15, -0.002155172413793134], "4/6/2016": [23.1, -0.0021598272138227716], "4/7/2016": [23.0, -0.004329004329004391], "4/8/2016": [23.1, 0.004347826086956583], "4/11/2016": [23.2, 0.004329004329004236], "4/12/2016": [23.2, 0.0], "4/13/2016": [23.2, 0.0], "4/14/2016": [23.25, 0.002155172413793134], "4/15/2016": [23.3, 0.0021505376344086325], "4/18/2016": [23.3, 0.0], "4/19/2016": [23.3, 0.0], "4/20/2016": [23.3, 0.0], "4/21/2016": [23.3, 0.0], "4/22/2016": [23.25, -0.0021459227467811462], "4/25/2016": [23.3, 0.0021505376344086325], "4/26/2016": [23.3, 0.0], "4/27/2016": [23.3, 0.0], "4/28/2016": [23.25, -0.0021459227467811462], "4/29/2016": [23.25, 0.0], "5/3/2016": [23.2, -0.0021505376344086325], "5/4/2016": [23.2, 0.0], "5/5/2016": [23.1, -0.004310344827586115], "5/6/2016": [23.2, 0.004329004329004236], "5/9/2016": [23.1, -0.004310344827586115], "5/10/2016": [23.2, 0.004329004329004236], "5/11/2016": [23.2, 0.0], "5/12/2016": [23.2, 0.0], "5/13/2016": [23.2, 0.0], "5/16/2016": [23.15, -0.002155172413793134], "5/17/2016": [23.3, 0.006479481641468775], "5/18/2016": [23.25, -0.0021459227467811462], "5/19/2016": [23.15, -0.004301075268817265], "5/20/2016": [23.2, 0.002159827213822925], "5/23/2016": [23.3, 0.004310344827586268], "5/24/2016": [23.25, -0.0021459227467811462], "5/25/2016": [23.2, -0.0021505376344086325], "5/26/2016": [23.2, 0.0], "5/27/2016": [23.2, 0.0], "5/30/2016": [23.2, 0.0], "5/31/2016": [23.2, 0.0], "6/1/2016": [23.25, 0.002155172413793134], "6/2/2016": [23.25, 0.0], "6/3/2016": [23.2, -0.0021505376344086325], "6/4/2016": [23.2, 0.0], "6/6/2016": [23.2, 0.0], "6/7/2016": [23.2, 0.0], "6/8/2016": [23.2, 0.0], "6/13/2016": [23.15, -0.002155172413793134], "6/14/2016": [23.15, 0.0], "6/15/2016": [23.3, 0.006479481641468775], "6/16/2016": [23.25, -0.0021459227467811462], "6/17/2016": [23.25, 0.0], "6/20/2016": [23.25, 0.0], "6/21/2016": [23.25, 0.0], "6/22/2016": [23.25, 0.0], "6/23/2016": [23.25, 0.0], "6/24/2016": [23.15, -0.004301075268817265], "6/27/2016": [23.2, 0.002159827213822925], "6/28/2016": [23.2, 0.0], "6/29/2016": [23.65, 0.0193965517241379], "6/30/2016": [24.0, 0.014799154334038117], "7/1/2016": [23.9, -0.004166666666666726], "7/4/2016": [23.8, -0.004184100418409953], "7/5/2016": [23.8, 0.0], "7/6/2016": [23.75, -0.0021008403361344836], "7/7/2016": [23.7, -0.0021052631578947667], "7/11/2016": [23.75, 0.002109704641350241], "7/12/2016": [23.8, 0.0021052631578947667], "7/13/2016": [23.9, 0.004201680672268818], "7/14/2016": [23.95, 0.0020920502092050507], "7/15/2016": [24.0, 0.00208768267223385], "7/18/2016": [24.0, 0.0], "7/19/2016": [23.95, -0.002083333333333363], "7/20/2016": [23.95, 0.0], "7/21/2016": [23.8, -0.006263048016701403], "7/22/2016": [23.9, 0.004201680672268818], "7/25/2016": [24.0, 0.004184100418410101], "7/26/2016": [24.0, 0.0], "7/27/2016": [23.15, -0.03541666666666673], "7/28/2016": [23.25, 0.00431965442764585], "7/29/2016": [23.35, 0.004301075268817265], "8/1/2016": [23.35, 0.0], "8/2/2016": [23.35, 0.0], "8/3/2016": [23.25, -0.004282655246252738], "8/4/2016": [23.2, -0.0021505376344086325], "8/5/2016": [23.3, 0.004310344827586268], "8/8/2016": [23.25, -0.0021459227467811462], "8/9/2016": [23.2, -0.0021505376344086325], "8/10/2016": [23.25, 0.002155172413793134], "8/11/2016": [23.25, 0.0], "8/12/2016": [23.35, 0.004301075268817265], "8/15/2016": [23.35, 0.0], "8/16/2016": [23.4, 0.0021413276231262166], "8/17/2016": [23.7, 0.012820512820512851], "8/18/2016": [23.7, 0.0], "8/19/2016": [23.65, -0.002109704641350241], "8/22/2016": [23.5, -0.006342494714587678], "8/23/2016": [23.55, 0.0021276595744681155], "8/24/2016": [23.55, 0.0], "8/25/2016": [23.5, -0.002123142250530816], "8/26/2016": [23.6, 0.004255319148936231], "8/29/2016": [23.7, 0.00423728813559313], "8/30/2016": [23.7, 0.0], "8/31/2016": [23.75, 0.002109704641350241], "9/1/2016": [23.7, -0.0021052631578947667], "9/2/2016": [23.65, -0.002109704641350241], "9/5/2016": [23.75, 0.004228329809725219], "9/6/2016": [23.75, 0.0], "9/7/2016": [23.8, 0.0021052631578947667], "9/8/2016": [23.75, -0.0021008403361344836], "9/9/2016": [23.85, 0.0042105263157895334], "9/10/2016": [23.85, 0.0], "9/12/2016": [23.8, -0.0020964360587002392], "9/13/2016": [23.8, 0.0], "9/14/2016": [23.8, 0.0], "9/19/2016": [23.85, 0.0021008403361344836], "9/20/2016": [23.85, 0.0], "9/21/2016": [24.1, 0.010482180293501047], "9/22/2016": [24.0, -0.004149377593361055], "9/23/2016": [24.0, 0.0], "9/26/2016": [23.95, -0.002083333333333363], "9/29/2016": [23.9, -0.00208768267223385], "9/30/2016": [23.9, 0.0], "10/3/2016": [23.8, -0.004184100418409953], "10/4/2016": [23.8, 0.0], "10/5/2016": [23.65, -0.006302521008403451], "10/6/2016": [23.75, 0.004228329809725219], "10/7/2016": [23.75, 0.0], "10/11/2016": [23.75, 0.0], "10/12/2016": [23.75, 0.0], "10/13/2016": [23.8, 0.0021052631578947667], "10/14/2016": [23.7, -0.004201680672268967], "10/17/2016": [23.8, 0.004219409282700482], "10/18/2016": [23.8, 0.0], "10/19/2016": [23.7, -0.004201680672268967], "10/20/2016": [23.7, 0.0], "10/21/2016": [23.7, 0.0], "10/24/2016": [23.7, 0.0], "10/25/2016": [23.8, 0.004219409282700482], "10/26/2016": [23.8, 0.0], "10/27/2016": [23.8, 0.0], "10/28/2016": [23.75, -0.0021008403361344836], "10/31/2016": [23.75, 0.0], "11/1/2016": [23.7, -0.0021052631578947667], "11/2/2016": [23.7, 0.0], "11/3/2016": [23.8, 0.004219409282700482], "11/4/2016": [23.75, -0.0021008403361344836], "11/7/2016": [23.75, 0.0], "11/8/2016": [23.7, -0.0021052631578947667], "11/9/2016": [23.7, 0.0], "11/10/2016": [23.85, 0.006329113924050723], "11/11/2016": [23.9, 0.0020964360587000905], "11/14/2016": [23.95, 0.0020920502092050507], "11/15/2016": [24.0, 0.00208768267223385], "11/16/2016": [24.0, 0.0],