{"1/4/2016": [56.0, ""], "1/5/2016": [55.9, -0.001785714285714311], "1/6/2016": [50.4, -0.09838998211091235], "1/7/2016": [47.55, -0.056547619047619076], "1/8/2016": [49.3, 0.03680336487907466], "1/11/2016": [51.0, 0.03448275862068972], "1/12/2016": [49.7, -0.025490196078431317], "1/13/2016": [51.2, 0.030181086519114688], "1/14/2016": [50.5, -0.013671875000000056], "1/15/2016": [50.0, -0.009900990099009901], "1/18/2016": [51.2, 0.024000000000000056], "1/19/2016": [51.7, 0.009765625], "1/20/2016": [52.3, 0.0116054158607349], "1/21/2016": [52.4, 0.0019120458891013657], "1/22/2016": [52.3, -0.0019083969465649127], "1/25/2016": [53.7, 0.026768642447418847], "1/26/2016": [51.9, -0.033519553072625774], "1/27/2016": [52.0, 0.0019267822736031104], "1/28/2016": [51.9, -0.0019230769230769505], "1/29/2016": [51.6, -0.005780346820809194], "1/30/2016": [52.6, 0.01937984496124031], "2/1/2016": [52.9, 0.005703422053231885], "2/2/2016": [52.3, -0.011342155009451823], "2/3/2016": [51.5, -0.015296367112810653], "2/15/2016": [52.5, 0.019417475728155338], "2/16/2016": [53.3, 0.015238095238095184], "2/17/2016": [58.6, 0.0994371482176361], "2/18/2016": [60.3, 0.029010238907849754], "2/19/2016": [60.1, -0.003316749585406231], "2/22/2016": [59.3, -0.013311148086522534], "2/23/2016": [60.8, 0.025295109612141653], "2/24/2016": [59.0, -0.02960526315789469], "2/25/2016": [59.5, 0.00847457627118644], "2/26/2016": [60.4, 0.015126050420168043], "3/1/2016": [60.6, 0.0033112582781457426], "3/2/2016": [61.3, 0.011551155115511481], "3/3/2016": [60.9, -0.006525285481239781], "3/4/2016": [61.5, 0.009852216748768497], "3/7/2016": [63.0, 0.024390243902439025], "3/8/2016": [63.7, 0.011111111111111157], "3/9/2016": [64.0, 0.004709576138147522], "3/10/2016": [62.6, -0.021874999999999978], "3/11/2016": [60.5, -0.03354632587859427], "3/14/2016": [63.2, 0.044628099173553766], "3/15/2016": [61.3, -0.030063291139240594], "3/16/2016": [61.6, 0.004893964110929923], "3/17/2016": [59.6, -0.032467532467532464], "3/18/2016": [61.1, 0.025167785234899327], "3/21/2016": [61.8, 0.011456628477905004], "3/22/2016": [61.8, 0.0], "3/23/2016": [62.9, 0.017799352750809086], "3/24/2016": [61.8, -0.017488076311605746], "3/25/2016": [63.9, 0.03398058252427187], "3/28/2016": [62.5, -0.02190923317683879], "3/29/2016": [61.0, -0.024], "3/30/2016": [61.8, 0.013114754098360609], "3/31/2016": [61.8, 0.0], "4/1/2016": [62.0, 0.0032362459546926028], "4/6/2016": [61.5, -0.008064516129032258], "4/7/2016": [61.8, 0.004878048780487759], "4/8/2016": [64.0, 0.03559870550161817], "4/11/2016": [62.4, -0.025000000000000022], "4/12/2016": [62.3, -0.0016025641025641253], "4/13/2016": [61.6, -0.011235955056179707], "4/14/2016": [62.5, 0.014610389610389588], "4/15/2016": [62.5, 0.0], "4/18/2016": [62.2, -0.0047999999999999545], "4/19/2016": [61.6, -0.00964630225080388], "4/20/2016": [61.3, -0.004870129870129939], "4/21/2016": [61.0, -0.004893964110929807], "4/22/2016": [59.0, -0.03278688524590164], "4/25/2016": [59.0, 0.0], "4/26/2016": [59.0, 0.0], "4/27/2016": [58.9, -0.0016949152542373122], "4/28/2016": [58.7, -0.0033955857385398257], "4/29/2016": [59.3, 0.01022146507666089], "5/3/2016": [59.6, 0.005059021922428402], "5/4/2016": [58.0, -0.02684563758389264], "5/5/2016": [56.5, -0.02586206896551724], "5/6/2016": [55.7, -0.01415929203539818], "5/9/2016": [55.7, 0.0], "5/10/2016": [55.5, -0.0035906642728905356], "5/11/2016": [54.0, -0.02702702702702703], "5/12/2016": [52.3, -0.031481481481481534], "5/13/2016": [53.2, 0.017208413001912157], "5/16/2016": [52.0, -0.02255639097744366], "5/17/2016": [51.0, -0.019230769230769232], "5/18/2016": [50.0, -0.0196078431372549], "5/19/2016": [49.9, -0.0020000000000000282], "5/20/2016": [50.0, 0.0020040080160320926], "5/23/2016": [51.5, 0.03], "5/24/2016": [51.1, -0.007766990291262109], "5/25/2016": [51.5, 0.00782778864970643], "5/26/2016": [51.0, -0.009708737864077669], "5/27/2016": [51.5, 0.00980392156862745], "5/30/2016": [51.5, 0.0], "5/31/2016": [50.7, -0.015533980582524217], "6/1/2016": [51.3, 0.011834319526627106], "6/2/2016": [50.6, -0.013645224171539879], "6/3/2016": [50.9, 0.0059288537549406556], "6/4/2016": [50.9, 0.0], "6/6/2016": [50.6, -0.0058939096267190015], "6/7/2016": [51.0, 0.00790513833992092], "6/8/2016": [51.2, 0.003921568627451036], "6/13/2016": [50.0, -0.023437500000000056], "6/14/2016": [50.6, 0.012000000000000028], "6/15/2016": [51.9, 0.025691699604743025], "6/16/2016": [51.6, -0.005780346820809194], "6/17/2016": [51.9, 0.005813953488372037], "6/20/2016": [51.5, -0.007707129094412304], "6/21/2016": [51.6, 0.0019417475728155617], "6/22/2016": [51.8, 0.003875968992247979], "6/23/2016": [51.7, -0.0019305019305018208], "6/24/2016": [50.5, -0.023210831721470072], "6/27/2016": [50.5, 0.0], "6/28/2016": [51.0, 0.009900990099009901], "6/29/2016": [51.8, 0.015686274509803866], "6/30/2016": [51.0, -0.01544401544401539], "7/1/2016": [51.3, 0.005882352941176415], "7/4/2016": [52.0, 0.013645224171540018], "7/5/2016": [52.5, 0.009615384615384616], "7/6/2016": [51.8, -0.013333333333333388], "7/7/2016": [52.0, 0.003861003861003916], "7/11/2016": [51.2, -0.01538461538461533], "7/12/2016": [52.1, 0.017578124999999972], "7/13/2016": [52.5, 0.007677543186180395], "7/14/2016": [54.2, 0.032380952380952434], "7/15/2016": [55.0, 0.014760147601475962], "7/18/2016": [55.2, 0.003636363636363688], "7/19/2016": [54.8, -0.007246376811594305], "7/20/2016": [54.7, -0.0018248175182480715], "7/21/2016": [54.7, 0.0], "7/22/2016": [54.7, 0.0], "7/25/2016": [54.0, -0.012797074954296212], "7/26/2016": [55.1, 0.020370370370370396], "7/27/2016": [55.0, -0.0018148820326679023], "7/28/2016": [54.4, -0.010909090909090934], "7/29/2016": [57.0, 0.04779411764705885], "8/1/2016": [56.5, -0.008771929824561403], "8/2/2016": [57.1, 0.010619469026548698], "8/3/2016": [56.8, -0.005253940455341581], "8/4/2016": [57.5, 0.012323943661971882], "8/5/2016": [56.5, -0.017391304347826087], "8/8/2016": [57.6, 0.01946902654867259], "8/9/2016": [56.9, -0.012152777777777827], "8/10/2016": [57.0, 0.00175746924428825], "8/11/2016": [56.4, -0.01052631578947371], "8/12/2016": [56.3, -0.0017730496453900962], "8/15/2016": [57.5, 0.021314387211367726], "8/16/2016": [56.5, -0.017391304347826087], "8/17/2016": [55.5, -0.017699115044247787], "8/18/2016": [55.3, -0.003603603603603655], "8/19/2016": [55.4, 0.0018083182640144923], "8/22/2016": [55.5, 0.0018050541516245744], "8/23/2016": [55.6, 0.0018018018018018274], "8/24/2016": [53.0, -0.046762589928057575], "8/25/2016": [52.7, -0.005660377358490513], "8/26/2016": [53.2, 0.009487666034155597], "8/29/2016": [53.0, -0.0037593984962406546], "8/30/2016": [52.0, -0.018867924528301886], "8/31/2016": [51.0, -0.019230769230769232], "9/1/2016": [51.3, 0.005882352941176415], "9/2/2016": [49.4, -0.037037037037037014], "9/5/2016": [50.5, 0.022267206477732823], "9/6/2016": [50.4, -0.0019801980198020084], "9/7/2016": [50.0, -0.007936507936507908], "9/8/2016": [50.5, 0.01], "9/9/2016": [50.2, -0.005940594059405884], "9/10/2016": [50.2, 0.0], "9/12/2016": [50.0, -0.003984063745019977], "9/13/2016": [50.0, 0.0], "9/14/2016": [50.8, 0.015999999999999945], "9/19/2016": [51.3, 0.00984251968503937], "9/20/2016": [51.7, 0.0077972709551658035], "9/21/2016": [52.0, 0.00580270793036745], "9/22/2016": [51.4, -0.011538461538461565], "9/23/2016": [51.2, -0.0038910505836575048], "9/26/2016": [49.7, -0.029296875], "9/29/2016": [49.4, -0.006036217303823023], "9/30/2016": [49.4, 0.0], "10/3/2016": [49.6, 0.004048582995951474], "10/4/2016": [49.6, 0.0], "10/5/2016": [50.3, 0.014112903225806364], "10/6/2016": [49.85, -0.00894632206759435], "10/7/2016": [49.65, -0.004012036108325032], "10/11/2016": [48.9, -0.015105740181268883], "10/12/2016": [48.85, -0.0010224948875255044], "10/13/2016": [49.0, 0.0030706243602865624], "10/14/2016": [47.9, -0.022448979591836764], "10/17/2016": [48.0, 0.00208768267223385], "10/18/2016": [48.0, 0.0], "10/19/2016": [47.85, -0.0031249999999999702], "10/20/2016": [48.5, 0.013584117032392864],