{"3/30/2016": [81.3, ""], "3/31/2016": [80.2, -0.013530135301352945], "4/1/2016": [78.0, -0.027431421446384073], "4/6/2016": [76.2, -0.02307692307692304], "4/7/2016": [78.3, 0.02755905511811016], "4/8/2016": [77.0, -0.016602809706257948], "4/11/2016": [77.8, 0.010389610389610353], "4/12/2016": [75.2, -0.033419023136246714], "4/13/2016": [75.7, 0.006648936170212766], "4/14/2016": [75.6, -0.0013210039630120016], "4/15/2016": [75.1, -0.006613756613756614], "4/18/2016": [74.2, -0.01198402130492665], "4/19/2016": [78.3, 0.055256064690026876], "4/20/2016": [77.1, -0.015325670498084329], "4/21/2016": [77.1, 0.0], "4/22/2016": [76.0, -0.014267185473411081], "4/25/2016": [76.0, 0.0], "4/26/2016": [76.2, 0.0026315789473684583], "4/27/2016": [76.0, -0.002624671916010536], "4/28/2016": [76.7, 0.009210526315789511], "4/29/2016": [75.9, -0.010430247718383275], "5/3/2016": [75.6, -0.003952569169960624], "5/4/2016": [74.7, -0.011904761904761793], "5/5/2016": [74.1, -0.008032128514056339], "5/6/2016": [74.1, 0.0], "5/9/2016": [74.1, 0.0], "5/10/2016": [74.2, 0.001349527665317254], "5/11/2016": [74.3, 0.0013477088948786295], "5/12/2016": [74.2, -0.0013458950201883488], "5/13/2016": [72.2, -0.026954177897574122], "5/16/2016": [72.2, 0.0], "5/17/2016": [73.5, 0.018005540166204946], "5/18/2016": [78.0, 0.061224489795918366], "5/19/2016": [76.3, -0.021794871794871832], "5/20/2016": [75.6, -0.009174311926605542], "5/23/2016": [78.0, 0.03174603174603182], "5/24/2016": [78.1, 0.0012820512820512092], "5/25/2016": [78.3, 0.0025608194622279497], "5/26/2016": [78.5, 0.0025542784163474185], "5/27/2016": [77.5, -0.012738853503184714], "5/30/2016": [78.0, 0.0064516129032258064], "5/31/2016": [77.5, -0.00641025641025641], "6/1/2016": [77.0, -0.0064516129032258064], "6/2/2016": [75.9, -0.014285714285714212], "6/3/2016": [75.9, 0.0], "6/4/2016": [78.0, 0.027667984189723244], "6/6/2016": [76.7, -0.016666666666666632], "6/7/2016": [77.6, 0.011734028683181115], "6/8/2016": [77.5, -0.0012886597938143599], "6/13/2016": [77.5, 0.0], "6/14/2016": [77.3, -0.0025806451612903594], "6/15/2016": [78.0, 0.009055627425614526], "6/16/2016": [77.2, -0.01025641025641022], "6/17/2016": [77.5, 0.0038860103626942636], "6/20/2016": [77.2, -0.003870967741935447], "6/21/2016": [77.9, 0.009067357512953404], "6/22/2016": [78.1, 0.002567394094993435], "6/23/2016": [77.2, -0.0115236875800255], "6/24/2016": [76.0, -0.015544041450777238], "6/27/2016": [76.5, 0.006578947368421052], "6/28/2016": [77.0, 0.006535947712418301], "6/29/2016": [77.2, 0.0025974025974026343], "6/30/2016": [77.9, 0.009067357512953404], "7/1/2016": [78.3, 0.005134788189987053], "7/4/2016": [77.8, -0.006385696040868455], "7/5/2016": [78.1, 0.003856041131105362], "7/6/2016": [78.0, -0.0012804097311138838], "7/7/2016": [78.0, 0.0], "7/11/2016": [79.7, 0.021794871794871832], "7/12/2016": [82.3, 0.03262233375156831], "7/13/2016": [82.7, 0.004860267314702378], "7/14/2016": [82.0, -0.008464328899637276], "7/15/2016": [81.4, -0.007317073170731638], "7/18/2016": [82.3, 0.01105651105651095], "7/19/2016": [79.1, -0.03888213851761851], "7/20/2016": [79.0, -0.0012642225031604846], "7/21/2016": [79.2, 0.002531645569620289], "7/22/2016": [78.3, -0.011363636363636435], "7/25/2016": [76.7, -0.020434227330778983], "7/26/2016": [78.0, 0.016949152542372843], "7/27/2016": [77.3, -0.00897435897435901], "7/28/2016": [76.5, -0.010349288486416523], "7/29/2016": [77.0, 0.006535947712418301], "8/1/2016": [77.5, 0.006493506493506494], "8/2/2016": [77.8, 0.003870967741935447], "8/3/2016": [77.1, -0.008997429305912633], "8/4/2016": [78.1, 0.01297016861219196], "8/5/2016": [79.9, 0.023047375160051363], "8/8/2016": [80.5, 0.0075093867334167], "8/9/2016": [79.6, -0.011180124223602554], "8/10/2016": [80.2, 0.0075376884422111625], "8/11/2016": [80.2, 0.0], "8/12/2016": [80.5, 0.0037406483790523334], "8/15/2016": [80.9, 0.004968944099378952], "8/16/2016": [80.4, -0.006180469715698393], "8/17/2016": [80.0, -0.004975124378109523], "8/18/2016": [80.0, 0.0], "8/19/2016": [80.4, 0.005000000000000071], "8/22/2016": [80.0, -0.004975124378109523], "8/23/2016": [80.5, 0.00625], "8/24/2016": [80.0, -0.006211180124223602], "8/25/2016": [80.0, 0.0], "8/26/2016": [80.0, 0.0], "8/29/2016": [81.0, 0.0125], "8/30/2016": [79.2, -0.02222222222222219], "8/31/2016": [79.8, 0.007575757575757504], "9/1/2016": [79.5, -0.003759398496240566], "9/2/2016": [79.7, 0.0025157232704402874], "9/5/2016": [80.0, 0.003764115432873239], "9/6/2016": [80.0, 0.0], "9/7/2016": [79.7, -0.0037499999999999643], "9/8/2016": [79.3, -0.005018820577164437], "9/9/2016": [79.7, 0.005044136191677247], "9/10/2016": [78.1, -0.02007528230865757], "9/12/2016": [79.6, 0.01920614596670935], "9/13/2016": [78.2, -0.017587939698492358], "9/14/2016": [77.9, -0.003836317135549836], "9/19/2016": [78.5, 0.007702182284980671], "9/20/2016": [78.4, -0.0012738853503183988], "9/21/2016": [77.9, -0.0063775510204081625], "9/22/2016": [77.8, -0.0012836970474969002], "9/23/2016": [78.0, 0.0025706940874036356], "9/26/2016": [78.2, 0.0025641025641026005], "9/29/2016": [77.6, -0.007672634271099853], "9/30/2016": [76.9, -0.009020618556700884], "10/3/2016": [77.0, 0.0013003901170350366], "10/4/2016": [77.5, 0.006493506493506494], "10/5/2016": [77.0, -0.0064516129032258064], "10/6/2016": [77.2, 0.0025974025974026343], "10/7/2016": [77.6, 0.0051813471502589565], "10/11/2016": [77.0, -0.007731958762886525], "10/12/2016": [76.4, -0.0077922077922077185], "10/13/2016": [76.0, -0.005235602094240912], "10/14/2016": [75.2, -0.010526315789473648], "10/17/2016": [75.9, 0.00930851063829791], "10/18/2016": [73.0, -0.038208168642951325], "10/19/2016": [73.0, 0.0], "10/20/2016": [72.7, -0.004109589041095852], "10/21/2016": [72.7, 0.0], "10/24/2016": [72.7, 0.0], "10/25/2016": [73.5, 0.011004126547455256], "10/26/2016": [73.0, -0.006802721088435374], "10/27/2016": [72.8, -0.0027397260273972993], "10/28/2016": [72.4, -0.005494505494505378], "10/31/2016": [72.5, 0.0013812154696131811], "11/1/2016": [72.0, -0.006896551724137931], "11/2/2016": [70.3, -0.023611111111111152], "11/3/2016": [70.9, 0.00853485064011392], "11/4/2016": [70.9, 0.0], "11/7/2016": [71.0, 0.001410437235542938], "11/8/2016": [70.3, -0.009859154929577505], "11/9/2016": [70.0, -0.004267425320056859], "11/10/2016": [71.7, 0.024285714285714327], "11/11/2016": [73.0, 0.018131101813110142], "11/14/2016": [73.0, 0.0], "11/15/2016": [76.7, 0.05068493150684936], "11/16/2016": [75.9, -0.010430247718383275], "11/17/2016": [78.0, 0.027667984189723244], "11/18/2016": [78.1, 0.0012820512820512092], "11/21/2016": [79.6, 0.01920614596670935], "11/22/2016": [79.7, 0.001256281407035283], "11/23/2016": [79.0, -0.008782936010037677], "11/24/2016": [78.2, -0.010126582278480976], "11/25/2016": [78.4, 0.0025575447570332843], "11/28/2016": [78.0, -0.005102040816326603], "11/29/2016": [77.3, -0.00897435897435901], "11/30/2016": [77.2, -0.0012936610608019965]}