{"1/4/2016": [13.95, ""], "1/5/2016": [13.95, 0.0], "1/6/2016": [13.95, 0.0], "1/7/2016": [13.95, 0.0], "1/8/2016": [13.95, 0.0], "1/11/2016": [13.95, 0.0], "1/12/2016": [13.95, 0.0], "1/13/2016": [13.95, 0.0], "1/14/2016": [13.95, 0.0], "1/15/2016": [14.2, 0.01792114695340502], "1/18/2016": [14.0, -0.014084507042253471], "1/19/2016": [14.0, 0.0], "1/20/2016": [14.0, 0.0], "1/21/2016": [14.0, 0.0], "1/22/2016": [13.95, -0.003571428571428622], "1/25/2016": [14.0, 0.0035842293906810548], "1/26/2016": [13.95, -0.003571428571428622], "1/27/2016": [14.25, 0.021505376344086075], "1/28/2016": [14.25, 0.0], "1/29/2016": [14.4, 0.01052631578947371], "1/30/2016": [14.35, -0.0034722222222222715], "2/1/2016": [14.45, 0.006968641114982554], "2/2/2016": [14.5, 0.003460207612456797], "2/3/2016": [14.2, -0.02068965517241384], "2/15/2016": [14.5, 0.021126760563380333], "2/16/2016": [15.25, 0.05172413793103448], "2/17/2016": [14.8, -0.029508196721311428], "2/18/2016": [14.8, 0.0], "2/19/2016": [14.8, 0.0], "2/22/2016": [15.2, 0.02702702702702693], "2/23/2016": [15.6, 0.026315789473684237], "2/24/2016": [15.75, 0.009615384615384638], "2/25/2016": [15.6, -0.009523809523809547], "2/26/2016": [15.7, 0.0064102564102563875], "3/1/2016": [15.5, -0.012738853503184669], "3/2/2016": [15.55, 0.003225806451612949], "3/3/2016": [16.3, 0.04823151125401929], "3/4/2016": [16.55, 0.015337423312883436], "3/7/2016": [17.25, 0.04229607250755282], "3/8/2016": [16.95, -0.01739130434782613], "3/9/2016": [16.3, -0.03834808259587012], "3/10/2016": [16.4, 0.006134969325153243], "3/11/2016": [16.3, -0.006097560975609627], "3/14/2016": [16.05, -0.015337423312883436], "3/15/2016": [15.9, -0.009345794392523386], "3/16/2016": [16.1, 0.012578616352201324], "3/17/2016": [15.95, -0.009316770186335536], "3/18/2016": [16.3, 0.02194357366771169], "3/21/2016": [16.2, -0.006134969325153461], "3/22/2016": [16.05, -0.009259259259259172], "3/23/2016": [16.1, 0.0031152647975078323], "3/24/2016": [16.05, -0.0031055900621118453], "3/25/2016": [15.7, -0.021806853582554606], "3/28/2016": [15.5, -0.012738853503184669], "3/29/2016": [14.8, -0.0451612903225806], "3/30/2016": [14.8, 0.0], "3/31/2016": [15.1, 0.0202702702702702], "4/1/2016": [15.05, -0.0033112582781456247], "4/6/2016": [14.9, -0.009966777408637897], "4/7/2016": [14.8, -0.00671140939597313], "4/8/2016": [15.1, 0.0202702702702702], "4/11/2016": [15.15, 0.0033112582781457426], "4/12/2016": [15.25, 0.006600660066006577], "4/13/2016": [15.5, 0.01639344262295082], "4/14/2016": [16.0, 0.03225806451612903], "4/15/2016": [15.95, -0.0031250000000000444], "4/18/2016": [16.45, 0.031347962382445145], "4/19/2016": [16.4, -0.0030395136778115935], "4/20/2016": [16.15, -0.015243902439024392], "4/21/2016": [16.2, 0.003095975232198187], "4/22/2016": [16.0, -0.012345679012345635], "4/25/2016": [16.1, 0.006250000000000089], "4/26/2016": [16.15, 0.0031055900621116245], "4/27/2016": [16.25, 0.006191950464396374], "4/28/2016": [15.85, -0.024615384615384636], "4/29/2016": [15.8, -0.0031545741324920462], "5/3/2016": [15.95, 0.00949367088607586], "5/4/2016": [15.75, -0.012539184952978013], "5/5/2016": [15.6, -0.009523809523809547], "5/6/2016": [15.65, 0.0032051282051282506], "5/9/2016": [15.4, -0.01597444089456869], "5/10/2016": [15.25, -0.009740259740259763], "5/11/2016": [15.0, -0.01639344262295082], "5/12/2016": [15.15, 0.010000000000000024], "5/13/2016": [14.95, -0.013201320132013271], "5/16/2016": [14.85, -0.006688963210702318], "5/17/2016": [14.95, 0.00673400673400671], "5/18/2016": [15.3, 0.02341137123745829], "5/19/2016": [15.2, -0.006535947712418394], "5/20/2016": [15.35, 0.009868421052631603], "5/23/2016": [15.5, 0.009771986970684063], "5/24/2016": [15.5, 0.0], "5/25/2016": [15.5, 0.0], "5/26/2016": [15.5, 0.0], "5/27/2016": [15.45, -0.003225806451612949], "5/30/2016": [15.4, -0.003236245954692488], "5/31/2016": [15.35, -0.003246753246753293], "6/1/2016": [15.55, 0.013029315960912122], "6/2/2016": [15.5, -0.0032154340836013317], "6/3/2016": [15.5, 0.0], "6/4/2016": [15.4, -0.006451612903225784], "6/6/2016": [15.35, -0.003246753246753293], "6/7/2016": [15.8, 0.029315960912052186], "6/8/2016": [15.8, 0.0], "6/13/2016": [15.6, -0.012658227848101333], "6/14/2016": [15.7, 0.0064102564102563875], "6/15/2016": [15.65, -0.0031847133757961104], "6/16/2016": [15.6, -0.0031948881789137834], "6/17/2016": [15.2, -0.025641025641025664], "6/20/2016": [15.6, 0.026315789473684237], "6/21/2016": [15.8, 0.01282051282051289], "6/22/2016": [15.9, 0.00632911392405061], "6/23/2016": [15.9, 0.0], "6/24/2016": [15.65, -0.015723270440251572], "6/27/2016": [15.8, 0.009584664536741236], "6/28/2016": [15.9, 0.00632911392405061], "6/29/2016": [16.1, 0.012578616352201324], "6/30/2016": [16.15, 0.0031055900621116245], "7/1/2016": [16.2, 0.003095975232198187], "7/4/2016": [16.65, 0.027777777777777735], "7/5/2016": [16.7, 0.003003003003003046], "7/6/2016": [16.85, 0.00898203592814384], "7/7/2016": [17.0, 0.008902077151335227], "7/11/2016": [16.85, -0.008823529411764622], "7/12/2016": [16.9, 0.002967359050444935], "7/13/2016": [17.25, 0.020710059171597718], "7/14/2016": [17.65, 0.023188405797101366], "7/15/2016": [17.35, -0.016997167138810037], "7/18/2016": [17.35, 0.0], "7/19/2016": [17.6, 0.01440922190201729], "7/20/2016": [17.75, 0.00852272727272719], "7/21/2016": [17.7, -0.0028169014084507443], "7/22/2016": [17.75, 0.002824858757062187], "7/25/2016": [17.75, 0.0], "7/26/2016": [17.6, -0.008450704225352032], "7/27/2016": [17.55, -0.002840909090909131], "7/28/2016": [16.85, -0.039886039886039844], "7/29/2016": [16.8, -0.0029673590504451456], "8/1/2016": [16.7, -0.005952380952381037], "8/2/2016": [16.55, -0.008982035928143627], "8/3/2016": [16.3, -0.015105740181268881], "8/4/2016": [16.2, -0.006134969325153461], "8/5/2016": [16.35, 0.00925925925925939], "8/8/2016": [16.35, 0.0], "8/9/2016": [16.5, 0.009174311926605417], "8/10/2016": [16.5, 0.0], "8/11/2016": [16.6, 0.0060606060606061465], "8/12/2016": [16.55, -0.003012048192771127], "8/15/2016": [16.4, -0.009063444108761459], "8/16/2016": [16.3, -0.006097560975609627], "8/17/2016": [16.75, 0.02760736196319014], "8/18/2016": [17.25, 0.029850746268656716], "8/19/2016": [17.15, -0.005797101449275445], "8/22/2016": [17.2, 0.0029154518950437734], "8/23/2016": [16.9, -0.01744186046511632], "8/24/2016": [16.9, 0.0], "8/25/2016": [17.1, 0.011834319526627389], "8/26/2016": [16.85, -0.014619883040935672], "8/29/2016": [16.65, -0.011869436201780582], "8/30/2016": [16.45, -0.01201201201201197], "8/31/2016": [16.3, -0.009118541033434565], "9/1/2016": [15.9, -0.02453987730061352], "9/2/2016": [15.95, 0.0031446540880502474], "9/5/2016": [16.0, 0.0031347962382445587], "9/6/2016": [16.2, 0.012499999999999956], "9/7/2016": [16.4, 0.012345679012345635], "9/8/2016": [16.35, -0.003048780487804705], "9/9/2016": [16.55, 0.012232415902140628], "9/10/2016": [16.2, -0.02114803625377652], "9/12/2016": [16.1, -0.006172839506172708], "9/13/2016": [16.05, -0.0031055900621118453], "9/14/2016": [16.1, 0.0031152647975078323], "9/19/2016": [15.95, -0.009316770186335536], "9/20/2016": [16.0, 0.0031347962382445587], "9/21/2016": [16.1, 0.006250000000000089], "9/22/2016": [15.9, -0.01242236024844727], "9/23/2016": [16.15, 0.01572327044025146], "9/26/2016": [16.0, -0.00928792569659434], "9/29/2016": [16.3, 0.018750000000000044], "9/30/2016": [16.15, -0.009202453987730192], "10/3/2016": [16.1, -0.0030959752321979665], "10/4/2016": [16.35, 0.015527950310559004], "10/5/2016": [16.35, 0.0], "10/6/2016": [16.3, -0.0030581039755352116], "10/7/2016": [16.05, -0.015337423312883436], "10/11/2016": [16.1, 0.0031152647975078323], "10/12/2016": [15.9, -0.01242236024844727], "10/13/2016": [15.95, 0.0031446540880502474], "10/14/2016": [15.8, -0.009404388714733454], "10/17/2016": [15.8, 0.0], "10/18/2016": [15.75, -0.003164556962025361], "10/19/2016": [15.85, 0.006349206349206327], "10/20/2016": [16.05, 0.012618296529968522], "10/21/2016": [15.95, -0.006230529595015665],