{"1/4/2016": [18.55, ""], "1/5/2016": [18.55, 0.0], "1/6/2016": [18.6, 0.0026954177897574507], "1/7/2016": [18.6, 0.0], "1/8/2016": [18.5, -0.005376344086021581], "1/11/2016": [18.5, 0.0], "1/12/2016": [18.5, 0.0], "1/13/2016": [18.5, 0.0], "1/14/2016": [18.6, 0.005405405405405482], "1/15/2016": [18.6, 0.0], "1/18/2016": [18.6, 0.0], "1/19/2016": [18.6, 0.0], "1/20/2016": [18.6, 0.0], "1/21/2016": [18.6, 0.0], "1/22/2016": [18.6, 0.0], "1/25/2016": [18.6, 0.0], "1/26/2016": [18.7, 0.0053763440860213904], "1/27/2016": [18.7, 0.0], "1/28/2016": [18.5, -0.010695187165775364], "1/29/2016": [18.6, 0.005405405405405482], "1/30/2016": [18.6, 0.0], "2/1/2016": [17.1, -0.08064516129032258], "2/2/2016": [17.45, 0.020467836257309815], "2/3/2016": [17.3, -0.008595988538681867], "2/15/2016": [17.65, 0.020231213872832245], "2/16/2016": [18.3, 0.03682719546742222], "2/17/2016": [18.6, 0.01639344262295086], "2/18/2016": [18.8, 0.010752688172042972], "2/19/2016": [18.8, 0.0], "2/22/2016": [18.8, 0.0], "2/23/2016": [18.8, 0.0], "2/24/2016": [18.9, 0.005319148936170099], "2/25/2016": [19.1, 0.010582010582010732], "2/26/2016": [19.3, 0.010471204188481638], "3/1/2016": [19.5, 0.010362694300518097], "3/2/2016": [19.0, -0.02564102564102564], "3/3/2016": [19.0, 0.0], "3/4/2016": [17.95, -0.05526315789473688], "3/7/2016": [18.4, 0.025069637883008318], "3/8/2016": [18.85, 0.024456521739130592], "3/9/2016": [18.85, 0.0], "3/10/2016": [18.3, -0.029177718832891282], "3/11/2016": [18.3, 0.0], "3/14/2016": [18.5, 0.01092896174863384], "3/15/2016": [18.5, 0.0], "3/16/2016": [18.4, -0.005405405405405482], "3/17/2016": [18.6, 0.01086956521739146], "3/18/2016": [18.6, 0.0], "3/21/2016": [17.8, -0.04301075268817208], "3/22/2016": [18.0, 0.011235955056179735], "3/23/2016": [18.1, 0.005555555555555635], "3/24/2016": [18.3, 0.011049723756906037], "3/25/2016": [18.2, -0.005464480874317017], "3/28/2016": [18.4, 0.01098901098901095], "3/29/2016": [18.85, 0.024456521739130592], "3/30/2016": [18.9, 0.002652519893899053], "3/31/2016": [18.9, 0.0], "4/1/2016": [18.9, 0.0], "4/6/2016": [18.35, -0.029100529100528953], "4/7/2016": [20.0, 0.0899182561307901], "4/8/2016": [19.7, -0.015000000000000036], "4/11/2016": [18.4, -0.06598984771573609], "4/12/2016": [18.85, 0.024456521739130592], "4/13/2016": [19.0, 0.007957559681697536], "4/14/2016": [18.5, -0.02631578947368421], "4/15/2016": [18.7, 0.010810810810810773], "4/18/2016": [18.7, 0.0], "4/19/2016": [18.75, 0.0026737967914438883], "4/20/2016": [18.75, 0.0], "4/21/2016": [19.85, 0.05866666666666674], "4/22/2016": [19.85, 0.0], "4/25/2016": [19.75, -0.0050377833753149324], "4/26/2016": [18.95, -0.040506329113924086], "4/27/2016": [19.8, 0.04485488126649084], "4/28/2016": [18.85, -0.04797979797979794], "4/29/2016": [19.5, 0.03448275862068958], "5/3/2016": [18.95, -0.02820512820512824], "5/4/2016": [18.95, 0.0], "5/5/2016": [18.75, -0.010554089709762496], "5/6/2016": [18.65, -0.0053333333333334095], "5/9/2016": [18.6, -0.002680965147452931], "5/10/2016": [17.45, -0.06182795698924742], "5/11/2016": [17.9, 0.025787965616045804], "5/12/2016": [17.45, -0.025139664804469237], "5/13/2016": [17.45, 0.0], "5/16/2016": [18.65, 0.06876790830945555], "5/17/2016": [18.5, -0.008042895442359173], "5/18/2016": [18.5, 0.0], "5/19/2016": [17.15, -0.07297297297297305], "5/20/2016": [17.65, 0.02915451895043732], "5/23/2016": [17.9, 0.0141643059490085], "5/24/2016": [17.95, 0.002793296089385515], "5/25/2016": [17.85, -0.005571030640668405], "5/26/2016": [17.85, 0.0], "5/27/2016": [18.05, 0.011204481792717045], "5/30/2016": [19.65, 0.08864265927977827], "5/31/2016": [18.5, -0.058524173027989755], "6/1/2016": [17.7, -0.04324324324324328], "6/2/2016": [18.0, 0.016949152542372923], "6/3/2016": [17.65, -0.019444444444444525], "6/4/2016": [17.75, 0.00566572237960348], "6/6/2016": [17.4, -0.01971830985915501], "6/7/2016": [17.9, 0.02873563218390805], "6/8/2016": [18.35, 0.025139664804469435], "6/13/2016": [18.35, 0.0], "6/14/2016": [18.2, -0.008174386920981042], "6/15/2016": [18.4, 0.01098901098901095], "6/16/2016": [18.5, 0.00543478260869573], "6/17/2016": [18.4, -0.005405405405405482], "6/20/2016": [18.65, 0.013586956521739132], "6/21/2016": [17.85, -0.04289544235924918], "6/22/2016": [17.9, 0.002801120448179112], "6/23/2016": [17.6, -0.016759776536312693], "6/24/2016": [17.25, -0.019886363636363716], "6/27/2016": [18.0, 0.043478260869565216], "6/28/2016": [18.4, 0.022222222222222143], "6/29/2016": [19.9, 0.08152173913043478], "6/30/2016": [19.8, -0.005025125628140597], "7/1/2016": [19.4, -0.020202020202020308], "7/4/2016": [19.0, -0.020618556701030855], "7/5/2016": [19.85, 0.044736842105263235], "7/6/2016": [19.5, -0.017632241813602085], "7/7/2016": [18.6, -0.04615384615384608], "7/11/2016": [19.9, 0.06989247311827941], "7/12/2016": [19.9, 0.0], "7/13/2016": [19.85, -0.002512562814070209], "7/14/2016": [20.25, 0.020151133501259372], "7/15/2016": [19.7, -0.02716049382716053], "7/18/2016": [19.15, -0.027918781725888363], "7/19/2016": [18.5, -0.03394255874673622], "7/20/2016": [19.15, 0.03513513513513506], "7/21/2016": [18.75, -0.020887728459529954], "7/22/2016": [18.75, 0.0], "7/25/2016": [18.75, 0.0], "7/26/2016": [18.75, 0.0], "7/27/2016": [19.0, 0.013333333333333334], "7/28/2016": [18.7, -0.015789473684210565], "7/29/2016": [19.45, 0.040106951871657755], "8/1/2016": [19.5, 0.0025706940874036356], "8/2/2016": [19.5, 0.0], "8/3/2016": [19.5, 0.0], "8/4/2016": [19.2, -0.015384615384615422], "8/5/2016": [19.4, 0.01041666666666663], "8/8/2016": [19.4, 0.0], "8/9/2016": [19.5, 0.005154639175257806], "8/10/2016": [19.5, 0.0], "8/11/2016": [19.5, 0.0], "8/12/2016": [19.7, 0.01025641025641022], "8/15/2016": [20.1, 0.02030456852791889], "8/16/2016": [20.1, 0.0], "8/17/2016": [22.0, 0.09452736318407952], "8/18/2016": [20.1, -0.0863636363636363], "8/19/2016": [20.2, 0.004975124378109346], "8/22/2016": [19.05, -0.05693069306930686], "8/23/2016": [19.15, 0.005249343832020885], "8/24/2016": [18.9, -0.013054830287206267], "8/25/2016": [18.7, -0.010582010582010545], "8/26/2016": [18.6, -0.005347593582887587], "8/29/2016": [18.6, 0.0], "8/30/2016": [18.3, -0.016129032258064554], "8/31/2016": [18.6, 0.01639344262295086], "9/1/2016": [18.6, 0.0], "9/2/2016": [18.7, 0.0053763440860213904], "9/5/2016": [18.25, -0.024064171122994617], "9/6/2016": [19.25, 0.0547945205479452], "9/7/2016": [18.8, -0.02337662337662334], "9/8/2016": [18.7, -0.005319148936170288], "9/9/2016": [18.3, -0.021390374331550728], "9/10/2016": [18.3, 0.0], "9/12/2016": [18.5, 0.01092896174863384], "9/13/2016": [18.4, -0.005405405405405482], "9/14/2016": [18.5, 0.00543478260869573], "9/19/2016": [18.6, 0.005405405405405482], "9/20/2016": [18.7, 0.0053763440860213904], "9/21/2016": [20.4, 0.09090909090909087], "9/22/2016": [19.5, -0.04411764705882346], "9/23/2016": [19.65, 0.007692307692307619], "9/26/2016": [19.65, 0.0], "9/29/2016": [18.75, -0.04580152671755718], "9/30/2016": [18.7, -0.0026666666666667047], "10/3/2016": [18.75, 0.0026737967914438883], "10/4/2016": [18.5, -0.013333333333333334], "10/5/2016": [18.6, 0.005405405405405482], "10/6/2016": [18.65, 0.0026881720430106], "10/7/2016": [18.55, -0.005361930294906053], "10/11/2016": [18.5, -0.0026954177897574507], "10/12/2016": [18.2, -0.016216216216216255], "10/13/2016": [18.6, 0.021978021978022098], "10/14/2016": [18.6, 0.0], "10/17/2016": [18.55, -0.0026881720430107906], "10/18/2016": [18.75, 0.01078167115902961], "10/19/2016": [18.6, -0.007999999999999924], "10/20/2016": [18.6, 0.0], "10/21/2016": [19.15, 0.029569892473118125], "10/24/2016": [18.9, -0.013054830287206267], "10/25/2016": [18.9, 0.0], "10/26/2016": [18.9, 0.0], "10/27/2016": [18.9, 0.0], "10/28/2016": [19.65, 0.03968253968253969], "10/31/2016": [19.0, -0.03307888040712461], "11/1/2016": [19.0, 0.0], "11/2/2016": [19.0, 0.0], "11/3/2016": [19.1, 0.005263157894736917], "11/4/2016": [19.1, 0.0], "11/7/2016": [19.1, 0.0], "11/8/2016": [19.1, 0.0], "11/9/2016": [19.1, 0.0],