{"1/4/2016": [132.0, ""], "1/5/2016": [127.5, -0.03409090909090909], "1/6/2016": [127.5, 0.0], "1/7/2016": [115.0, -0.09803921568627451], "1/8/2016": [115.0, 0.0], "1/11/2016": [110.5, -0.0391304347826087], "1/12/2016": [106.5, -0.03619909502262444], "1/13/2016": [107.0, 0.004694835680751174], "1/14/2016": [99.5, -0.07009345794392523], "1/15/2016": [100.0, 0.005025125628140704], "1/18/2016": [101.0, 0.01], "1/19/2016": [111.0, 0.09900990099009901], "1/20/2016": [109.5, -0.013513513513513514], "1/21/2016": [106.0, -0.0319634703196347], "1/22/2016": [103.0, -0.02830188679245283], "1/25/2016": [106.0, 0.02912621359223301], "1/26/2016": [105.5, -0.0047169811320754715], "1/27/2016": [110.0, 0.04265402843601896], "1/28/2016": [113.5, 0.031818181818181815], "1/29/2016": [116.5, 0.02643171806167401], "1/30/2016": [118.0, 0.012875536480686695], "2/1/2016": [118.5, 0.00423728813559322], "2/2/2016": [115.0, -0.029535864978902954], "2/3/2016": [115.0, 0.0], "2/15/2016": [121.5, 0.05652173913043478], "2/16/2016": [122.0, 0.00411522633744856], "2/17/2016": [118.5, -0.028688524590163935], "2/18/2016": [118.0, -0.004219409282700422], "2/19/2016": [118.5, 0.00423728813559322], "2/22/2016": [120.0, 0.012658227848101266], "2/23/2016": [125.0, 0.041666666666666664], "2/24/2016": [123.0, -0.016], "2/25/2016": [127.0, 0.032520325203252036], "2/26/2016": [126.0, -0.007874015748031496], "3/1/2016": [127.0, 0.007936507936507936], "3/2/2016": [123.5, -0.027559055118110236], "3/3/2016": [125.5, 0.016194331983805668], "3/4/2016": [130.0, 0.035856573705179286], "3/7/2016": [127.5, -0.019230769230769232], "3/8/2016": [128.0, 0.00392156862745098], "3/9/2016": [131.0, 0.0234375], "3/10/2016": [138.0, 0.05343511450381679], "3/11/2016": [143.5, 0.03985507246376811], "3/14/2016": [142.5, -0.006968641114982578], "3/15/2016": [136.5, -0.042105263157894736], "3/16/2016": [138.0, 0.01098901098901099], "3/17/2016": [133.0, -0.036231884057971016], "3/18/2016": [135.0, 0.015037593984962405], "3/21/2016": [136.5, 0.011111111111111112], "3/22/2016": [136.5, 0.0], "3/23/2016": [135.5, -0.007326007326007326], "3/24/2016": [137.0, 0.01107011070110701], "3/25/2016": [143.0, 0.043795620437956206], "3/28/2016": [139.5, -0.024475524475524476], "3/29/2016": [137.5, -0.014336917562724014], "3/30/2016": [137.0, -0.0036363636363636364], "3/31/2016": [140.0, 0.021897810218978103], "4/1/2016": [138.5, -0.010714285714285714], "4/6/2016": [137.0, -0.010830324909747292], "4/7/2016": [137.5, 0.0036496350364963502], "4/8/2016": [140.0, 0.01818181818181818], "4/11/2016": [137.5, -0.017857142857142856], "4/12/2016": [137.0, -0.0036363636363636364], "4/13/2016": [138.0, 0.0072992700729927005], "4/14/2016": [136.0, -0.014492753623188406], "4/15/2016": [136.0, 0.0], "4/18/2016": [134.5, -0.011029411764705883], "4/19/2016": [135.5, 0.007434944237918215], "4/20/2016": [134.5, -0.007380073800738007], "4/21/2016": [134.0, -0.0037174721189591076], "4/22/2016": [131.0, -0.022388059701492536], "4/25/2016": [128.0, -0.022900763358778626], "4/26/2016": [129.5, 0.01171875], "4/27/2016": [127.5, -0.015444015444015444], "4/28/2016": [127.0, -0.00392156862745098], "4/29/2016": [123.0, -0.031496062992125984], "5/3/2016": [125.5, 0.02032520325203252], "5/4/2016": [126.5, 0.00796812749003984], "5/5/2016": [129.0, 0.019762845849802372], "5/6/2016": [127.0, -0.015503875968992248], "5/9/2016": [126.5, -0.003937007874015748], "5/10/2016": [126.0, -0.003952569169960474], "5/11/2016": [126.0, 0.0], "5/12/2016": [123.0, -0.023809523809523808], "5/13/2016": [122.5, -0.0040650406504065045], "5/16/2016": [121.5, -0.00816326530612245], "5/17/2016": [125.0, 0.02880658436213992], "5/18/2016": [124.5, -0.004], "5/19/2016": [121.5, -0.024096385542168676], "5/20/2016": [120.5, -0.00823045267489712], "5/23/2016": [125.5, 0.04149377593360996], "5/24/2016": [124.5, -0.00796812749003984], "5/25/2016": [122.5, -0.01606425702811245], "5/26/2016": [121.5, -0.00816326530612245], "5/27/2016": [122.0, 0.00411522633744856], "5/30/2016": [124.5, 0.020491803278688523], "5/31/2016": [125.5, 0.008032128514056224], "6/1/2016": [128.0, 0.0199203187250996], "6/2/2016": [126.5, -0.01171875], "6/3/2016": [127.0, 0.003952569169960474], "6/4/2016": [127.5, 0.003937007874015748], "6/6/2016": [126.5, -0.00784313725490196], "6/7/2016": [126.5, 0.0], "6/8/2016": [124.5, -0.015810276679841896], "6/13/2016": [120.5, -0.0321285140562249], "6/14/2016": [119.0, -0.012448132780082987], "6/15/2016": [122.0, 0.025210084033613446], "6/16/2016": [119.5, -0.020491803278688523], "6/17/2016": [120.5, 0.008368200836820083], "6/20/2016": [119.0, -0.012448132780082987], "6/21/2016": [119.0, 0.0], "6/22/2016": [119.0, 0.0], "6/23/2016": [120.0, 0.008403361344537815], "6/24/2016": [114.5, -0.04583333333333333], "6/27/2016": [115.0, 0.004366812227074236], "6/28/2016": [118.5, 0.030434782608695653], "6/29/2016": [115.5, -0.02531645569620253], "6/30/2016": [116.5, 0.008658008658008658], "7/1/2016": [116.5, 0.0], "7/4/2016": [117.0, 0.004291845493562232], "7/5/2016": [115.0, -0.017094017094017096], "7/6/2016": [114.5, -0.004347826086956522], "7/7/2016": [114.5, 0.0], "7/11/2016": [114.5, 0.0], "7/12/2016": [116.0, 0.013100436681222707], "7/13/2016": [116.0, 0.0], "7/14/2016": [121.5, 0.04741379310344827], "7/15/2016": [122.5, 0.00823045267489712], "7/18/2016": [123.0, 0.004081632653061225], "7/19/2016": [125.0, 0.016260162601626018], "7/20/2016": [124.5, -0.004], "7/21/2016": [124.5, 0.0], "7/22/2016": [123.5, -0.008032128514056224], "7/25/2016": [123.0, -0.004048582995951417], "7/26/2016": [125.5, 0.02032520325203252], "7/27/2016": [126.5, 0.00796812749003984], "7/28/2016": [127.0, 0.003952569169960474], "7/29/2016": [126.5, -0.003937007874015748], "8/1/2016": [126.5, 0.0], "8/2/2016": [130.0, 0.02766798418972332], "8/3/2016": [130.0, 0.0], "8/4/2016": [130.5, 0.0038461538461538464], "8/5/2016": [129.5, -0.007662835249042145], "8/8/2016": [133.5, 0.03088803088803089], "8/9/2016": [134.5, 0.00749063670411985], "8/10/2016": [133.0, -0.011152416356877323], "8/11/2016": [111.5, -0.16165413533834586], "8/12/2016": [111.0, -0.004484304932735426], "8/15/2016": [110.5, -0.0045045045045045045], "8/16/2016": [109.5, -0.00904977375565611], "8/17/2016": [108.0, -0.0136986301369863], "8/18/2016": [113.0, 0.046296296296296294], "8/19/2016": [110.0, -0.02654867256637168], "8/22/2016": [113.0, 0.02727272727272727], "8/23/2016": [114.0, 0.008849557522123894], "8/24/2016": [120.0, 0.05263157894736842], "8/25/2016": [118.0, -0.016666666666666666], "8/26/2016": [120.5, 0.0211864406779661], "8/29/2016": [122.0, 0.012448132780082987], "8/30/2016": [117.5, -0.036885245901639344], "8/31/2016": [116.5, -0.00851063829787234], "9/1/2016": [112.0, -0.03862660944206009], "9/2/2016": [113.0, 0.008928571428571428], "9/5/2016": [114.0, 0.008849557522123894], "9/6/2016": [112.5, -0.013157894736842105], "9/7/2016": [113.0, 0.0044444444444444444], "9/8/2016": [111.5, -0.01327433628318584], "9/9/2016": [112.0, 0.004484304932735426], "9/10/2016": [112.0, 0.0], "9/12/2016": [108.0, -0.03571428571428571], "9/13/2016": [106.0, -0.018518518518518517], "9/14/2016": [106.0, 0.0], "9/19/2016": [106.0, 0.0], "9/20/2016": [106.0, 0.0], "9/21/2016": [107.5, 0.014150943396226415], "9/22/2016": [109.5, 0.018604651162790697], "9/23/2016": [110.5, 0.0091324200913242], "9/26/2016": [106.0, -0.04072398190045249], "9/29/2016": [105.0, -0.009433962264150943], "9/30/2016": [112.5, 0.07142857142857142], "10/3/2016": [117.5, 0.044444444444444446], "10/4/2016": [114.5, -0.02553191489361702], "10/5/2016": [116.0, 0.013100436681222707], "10/6/2016": [115.0, -0.008620689655172414], "10/7/2016": [115.0, 0.0], "10/11/2016": [109.5, -0.04782608695652174], "10/12/2016": [112.5, 0.0273972602739726], "10/13/2016": [108.5, -0.035555555555555556], "10/14/2016": [104.5, -0.03686635944700461], "10/17/2016": [105.0, 0.004784688995215311], "10/18/2016": [101.0, -0.0380952380952381], "10/19/2016": [103.5, 0.024752475247524754],