{"1/4/2016": [13.0, ""], "1/5/2016": [13.0, 0.0], "1/6/2016": [13.0, 0.0], "1/7/2016": [13.0, 0.0], "1/8/2016": [12.97, -0.0023076923076922585], "1/11/2016": [12.97, 0.0], "1/12/2016": [12.97, 0.0], "1/13/2016": [12.97, 0.0], "1/14/2016": [12.97, 0.0], "1/15/2016": [12.97, 0.0], "1/18/2016": [12.97, 0.0], "1/19/2016": [12.97, 0.0], "1/20/2016": [12.97, 0.0], "1/21/2016": [12.97, 0.0], "1/22/2016": [12.97, 0.0], "1/25/2016": [12.97, 0.0], "1/26/2016": [12.97, 0.0], "1/27/2016": [12.97, 0.0], "1/28/2016": [12.97, 0.0], "1/29/2016": [12.97, 0.0], "1/30/2016": [12.97, 0.0], "2/1/2016": [12.97, 0.0], "2/2/2016": [12.97, 0.0], "2/3/2016": [12.97, 0.0], "2/15/2016": [12.97, 0.0], "2/16/2016": [12.97, 0.0], "2/17/2016": [12.97, 0.0], "2/18/2016": [12.97, 0.0], "2/19/2016": [12.97, 0.0], "2/22/2016": [12.97, 0.0], "2/23/2016": [12.97, 0.0], "2/24/2016": [12.97, 0.0], "2/25/2016": [12.97, 0.0], "2/26/2016": [12.97, 0.0], "3/1/2016": [12.97, 0.0], "3/2/2016": [12.97, 0.0], "3/3/2016": [12.97, 0.0], "3/4/2016": [12.97, 0.0], "3/7/2016": [12.97, 0.0], "3/8/2016": [12.97, 0.0], "3/9/2016": [12.97, 0.0], "3/10/2016": [12.97, 0.0], "3/11/2016": [12.97, 0.0], "3/14/2016": [12.97, 0.0], "3/15/2016": [12.97, 0.0], "3/16/2016": [12.97, 0.0], "3/17/2016": [12.97, 0.0], "3/18/2016": [12.97, 0.0], "3/21/2016": [12.97, 0.0], "3/22/2016": [12.97, 0.0], "3/23/2016": [12.97, 0.0], "3/24/2016": [13.09, 0.009252120277563548], "3/25/2016": [13.1, 0.0007639419404125124], "3/28/2016": [13.1, 0.0], "3/29/2016": [13.15, 0.0038167938931298255], "3/30/2016": [13.0, -0.011406844106463905], "3/31/2016": [13.2, 0.01538461538461533], "4/1/2016": [13.15, -0.0037878787878787073], "4/6/2016": [13.68, 0.040304182509505654], "4/7/2016": [13.68, 0.0], "4/8/2016": [13.68, 0.0], "4/11/2016": [13.68, 0.0], "4/12/2016": [13.68, 0.0], "4/13/2016": [13.68, 0.0], "4/14/2016": [13.68, 0.0], "4/15/2016": [13.68, 0.0], "4/18/2016": [13.78, 0.007309941520467811], "4/19/2016": [13.78, 0.0], "4/20/2016": [16.0, 0.16110304789550078], "4/21/2016": [14.4, -0.09999999999999998], "4/22/2016": [13.9, -0.034722222222222224], "4/25/2016": [14.0, 0.007194244604316521], "4/26/2016": [14.0, 0.0], "4/27/2016": [14.3, 0.02142857142857148], "4/28/2016": [14.7, 0.02797202797202787], "4/29/2016": [14.4, -0.02040816326530605], "5/3/2016": [14.43, 0.002083333333333289], "5/4/2016": [14.25, -0.012474012474012454], "5/5/2016": [14.3, 0.0035087719298246113], "5/6/2016": [14.3, 0.0], "5/9/2016": [14.4, 0.006993006993006968], "5/10/2016": [14.4, 0.0], "5/11/2016": [14.4, 0.0], "5/12/2016": [14.4, 0.0], "5/13/2016": [13.78, -0.043055555555555625], "5/16/2016": [13.78, 0.0], "5/17/2016": [13.78, 0.0], "5/18/2016": [13.78, 0.0], "5/19/2016": [13.78, 0.0], "5/20/2016": [13.78, 0.0], "5/23/2016": [13.78, 0.0], "5/24/2016": [14.4, 0.04499274310595073], "5/25/2016": [14.4, 0.0], "5/26/2016": [14.4, 0.0], "5/27/2016": [14.4, 0.0], "5/30/2016": [14.5, 0.00694444444444442], "5/31/2016": [14.5, 0.0], "6/1/2016": [14.5, 0.0], "6/2/2016": [14.5, 0.0], "6/3/2016": [14.5, 0.0], "6/4/2016": [14.5, 0.0], "6/6/2016": [14.5, 0.0], "6/7/2016": [15.0, 0.034482758620689655], "6/8/2016": [15.0, 0.0], "6/13/2016": [15.05, 0.003333333333333381], "6/14/2016": [15.05, 0.0], "6/15/2016": [15.05, 0.0], "6/16/2016": [15.05, 0.0], "6/17/2016": [15.05, 0.0], "6/20/2016": [15.05, 0.0], "6/21/2016": [15.06, 0.0006644518272425108], "6/22/2016": [15.26, 0.013280212483399686], "6/23/2016": [15.26, 0.0], "6/24/2016": [15.26, 0.0], "6/27/2016": [15.26, 0.0], "6/28/2016": [15.26, 0.0], "6/29/2016": [15.26, 0.0], "6/30/2016": [15.34, 0.005242463958060293], "7/1/2016": [15.34, 0.0], "7/4/2016": [14.8, -0.03520208604954362], "7/5/2016": [15.0, 0.013513513513513466], "7/6/2016": [15.35, 0.02333333333333331], "7/7/2016": [15.35, 0.0], "7/11/2016": [15.35, 0.0], "7/12/2016": [15.4, 0.0032573289902280596], "7/13/2016": [15.4, 0.0], "7/14/2016": [15.56, 0.010389610389610398], "7/15/2016": [15.57, 0.000642673521850886], "7/18/2016": [15.57, 0.0], "7/19/2016": [15.57, 0.0], "7/20/2016": [15.57, 0.0], "7/21/2016": [15.57, 0.0], "7/22/2016": [15.57, 0.0], "7/25/2016": [15.57, 0.0], "7/26/2016": [15.57, 0.0], "7/27/2016": [15.57, 0.0], "7/28/2016": [15.68, 0.0070648683365446005], "7/29/2016": [15.5, -0.011479591836734675], "8/1/2016": [16.09, 0.03806451612903225], "8/2/2016": [16.09, 0.0], "8/3/2016": [16.09, 0.0], "8/4/2016": [16.09, 0.0], "8/5/2016": [16.09, 0.0], "8/8/2016": [16.09, 0.0], "8/9/2016": [16.09, 0.0], "8/10/2016": [16.09, 0.0], "8/11/2016": [16.09, 0.0], "8/12/2016": [16.09, 0.0], "8/15/2016": [15.5, -0.03666873834679925], "8/16/2016": [15.4, -0.006451612903225784], "8/17/2016": [15.4, 0.0], "8/18/2016": [15.29, -0.007142857142857221], "8/19/2016": [15.5, 0.0137344669718771], "8/22/2016": [15.5, 0.0], "8/23/2016": [15.29, -0.013548387096774249], "8/24/2016": [14.63, -0.04316546762589918], "8/25/2016": [14.63, 0.0], "8/26/2016": [14.7, 0.0047846889952152085], "8/29/2016": [14.8, 0.006802721088435471], "8/30/2016": [14.8, 0.0], "8/31/2016": [14.8, 0.0], "9/1/2016": [14.8, 0.0], "9/2/2016": [14.9, 0.006756756756756733], "9/5/2016": [14.9, 0.0], "9/6/2016": [14.95, 0.0033557046979865056], "9/7/2016": [14.95, 0.0], "9/8/2016": [15.0, 0.003344481605351218], "9/9/2016": [15.0, 0.0], "9/10/2016": [15.0, 0.0], "9/12/2016": [15.0, 0.0], "9/13/2016": [15.0, 0.0], "9/14/2016": [15.0, 0.0], "9/19/2016": [15.57, 0.03800000000000002], "9/20/2016": [15.57, 0.0], "9/21/2016": [15.57, 0.0], "9/22/2016": [15.57, 0.0], "9/23/2016": [15.57, 0.0], "9/26/2016": [15.57, 0.0], "9/29/2016": [15.57, 0.0], "9/30/2016": [15.73, 0.010276172125883118], "10/3/2016": [16.31, 0.0368722186904004], "10/4/2016": [15.69, -0.038013488657265435], "10/5/2016": [15.49, -0.012746972594008877], "10/6/2016": [15.7, 0.01355713363460291], "10/7/2016": [15.49, -0.01337579617834389], "10/11/2016": [15.49, 0.0], "10/12/2016": [15.49, 0.0], "10/13/2016": [15.49, 0.0], "10/14/2016": [15.49, 0.0], "10/17/2016": [15.49, 0.0], "10/18/2016": [15.49, 0.0], "10/19/2016": [15.49, 0.0], "10/20/2016": [15.49, 0.0], "10/21/2016": [15.49, 0.0], "10/24/2016": [17.96, 0.15945771465461592], "10/25/2016": [18.22, 0.014476614699331737], "10/26/2016": [18.0, -0.012074643249176667], "10/27/2016": [18.0, 0.0], "10/28/2016": [18.18, 0.009999999999999985], "10/31/2016": [18.18, 0.0], "11/1/2016": [18.19, 0.000550055005500636], "11/2/2016": [17.67, -0.028587135788894973], "11/3/2016": [18.0, 0.018675721561969342], "11/4/2016": [18.19, 0.010555555555555627], "11/7/2016": [18.19, 0.0], "11/8/2016": [17.67, -0.028587135788894973], "11/9/2016": [17.67, 0.0], "11/10/2016": [18.15, 0.027164685908319004], "11/11/2016": [18.0, -0.008264462809917278], "11/14/2016": [18.15, 0.008333333333333255], "11/15/2016": [18.15, 0.0], "11/16/2016": [17.2, -0.05234159779614322], "11/17/2016": [17.9, 0.04069767441860461], "11/18/2016": [17.9, 0.0], "11/21/2016": [18.2, 0.01675977653631289], "11/22/2016": [18.4, 0.01098901098901095], "11/23/2016": [18.4, 0.0], "11/24/2016": [18.2, -0.010869565217391266], "11/25/2016": [18.42, 0.012087912087912222], "11/28/2016": [18.42, 0.0], "11/29/2016": [18.42, 0.0], "11/30/2016": [18.0, -0.02280130293159618]}