{"1/4/2016": [71.5, ""], "1/5/2016": [71.8, 0.004195804195804156], "1/6/2016": [70.7, -0.015320334261838361], "1/7/2016": [69.4, -0.018387553041018346], "1/8/2016": [70.8, 0.020172910662824083], "1/11/2016": [70.1, -0.009887005649717555], "1/12/2016": [69.7, -0.005706134094151091], "1/13/2016": [70.0, 0.004304160688665669], "1/14/2016": [70.4, 0.005714285714285796], "1/15/2016": [69.2, -0.017045454545454586], "1/18/2016": [69.5, 0.004335260115606895], "1/19/2016": [71.0, 0.02158273381294964], "1/20/2016": [70.0, -0.014084507042253521], "1/21/2016": [69.5, -0.007142857142857143], "1/22/2016": [70.8, 0.018705035971222982], "1/25/2016": [71.5, 0.009887005649717555], "1/26/2016": [70.5, -0.013986013986013986], "1/27/2016": [71.0, 0.0070921985815602835], "1/28/2016": [70.4, -0.008450704225352032], "1/29/2016": [71.1, 0.009943181818181657], "1/30/2016": [71.9, 0.011251758087201287], "2/1/2016": [71.3, -0.00834492350486799], "2/2/2016": [72.0, 0.009817671809256702], "2/3/2016": [71.2, -0.011111111111111072], "2/15/2016": [70.9, -0.004213483146067376], "2/16/2016": [71.5, 0.00846262341325803], "2/17/2016": [72.0, 0.006993006993006993], "2/18/2016": [72.3, 0.004166666666666628], "2/19/2016": [76.3, 0.055325034578146616], "2/22/2016": [76.1, -0.0026212319790301815], "2/23/2016": [75.0, -0.014454664914585998], "2/24/2016": [73.8, -0.01600000000000004], "2/25/2016": [74.7, 0.012195121951219589], "2/26/2016": [74.6, -0.0013386880856761515], "3/1/2016": [74.9, 0.004021447721179777], "3/2/2016": [75.5, 0.008010680907877094], "3/3/2016": [75.2, -0.003973509933774797], "3/4/2016": [75.8, 0.007978723404255244], "3/7/2016": [76.1, 0.003957783641160913], "3/8/2016": [75.6, -0.00657030223390276], "3/9/2016": [75.4, -0.0026455026455024953], "3/10/2016": [74.8, -0.007957559681697726], "3/11/2016": [75.1, 0.004010695187165738], "3/14/2016": [76.3, 0.015978695073235724], "3/15/2016": [77.2, 0.011795543905635723], "3/16/2016": [78.1, 0.01165803108808279], "3/17/2016": [76.6, -0.01920614596670935], "3/18/2016": [76.8, 0.0026109660574412906], "3/21/2016": [76.6, -0.002604166666666704], "3/22/2016": [76.0, -0.007832898172323686], "3/23/2016": [75.3, -0.009210526315789511], "3/24/2016": [74.6, -0.009296148738379853], "3/25/2016": [74.9, 0.004021447721179777], "3/28/2016": [73.7, -0.016021361815754375], "3/29/2016": [72.5, -0.016282225237449155], "3/30/2016": [72.9, 0.005517241379310423], "3/31/2016": [72.5, -0.0054869684499314906], "4/1/2016": [72.9, 0.005517241379310423], "4/6/2016": [72.4, -0.006858710562414266], "4/7/2016": [71.9, -0.006906077348066298], "4/8/2016": [72.5, 0.008344923504867792], "4/11/2016": [71.6, -0.012413793103448353], "4/12/2016": [70.7, -0.01256983240223452], "4/13/2016": [70.6, -0.001414427157001535], "4/14/2016": [71.2, 0.008498583569405221], "4/15/2016": [71.3, 0.001404494382022392], "4/18/2016": [71.1, -0.002805049088359086], "4/19/2016": [70.7, -0.005625879043600443], "4/20/2016": [70.1, -0.008486562942008606], "4/21/2016": [69.4, -0.00998573466476446], "4/22/2016": [68.4, -0.01440922190201729], "4/25/2016": [68.6, 0.0029239766081869682], "4/26/2016": [69.3, 0.010204081632653104], "4/27/2016": [68.8, -0.007215007215007215], "4/28/2016": [68.8, 0.0], "4/29/2016": [68.3, -0.007267441860465116], "5/3/2016": [67.1, -0.017569546120058607], "5/4/2016": [64.0, -0.04619970193740677], "5/5/2016": [61.8, -0.034375000000000044], "5/6/2016": [62.7, 0.014563106796116597], "5/9/2016": [61.1, -0.025518341307815013], "5/10/2016": [61.0, -0.0016366612111293195], "5/11/2016": [60.4, -0.009836065573770515], "5/12/2016": [60.5, 0.0016556291390728713], "5/13/2016": [59.7, -0.013223140495867721], "5/16/2016": [56.4, -0.055276381909547805], "5/17/2016": [57.0, 0.010638297872340451], "5/18/2016": [55.8, -0.02105263157894742], "5/19/2016": [55.0, -0.014336917562723964], "5/20/2016": [56.3, 0.023636363636363584], "5/23/2016": [58.2, 0.03374777975133225], "5/24/2016": [57.8, -0.006872852233677073], "5/25/2016": [59.2, 0.024221453287197332], "5/26/2016": [59.9, 0.011824324324324252], "5/27/2016": [62.8, 0.048414023372287125], "5/30/2016": [62.7, -0.0015923566878979988], "5/31/2016": [62.2, -0.007974481658692184], "6/1/2016": [62.1, -0.0016077170418006658], "6/2/2016": [61.2, -0.014492753623188383], "6/3/2016": [61.5, 0.004901960784313679], "6/4/2016": [61.6, 0.0016260162601626248], "6/6/2016": [61.0, -0.009740259740259763], "6/7/2016": [61.0, 0.0], "6/8/2016": [60.8, -0.0032786885245902103], "6/13/2016": [60.7, -0.0016447368421051698], "6/14/2016": [60.7, 0.0], "6/15/2016": [60.9, 0.0032948929159801604], "6/16/2016": [60.7, -0.003284072249589421], "6/17/2016": [60.7, 0.0], "6/20/2016": [61.0, 0.004942339373970299], "6/21/2016": [61.0, 0.0], "6/22/2016": [60.3, -0.01147540983606562], "6/23/2016": [60.0, -0.004975124378109406], "6/24/2016": [58.5, -0.025], "6/27/2016": [58.2, -0.00512820512820508], "6/28/2016": [58.0, -0.0034364261168385365], "6/29/2016": [58.6, 0.01034482758620692], "6/30/2016": [59.0, 0.006825938566552877], "7/1/2016": [59.0, 0.0], "7/4/2016": [58.9, -0.0016949152542373122], "7/5/2016": [58.8, -0.0016977928692699733], "7/6/2016": [58.4, -0.0068027210884353505], "7/7/2016": [58.6, 0.003424657534246624], "7/11/2016": [59.0, 0.006825938566552877], "7/12/2016": [58.8, -0.0033898305084746243], "7/13/2016": [58.9, 0.0017006802721088678], "7/14/2016": [59.3, 0.006791171477079772], "7/15/2016": [60.3, 0.016863406408094434], "7/18/2016": [59.8, -0.008291873963515755], "7/19/2016": [60.1, 0.005016722408026827], "7/20/2016": [63.2, 0.051580698835274566], "7/21/2016": [63.1, -0.0015822784810126805], "7/22/2016": [62.6, -0.00792393026941363], "7/25/2016": [63.7, 0.017571884984025583], "7/26/2016": [63.1, -0.009419152276295155], "7/27/2016": [62.8, -0.004754358161648245], "7/28/2016": [62.6, -0.0031847133757961104], "7/29/2016": [63.0, 0.006389776357827453], "8/1/2016": [63.0, 0.0], "8/2/2016": [63.3, 0.004761904761904716], "8/3/2016": [65.2, 0.030015797788309727], "8/4/2016": [65.2, 0.0], "8/5/2016": [64.8, -0.006134969325153461], "8/8/2016": [64.3, -0.00771604938271605], "8/9/2016": [62.2, -0.03265940902021764], "8/10/2016": [60.5, -0.02733118971061098], "8/11/2016": [56.5, -0.06611570247933884], "8/12/2016": [52.2, -0.07610619469026543], "8/15/2016": [50.9, -0.024904214559387055], "8/16/2016": [50.8, -0.0019646365422397137], "8/17/2016": [50.4, -0.007874015748031468], "8/18/2016": [51.2, 0.01587301587301596], "8/19/2016": [51.2, 0.0], "8/22/2016": [50.3, -0.01757812500000011], "8/23/2016": [50.4, 0.001988071570576569], "8/24/2016": [50.4, 0.0], "8/25/2016": [51.0, 0.011904761904761934], "8/26/2016": [51.6, 0.011764705882352969], "8/29/2016": [51.6, 0.0], "8/30/2016": [52.8, 0.02325581395348829], "8/31/2016": [52.9, 0.0018939393939394209], "9/1/2016": [52.7, -0.0037807183364838514], "9/2/2016": [51.9, -0.015180265654649036], "9/5/2016": [51.9, 0.0], "9/6/2016": [51.4, -0.009633911368015415], "9/7/2016": [51.5, 0.0019455252918288216], "9/8/2016": [51.8, 0.005825242718446547], "9/9/2016": [51.3, -0.009652509652509652], "9/10/2016": [51.2, -0.0019493177387913123], "9/12/2016": [50.9, -0.005859375000000083], "9/13/2016": [50.3, -0.011787819253438142], "9/14/2016": [50.2, -0.001988071570576428], "9/19/2016": [50.2, 0.0], "9/20/2016": [50.0, -0.003984063745019977], "9/21/2016": [49.7, -0.005999999999999943], "9/22/2016": [49.1, -0.012072434607645902], "9/23/2016": [49.3, 0.0040733197556007275], "9/26/2016": [50.0, 0.014198782961460505], "9/29/2016": [49.7, -0.005999999999999943], "9/30/2016": [49.25, -0.009054325955734462], "10/3/2016": [49.1, -0.0030456852791877886], "10/4/2016": [49.15, 0.0010183299389001457], "10/5/2016": [49.1, -0.0010172939979653543], "10/6/2016": [49.2, 0.002036659877800436], "10/7/2016": [49.35, 0.003048780487804849], "10/11/2016": [47.1, -0.04559270516717325], "10/12/2016": [45.5, -0.033970276008492596], "10/13/2016": [45.7, 0.004395604395604458], "10/14/2016": [45.05, -0.014223194748358986], "10/17/2016": [43.45, -0.035516093229744604],