{"1/4/2016": [39.8, ""], "1/5/2016": [39.01, -0.01984924623115576], "1/6/2016": [38.69, -0.00820302486541913], "1/7/2016": [36.0, -0.06952700956319458], "1/8/2016": [38.99, 0.0830555555555556], "1/11/2016": [35.5, -0.08951013080276998], "1/12/2016": [33.5, -0.056338028169014086], "1/13/2016": [32.19, -0.039104477611940365], "1/14/2016": [30.95, -0.0385212799005902], "1/15/2016": [30.59, -0.01163166397415184], "1/18/2016": [29.53, -0.03465184700882637], "1/19/2016": [32.61, 0.10430071114121227], "1/20/2016": [31.34, -0.038945108862312165], "1/21/2016": [31.58, 0.007657945118059937], "1/22/2016": [31.71, 0.004116529449018447], "1/25/2016": [32.6, 0.028066855881425434], "1/26/2016": [31.7, -0.027607361963190247], "1/27/2016": [32.74, 0.03280757097791807], "1/28/2016": [31.02, -0.052535125229077655], "1/29/2016": [31.99, 0.031270148291424854], "1/30/2016": [32.99, 0.0312597686777119], "2/1/2016": [33.0, 0.00030312215822970626], "2/2/2016": [33.5, 0.015151515151515152], "2/3/2016": [33.9, 0.011940298507462643], "2/15/2016": [33.46, -0.012979351032448311], "2/16/2016": [31.83, -0.04871488344291699], "2/17/2016": [31.8, -0.0009425070688029402], "2/18/2016": [31.99, 0.005974842767295526], "2/19/2016": [31.5, -0.015317286652078727], "2/22/2016": [32.0, 0.015873015873015872], "2/23/2016": [34.39, 0.07468750000000002], "2/24/2016": [34.19, -0.005815644082582228], "2/25/2016": [34.0, -0.005557180462123361], "2/26/2016": [32.88, -0.03294117647058816], "3/1/2016": [33.0, 0.003649635036496272], "3/2/2016": [33.31, 0.009393939393939463], "3/3/2016": [33.7, 0.011708195737015927], "3/4/2016": [33.51, -0.00563798219584584], "3/7/2016": [33.05, -0.013727245598328884], "3/8/2016": [32.3, -0.022692889561270805], "3/9/2016": [31.0, -0.04024767801857577], "3/10/2016": [30.89, -0.003548387096774175], "3/11/2016": [31.0, 0.0035610229847847013], "3/14/2016": [31.19, 0.006129032258064557], "3/15/2016": [31.0, -0.006091696056428383], "3/16/2016": [30.9, -0.003225806451612949], "3/17/2016": [30.98, 0.002588996763754105], "3/18/2016": [30.8, -0.00581020012911555], "3/21/2016": [30.58, -0.007142857142857221], "3/22/2016": [30.6, 0.000654022236756152], "3/23/2016": [30.0, -0.019607843137254947], "3/24/2016": [30.0, 0.0], "3/25/2016": [30.14, 0.004666666666666685], "3/28/2016": [30.09, -0.0016589250165892737], "3/29/2016": [30.68, 0.019607843137254898], "3/30/2016": [33.0, 0.07561929595827901], "3/31/2016": [32.2, -0.024242424242424156], "4/1/2016": [32.0, -0.0062111801242236905], "4/6/2016": [32.5, 0.015625], "4/7/2016": [31.51, -0.030461538461538415], "4/8/2016": [31.98, 0.014915899714376351], "4/11/2016": [32.0, 0.000625390869293295], "4/12/2016": [32.2, 0.006250000000000089], "4/13/2016": [32.3, 0.0031055900621116245], "4/14/2016": [31.99, -0.009597523219814203], "4/15/2016": [31.31, -0.021256642700844007], "4/18/2016": [31.07, -0.007665282657297938], "4/19/2016": [31.31, 0.007724493080141565], "4/20/2016": [32.19, 0.028106036410092593], "4/21/2016": [32.0, -0.0059024541783161775], "4/22/2016": [30.1, -0.059374999999999956], "4/25/2016": [30.07, -0.000996677740863825], "4/26/2016": [28.77, -0.04323245759893584], "4/27/2016": [28.2, -0.01981230448383734], "4/28/2016": [28.2, 0.0], "4/29/2016": [28.17, -0.001063829787233957], "5/3/2016": [27.94, -0.008164714235001789], "5/4/2016": [27.5, -0.015748031496063037], "5/5/2016": [27.3, -0.007272727272727247], "5/6/2016": [30.14, 0.10402930402930402], "5/9/2016": [30.3, 0.005308560053085605], "5/10/2016": [28.89, -0.04653465346534654], "5/11/2016": [28.99, 0.0034614053305641354], "5/12/2016": [29.3, 0.010693342531907634], "5/13/2016": [29.82, 0.017747440273037526], "5/16/2016": [30.0, 0.006036217303822928], "5/17/2016": [32.64, 0.08800000000000002], "5/18/2016": [32.25, -0.011948529411764722], "5/19/2016": [32.3, 0.0015503875968991367], "5/20/2016": [32.3, 0.0], "5/23/2016": [31.8, -0.015479876160990603], "5/24/2016": [31.1, -0.02201257861635218], "5/25/2016": [29.88, -0.03922829581993577], "5/26/2016": [29.1, -0.02610441767068265], "5/27/2016": [29.3, 0.0068728522336769515], "5/30/2016": [30.09, 0.026962457337883928], "5/31/2016": [29.3, -0.026254569624459927], "6/1/2016": [29.0, -0.010238907849829375], "6/2/2016": [27.97, -0.03551724137931039], "6/3/2016": [28.59, 0.022166607079013266], "6/4/2016": [28.68, 0.003147953830010488], "6/6/2016": [28.5, -0.006276150627615053], "6/7/2016": [27.85, -0.0228070175438596], "6/8/2016": [27.12, -0.026211849192100553], "6/13/2016": [26.9, -0.008112094395280324], "6/14/2016": [27.0, 0.003717472118959161], "6/15/2016": [27.0, 0.0], "6/16/2016": [23.9, -0.11481481481481487], "6/17/2016": [24.73, 0.03472803347280343], "6/20/2016": [24.0, -0.029518803073190474], "6/21/2016": [23.42, -0.024166666666666597], "6/22/2016": [23.3, -0.005123825789923184], "6/23/2016": [23.6, 0.012875536480686725], "6/24/2016": [23.5, -0.00423728813559328], "6/27/2016": [22.92, -0.024680851063829716], "6/28/2016": [23.1, 0.007853403141361244], "6/29/2016": [23.2, 0.004329004329004236], "6/30/2016": [22.0, -0.051724137931034454], "7/1/2016": [21.96, -0.0018181818181817794], "7/4/2016": [22.7, 0.03369763205828772], "7/5/2016": [22.6, -0.004405286343612241], "7/6/2016": [22.99, 0.01725663716814146], "7/7/2016": [22.98, -0.000434971726837669], "7/11/2016": [23.16, 0.007832898172323747], "7/12/2016": [22.61, -0.02374784110535409], "7/13/2016": [23.58, 0.04290137107474564], "7/14/2016": [23.2, -0.01611535199321455], "7/15/2016": [22.9, -0.012931034482758652], "7/18/2016": [22.93, 0.0013100436681223204], "7/19/2016": [22.8, -0.0056694286960313565], "7/20/2016": [23.69, 0.03903508771929827], "7/21/2016": [23.57, -0.005065428450823174], "7/22/2016": [22.95, -0.026304624522698387], "7/25/2016": [22.7, -0.010893246187363835], "7/26/2016": [22.7, 0.0], "7/27/2016": [22.4, -0.013215859030837036], "7/28/2016": [22.0, -0.017857142857142794], "7/29/2016": [22.0, 0.0], "8/1/2016": [23.91, 0.08681818181818182], "8/2/2016": [24.2, 0.012128816394813849], "8/3/2016": [23.1, -0.045454545454545366], "8/4/2016": [23.0, -0.004329004329004391], "8/5/2016": [23.0, 0.0], "8/8/2016": [23.0, 0.0], "8/9/2016": [22.72, -0.012173913043478311], "8/10/2016": [22.5, -0.009683098591549246], "8/11/2016": [22.5, 0.0], "8/12/2016": [22.6, 0.004444444444444508], "8/15/2016": [22.5, -0.004424778761062009], "8/16/2016": [22.45, -0.002222222222222254], "8/17/2016": [22.35, -0.004454342984409705], "8/18/2016": [22.42, 0.003131991051454151], "8/19/2016": [22.3, -0.005352363960749375], "8/22/2016": [22.29, -0.0004484304932736127], "8/23/2016": [22.29, 0.0], "8/24/2016": [21.94, -0.015702108568864868], "8/25/2016": [20.47, -0.06700091157702837], "8/26/2016": [22.1, 0.07962872496336114], "8/29/2016": [22.49, 0.017647058823529276], "8/30/2016": [22.49, 0.0], "8/31/2016": [22.6, 0.004891062694531036], "9/1/2016": [22.5, -0.004424778761062009], "9/2/2016": [22.46, -0.00177777777777774], "9/5/2016": [23.07, 0.02715939447907388], "9/6/2016": [23.5, 0.018638925010836572], "9/7/2016": [23.97, 0.019999999999999952], "9/8/2016": [25.1, 0.04714226115978317], "9/9/2016": [25.45, 0.013944223107569636], "9/10/2016": [25.68, 0.009037328094302572], "9/12/2016": [25.54, -0.005451713395638652], "9/13/2016": [25.48, -0.0023492560689114613], "9/14/2016": [25.38, -0.003924646781789695], "9/19/2016": [30.62, 0.2064617809298661], "9/20/2016": [29.4, -0.03984323971260622], "9/21/2016": [28.6, -0.027210884353741402], "9/22/2016": [28.85, 0.00874125874125874], "9/23/2016": [28.5, -0.012131715771230551], "9/26/2016": [28.49, -0.000350877192982511], "9/29/2016": [28.2, -0.01017901017901015], "9/30/2016": [27.2, -0.03546099290780142], "10/3/2016": [27.1, -0.003676470588235216], "10/4/2016": [27.5, 0.014760147601475962], "10/5/2016": [26.94, -0.020363636363636316], "10/6/2016": [26.12, -0.030438010393466972], "10/7/2016": [25.9, -0.008422664624808668], "10/11/2016": [22.78, -0.12046332046332037], "10/12/2016": [22.47, -0.013608428446005367], "10/13/2016": [22.5, 0.0013351134846462456],