{"1/4/2016": [1.67, ""], "1/5/2016": [1.65, -0.011976047904191628], "1/6/2016": [1.67, 0.012121212121212133], "1/7/2016": [1.65, -0.011976047904191628], "1/8/2016": [1.67, 0.012121212121212133], "1/11/2016": [1.74, 0.0419161676646707], "1/12/2016": [1.7, -0.022988505747126457], "1/13/2016": [1.6, -0.05882352941176463], "1/14/2016": [1.62, 0.012500000000000011], "1/15/2016": [1.63, 0.006172839506172707], "1/18/2016": [1.63, 0.0], "1/19/2016": [1.7, 0.04294478527607366], "1/20/2016": [1.74, 0.023529411764705903], "1/21/2016": [1.76, 0.011494252873563229], "1/22/2016": [1.76, 0.0], "1/25/2016": [1.76, 0.0], "1/26/2016": [1.76, 0.0], "1/27/2016": [1.76, 0.0], "1/28/2016": [1.67, -0.05113636363636368], "1/29/2016": [1.66, -0.005988023952095814], "1/30/2016": [1.67, 0.006024096385542174], "2/1/2016": [1.7, 0.017964071856287442], "2/2/2016": [1.62, -0.047058823529411674], "2/3/2016": [1.62, 0.0], "2/15/2016": [1.65, 0.018518518518518396], "2/16/2016": [1.77, 0.0727272727272728], "2/17/2016": [1.7, -0.039548022598870095], "2/18/2016": [1.75, 0.02941176470588238], "2/19/2016": [1.7, -0.0285714285714286], "2/22/2016": [1.7, 0.0], "2/23/2016": [1.7, 0.0], "2/24/2016": [1.75, 0.02941176470588238], "2/25/2016": [1.71, -0.022857142857142878], "2/26/2016": [1.71, 0.0], "3/1/2016": [1.77, 0.03508771929824565], "3/2/2016": [1.72, -0.028248587570621493], "3/3/2016": [1.8, 0.046511627906976785], "3/4/2016": [1.8, 0.0], "3/7/2016": [1.85, 0.0277777777777778], "3/8/2016": [1.86, 0.00540540540540541], "3/9/2016": [1.9, 0.02150537634408592], "3/10/2016": [1.8, -0.052631578947368356], "3/11/2016": [1.9, 0.05555555555555548], "3/14/2016": [2.09, 0.09999999999999998], "3/15/2016": [2.1, 0.004784688995215422], "3/16/2016": [1.9, -0.09523809523809532], "3/17/2016": [1.95, 0.026315789473684237], "3/18/2016": [1.9, -0.025641025641025664], "3/21/2016": [1.9, 0.0], "3/22/2016": [1.82, -0.04210526315789466], "3/23/2016": [1.82, 0.0], "3/24/2016": [1.82, 0.0], "3/25/2016": [1.85, 0.016483516483516498], "3/28/2016": [1.82, -0.01621621621621623], "3/29/2016": [1.8, -0.010989010989010999], "3/30/2016": [1.8, 0.0], "3/31/2016": [1.71, -0.050000000000000044], "4/1/2016": [1.67, -0.0233918128654971], "4/6/2016": [1.71, 0.023952095808383256], "4/7/2016": [1.72, 0.005847953216374275], "4/8/2016": [1.75, 0.017441860465116296], "4/11/2016": [1.75, 0.0], "4/12/2016": [1.73, -0.011428571428571439], "4/13/2016": [1.78, 0.02890173410404627], "4/14/2016": [1.83, 0.02808988764044946], "4/15/2016": [1.8, -0.016393442622950834], "4/18/2016": [1.8, 0.0], "4/19/2016": [1.85, 0.0277777777777778], "4/20/2016": [2.0, 0.08108108108108103], "4/21/2016": [1.99, -0.0050000000000000044], "4/22/2016": [1.96, -0.015075376884422124], "4/25/2016": [2.0, 0.02040816326530614], "4/26/2016": [1.95, -0.025000000000000022], "4/27/2016": [1.9, -0.025641025641025664], "4/28/2016": [1.9, 0.0], "4/29/2016": [1.9, 0.0], "5/3/2016": [1.9, 0.0], "5/4/2016": [1.88, -0.010526315789473694], "5/5/2016": [1.88, 0.0], "5/6/2016": [1.99, 0.0585106382978724], "5/9/2016": [1.9, -0.045226130653266375], "5/10/2016": [1.91, 0.005263157894736847], "5/11/2016": [1.9, -0.005235602094240842], "5/12/2016": [1.86, -0.02105263157894727], "5/13/2016": [1.8, -0.03225806451612906], "5/16/2016": [1.78, -0.01111111111111112], "5/17/2016": [1.78, 0.0], "5/18/2016": [1.8, 0.011235955056179785], "5/19/2016": [1.8, 0.0], "5/20/2016": [1.85, 0.0277777777777778], "5/23/2016": [1.84, -0.00540540540540541], "5/24/2016": [1.84, 0.0], "5/25/2016": [1.8, -0.021739130434782625], "5/26/2016": [1.78, -0.01111111111111112], "5/27/2016": [1.77, -0.005617977528089893], "5/30/2016": [1.79, 0.011299435028248598], "5/31/2016": [1.8, 0.005586592178770954], "6/1/2016": [1.78, -0.01111111111111112], "6/2/2016": [1.8, 0.011235955056179785], "6/3/2016": [1.79, -0.00555555555555556], "6/4/2016": [1.8, 0.005586592178770954], "6/6/2016": [1.79, -0.00555555555555556], "6/7/2016": [1.8, 0.005586592178770954], "6/8/2016": [1.8, 0.0], "6/13/2016": [1.8, 0.0], "6/14/2016": [1.8, 0.0], "6/15/2016": [1.77, -0.01666666666666668], "6/16/2016": [1.76, -0.005649717514124299], "6/17/2016": [1.8, 0.02272727272727275], "6/20/2016": [1.79, -0.00555555555555556], "6/21/2016": [1.79, 0.0], "6/22/2016": [1.76, -0.016759776536312863], "6/23/2016": [1.75, -0.005681818181818187], "6/24/2016": [1.75, 0.0], "6/27/2016": [1.76, 0.0057142857142857195], "6/28/2016": [1.76, 0.0], "6/29/2016": [1.76, 0.0], "6/30/2016": [1.8, 0.02272727272727275], "7/1/2016": [1.76, -0.02222222222222224], "7/4/2016": [1.72, -0.02272727272727275], "7/5/2016": [1.72, 0.0], "7/6/2016": [1.7, -0.011627906976744196], "7/7/2016": [1.7, 0.0], "7/11/2016": [1.7, 0.0], "7/12/2016": [1.69, -0.005882352941176476], "7/13/2016": [1.68, -0.0059171597633136145], "7/14/2016": [1.68, 0.0], "7/15/2016": [1.7, 0.011904761904761916], "7/18/2016": [1.74, 0.023529411764705903], "7/19/2016": [1.75, 0.005747126436781614], "7/20/2016": [1.61, -0.07999999999999995], "7/21/2016": [1.69, 0.049689440993788726], "7/22/2016": [1.77, 0.047337278106508916], "7/25/2016": [1.71, -0.03389830508474579], "7/26/2016": [1.72, 0.005847953216374275], "7/27/2016": [1.71, -0.005813953488372098], "7/28/2016": [1.7, -0.005847953216374275], "7/29/2016": [1.7, 0.0], "8/1/2016": [1.63, -0.041176470588235335], "8/2/2016": [1.73, 0.0613496932515338], "8/3/2016": [1.7, -0.01734104046242776], "8/4/2016": [1.73, 0.01764705882352943], "8/5/2016": [1.73, 0.0], "8/8/2016": [1.81, 0.04624277456647403], "8/9/2016": [1.75, -0.03314917127071826], "8/10/2016": [1.75, 0.0], "8/11/2016": [1.79, 0.022857142857142878], "8/12/2016": [1.84, 0.02793296089385477], "8/15/2016": [1.9, 0.03260869565217382], "8/16/2016": [1.96, 0.03157894736842108], "8/17/2016": [1.98, 0.01020408163265307], "8/18/2016": [2.0, 0.01010101010101011], "8/19/2016": [1.95, -0.025000000000000022], "8/22/2016": [1.98, 0.0153846153846154], "8/23/2016": [2.0, 0.01010101010101011], "8/24/2016": [2.0, 0.0], "8/25/2016": [1.93, -0.03500000000000003], "8/26/2016": [1.9, -0.015544041450777216], "8/29/2016": [1.9, 0.0], "8/30/2016": [2.04, 0.07368421052631585], "8/31/2016": [2.0, -0.01960784313725492], "9/1/2016": [1.94, -0.030000000000000027], "9/2/2016": [1.97, 0.01546391752577321], "9/5/2016": [1.82, -0.07614213197969538], "9/6/2016": [1.9, 0.04395604395604387], "9/7/2016": [1.98, 0.04210526315789478], "9/8/2016": [2.0, 0.01010101010101011], "9/9/2016": [1.98, -0.010000000000000009], "9/10/2016": [1.96, -0.01010101010101011], "9/12/2016": [2.0, 0.02040816326530614], "9/13/2016": [2.01, 0.004999999999999893], "9/14/2016": [1.96, -0.024875621890547178], "9/19/2016": [2.0, 0.02040816326530614], "9/20/2016": [2.0, 0.0], "9/21/2016": [2.0, 0.0], "9/22/2016": [1.98, -0.010000000000000009], "9/23/2016": [1.95, -0.015151515151515166], "9/26/2016": [1.9, -0.025641025641025664], "9/29/2016": [1.89, -0.005263157894736847], "9/30/2016": [1.96, 0.03703703703703707], "10/3/2016": [1.85, -0.056122448979591774], "10/4/2016": [1.86, 0.00540540540540541], "10/5/2016": [1.86, 0.0], "10/6/2016": [1.86, 0.0], "10/7/2016": [1.81, -0.026881720430107548], "10/11/2016": [1.86, 0.027624309392265217], "10/12/2016": [1.8, -0.03225806451612906], "10/13/2016": [1.75, -0.0277777777777778], "10/14/2016": [1.68, -0.040000000000000036], "10/17/2016": [1.68, 0.0], "10/18/2016": [1.68, 0.0], "10/19/2016": [1.8, 0.0714285714285715], "10/20/2016": [1.82, 0.01111111111111112], "10/21/2016": [1.85, 0.016483516483516498], "10/24/2016": [1.74, -0.05945945945945951], "10/25/2016": [1.68, -0.03448275862068969], "10/26/2016": [1.68, 0.0], "10/27/2016": [1.68, 0.0], "10/28/2016": [1.68, 0.0], "10/31/2016": [1.68, 0.0], "11/1/2016": [1.68, 0.0], "11/2/2016": [1.68, 0.0], "11/3/2016": [1.68, 0.0], "11/4/2016": [1.68, 0.0], "11/7/2016": [2.81, 0.6726190476190477], "11/8/2016": [2.95, 0.04982206405693954], "11/9/2016": [2.95, 0.0], "11/10/2016": [2.99, 0.013559322033898317], "11/11/2016": [3.0, 0.003344481605351099], "11/14/2016": [2.84, -0.05333333333333338],