{"1/4/2016": [28.3, ""], "1/5/2016": [28.05, -0.0088339222614841], "1/6/2016": [27.6, -0.016042780748663076], "1/7/2016": [26.7, -0.03260869565217399], "1/8/2016": [27.45, 0.028089887640449437], "1/11/2016": [27.8, 0.012750455373406246], "1/12/2016": [27.25, -0.01978417266187053], "1/13/2016": [27.3, 0.001834862385321127], "1/14/2016": [26.4, -0.032967032967033044], "1/15/2016": [26.3, -0.0037878787878787073], "1/18/2016": [26.55, 0.009505703422053232], "1/19/2016": [26.8, 0.009416195856873822], "1/20/2016": [26.1, -0.026119402985074598], "1/21/2016": [25.8, -0.011494252873563244], "1/22/2016": [25.8, 0.0], "1/25/2016": [26.2, 0.015503875968992192], "1/26/2016": [26.25, 0.0019083969465649127], "1/27/2016": [26.35, 0.0038095238095238637], "1/28/2016": [26.5, 0.005692599620493305], "1/29/2016": [26.75, 0.009433962264150943], "1/30/2016": [27.0, 0.009345794392523364], "2/1/2016": [26.8, -0.007407407407407381], "2/2/2016": [26.85, 0.0018656716417910712], "2/3/2016": [27.2, 0.01303538175046547], "2/15/2016": [27.1, -0.003676470588235216], "2/16/2016": [27.2, 0.0036900369003689247], "2/17/2016": [27.0, -0.007352941176470562], "2/18/2016": [27.15, 0.005555555555555503], "2/19/2016": [27.15, 0.0], "2/22/2016": [26.9, -0.009208103130755065], "2/23/2016": [26.9, 0.0], "2/24/2016": [27.0, 0.003717472118959161], "2/25/2016": [27.2, 0.007407407407407381], "2/26/2016": [27.2, 0.0], "3/1/2016": [27.4, 0.007352941176470562], "3/2/2016": [27.85, 0.01642335766423368], "3/3/2016": [29.3, 0.052064631956912], "3/4/2016": [29.2, -0.003412969283276499], "3/7/2016": [29.1, -0.0034246575342465023], "3/8/2016": [29.0, -0.0034364261168385365], "3/9/2016": [28.3, -0.024137931034482734], "3/10/2016": [28.05, -0.0088339222614841], "3/11/2016": [28.25, 0.007130124777183575], "3/14/2016": [28.15, -0.0035398230088496078], "3/15/2016": [27.7, -0.01598579040852573], "3/16/2016": [27.7, 0.0], "3/17/2016": [27.85, 0.005415162454873723], "3/18/2016": [27.7, -0.005385996409335804], "3/21/2016": [27.75, 0.0018050541516245744], "3/22/2016": [27.35, -0.014414414414414363], "3/23/2016": [27.45, 0.003656307129798825], "3/24/2016": [27.4, -0.0018214936247723393], "3/25/2016": [27.3, -0.0036496350364962726], "3/28/2016": [26.75, -0.020146520146520172], "3/29/2016": [26.25, -0.018691588785046728], "3/30/2016": [26.4, 0.0057142857142856605], "3/31/2016": [26.5, 0.0037878787878788418], "4/1/2016": [26.5, 0.0], "4/6/2016": [26.3, -0.007547169811320728], "4/7/2016": [25.75, -0.020912547528517136], "4/8/2016": [25.9, 0.005825242718446547], "4/11/2016": [25.75, -0.0057915057915057366], "4/12/2016": [25.6, -0.005825242718446547], "4/13/2016": [25.85, 0.009765625], "4/14/2016": [26.4, 0.02127659574468074], "4/15/2016": [25.95, -0.01704545454545452], "4/18/2016": [25.75, -0.007707129094412304], "4/19/2016": [25.65, -0.0038834951456311233], "4/20/2016": [25.6, -0.0019493177387913123], "4/21/2016": [25.4, -0.007812500000000111], "4/22/2016": [25.2, -0.007874015748031468], "4/25/2016": [25.15, -0.001984126984127012], "4/26/2016": [25.2, 0.001988071570576569], "4/27/2016": [25.2, 0.0], "4/28/2016": [25.05, -0.0059523809523808965], "4/29/2016": [25.05, 0.0], "5/3/2016": [24.4, -0.025948103792415255], "5/4/2016": [23.7, -0.028688524590163907], "5/5/2016": [24.0, 0.012658227848101297], "5/6/2016": [23.6, -0.016666666666666607], "5/9/2016": [23.55, -0.00211864406779664], "5/10/2016": [23.7, 0.006369426751592296], "5/11/2016": [23.55, -0.006329113924050573], "5/12/2016": [23.85, 0.012738853503184744], "5/13/2016": [23.6, -0.010482180293501047], "5/16/2016": [23.45, -0.00635593220338992], "5/17/2016": [23.8, 0.014925373134328419], "5/18/2016": [24.0, 0.008403361344537785], "5/19/2016": [23.55, -0.01874999999999997], "5/20/2016": [23.5, -0.002123142250530816], "5/23/2016": [24.0, 0.02127659574468085], "5/24/2016": [24.2, 0.008333333333333304], "5/25/2016": [24.35, 0.006198347107438105], "5/26/2016": [24.5, 0.006160164271047169], "5/27/2016": [24.4, -0.004081632653061282], "5/30/2016": [24.4, 0.0], "5/31/2016": [24.25, -0.006147540983606499], "6/1/2016": [24.45, 0.008247422680412342], "6/2/2016": [24.2, -0.010224948875255624], "6/3/2016": [24.1, -0.004132231404958589], "6/4/2016": [24.3, 0.008298755186721962], "6/6/2016": [24.4, 0.0041152263374484715], "6/7/2016": [24.2, -0.00819672131147538], "6/8/2016": [24.4, 0.008264462809917326], "6/13/2016": [24.0, -0.01639344262295076], "6/14/2016": [24.0, 0.0], "6/15/2016": [24.65, 0.027083333333333275], "6/16/2016": [24.3, -0.014198782961460361], "6/17/2016": [24.3, 0.0], "6/20/2016": [24.35, 0.002057613168724309], "6/21/2016": [24.55, 0.008213552361396275], "6/22/2016": [24.4, -0.006109979633401309], "6/23/2016": [24.5, 0.004098360655737763], "6/24/2016": [23.9, -0.024489795918367405], "6/27/2016": [24.0, 0.004184100418410101], "6/28/2016": [24.0, 0.0], "6/29/2016": [24.1, 0.004166666666666726], "6/30/2016": [24.3, 0.008298755186721962], "7/1/2016": [24.5, 0.00823045267489709], "7/4/2016": [24.1, -0.01632653061224484], "7/5/2016": [24.1, 0.0], "7/6/2016": [23.95, -0.006224066390041582], "7/7/2016": [23.95, 0.0], "7/11/2016": [23.85, -0.004175365344467552], "7/12/2016": [23.75, -0.0041928721174004785], "7/13/2016": [23.95, 0.008421052631578918], "7/14/2016": [23.8, -0.006263048016701403], "7/15/2016": [23.9, 0.004201680672268818], "7/18/2016": [26.25, 0.09832635983263605], "7/19/2016": [26.05, -0.007619047619047592], "7/20/2016": [27.15, 0.04222648752399224], "7/21/2016": [27.0, -0.005524861878452986], "7/22/2016": [26.8, -0.007407407407407381], "7/25/2016": [26.2, -0.022388059701492588], "7/26/2016": [26.6, 0.015267175572519165], "7/27/2016": [26.75, 0.005639097744360848], "7/28/2016": [26.85, 0.003738317757009399], "7/29/2016": [26.8, -0.0018621973929236763], "8/1/2016": [27.8, 0.03731343283582089], "8/2/2016": [27.5, -0.010791366906474845], "8/3/2016": [28.05, 0.020000000000000025], "8/4/2016": [27.65, -0.014260249554367277], "8/5/2016": [27.75, 0.0036166365280289846], "8/8/2016": [27.9, 0.0054054054054053545], "8/9/2016": [27.9, 0.0], "8/10/2016": [27.5, -0.014336917562723964], "8/11/2016": [27.25, -0.00909090909090909], "8/12/2016": [26.9, -0.01284403669724776], "8/15/2016": [26.2, -0.02602230483271373], "8/16/2016": [26.0, -0.007633587786259515], "8/17/2016": [26.5, 0.019230769230769232], "8/18/2016": [26.35, -0.005660377358490513], "8/19/2016": [26.1, -0.009487666034155597], "8/22/2016": [26.2, 0.003831417624520991], "8/23/2016": [26.15, -0.0019083969465649127], "8/24/2016": [26.15, 0.0], "8/25/2016": [25.9, -0.009560229445506692], "8/26/2016": [25.95, 0.001930501930501958], "8/29/2016": [26.25, 0.011560693641618524], "8/30/2016": [26.6, 0.013333333333333388], "8/31/2016": [26.6, 0.0], "9/1/2016": [26.4, -0.007518796992481309], "9/2/2016": [26.75, 0.013257575757575812], "9/5/2016": [26.55, -0.007476635514018665], "9/6/2016": [26.45, -0.003766478342749583], "9/7/2016": [26.55, 0.003780718336483986], "9/8/2016": [26.55, 0.0], "9/9/2016": [26.3, -0.009416195856873822], "9/10/2016": [26.15, -0.00570342205323202], "9/12/2016": [25.85, -0.011472275334607922], "9/13/2016": [26.1, 0.00967117988394584], "9/14/2016": [25.85, -0.009578544061302681], "9/19/2016": [25.75, -0.0038684719535783912], "9/20/2016": [25.85, 0.0038834951456311233], "9/21/2016": [26.2, 0.013539651837524095], "9/22/2016": [26.1, -0.0038167938931296897], "9/23/2016": [25.95, -0.005747126436781691], "9/26/2016": [25.85, -0.0038535645472060837], "9/29/2016": [26.1, 0.00967117988394584], "9/30/2016": [25.65, -0.017241379310344935], "10/3/2016": [25.6, -0.0019493177387913123], "10/4/2016": [25.4, -0.007812500000000111], "10/5/2016": [25.45, 0.001968503937007902], "10/6/2016": [25.6, 0.005893909626719141], "10/7/2016": [25.45, -0.005859375000000083], "10/11/2016": [25.0, -0.017681728880157142], "10/12/2016": [25.15, 0.005999999999999943], "10/13/2016": [25.0, -0.005964214711729566], "10/14/2016": [24.6, -0.015999999999999945], "10/17/2016": [24.4, -0.008130081300813123],