{"1/4/2016": [20.9, ""], "1/5/2016": [20.8, -0.004784688995215209], "1/6/2016": [20.4, -0.019230769230769332], "1/7/2016": [19.55, -0.04166666666666657], "1/8/2016": [20.2, 0.03324808184143215], "1/11/2016": [19.9, -0.014851485148514887], "1/12/2016": [19.5, -0.020100502512562745], "1/13/2016": [19.5, 0.0], "1/14/2016": [19.55, 0.0025641025641026005], "1/15/2016": [19.35, -0.010230179028132955], "1/18/2016": [19.8, 0.023255813953488334], "1/19/2016": [19.75, -0.002525252525252561], "1/20/2016": [19.4, -0.017721518987341846], "1/21/2016": [19.35, -0.0025773195876287198], "1/22/2016": [19.2, -0.007751937984496233], "1/25/2016": [19.25, 0.002604166666666704], "1/26/2016": [19.15, -0.0051948051948052685], "1/27/2016": [19.15, 0.0], "1/28/2016": [19.2, 0.0026109660574412906], "1/29/2016": [19.2, 0.0], "1/30/2016": [19.45, 0.013020833333333334], "2/1/2016": [19.6, 0.007712082262210907], "2/2/2016": [19.35, -0.012755102040816325], "2/3/2016": [19.1, -0.012919896640826873], "2/15/2016": [19.2, 0.005235602094240726], "2/16/2016": [19.3, 0.005208333333333408], "2/17/2016": [19.2, -0.00518134715025914], "2/18/2016": [19.3, 0.005208333333333408], "2/19/2016": [19.4, 0.0051813471502589565], "2/22/2016": [19.65, 0.012886597938144331], "2/23/2016": [19.7, 0.00254452926208655], "2/24/2016": [19.8, 0.005076142131979768], "2/25/2016": [19.8, 0.0], "2/26/2016": [19.7, -0.005050505050505122], "3/1/2016": [19.7, 0.0], "3/2/2016": [20.05, 0.017766497461929008], "3/3/2016": [20.0, -0.0024937655860349482], "3/4/2016": [20.1, 0.005000000000000071], "3/7/2016": [19.8, -0.014925373134328393], "3/8/2016": [19.7, -0.005050505050505122], "3/9/2016": [19.9, 0.010152284263959355], "3/10/2016": [20.0, 0.005025125628140776], "3/11/2016": [20.1, 0.005000000000000071], "3/14/2016": [19.9, -0.009950248756219046], "3/15/2016": [19.85, -0.002512562814070209], "3/16/2016": [19.8, -0.0025188916876574662], "3/17/2016": [20.15, 0.01767676767676757], "3/18/2016": [20.75, 0.029776674937965333], "3/21/2016": [20.65, -0.004819277108433803], "3/22/2016": [20.35, -0.014527845036319476], "3/23/2016": [20.8, 0.022113022113022077], "3/24/2016": [20.7, -0.004807692307692376], "3/25/2016": [20.3, -0.019323671497584474], "3/28/2016": [19.85, -0.022167487684729027], "3/29/2016": [19.8, -0.0025188916876574662], "3/30/2016": [19.85, 0.002525252525252561], "3/31/2016": [19.4, -0.022670025188917017], "4/1/2016": [19.2, -0.010309278350515427], "4/6/2016": [19.5, 0.015625000000000038], "4/7/2016": [19.45, -0.0025641025641026005], "4/8/2016": [19.45, 0.0], "4/11/2016": [19.45, 0.0], "4/12/2016": [19.3, -0.007712082262210724], "4/13/2016": [19.25, -0.00259067357512957], "4/14/2016": [19.5, 0.012987012987012988], "4/15/2016": [19.5, 0.0], "4/18/2016": [19.5, 0.0], "4/19/2016": [19.45, -0.0025641025641026005], "4/20/2016": [19.1, -0.017994858611825083], "4/21/2016": [19.35, 0.013089005235602092], "4/22/2016": [19.2, -0.007751937984496233], "4/25/2016": [19.0, -0.01041666666666663], "4/26/2016": [18.75, -0.013157894736842105], "4/27/2016": [18.85, 0.0053333333333334095], "4/28/2016": [18.75, -0.005305039787798484], "4/29/2016": [18.7, -0.0026666666666667047], "5/3/2016": [18.5, -0.010695187165775364], "5/4/2016": [18.1, -0.021621621621621546], "5/5/2016": [18.45, 0.019337016574585517], "5/6/2016": [18.4, -0.0027100271002710413], "5/9/2016": [18.35, -0.0027173913043476716], "5/10/2016": [18.3, -0.002724795640327014], "5/11/2016": [18.1, -0.01092896174863384], "5/12/2016": [18.0, -0.0055248618784531165], "5/13/2016": [17.75, -0.013888888888888888], "5/16/2016": [17.6, -0.008450704225352032], "5/17/2016": [17.65, 0.0028409090909089292], "5/18/2016": [17.55, -0.005665722379603279], "5/19/2016": [17.45, -0.005698005698005779], "5/20/2016": [17.5, 0.0028653295128940235], "5/23/2016": [17.75, 0.014285714285714285], "5/24/2016": [17.7, -0.0028169014084507443], "5/25/2016": [18.25, 0.031073446327683656], "5/26/2016": [18.25, 0.0], "5/27/2016": [18.5, 0.0136986301369863], "5/30/2016": [18.5, 0.0], "5/31/2016": [18.35, -0.00810810810810803], "6/1/2016": [18.4, 0.0027247956403268206], "6/2/2016": [18.15, -0.013586956521739132], "6/3/2016": [18.15, 0.0], "6/4/2016": [18.3, 0.008264462809917474], "6/6/2016": [18.2, -0.005464480874317017], "6/7/2016": [18.2, 0.0], "6/8/2016": [18.15, -0.0027472527472527865], "6/13/2016": [17.95, -0.011019283746556436], "6/14/2016": [18.2, 0.01392757660167131], "6/15/2016": [18.4, 0.01098901098901095], "6/16/2016": [18.55, 0.008152173913043594], "6/17/2016": [18.95, 0.02156334231805922], "6/20/2016": [19.25, 0.01583113456464384], "6/21/2016": [19.3, 0.0025974025974026343], "6/22/2016": [19.55, 0.012953367875647668], "6/23/2016": [19.55, 0.0], "6/24/2016": [19.5, -0.0025575447570332843], "6/27/2016": [19.55, 0.0025641025641026005], "6/28/2016": [19.6, 0.0025575447570332843], "6/29/2016": [19.7, 0.005102040816326422], "6/30/2016": [19.8, 0.005076142131979768], "7/1/2016": [19.95, 0.007575757575757504], "7/4/2016": [19.7, -0.012531328320802006], "7/5/2016": [19.8, 0.005076142131979768], "7/6/2016": [19.5, -0.015151515151515187], "7/7/2016": [19.3, -0.01025641025641022], "7/11/2016": [19.25, -0.00259067357512957], "7/12/2016": [19.05, -0.010389610389610353], "7/13/2016": [19.05, 0.0], "7/14/2016": [19.1, 0.002624671916010536], "7/15/2016": [18.95, -0.007853403141361367], "7/18/2016": [19.0, 0.002638522427440671], "7/19/2016": [18.9, -0.005263157894736917], "7/20/2016": [19.15, 0.013227513227513229], "7/21/2016": [19.5, 0.018276762402088847], "7/22/2016": [18.25, -0.0641025641025641], "7/25/2016": [18.35, 0.005479452054794599], "7/26/2016": [18.5, 0.008174386920980848], "7/27/2016": [18.6, 0.005405405405405482], "7/28/2016": [18.6, 0.0], "7/29/2016": [18.25, -0.018817204301075342], "8/1/2016": [18.5, 0.0136986301369863], "8/2/2016": [18.5, 0.0], "8/3/2016": [18.45, -0.002702702702702741], "8/4/2016": [18.2, -0.013550135501355014], "8/5/2016": [18.4, 0.01098901098901095], "8/8/2016": [18.4, 0.0], "8/9/2016": [18.4, 0.0], "8/10/2016": [18.35, -0.0027173913043476716], "8/11/2016": [18.35, 0.0], "8/12/2016": [18.4, 0.0027247956403268206], "8/15/2016": [20.2, 0.09782608695652178], "8/16/2016": [20.65, 0.02227722772277224], "8/17/2016": [20.75, 0.004842615012106606], "8/18/2016": [21.0, 0.012048192771084338], "8/19/2016": [21.05, 0.002380952380952415], "8/22/2016": [22.15, 0.05225653206650821], "8/23/2016": [22.45, 0.013544018058690778], "8/24/2016": [21.9, -0.02449888641425393], "8/25/2016": [21.3, -0.027397260273972508], "8/26/2016": [21.25, -0.0023474178403756203], "8/29/2016": [21.1, -0.007058823529411698], "8/30/2016": [21.2, 0.004739336492890894], "8/31/2016": [20.9, -0.014150943396226448], "9/1/2016": [20.35, -0.026315789473684077], "9/2/2016": [19.75, -0.02948402948402955], "9/5/2016": [20.3, 0.027848101265822822], "9/6/2016": [20.25, -0.002463054187192153], "9/7/2016": [20.15, -0.004938271604938342], "9/8/2016": [20.9, 0.03722084367245658], "9/9/2016": [20.6, -0.014354066985645798], "9/10/2016": [20.15, -0.021844660194174893], "9/12/2016": [20.0, -0.007444168734491245], "9/13/2016": [20.0, 0.0], "9/14/2016": [19.7, -0.015000000000000036], "9/19/2016": [19.85, 0.007614213197969652], "9/20/2016": [19.9, 0.0025188916876572875], "9/21/2016": [20.65, 0.03768844221105528], "9/22/2016": [20.5, -0.007263922518159738], "9/23/2016": [20.5, 0.0], "9/26/2016": [20.55, 0.002439024390243937], "9/29/2016": [20.3, -0.0121654501216545], "9/30/2016": [20.2, -0.004926108374384306], "10/3/2016": [20.2, 0.0], "10/4/2016": [20.4, 0.009900990099009866], "10/5/2016": [20.2, -0.009803921568627416], "10/6/2016": [19.95, -0.012376237623762377], "10/7/2016": [19.95, 0.0], "10/11/2016": [19.2, -0.03759398496240601], "10/12/2016": [19.0, -0.01041666666666663], "10/13/2016": [19.0, 0.0], "10/14/2016": [18.95, -0.0026315789473684583], "10/17/2016": [18.9, -0.002638522427440671], "10/18/2016": [18.95, 0.002645502645502683], "10/19/2016": [19.15, 0.010554089709762496], "10/20/2016": [19.5, 0.018276762402088847],