{"1/4/2016": [14.1, ""], "1/5/2016": [13.9, -0.014184397163120517], "1/6/2016": [13.6, -0.02158273381294969], "1/7/2016": [13.85, 0.01838235294117647], "1/8/2016": [13.95, 0.007220216606498169], "1/11/2016": [13.7, -0.01792114695340502], "1/12/2016": [13.65, -0.0036496350364962726], "1/13/2016": [14.1, 0.03296703296703291], "1/14/2016": [13.4, -0.04964539007092194], "1/15/2016": [13.3, -0.007462686567164152], "1/18/2016": [13.7, 0.030075187969924703], "1/19/2016": [13.95, 0.018248175182481754], "1/20/2016": [13.45, -0.03584229390681004], "1/21/2016": [13.3, -0.011152416356877219], "1/22/2016": [13.4, 0.007518796992481176], "1/25/2016": [13.5, 0.007462686567164152], "1/26/2016": [13.4, -0.007407407407407381], "1/27/2016": [13.25, -0.011194029850746294], "1/28/2016": [13.4, 0.011320754716981159], "1/29/2016": [13.9, 0.03731343283582089], "1/30/2016": [13.9, 0.0], "2/1/2016": [13.5, -0.028776978417266213], "2/2/2016": [13.45, -0.0037037037037037563], "2/3/2016": [13.45, 0.0], "2/15/2016": [13.25, -0.014869888475836378], "2/16/2016": [13.35, 0.007547169811320728], "2/17/2016": [13.6, 0.018726591760299626], "2/18/2016": [13.85, 0.01838235294117647], "2/19/2016": [13.7, -0.010830324909747318], "2/22/2016": [14.45, 0.05474452554744526], "2/23/2016": [14.0, -0.03114186851211068], "2/24/2016": [14.05, 0.003571428571428622], "2/25/2016": [14.2, 0.010676156583629791], "2/26/2016": [14.1, -0.007042253521126736], "3/1/2016": [14.15, 0.0035460992907801925], "3/2/2016": [14.3, 0.010600706713780944], "3/3/2016": [14.5, 0.013986013986013936], "3/4/2016": [14.85, 0.024137931034482734], "3/7/2016": [14.8, -0.0033670033670032953], "3/8/2016": [14.8, 0.0], "3/9/2016": [15.5, 0.047297297297297244], "3/10/2016": [15.5, 0.0], "3/11/2016": [15.35, -0.009677419354838733], "3/14/2016": [15.4, 0.0032573289902280596], "3/15/2016": [14.8, -0.03896103896103894], "3/16/2016": [15.0, 0.013513513513513466], "3/17/2016": [14.9, -0.006666666666666643], "3/18/2016": [14.95, 0.0033557046979865056], "3/21/2016": [15.2, 0.016722408026755852], "3/22/2016": [15.05, -0.009868421052631486], "3/23/2016": [15.1, 0.0033222591362125535], "3/24/2016": [14.7, -0.026490066225165587], "3/25/2016": [14.75, 0.0034013605442177355], "3/28/2016": [14.25, -0.03389830508474576], "3/29/2016": [13.95, -0.02105263157894742], "3/30/2016": [14.2, 0.01792114695340502], "3/31/2016": [14.15, -0.0035211267605633053], "4/1/2016": [14.05, -0.007067137809187254], "4/6/2016": [14.3, 0.01779359430604982], "4/7/2016": [14.9, 0.04195804195804193], "4/8/2016": [16.35, 0.0973154362416108], "4/11/2016": [17.95, 0.09785932721712524], "4/12/2016": [16.4, -0.08635097493036216], "4/13/2016": [18.0, 0.0975609756097562], "4/14/2016": [18.5, 0.027777777777777776], "4/15/2016": [18.35, -0.00810810810810803], "4/18/2016": [18.1, -0.013623978201634876], "4/19/2016": [17.4, -0.03867403314917142], "4/20/2016": [17.1, -0.017241379310344664], "4/21/2016": [17.2, 0.005847953216374144], "4/22/2016": [16.5, -0.04069767441860461], "4/25/2016": [17.0, 0.030303030303030304], "4/26/2016": [17.0, 0.0], "4/27/2016": [17.2, 0.0117647058823529], "4/28/2016": [17.6, 0.023255813953488497], "4/29/2016": [17.25, -0.019886363636363716], "5/3/2016": [17.4, 0.00869565217391296], "5/4/2016": [17.25, -0.008620689655172332], "5/5/2016": [18.1, 0.049275362318840665], "5/6/2016": [17.6, -0.027624309392265192], "5/9/2016": [15.9, -0.09659090909090914], "5/10/2016": [16.3, 0.025157232704402538], "5/11/2016": [16.3, 0.0], "5/12/2016": [15.95, -0.021472392638036897], "5/13/2016": [15.9, -0.0031347962382444476], "5/16/2016": [16.1, 0.012578616352201324], "5/17/2016": [16.7, 0.03726708074534148], "5/18/2016": [16.8, 0.005988023952095894], "5/19/2016": [16.9, 0.005952380952380825], "5/20/2016": [16.75, -0.008875739644970331], "5/23/2016": [16.9, 0.00895522388059693], "5/24/2016": [16.9, 0.0], "5/25/2016": [17.05, 0.008875739644970541], "5/26/2016": [17.05, 0.0], "5/27/2016": [17.95, 0.0527859237536656], "5/30/2016": [17.9, -0.0027855153203343017], "5/31/2016": [17.7, -0.01117318435754186], "6/1/2016": [17.35, -0.01977401129943491], "6/2/2016": [17.65, 0.017291066282420584], "6/3/2016": [17.8, 0.008498583569405221], "6/4/2016": [17.65, -0.008426966292134951], "6/6/2016": [16.5, -0.06515580736543902], "6/7/2016": [16.25, -0.015151515151515152], "6/8/2016": [16.5, 0.015384615384615385], "6/13/2016": [16.35, -0.009090909090909005], "6/14/2016": [16.5, 0.009174311926605417], "6/15/2016": [16.2, -0.018181818181818226], "6/16/2016": [16.0, -0.012345679012345635], "6/17/2016": [15.9, -0.006249999999999978], "6/20/2016": [16.0, 0.006289308176100607], "6/21/2016": [15.85, -0.009375000000000022], "6/22/2016": [15.75, -0.006309148264984205], "6/23/2016": [15.75, 0.0], "6/24/2016": [15.3, -0.028571428571428525], "6/27/2016": [15.45, 0.009803921568627357], "6/28/2016": [15.25, -0.01294498381877018], "6/29/2016": [15.5, 0.01639344262295082], "6/30/2016": [15.6, 0.006451612903225784], "7/1/2016": [15.85, 0.016025641025641028], "7/4/2016": [15.8, -0.0031545741324920462], "7/5/2016": [15.8, 0.0], "7/6/2016": [16.0, 0.01265822784810122], "7/7/2016": [15.65, -0.021874999999999978], "7/11/2016": [15.8, 0.009584664536741236], "7/12/2016": [16.05, 0.01582278481012658], "7/13/2016": [15.65, -0.024922118380062325], "7/14/2016": [15.65, 0.0], "7/15/2016": [15.5, -0.009584664536741236], "7/18/2016": [15.6, 0.006451612903225784], "7/19/2016": [15.45, -0.009615384615384638], "7/20/2016": [15.45, 0.0], "7/21/2016": [15.65, 0.012944983818770297], "7/22/2016": [16.1, 0.02875399361022371], "7/25/2016": [16.3, 0.012422360248447159], "7/26/2016": [16.25, -0.0030674846625767306], "7/27/2016": [16.0, -0.015384615384615385], "7/28/2016": [15.4, -0.03749999999999998], "7/29/2016": [15.15, -0.016233766233766232], "8/1/2016": [15.05, -0.006600660066006577], "8/2/2016": [15.25, 0.01328903654485045], "8/3/2016": [15.05, -0.013114754098360609], "8/4/2016": [14.9, -0.009966777408637897], "8/5/2016": [15.0, 0.00671140939597313], "8/8/2016": [15.0, 0.0], "8/9/2016": [14.85, -0.010000000000000024], "8/10/2016": [14.95, 0.00673400673400671], "8/11/2016": [15.0, 0.003344481605351218], "8/12/2016": [15.05, 0.003333333333333381], "8/15/2016": [14.9, -0.009966777408637897], "8/16/2016": [15.2, 0.020134228187919392], "8/17/2016": [15.3, 0.006578947368421147], "8/18/2016": [15.65, 0.022875816993464027], "8/19/2016": [15.75, 0.006389776357827453], "8/22/2016": [15.6, -0.009523809523809547], "8/23/2016": [15.85, 0.016025641025641028], "8/24/2016": [17.4, 0.09779179810725545], "8/25/2016": [17.15, -0.014367816091954025], "8/26/2016": [17.05, -0.005830903790087339], "8/29/2016": [16.9, -0.008797653958944406], "8/30/2016": [16.7, -0.011834319526627177], "8/31/2016": [16.5, -0.011976047904191574], "9/1/2016": [16.3, -0.012121212121212078], "9/2/2016": [16.35, 0.0030674846625767306], "9/5/2016": [16.7, 0.021406727828746044], "9/6/2016": [16.55, -0.008982035928143627], "9/7/2016": [16.6, 0.0030211480362538194], "9/8/2016": [17.0, 0.024096385542168586], "9/9/2016": [17.2, 0.0117647058823529], "9/10/2016": [17.3, 0.005813953488372176], "9/12/2016": [17.05, -0.014450867052023121], "9/13/2016": [16.85, -0.011730205278592334], "9/14/2016": [16.5, -0.02077151335311581], "9/19/2016": [16.55, 0.0030303030303030732], "9/20/2016": [16.45, -0.006042296072507639], "9/21/2016": [16.4, -0.0030395136778115935], "9/22/2016": [16.4, 0.0], "9/23/2016": [16.45, 0.0030487804878049215], "9/26/2016": [16.3, -0.009118541033434565], "9/29/2016": [16.2, -0.006134969325153461], "9/30/2016": [16.35, 0.00925925925925939], "10/3/2016": [16.3, -0.0030581039755352116], "10/4/2016": [16.3, 0.0], "10/5/2016": [16.45, 0.009202453987729974], "10/6/2016": [16.55, 0.006079027355623187], "10/7/2016": [16.55, 0.0], "10/11/2016": [15.75, -0.048338368580060465], "10/12/2016": [15.4, -0.0222222222222222], "10/13/2016": [15.4, 0.0], "10/14/2016": [15.0, -0.025974025974025997], "10/17/2016": [15.0, 0.0], "10/18/2016": [15.15, 0.010000000000000024],