{"1/4/2016": [21.0, ""], "1/5/2016": [21.3, 0.01428571428571432], "1/6/2016": [21.5, 0.009389671361502313], "1/7/2016": [21.0, -0.023255813953488372], "1/8/2016": [21.3, 0.01428571428571432], "1/11/2016": [20.1, -0.05633802816901405], "1/12/2016": [21.0, 0.044776119402985], "1/13/2016": [21.0, 0.0], "1/14/2016": [20.95, -0.002380952380952415], "1/15/2016": [21.0, 0.002386634844868769], "1/18/2016": [20.4, -0.02857142857142864], "1/19/2016": [21.2, 0.03921568627450984], "1/20/2016": [20.5, -0.03301886792452827], "1/21/2016": [20.5, 0.0], "1/22/2016": [20.7, 0.009756097560975575], "1/25/2016": [20.5, -0.009661835748792237], "1/26/2016": [20.7, 0.009756097560975575], "1/27/2016": [20.7, 0.0], "1/28/2016": [21.2, 0.024154589371980676], "1/29/2016": [20.7, -0.02358490566037736], "1/30/2016": [20.65, -0.002415458937198102], "2/1/2016": [20.9, 0.012106537530266345], "2/2/2016": [20.6, -0.014354066985645798], "2/3/2016": [21.1, 0.024271844660194174], "2/15/2016": [21.0, -0.004739336492891062], "2/16/2016": [20.8, -0.00952380952380949], "2/17/2016": [21.65, 0.04086538461538451], "2/18/2016": [21.0, -0.030023094688221647], "2/19/2016": [21.0, 0.0], "2/22/2016": [20.75, -0.011904761904761904], "2/23/2016": [20.75, 0.0], "2/24/2016": [21.5, 0.03614457831325301], "2/25/2016": [21.1, -0.01860465116279063], "2/26/2016": [21.4, 0.01421800947867285], "3/1/2016": [21.15, -0.011682242990654207], "3/2/2016": [21.15, 0.0], "3/3/2016": [21.3, 0.007092198581560385], "3/4/2016": [21.2, -0.004694835680751241], "3/7/2016": [21.15, -0.0023584905660377696], "3/8/2016": [21.0, -0.007092198581560217], "3/9/2016": [21.0, 0.0], "3/10/2016": [21.0, 0.0], "3/11/2016": [21.1, 0.00476190476190483], "3/14/2016": [21.1, 0.0], "3/15/2016": [21.2, 0.004739336492890894], "3/16/2016": [21.0, -0.00943396226415091], "3/17/2016": [20.9, -0.00476190476190483], "3/18/2016": [20.9, 0.0], "3/21/2016": [20.7, -0.009569377990430589], "3/22/2016": [20.55, -0.0072463768115941345], "3/23/2016": [20.6, 0.0024330900243309346], "3/24/2016": [20.65, 0.0024271844660192794], "3/25/2016": [20.8, 0.00726392251815991], "3/28/2016": [20.8, 0.0], "3/29/2016": [20.5, -0.014423076923076957], "3/30/2016": [20.55, 0.002439024390243937], "3/31/2016": [20.85, 0.014598540145985436], "4/1/2016": [20.7, -0.007194244604316649], "4/6/2016": [20.6, -0.004830917874396033], "4/7/2016": [20.5, -0.004854368932038904], "4/8/2016": [20.55, 0.002439024390243937], "4/11/2016": [20.5, -0.0024330900243309346], "4/12/2016": [20.5, 0.0], "4/13/2016": [20.65, 0.007317073170731638], "4/14/2016": [20.6, -0.0024213075060531314], "4/15/2016": [20.7, 0.004854368932038731], "4/18/2016": [20.6, -0.004830917874396033], "4/19/2016": [20.8, 0.009708737864077634], "4/20/2016": [21.2, 0.019230769230769162], "4/21/2016": [20.75, -0.02122641509433959], "4/22/2016": [20.6, -0.007228915662650534], "4/25/2016": [20.55, -0.002427184466019452], "4/26/2016": [20.75, 0.009732360097323567], "4/27/2016": [20.55, -0.009638554216867436], "4/28/2016": [20.3, -0.0121654501216545], "4/29/2016": [20.25, -0.002463054187192153], "5/3/2016": [20.2, -0.002469135802469171], "5/4/2016": [20.45, 0.012376237623762377], "5/5/2016": [20.2, -0.012224938875305624], "5/6/2016": [20.1, -0.004950495049504845], "5/9/2016": [20.1, 0.0], "5/10/2016": [20.15, 0.002487562189054585], "5/11/2016": [20.15, 0.0], "5/12/2016": [20.0, -0.007444168734491245], "5/13/2016": [19.85, -0.007499999999999929], "5/16/2016": [19.75, -0.0050377833753149324], "5/17/2016": [19.65, -0.005063291139240578], "5/18/2016": [19.75, 0.0050890585241731], "5/19/2016": [19.7, -0.002531645569620289], "5/20/2016": [19.9, 0.010152284263959355], "5/23/2016": [19.85, -0.002512562814070209], "5/24/2016": [19.75, -0.0050377833753149324], "5/25/2016": [19.85, 0.005063291139240578], "5/26/2016": [20.1, 0.012594458438287152], "5/27/2016": [20.0, -0.004975124378109523], "5/30/2016": [19.8, -0.009999999999999964], "5/31/2016": [19.8, 0.0], "6/1/2016": [19.75, -0.002525252525252561], "6/2/2016": [19.9, 0.007594936708860687], "6/3/2016": [19.9, 0.0], "6/4/2016": [20.25, 0.017587939698492535], "6/6/2016": [20.2, -0.002469135802469171], "6/7/2016": [19.9, -0.014851485148514887], "6/8/2016": [20.4, 0.02512562814070352], "6/13/2016": [20.4, 0.0], "6/14/2016": [20.4, 0.0], "6/15/2016": [20.3, -0.004901960784313621], "6/16/2016": [20.35, 0.002463054187192153], "6/17/2016": [20.35, 0.0], "6/20/2016": [20.35, 0.0], "6/21/2016": [20.3, -0.0024570024570024916], "6/22/2016": [20.1, -0.009852216748768438], "6/23/2016": [19.9, -0.009950248756219046], "6/24/2016": [19.9, 0.0], "6/27/2016": [19.85, -0.002512562814070209], "6/28/2016": [19.95, 0.005037783375314754], "6/29/2016": [19.85, -0.005012531328320695], "6/30/2016": [20.0, 0.00755667506297222], "7/1/2016": [20.0, 0.0], "7/4/2016": [19.95, -0.0025000000000000356], "7/5/2016": [19.8, -0.007518796992481132], "7/6/2016": [19.8, 0.0], "7/7/2016": [19.85, 0.002525252525252561], "7/11/2016": [20.1, 0.012594458438287152], "7/12/2016": [20.0, -0.004975124378109523], "7/13/2016": [19.95, -0.0025000000000000356], "7/14/2016": [20.0, 0.002506265664160437], "7/15/2016": [20.15, 0.007499999999999929], "7/18/2016": [19.65, -0.02481389578163772], "7/19/2016": [19.5, -0.0076335877862594706], "7/20/2016": [19.55, 0.0025641025641026005], "7/21/2016": [19.7, 0.007672634271099672], "7/22/2016": [19.6, -0.0050761421319795875], "7/25/2016": [19.8, 0.010204081632653024], "7/26/2016": [19.8, 0.0], "7/27/2016": [19.8, 0.0], "7/28/2016": [19.75, -0.002525252525252561], "7/29/2016": [19.7, -0.002531645569620289], "8/1/2016": [19.55, -0.007614213197969471], "8/2/2016": [19.55, 0.0], "8/3/2016": [19.55, 0.0], "8/4/2016": [19.6, 0.0025575447570332843], "8/5/2016": [19.6, 0.0], "8/8/2016": [19.65, 0.0025510204081631203], "8/9/2016": [19.7, 0.00254452926208655], "8/10/2016": [19.8, 0.005076142131979768], "8/11/2016": [19.7, -0.005050505050505122], "8/12/2016": [19.6, -0.0050761421319795875], "8/15/2016": [19.45, -0.007653061224489904], "8/16/2016": [19.2, -0.012853470437017995], "8/17/2016": [19.65, 0.023437499999999965], "8/18/2016": [19.3, -0.01781170483460549], "8/19/2016": [19.3, 0.0], "8/22/2016": [19.1, -0.010362694300518097], "8/23/2016": [19.2, 0.005235602094240726], "8/24/2016": [19.15, -0.002604166666666704], "8/25/2016": [19.2, 0.0026109660574412906], "8/26/2016": [19.25, 0.002604166666666704], "8/29/2016": [19.3, 0.0025974025974026343], "8/30/2016": [19.3, 0.0], "8/31/2016": [19.4, 0.0051813471502589565], "9/1/2016": [19.4, 0.0], "9/2/2016": [19.3, -0.005154639175257623], "9/5/2016": [19.2, -0.00518134715025914], "9/6/2016": [19.2, 0.0], "9/7/2016": [19.3, 0.005208333333333408], "9/8/2016": [19.25, -0.00259067357512957], "9/9/2016": [19.2, -0.0025974025974026343], "9/10/2016": [19.1, -0.005208333333333223], "9/12/2016": [19.05, -0.002617801047120456], "9/13/2016": [19.1, 0.002624671916010536], "9/14/2016": [19.1, 0.0], "9/19/2016": [19.1, 0.0], "9/20/2016": [19.4, 0.015706806282722363], "9/21/2016": [19.65, 0.012886597938144331], "9/22/2016": [19.6, -0.0025445292620863693], "9/23/2016": [19.5, -0.005102040816326603], "9/26/2016": [19.35, -0.007692307692307619], "9/29/2016": [19.4, 0.0025839793281652278], "9/30/2016": [19.35, -0.0025773195876287198], "10/3/2016": [19.2, -0.007751937984496233], "10/4/2016": [19.2, 0.0], "10/5/2016": [19.2, 0.0], "10/6/2016": [19.2, 0.0], "10/7/2016": [19.05, -0.007812499999999926], "10/11/2016": [19.1, 0.002624671916010536], "10/12/2016": [19.0, -0.005235602094240912], "10/13/2016": [19.1, 0.005263157894736917], "10/14/2016": [19.1, 0.0], "10/17/2016": [19.05, -0.002617801047120456], "10/18/2016": [19.0, -0.002624671916010536], "10/19/2016": [18.95, -0.0026315789473684583], "10/20/2016": [18.9, -0.002638522427440671], "10/21/2016": [19.0, 0.005291005291005366], "10/24/2016": [19.0, 0.0], "10/25/2016": [18.95, -0.0026315789473684583], "10/26/2016": [19.0, 0.002638522427440671], "10/27/2016": [18.85, -0.007894736842105189], "10/28/2016": [18.65, -0.010610079575596967],