{"1/4/2016": [88.0, ""], "1/5/2016": [87.9, -0.0011363636363635717], "1/6/2016": [83.3, -0.05233219567690567], "1/7/2016": [79.0, -0.05162064825930369], "1/8/2016": [80.5, 0.0189873417721519], "1/11/2016": [77.6, -0.03602484472049697], "1/12/2016": [73.5, -0.05283505154639168], "1/13/2016": [75.0, 0.02040816326530612], "1/14/2016": [69.9, -0.06799999999999992], "1/15/2016": [70.1, 0.0028612303290413248], "1/18/2016": [73.3, 0.04564907275320974], "1/19/2016": [75.3, 0.027285129604365622], "1/20/2016": [71.6, -0.04913678618857906], "1/21/2016": [72.1, 0.006983240223463688], "1/22/2016": [74.0, 0.0263522884882109], "1/25/2016": [77.2, 0.04324324324324328], "1/26/2016": [76.0, -0.015544041450777238], "1/27/2016": [74.2, -0.023684210526315752], "1/28/2016": [74.6, 0.00539083557951471], "1/29/2016": [78.5, 0.052278820375335204], "1/30/2016": [81.5, 0.03821656050955414], "2/1/2016": [80.2, -0.015950920245398736], "2/2/2016": [79.0, -0.01496259351620951], "2/3/2016": [75.0, -0.05063291139240506], "2/15/2016": [74.1, -0.012000000000000077], "2/16/2016": [75.5, 0.018893387314440024], "2/17/2016": [73.7, -0.02384105960264897], "2/18/2016": [74.9, 0.016282225237449155], "2/19/2016": [75.7, 0.010680907877169521], "2/22/2016": [75.8, 0.0013210039630118138], "2/23/2016": [77.0, 0.01583113456464384], "2/24/2016": [75.6, -0.018181818181818257], "2/25/2016": [75.1, -0.006613756613756614], "2/26/2016": [75.5, 0.005326231691078638], "3/1/2016": [80.8, 0.0701986754966887], "3/2/2016": [80.0, -0.009900990099009866], "3/3/2016": [73.8, -0.07750000000000004], "3/4/2016": [75.1, 0.017615176151761478], "3/7/2016": [74.6, -0.006657789613848203], "3/8/2016": [74.6, 0.0], "3/9/2016": [75.2, 0.008042895442359364], "3/10/2016": [74.3, -0.011968085106383053], "3/11/2016": [73.8, -0.006729475100942127], "3/14/2016": [78.0, 0.056910569105691096], "3/15/2016": [74.5, -0.04487179487179487], "3/16/2016": [75.1, 0.00805369127516771], "3/17/2016": [75.2, 0.0013315579227697542], "3/18/2016": [76.1, 0.011968085106382864], "3/21/2016": [76.6, 0.00657030223390276], "3/22/2016": [76.3, -0.003916449086161843], "3/23/2016": [75.7, -0.007863695937090359], "3/24/2016": [74.8, -0.011889035667107075], "3/25/2016": [74.9, 0.0013368983957220391], "3/28/2016": [74.5, -0.005340453938584855], "3/29/2016": [70.3, -0.05637583892617454], "3/30/2016": [70.0, -0.004267425320056859], "3/31/2016": [69.4, -0.00857142857142849], "4/1/2016": [69.2, -0.002881844380403499], "4/6/2016": [69.3, 0.0014450867052022299], "4/7/2016": [64.1, -0.07503607503607508], "4/8/2016": [61.1, -0.046801872074882886], "4/11/2016": [63.6, 0.0409165302782324], "4/12/2016": [62.0, -0.025157232704402538], "4/13/2016": [62.0, 0.0], "4/14/2016": [62.8, 0.012903225806451568], "4/15/2016": [61.8, -0.01592356687898089], "4/18/2016": [61.2, -0.009708737864077579], "4/19/2016": [61.5, 0.004901960784313679], "4/20/2016": [59.5, -0.032520325203252036], "4/21/2016": [59.5, 0.0], "4/22/2016": [57.0, -0.04201680672268908], "4/25/2016": [57.2, 0.0035087719298246113], "4/26/2016": [60.6, 0.05944055944055941], "4/27/2016": [60.8, 0.00330033003300323], "4/28/2016": [60.8, 0.0], "4/29/2016": [59.3, -0.024671052631578948], "5/3/2016": [61.1, 0.030354131534570058], "5/4/2016": [63.8, 0.04418985270049093], "5/5/2016": [64.1, 0.004702194357366727], "5/6/2016": [62.0, -0.03276131045241801], "5/9/2016": [59.4, -0.041935483870967766], "5/10/2016": [62.6, 0.05387205387205392], "5/11/2016": [60.6, -0.03194888178913738], "5/12/2016": [60.0, -0.009900990099009924], "5/13/2016": [60.8, 0.013333333333333286], "5/16/2016": [60.1, -0.011513157894736772], "5/17/2016": [61.9, 0.029950083194675493], "5/18/2016": [61.4, -0.008077544426494346], "5/19/2016": [62.0, 0.009771986970684063], "5/20/2016": [61.2, -0.012903225806451568], "5/23/2016": [64.8, 0.05882352941176461], "5/24/2016": [64.6, -0.003086419753086464], "5/25/2016": [64.3, -0.00464396284829717], "5/26/2016": [64.3, 0.0], "5/27/2016": [66.3, 0.03110419906687403], "5/30/2016": [69.0, 0.04072398190045253], "5/31/2016": [69.4, 0.005797101449275445], "6/1/2016": [70.6, 0.017291066282420584], "6/2/2016": [68.2, -0.03399433427762028], "6/3/2016": [67.5, -0.01026392961876837], "6/4/2016": [68.4, 0.013333333333333417], "6/6/2016": [67.6, -0.011695906432748704], "6/7/2016": [68.5, 0.013313609467455707], "6/8/2016": [69.1, 0.008759124087591158], "6/13/2016": [68.2, -0.013024602026049081], "6/14/2016": [70.0, 0.0263929618768328], "6/15/2016": [70.1, 0.0014285714285713475], "6/16/2016": [68.5, -0.02282453637660477], "6/17/2016": [68.5, 0.0], "6/20/2016": [69.3, 0.01167883211678828], "6/21/2016": [69.4, 0.0014430014430015662], "6/22/2016": [68.9, -0.007204610951008645], "6/23/2016": [67.4, -0.02177068214804064], "6/24/2016": [65.3, -0.031157270029673716], "6/27/2016": [62.5, -0.04287901990811634], "6/28/2016": [63.0, 0.008], "6/29/2016": [63.2, 0.0031746031746032197], "6/30/2016": [62.5, -0.011075949367088653], "7/1/2016": [62.9, 0.006399999999999977], "7/4/2016": [62.6, -0.004769475357710606], "7/5/2016": [58.6, -0.06389776357827476], "7/6/2016": [55.6, -0.051194539249146756], "7/7/2016": [55.7, 0.0017985611510791622], "7/11/2016": [54.9, -0.014362657091562014], "7/12/2016": [54.7, -0.003642987249544549], "7/13/2016": [54.9, 0.003656307129798825], "7/14/2016": [56.4, 0.0273224043715847], "7/15/2016": [58.5, 0.037234042553191515], "7/18/2016": [57.5, -0.017094017094017096], "7/19/2016": [57.3, -0.003478260869565267], "7/20/2016": [56.4, -0.015706806282722488], "7/21/2016": [57.0, 0.010638297872340451], "7/22/2016": [56.9, -0.0017543859649123057], "7/25/2016": [57.2, 0.00527240773286475], "7/26/2016": [58.0, 0.013986013986013936], "7/27/2016": [59.1, 0.018965517241379334], "7/28/2016": [58.7, -0.006768189509306236], "7/29/2016": [59.5, 0.013628620102214602], "8/1/2016": [59.6, 0.001680672268907587], "8/2/2016": [59.5, -0.0016778523489933124], "8/3/2016": [58.2, -0.021848739495798273], "8/4/2016": [53.8, -0.07560137457044683], "8/5/2016": [52.1, -0.03159851301115234], "8/8/2016": [50.8, -0.024952015355086454], "8/9/2016": [51.4, 0.011811023622047273], "8/10/2016": [50.1, -0.025291828793774264], "8/11/2016": [49.15, -0.01896207584830345], "8/12/2016": [48.6, -0.011190233977619474], "8/15/2016": [50.6, 0.0411522633744856], "8/16/2016": [50.0, -0.01185770750988145], "8/17/2016": [48.7, -0.025999999999999943], "8/18/2016": [48.1, -0.012320328542094484], "8/19/2016": [47.9, -0.004158004158004217], "8/22/2016": [46.1, -0.03757828810020871], "8/23/2016": [46.65, 0.011930585683297117], "8/24/2016": [47.15, 0.010718113612004287], "8/25/2016": [47.95, 0.016967126193001152], "8/26/2016": [47.5, -0.00938477580813353], "8/29/2016": [48.5, 0.021052631578947368], "8/30/2016": [51.0, 0.05154639175257732], "8/31/2016": [52.3, 0.025490196078431317], "9/1/2016": [52.2, -0.00191204588910123], "9/2/2016": [52.2, 0.0], "9/5/2016": [49.4, -0.0536398467432951], "9/6/2016": [49.75, 0.0070850202429150085], "9/7/2016": [52.4, 0.05326633165829143], "9/8/2016": [52.0, -0.007633587786259515], "9/9/2016": [51.3, -0.013461538461538516], "9/10/2016": [50.7, -0.011695906432748428], "9/12/2016": [50.1, -0.011834319526627246], "9/13/2016": [49.65, -0.00898203592814377], "9/14/2016": [51.0, 0.027190332326284018], "9/19/2016": [52.5, 0.029411764705882353], "9/20/2016": [53.8, 0.024761904761904707], "9/21/2016": [53.7, -0.0018587360594794484], "9/22/2016": [53.4, -0.005586592178771029], "9/23/2016": [53.3, -0.0018726591760299892], "9/26/2016": [51.5, -0.033771106941838595], "9/29/2016": [50.5, -0.019417475728155338], "9/30/2016": [51.0, 0.009900990099009901], "10/3/2016": [51.2, 0.003921568627451036], "10/4/2016": [51.8, 0.011718749999999889], "10/5/2016": [50.2, -0.03088803088803078], "10/6/2016": [50.5, 0.005976095617529823], "10/7/2016": [49.7, -0.015841584158415786], "10/11/2016": [48.8, -0.018108651911468925], "10/12/2016": [49.15, 0.007172131147541013], "10/13/2016": [48.95, -0.004069175991861561], "10/14/2016": [46.95, -0.04085801838610827],