{"1/4/2016": [22.85, ""], "1/5/2016": [22.55, -0.01312910284463898], "1/6/2016": [21.8, -0.03325942350332594], "1/7/2016": [20.9, -0.04128440366972487], "1/8/2016": [21.45, 0.026315789473684247], "1/11/2016": [20.8, -0.030303030303030238], "1/12/2016": [20.45, -0.016826923076923146], "1/13/2016": [20.3, -0.007334963325183305], "1/14/2016": [20.15, -0.007389162561576459], "1/15/2016": [20.0, -0.007444168734491245], "1/18/2016": [20.3, 0.015000000000000036], "1/19/2016": [20.25, -0.002463054187192153], "1/20/2016": [22.25, 0.09876543209876543], "1/21/2016": [20.9, -0.06067415730337085], "1/22/2016": [20.95, 0.0023923444976076897], "1/25/2016": [21.4, 0.021479713603818583], "1/26/2016": [21.1, -0.014018691588784915], "1/27/2016": [21.2, 0.004739336492890894], "1/28/2016": [21.5, 0.014150943396226448], "1/29/2016": [22.15, 0.030232558139534817], "1/30/2016": [22.1, -0.002257336343114996], "2/1/2016": [22.35, 0.011312217194570135], "2/2/2016": [22.25, -0.004474272930648833], "2/3/2016": [21.95, -0.013483146067415762], "2/15/2016": [21.85, -0.004555808656036349], "2/16/2016": [22.2, 0.016018306636155506], "2/17/2016": [23.1, 0.04054054054054064], "2/18/2016": [23.0, -0.004329004329004391], "2/19/2016": [22.5, -0.021739130434782608], "2/22/2016": [22.6, 0.004444444444444508], "2/23/2016": [22.5, -0.004424778761062009], "2/24/2016": [22.55, 0.002222222222222254], "2/25/2016": [23.0, 0.019955654101995533], "2/26/2016": [25.3, 0.10000000000000003], "3/1/2016": [25.5, 0.00790513833992092], "3/2/2016": [25.0, -0.0196078431372549], "3/3/2016": [25.05, 0.0020000000000000282], "3/4/2016": [25.0, -0.0019960079840319646], "3/7/2016": [24.95, -0.0020000000000000282], "3/8/2016": [24.5, -0.01803607214428855], "3/9/2016": [24.5, 0.0], "3/10/2016": [24.2, -0.012244897959183702], "3/11/2016": [24.4, 0.008264462809917326], "3/14/2016": [24.6, 0.008196721311475526], "3/15/2016": [23.85, -0.03048780487804878], "3/16/2016": [24.35, 0.020964360587002094], "3/17/2016": [24.1, -0.01026694045174538], "3/18/2016": [25.2, 0.04564315352697086], "3/21/2016": [25.1, -0.003968253968253884], "3/22/2016": [25.0, -0.003984063745019977], "3/23/2016": [24.5, -0.02], "3/24/2016": [24.25, -0.01020408163265306], "3/25/2016": [24.35, 0.004123711340206244], "3/28/2016": [24.55, 0.008213552361396275], "3/29/2016": [24.0, -0.02240325865580451], "3/30/2016": [24.55, 0.022916666666666696], "3/31/2016": [24.4, -0.006109979633401309], "4/1/2016": [24.5, 0.004098360655737763], "4/6/2016": [24.25, -0.01020408163265306], "4/7/2016": [24.0, -0.010309278350515464], "4/8/2016": [24.0, 0.0], "4/11/2016": [23.9, -0.004166666666666726], "4/12/2016": [23.05, -0.03556485355648527], "4/13/2016": [22.95, -0.004338394793926309], "4/14/2016": [23.0, 0.002178649237472798], "4/15/2016": [22.55, -0.019565217391304318], "4/18/2016": [22.1, -0.019955654101995533], "4/19/2016": [22.15, 0.0022624434389138985], "4/20/2016": [21.8, -0.015801354401805773], "4/21/2016": [21.5, -0.013761467889908289], "4/22/2016": [21.8, 0.013953488372093056], "4/25/2016": [21.8, 0.0], "4/26/2016": [21.7, -0.004587155963302818], "4/27/2016": [21.75, 0.002304147465437821], "4/28/2016": [21.5, -0.011494252873563218], "4/29/2016": [21.05, -0.020930232558139503], "5/3/2016": [20.3, -0.035629453681710214], "5/4/2016": [19.9, -0.01970443349753705], "5/5/2016": [20.5, 0.030150753768844296], "5/6/2016": [20.3, -0.009756097560975575], "5/9/2016": [20.0, -0.014778325123152743], "5/10/2016": [20.05, 0.0025000000000000356], "5/11/2016": [19.9, -0.007481296758104844], "5/12/2016": [19.15, -0.03768844221105528], "5/13/2016": [18.15, -0.05221932114882507], "5/16/2016": [17.9, -0.013774104683195593], "5/17/2016": [18.1, 0.01117318435754206], "5/18/2016": [18.2, 0.0055248618784529205], "5/19/2016": [18.05, -0.008241758241758164], "5/20/2016": [18.15, 0.005540166204986032], "5/23/2016": [19.2, 0.05785123966942153], "5/24/2016": [19.0, -0.01041666666666663], "5/25/2016": [19.1, 0.005263157894736917], "5/26/2016": [19.15, 0.00261780104712027], "5/27/2016": [19.1, -0.002610966057441105], "5/30/2016": [19.15, 0.00261780104712027], "5/31/2016": [19.05, -0.005221932114882396], "6/1/2016": [19.85, 0.04199475065616801], "6/2/2016": [19.6, -0.012594458438287152], "6/3/2016": [19.6, 0.0], "6/4/2016": [19.6, 0.0], "6/6/2016": [19.55, -0.0025510204081633015], "6/7/2016": [19.3, -0.01278772378516624], "6/8/2016": [19.5, 0.010362694300518097], "6/13/2016": [19.0, -0.02564102564102564], "6/14/2016": [19.0, 0.0], "6/15/2016": [19.0, 0.0], "6/16/2016": [18.85, -0.007894736842105189], "6/17/2016": [19.15, 0.015915119363395073], "6/20/2016": [19.45, 0.015665796344647556], "6/21/2016": [19.45, 0.0], "6/22/2016": [19.55, 0.005141388174807271], "6/23/2016": [20.15, 0.030690537084398867], "6/24/2016": [19.8, -0.0173697270471463], "6/27/2016": [19.65, -0.0075757575757576835], "6/28/2016": [19.85, 0.0101781170483462], "6/29/2016": [20.2, 0.017632241813601908], "6/30/2016": [20.2, 0.0], "7/1/2016": [20.2, 0.0], "7/4/2016": [20.4, 0.009900990099009866], "7/5/2016": [20.7, 0.014705882352941213], "7/6/2016": [20.55, -0.0072463768115941345], "7/7/2016": [20.65, 0.0048661800486616965], "7/11/2016": [20.8, 0.00726392251815991], "7/12/2016": [20.75, -0.002403846153846188], "7/13/2016": [21.85, 0.05301204819277115], "7/14/2016": [19.75, -0.0961098398169337], "7/15/2016": [19.7, -0.002531645569620289], "7/18/2016": [19.6, -0.0050761421319795875], "7/19/2016": [19.3, -0.015306122448979626], "7/20/2016": [18.85, -0.023316062176165765], "7/21/2016": [19.0, 0.007957559681697536], "7/22/2016": [18.85, -0.007894736842105189], "7/25/2016": [18.65, -0.010610079575596967], "7/26/2016": [18.45, -0.010723860589812294], "7/27/2016": [18.7, 0.013550135501355014], "7/28/2016": [20.25, 0.0828877005347594], "7/29/2016": [20.05, -0.009876543209876508], "8/1/2016": [20.2, 0.007481296758104667], "8/2/2016": [22.2, 0.09900990099009901], "8/3/2016": [22.6, 0.018018018018018115], "8/4/2016": [23.3, 0.030973451327433597], "8/5/2016": [23.35, 0.0021459227467811462], "8/8/2016": [23.65, 0.012847965738757907], "8/9/2016": [23.8, 0.006342494714587829], "8/10/2016": [23.7, -0.004201680672268967], "8/11/2016": [23.8, 0.004219409282700482], "8/12/2016": [24.2, 0.01680672268907557], "8/15/2016": [24.05, -0.006198347107437958], "8/16/2016": [24.1, 0.0020790020790021086], "8/17/2016": [24.2, 0.004149377593360907], "8/18/2016": [24.1, -0.004132231404958589], "8/19/2016": [24.8, 0.02904564315352694], "8/22/2016": [25.3, 0.020161290322580645], "8/23/2016": [24.95, -0.013833992094861716], "8/24/2016": [23.95, -0.04008016032064128], "8/25/2016": [24.25, 0.012526096033402953], "8/26/2016": [23.65, -0.02474226804123717], "8/29/2016": [22.75, -0.03805496828752637], "8/30/2016": [23.1, 0.015384615384615448], "8/31/2016": [22.95, -0.006493506493506585], "9/1/2016": [21.85, -0.04793028322440078], "9/2/2016": [21.7, -0.0068649885583524995], "9/5/2016": [22.7, 0.04608294930875576], "9/6/2016": [22.75, 0.002202643171806199], "9/7/2016": [22.25, -0.02197802197802198], "9/8/2016": [22.3, 0.002247191011235987], "9/9/2016": [22.3, 0.0], "9/10/2016": [22.0, -0.01345291479820631], "9/12/2016": [21.8, -0.00909090909090906], "9/13/2016": [20.6, -0.055045871559632996], "9/14/2016": [20.15, -0.021844660194174893], "9/19/2016": [20.4, 0.01240694789081886], "9/20/2016": [20.45, 0.002450980392156898], "9/21/2016": [20.9, 0.02200488997555009], "9/22/2016": [20.25, -0.031100478468899455], "9/23/2016": [20.4, 0.0074074074074073374], "9/26/2016": [20.15, -0.012254901960784315], "9/29/2016": [20.0, -0.007444168734491245], "9/30/2016": [20.0, 0.0], "10/3/2016": [20.1, 0.005000000000000071], "10/4/2016": [20.15, 0.002487562189054585], "10/5/2016": [19.8, -0.0173697270471463], "10/6/2016": [19.75, -0.002525252525252561], "10/7/2016": [19.9, 0.007594936708860687], "10/11/2016": [19.9, 0.0], "10/12/2016": [19.25, -0.032663316582914506], "10/13/2016": [19.25, 0.0], "10/14/2016": [18.85, -0.020779220779220706], "10/17/2016": [19.4, 0.029177718832891095],