{"1/4/2016": [91.2, ""], "1/5/2016": [88.1, -0.03399122807017553], "1/6/2016": [86.3, -0.02043132803632233], "1/7/2016": [84.3, -0.023174971031286212], "1/8/2016": [88.5, 0.049822064056939536], "1/11/2016": [87.8, -0.007909604519774044], "1/12/2016": [85.1, -0.030751708428246045], "1/13/2016": [85.7, 0.007050528789659325], "1/14/2016": [79.5, -0.07234539089848312], "1/15/2016": [80.1, 0.007547169811320683], "1/18/2016": [82.6, 0.031210986267166046], "1/19/2016": [84.6, 0.02421307506053269], "1/20/2016": [81.7, -0.03427895981087461], "1/21/2016": [82.1, 0.004895960832313237], "1/22/2016": [82.3, 0.002436053593179085], "1/25/2016": [84.1, 0.021871202916160355], "1/26/2016": [88.7, 0.05469678953626646], "1/27/2016": [92.6, 0.04396843291995481], "1/28/2016": [96.6, 0.04319654427645789], "1/29/2016": [96.8, 0.0020703933747412305], "1/30/2016": [97.0, 0.0020661157024793684], "2/1/2016": [97.5, 0.005154639175257732], "2/2/2016": [98.0, 0.005128205128205128], "2/3/2016": [97.6, -0.004081632653061282], "2/15/2016": [106.0, 0.08606557377049187], "2/16/2016": [102.0, -0.03773584905660377], "2/17/2016": [102.5, 0.004901960784313725], "2/18/2016": [106.0, 0.03414634146341464], "2/19/2016": [108.5, 0.02358490566037736], "2/22/2016": [113.0, 0.041474654377880185], "2/23/2016": [112.5, -0.004424778761061947], "2/24/2016": [113.0, 0.0044444444444444444], "2/25/2016": [113.5, 0.004424778761061947], "2/26/2016": [113.0, -0.004405286343612335], "3/1/2016": [118.0, 0.04424778761061947], "3/2/2016": [115.0, -0.025423728813559324], "3/3/2016": [112.5, -0.021739130434782608], "3/4/2016": [114.5, 0.017777777777777778], "3/7/2016": [111.5, -0.026200873362445413], "3/8/2016": [115.0, 0.03139013452914798], "3/9/2016": [112.0, -0.02608695652173913], "3/10/2016": [112.0, 0.0], "3/11/2016": [111.5, -0.004464285714285714], "3/14/2016": [113.0, 0.013452914798206279], "3/15/2016": [107.5, -0.048672566371681415], "3/16/2016": [105.0, -0.023255813953488372], "3/17/2016": [102.5, -0.023809523809523808], "3/18/2016": [104.0, 0.014634146341463415], "3/21/2016": [102.0, -0.019230769230769232], "3/22/2016": [106.5, 0.04411764705882353], "3/23/2016": [105.5, -0.009389671361502348], "3/24/2016": [106.5, 0.009478672985781991], "3/25/2016": [106.0, -0.004694835680751174], "3/28/2016": [107.0, 0.009433962264150943], "3/29/2016": [104.0, -0.028037383177570093], "3/30/2016": [107.5, 0.03365384615384615], "3/31/2016": [108.5, 0.009302325581395349], "4/1/2016": [110.0, 0.013824884792626729], "4/6/2016": [118.0, 0.07272727272727272], "4/7/2016": [118.0, 0.0], "4/8/2016": [123.0, 0.0423728813559322], "4/11/2016": [118.5, -0.036585365853658534], "4/12/2016": [127.0, 0.07172995780590717], "4/13/2016": [128.0, 0.007874015748031496], "4/14/2016": [126.5, -0.01171875], "4/15/2016": [128.0, 0.011857707509881422], "4/18/2016": [125.0, -0.0234375], "4/19/2016": [123.5, -0.012], "4/20/2016": [119.0, -0.03643724696356275], "4/21/2016": [121.5, 0.02100840336134454], "4/22/2016": [117.5, -0.03292181069958848], "4/25/2016": [119.5, 0.01702127659574468], "4/26/2016": [120.5, 0.008368200836820083], "4/27/2016": [119.0, -0.012448132780082987], "4/28/2016": [119.5, 0.004201680672268907], "4/29/2016": [117.0, -0.02092050209205021], "5/3/2016": [117.5, 0.004273504273504274], "5/4/2016": [118.5, 0.00851063829787234], "5/5/2016": [123.0, 0.0379746835443038], "5/6/2016": [123.5, 0.0040650406504065045], "5/9/2016": [119.0, -0.03643724696356275], "5/10/2016": [120.0, 0.008403361344537815], "5/11/2016": [116.0, -0.03333333333333333], "5/12/2016": [108.0, -0.06896551724137931], "5/13/2016": [103.5, -0.041666666666666664], "5/16/2016": [110.0, 0.06280193236714976], "5/17/2016": [111.5, 0.013636363636363636], "5/18/2016": [111.5, 0.0], "5/19/2016": [108.5, -0.026905829596412557], "5/20/2016": [115.0, 0.059907834101382486], "5/23/2016": [118.0, 0.02608695652173913], "5/24/2016": [117.0, -0.00847457627118644], "5/25/2016": [117.0, 0.0], "5/26/2016": [116.0, -0.008547008547008548], "5/27/2016": [117.0, 0.008620689655172414], "5/30/2016": [118.0, 0.008547008547008548], "5/31/2016": [116.5, -0.012711864406779662], "6/1/2016": [116.5, 0.0], "6/2/2016": [116.0, -0.004291845493562232], "6/3/2016": [115.0, -0.008620689655172414], "6/4/2016": [119.0, 0.034782608695652174], "6/6/2016": [121.5, 0.02100840336134454], "6/7/2016": [120.5, -0.00823045267489712], "6/8/2016": [124.0, 0.029045643153526972], "6/13/2016": [119.0, -0.04032258064516129], "6/14/2016": [117.5, -0.012605042016806723], "6/15/2016": [116.5, -0.00851063829787234], "6/16/2016": [116.5, 0.0], "6/17/2016": [116.5, 0.0], "6/20/2016": [116.5, 0.0], "6/21/2016": [115.5, -0.008583690987124463], "6/22/2016": [117.5, 0.017316017316017316], "6/23/2016": [117.0, -0.00425531914893617], "6/24/2016": [112.0, -0.042735042735042736], "6/27/2016": [113.0, 0.008928571428571428], "6/28/2016": [115.0, 0.017699115044247787], "6/29/2016": [116.5, 0.013043478260869565], "6/30/2016": [117.5, 0.008583690987124463], "7/1/2016": [116.5, -0.00851063829787234], "7/4/2016": [116.0, -0.004291845493562232], "7/5/2016": [116.0, 0.0], "7/6/2016": [114.0, -0.017241379310344827], "7/7/2016": [114.0, 0.0], "7/11/2016": [119.0, 0.043859649122807015], "7/12/2016": [118.5, -0.004201680672268907], "7/13/2016": [118.5, 0.0], "7/14/2016": [126.5, 0.06751054852320675], "7/15/2016": [130.5, 0.03162055335968379], "7/18/2016": [133.0, 0.019157088122605363], "7/19/2016": [130.5, -0.018796992481203006], "7/20/2016": [122.0, -0.06513409961685823], "7/21/2016": [120.0, -0.01639344262295082], "7/22/2016": [120.5, 0.004166666666666667], "7/25/2016": [118.5, -0.016597510373443983], "7/26/2016": [119.0, 0.004219409282700422], "7/27/2016": [120.0, 0.008403361344537815], "7/28/2016": [119.0, -0.008333333333333333], "7/29/2016": [120.5, 0.012605042016806723], "8/1/2016": [121.0, 0.004149377593360996], "8/2/2016": [120.0, -0.008264462809917356], "8/3/2016": [119.5, -0.004166666666666667], "8/4/2016": [124.0, 0.03765690376569038], "8/5/2016": [123.5, -0.004032258064516129], "8/8/2016": [122.5, -0.008097165991902834], "8/9/2016": [120.5, -0.0163265306122449], "8/10/2016": [120.0, -0.004149377593360996], "8/11/2016": [117.0, -0.025], "8/12/2016": [117.0, 0.0], "8/15/2016": [119.0, 0.017094017094017096], "8/16/2016": [118.5, -0.004201680672268907], "8/17/2016": [118.0, -0.004219409282700422], "8/18/2016": [117.5, -0.00423728813559322], "8/19/2016": [117.0, -0.00425531914893617], "8/22/2016": [117.5, 0.004273504273504274], "8/23/2016": [115.0, -0.02127659574468085], "8/24/2016": [114.0, -0.008695652173913044], "8/25/2016": [115.0, 0.008771929824561403], "8/26/2016": [113.5, -0.013043478260869565], "8/29/2016": [113.0, -0.004405286343612335], "8/30/2016": [110.5, -0.022123893805309734], "8/31/2016": [110.0, -0.004524886877828055], "9/1/2016": [108.0, -0.01818181818181818], "9/2/2016": [102.0, -0.05555555555555555], "9/5/2016": [102.0, 0.0], "9/6/2016": [105.0, 0.029411764705882353], "9/7/2016": [104.0, -0.009523809523809525], "9/8/2016": [109.0, 0.04807692307692308], "9/9/2016": [108.0, -0.009174311926605505], "9/10/2016": [107.5, -0.004629629629629629], "9/12/2016": [107.5, 0.0], "9/13/2016": [106.5, -0.009302325581395349], "9/14/2016": [106.0, -0.004694835680751174], "9/19/2016": [108.5, 0.02358490566037736], "9/20/2016": [106.5, -0.018433179723502304], "9/21/2016": [104.0, -0.023474178403755867], "9/22/2016": [103.5, -0.004807692307692308], "9/23/2016": [103.0, -0.004830917874396135], "9/26/2016": [100.5, -0.024271844660194174], "9/29/2016": [94.9, -0.05572139303482582], "9/30/2016": [93.0, -0.02002107481559542], "10/3/2016": [92.4, -0.006451612903225746], "10/4/2016": [92.0, -0.004329004329004391], "10/5/2016": [96.0, 0.043478260869565216], "10/6/2016": [96.1, 0.0010416666666666075], "10/7/2016": [96.0, -0.0010405827263266839], "10/11/2016": [98.1, 0.02187499999999994], "10/12/2016": [97.9, -0.0020387359836899965], "10/13/2016": [97.6, -0.0030643513789582366], "10/14/2016": [94.6, -0.03073770491803279],