{"1/4/2016": [2.09, ""], "1/5/2016": [2.05, -0.01913875598086126], "1/6/2016": [2.02, -0.01463414634146332], "1/7/2016": [2.2, 0.08910891089108919], "1/8/2016": [2.15, -0.022727272727272846], "1/11/2016": [2.1, -0.023255813953488292], "1/12/2016": [2.0, -0.04761904761904766], "1/13/2016": [1.99, -0.0050000000000000044], "1/14/2016": [2.04, 0.02512562814070354], "1/15/2016": [2.05, 0.004901960784313621], "1/18/2016": [2.01, -0.019512195121951237], "1/19/2016": [2.04, 0.014925373134328483], "1/20/2016": [1.93, -0.053921568627451025], "1/21/2016": [1.97, 0.020725388601036288], "1/22/2016": [1.94, -0.0152284263959391], "1/25/2016": [2.0, 0.03092783505154642], "1/26/2016": [1.97, -0.015000000000000013], "1/27/2016": [1.9, -0.0355329949238579], "1/28/2016": [1.91, 0.005263157894736847], "1/29/2016": [2.08, 0.08900523560209432], "1/30/2016": [1.98, -0.04807692307692312], "2/1/2016": [2.04, 0.03030303030303033], "2/2/2016": [2.02, -0.00980392156862746], "2/3/2016": [2.2, 0.08910891089108919], "2/15/2016": [2.19, -0.00454545454545465], "2/16/2016": [2.08, -0.05022831050228305], "2/17/2016": [2.05, -0.014423076923077042], "2/18/2016": [2.01, -0.019512195121951237], "2/19/2016": [2.07, 0.029850746268656747], "2/22/2016": [2.1, 0.014492753623188527], "2/23/2016": [2.1, 0.0], "2/24/2016": [2.11, 0.00476190476190466], "2/25/2016": [2.08, -0.014218009478672893], "2/26/2016": [2.06, -0.009615384615384623], "3/1/2016": [2.1, 0.019417475728155355], "3/2/2016": [2.07, -0.014285714285714403], "3/3/2016": [2.13, 0.02898550724637684], "3/4/2016": [2.09, -0.018779342723004713], "3/7/2016": [2.08, -0.004784688995215209], "3/8/2016": [2.0, -0.03846153846153849], "3/9/2016": [2.03, 0.014999999999999902], "3/10/2016": [2.0, -0.014778325123152615], "3/11/2016": [2.02, 0.010000000000000009], "3/14/2016": [2.02, 0.0], "3/15/2016": [2.0, -0.00990099009900991], "3/16/2016": [1.93, -0.03500000000000003], "3/17/2016": [2.0, 0.0362694300518135], "3/18/2016": [1.98, -0.010000000000000009], "3/21/2016": [1.98, 0.0], "3/22/2016": [2.0, 0.01010101010101011], "3/23/2016": [1.95, -0.025000000000000022], "3/24/2016": [1.86, -0.04615384615384608], "3/25/2016": [1.85, -0.00537634408602151], "3/28/2016": [1.85, 0.0], "3/29/2016": [1.88, 0.01621621621621611], "3/30/2016": [1.95, 0.03723404255319152], "3/31/2016": [1.92, -0.0153846153846154], "4/1/2016": [1.95, 0.015625000000000014], "4/6/2016": [1.88, -0.03589743589743593], "4/7/2016": [1.86, -0.010638297872340318], "4/8/2016": [1.92, 0.03225806451612894], "4/11/2016": [1.78, -0.07291666666666662], "4/12/2016": [1.78, 0.0], "4/13/2016": [1.75, -0.016853932584269676], "4/14/2016": [1.72, -0.017142857142857158], "4/15/2016": [1.72, 0.0], "4/18/2016": [1.68, -0.023255813953488393], "4/19/2016": [1.65, -0.017857142857142873], "4/20/2016": [1.76, 0.06666666666666674], "4/21/2016": [1.8, 0.02272727272727275], "4/22/2016": [1.72, -0.04444444444444448], "4/25/2016": [1.67, -0.029069767441860492], "4/26/2016": [1.67, 0.0], "4/27/2016": [1.57, -0.05988023952095801], "4/28/2016": [1.6, 0.019108280254777087], "4/29/2016": [1.45, -0.09375000000000008], "5/3/2016": [1.32, -0.08965517241379303], "5/4/2016": [1.2, -0.09090909090909098], "5/5/2016": [1.2, 0.0], "5/6/2016": [1.38, 0.14999999999999997], "5/9/2016": [1.37, -0.007246376811594049], "5/10/2016": [1.55, 0.13138686131386856], "5/11/2016": [1.42, -0.08387096774193556], "5/12/2016": [1.46, 0.028169014084507067], "5/13/2016": [1.53, 0.0479452054794521], "5/16/2016": [1.32, -0.1372549019607843], "5/17/2016": [1.3, -0.015151515151515164], "5/18/2016": [1.3, 0.0], "5/19/2016": [1.3, 0.0], "5/20/2016": [1.3, 0.0], "5/23/2016": [1.34, 0.030769230769230795], "5/24/2016": [1.32, -0.01492537313432837], "5/25/2016": [1.37, 0.03787878787878791], "5/26/2016": [1.33, -0.029197080291970826], "5/27/2016": [1.35, 0.015037593984962419], "5/30/2016": [1.27, -0.05925925925925931], "5/31/2016": [1.23, -0.03149606299212601], "6/1/2016": [1.34, 0.08943089430894317], "6/2/2016": [1.43, 0.0671641791044775], "6/3/2016": [1.42, -0.006993006993007], "6/4/2016": [1.42, 0.0], "6/6/2016": [1.3, -0.08450704225352106], "6/7/2016": [1.3, 0.0], "6/8/2016": [1.3, 0.0], "6/13/2016": [1.26, -0.030769230769230795], "6/14/2016": [1.3, 0.03174603174603177], "6/15/2016": [1.26, -0.030769230769230795], "6/16/2016": [1.26, 0.0], "6/17/2016": [1.23, -0.02380952380952383], "6/20/2016": [1.24, 0.008130081300813016], "6/21/2016": [1.2, -0.03225806451612906], "6/22/2016": [1.3, 0.08333333333333341], "6/23/2016": [1.3, 0.0], "6/24/2016": [1.15, -0.11538461538461549], "6/27/2016": [0.9, -0.217391304347826], "6/28/2016": [0.89, -0.01111111111111112], "6/29/2016": [1.0, 0.12359550561797751], "6/30/2016": [0.93, -0.06999999999999995], "7/1/2016": [0.96, 0.03225806451612894], "7/4/2016": [0.97, 0.010416666666666676], "7/5/2016": [1.04, 0.07216494845360831], "7/6/2016": [1.01, -0.028846153846153872], "7/7/2016": [1.09, 0.07920792079207928], "7/11/2016": [1.13, 0.03669724770642185], "7/12/2016": [1.2, 0.06194690265486732], "7/13/2016": [1.24, 0.03333333333333337], "7/14/2016": [1.22, -0.01612903225806453], "7/15/2016": [0.95, -0.2213114754098361], "7/18/2016": [0.75, -0.21052631578947364], "7/19/2016": [0.9, 0.20000000000000004], "7/20/2016": [0.95, 0.05555555555555548], "7/21/2016": [1.13, 0.18947368421052627], "7/22/2016": [1.11, -0.017699115044247607], "7/25/2016": [1.02, -0.08108108108108114], "7/26/2016": [1.15, 0.12745098039215674], "7/27/2016": [1.15, 0.0], "7/28/2016": [1.56, 0.35652173913043494], "7/29/2016": [2.0, 0.282051282051282], "8/1/2016": [2.6, 0.30000000000000004], "8/2/2016": [3.12, 0.2], "8/3/2016": [2.72, -0.12820512820512817], "8/4/2016": [2.65, -0.02573529411764716], "8/5/2016": [2.53, -0.04528301886792457], "8/8/2016": [2.22, -0.12252964426877457], "8/9/2016": [2.18, -0.018018018018018032], "8/10/2016": [2.08, -0.04587155963302756], "8/11/2016": [2.51, 0.20673076923076908], "8/12/2016": [2.48, -0.011952191235059684], "8/15/2016": [2.28, -0.08064516129032265], "8/16/2016": [2.4, 0.052631578947368474], "8/17/2016": [2.23, -0.0708333333333333], "8/18/2016": [2.25, 0.00896860986547086], "8/19/2016": [2.24, -0.00444444444444435], "8/22/2016": [2.25, 0.004464285714285619], "8/23/2016": [2.21, -0.017777777777777795], "8/24/2016": [2.27, 0.02714932126696835], "8/25/2016": [2.25, -0.008810572687224677], "8/26/2016": [2.15, -0.04444444444444448], "8/29/2016": [2.26, 0.05116279069767436], "8/30/2016": [2.23, -0.013274336283185756], "8/31/2016": [2.17, -0.02690582959641258], "9/1/2016": [2.17, 0.0], "9/2/2016": [2.18, 0.004608294930875683], "9/5/2016": [2.03, -0.06880733944954144], "9/6/2016": [2.02, -0.0049261083743841316], "9/7/2016": [2.05, 0.014851485148514755], "9/8/2016": [2.02, -0.01463414634146332], "9/9/2016": [2.05, 0.014851485148514755], "9/10/2016": [2.0, -0.02439024390243894], "9/12/2016": [1.99, -0.0050000000000000044], "9/13/2016": [2.0, 0.005025125628140708], "9/14/2016": [1.95, -0.025000000000000022], "9/19/2016": [1.85, -0.05128205128205122], "9/20/2016": [1.74, -0.05945945945945951], "9/21/2016": [1.75, 0.005747126436781614], "9/22/2016": [1.76, 0.0057142857142857195], "9/23/2016": [1.85, 0.05113636363636368], "9/26/2016": [1.78, -0.03783783783783787], "9/29/2016": [1.87, 0.050561797752809036], "9/30/2016": [1.85, -0.010695187165775409], "10/3/2016": [1.77, -0.04324324324324328], "10/4/2016": [1.83, 0.03389830508474579], "10/5/2016": [1.75, -0.043715846994535554], "10/6/2016": [1.88, 0.07428571428571422], "10/7/2016": [1.74, -0.07446808510638293], "10/11/2016": [1.73, -0.005747126436781614], "10/12/2016": [1.59, -0.08092485549132943], "10/13/2016": [1.48, -0.06918238993710697], "10/14/2016": [1.45, -0.02027027027027029], "10/17/2016": [1.3, -0.10344827586206891], "10/18/2016": [1.37, 0.05384615384615389], "10/19/2016": [1.45, 0.05839416058394149], "10/20/2016": [2.16, 0.48965517241379325], "10/21/2016": [2.42, 0.12037037037037027], "10/24/2016": [2.21, -0.08677685950413222], "10/25/2016": [2.29, 0.036199095022624465],