{"1/4/2016": [22.0, ""], "1/5/2016": [22.0, 0.0], "1/6/2016": [21.7, -0.013636363636363669], "1/7/2016": [21.25, -0.02073732718894006], "1/8/2016": [22.0, 0.03529411764705882], "1/11/2016": [21.5, -0.022727272727272728], "1/12/2016": [21.5, 0.0], "1/13/2016": [21.9, 0.01860465116279063], "1/14/2016": [21.6, -0.013698630136986172], "1/15/2016": [21.6, 0.0], "1/18/2016": [21.55, -0.0023148148148148476], "1/19/2016": [21.7, 0.006960556844547498], "1/20/2016": [21.85, 0.0069124423963134625], "1/21/2016": [22.0, 0.006864988558352337], "1/22/2016": [22.0, 0.0], "1/25/2016": [22.0, 0.0], "1/26/2016": [22.5, 0.022727272727272728], "1/27/2016": [22.1, -0.017777777777777715], "1/28/2016": [22.3, 0.009049773755656076], "1/29/2016": [22.15, -0.006726457399103235], "1/30/2016": [22.2, 0.0022573363431151565], "2/1/2016": [22.3, 0.004504504504504569], "2/2/2016": [22.4, 0.0044843049327353305], "2/3/2016": [22.7, 0.013392857142857175], "2/15/2016": [22.3, -0.01762114537444928], "2/16/2016": [22.45, 0.006726457399103075], "2/17/2016": [22.3, -0.006681514476614636], "2/18/2016": [22.5, 0.00896860986547082], "2/19/2016": [22.3, -0.008888888888888858], "2/22/2016": [22.4, 0.0044843049327353305], "2/23/2016": [22.4, 0.0], "2/24/2016": [22.95, 0.024553571428571463], "2/25/2016": [23.0, 0.002178649237472798], "2/26/2016": [23.0, 0.0], "3/1/2016": [23.0, 0.0], "3/2/2016": [23.3, 0.013043478260869596], "3/3/2016": [23.4, 0.00429184549356214], "3/4/2016": [23.4, 0.0], "3/7/2016": [23.4, 0.0], "3/8/2016": [23.6, 0.00854700854700867], "3/9/2016": [23.4, -0.00847457627118656], "3/10/2016": [23.0, -0.017094017094017033], "3/11/2016": [22.85, -0.006521739130434721], "3/14/2016": [23.0, 0.006564551422319412], "3/15/2016": [22.6, -0.017391304347826025], "3/16/2016": [22.65, 0.0022123893805308477], "3/17/2016": [23.0, 0.015452538631346642], "3/18/2016": [22.4, -0.02608695652173919], "3/21/2016": [22.45, 0.002232142857142889], "3/22/2016": [22.15, -0.01336302895322943], "3/23/2016": [22.5, 0.015801354401805936], "3/24/2016": [23.6, 0.048888888888888954], "3/25/2016": [23.0, -0.02542372881355938], "3/28/2016": [22.9, -0.004347826086956583], "3/29/2016": [22.5, -0.017467248908296883], "3/30/2016": [22.45, -0.002222222222222254], "3/31/2016": [22.5, 0.0022271714922049313], "4/1/2016": [22.5, 0.0], "4/6/2016": [22.6, 0.004444444444444508], "4/7/2016": [22.8, 0.008849557522123862], "4/8/2016": [23.0, 0.008771929824561372], "4/11/2016": [23.0, 0.0], "4/12/2016": [23.0, 0.0], "4/13/2016": [23.05, 0.0021739130434782917], "4/14/2016": [22.9, -0.0065075921908894635], "4/15/2016": [23.0, 0.004366812227074298], "4/18/2016": [22.7, -0.013043478260869596], "4/19/2016": [23.0, 0.013215859030837036], "4/20/2016": [22.6, -0.017391304347826025], "4/21/2016": [22.8, 0.008849557522123862], "4/22/2016": [22.8, 0.0], "4/25/2016": [22.8, 0.0], "4/26/2016": [22.95, 0.00657894736842099], "4/27/2016": [23.0, 0.002178649237472798], "4/28/2016": [23.0, 0.0], "4/29/2016": [22.8, -0.008695652173913012], "5/3/2016": [23.0, 0.008771929824561372], "5/4/2016": [23.1, 0.004347826086956583], "5/5/2016": [22.8, -0.012987012987013017], "5/6/2016": [22.8, 0.0], "5/9/2016": [22.8, 0.0], "5/10/2016": [23.0, 0.008771929824561372], "5/11/2016": [23.0, 0.0], "5/12/2016": [22.7, -0.013043478260869596], "5/13/2016": [22.6, -0.004405286343612241], "5/16/2016": [22.75, 0.006637168141592857], "5/17/2016": [22.6, -0.006593406593406531], "5/18/2016": [22.5, -0.004424778761062009], "5/19/2016": [22.5, 0.0], "5/20/2016": [22.6, 0.004444444444444508], "5/23/2016": [23.0, 0.017699115044247725], "5/24/2016": [22.7, -0.013043478260869596], "5/25/2016": [22.95, 0.011013215859030838], "5/26/2016": [23.5, 0.023965141612200466], "5/27/2016": [25.5, 0.0851063829787234], "5/30/2016": [26.55, 0.04117647058823532], "5/31/2016": [25.95, -0.022598870056497227], "6/1/2016": [25.9, -0.0019267822736031104], "6/2/2016": [25.3, -0.023166023166023085], "6/3/2016": [26.6, 0.051383399209486195], "6/4/2016": [26.8, 0.007518796992481176], "6/6/2016": [26.35, -0.016791044776119375], "6/7/2016": [25.5, -0.03225806451612909], "6/8/2016": [25.3, -0.007843137254901933], "6/13/2016": [24.95, -0.013833992094861716], "6/14/2016": [24.55, -0.016032064128256456], "6/15/2016": [24.3, -0.010183299389002037], "6/16/2016": [24.3, 0.0], "6/17/2016": [24.35, 0.002057613168724309], "6/20/2016": [24.4, 0.002053388090348959], "6/21/2016": [24.7, 0.012295081967213144], "6/22/2016": [24.95, 0.010121457489878543], "6/23/2016": [24.85, -0.004008016032064043], "6/24/2016": [23.4, -0.05835010060362184], "6/27/2016": [22.8, -0.02564102564102555], "6/28/2016": [23.3, 0.021929824561403508], "6/29/2016": [23.4, 0.00429184549356214], "6/30/2016": [24.0, 0.025641025641025703], "7/1/2016": [24.8, 0.03333333333333336], "7/4/2016": [24.65, -0.006048387096774279], "7/5/2016": [24.05, -0.024340770791074967], "7/6/2016": [24.0, -0.0020790020790021086], "7/7/2016": [24.0, 0.0], "7/11/2016": [23.8, -0.008333333333333304], "7/12/2016": [23.7, -0.004201680672268967], "7/13/2016": [23.75, 0.002109704641350241], "7/14/2016": [24.0, 0.010526315789473684], "7/15/2016": [24.0, 0.0], "7/18/2016": [24.1, 0.004166666666666726], "7/19/2016": [24.15, 0.00207468879668038], "7/20/2016": [24.3, 0.006211180124223691], "7/21/2016": [24.35, 0.002057613168724309], "7/22/2016": [24.4, 0.002053388090348959], "7/25/2016": [24.45, 0.0020491803278688816], "7/26/2016": [24.7, 0.010224948875255624], "7/27/2016": [23.75, -0.038461538461538436], "7/28/2016": [23.45, -0.01263157894736845], "7/29/2016": [23.45, 0.0], "8/1/2016": [23.45, 0.0], "8/2/2016": [23.45, 0.0], "8/3/2016": [23.4, -0.0021321961620469386], "8/4/2016": [23.3, -0.004273504273504183], "8/5/2016": [23.5, 0.008583690987124432], "8/8/2016": [23.2, -0.012765957446808541], "8/9/2016": [23.1, -0.004310344827586115], "8/10/2016": [23.2, 0.004329004329004236], "8/11/2016": [22.9, -0.012931034482758652], "8/12/2016": [22.85, -0.0021834061135369938], "8/15/2016": [22.9, 0.0021881838074397004], "8/16/2016": [22.9, 0.0], "8/17/2016": [23.1, 0.008733624454148596], "8/18/2016": [23.1, 0.0], "8/19/2016": [23.2, 0.004329004329004236], "8/22/2016": [23.0, -0.008620689655172384], "8/23/2016": [23.1, 0.004347826086956583], "8/24/2016": [23.1, 0.0], "8/25/2016": [23.1, 0.0], "8/26/2016": [23.1, 0.0], "8/29/2016": [23.2, 0.004329004329004236], "8/30/2016": [23.1, -0.004310344827586115], "8/31/2016": [23.0, -0.004329004329004391], "9/1/2016": [22.8, -0.008695652173913012], "9/2/2016": [22.85, 0.002192982456140382], "9/5/2016": [22.85, 0.0], "9/6/2016": [22.95, 0.004376367614879556], "9/7/2016": [22.7, -0.010893246187363835], "9/8/2016": [22.7, 0.0], "9/9/2016": [22.35, -0.015418502202643078], "9/10/2016": [22.75, 0.017897091722595012], "9/12/2016": [22.6, -0.006593406593406531], "9/13/2016": [22.35, -0.011061946902654867], "9/14/2016": [22.8, 0.02013422818791943], "9/19/2016": [22.9, 0.004385964912280608], "9/20/2016": [22.85, -0.0021834061135369938], "9/21/2016": [22.65, -0.008752735229759424], "9/22/2016": [22.9, 0.011037527593818985], "9/23/2016": [22.8, -0.004366812227074143], "9/26/2016": [22.7, -0.004385964912280764], "9/29/2016": [22.7, 0.0], "9/30/2016": [22.8, 0.004405286343612398], "10/3/2016": [23.3, 0.021929824561403508], "10/4/2016": [23.4, 0.00429184549356214], "10/5/2016": [24.15, 0.032051282051282055], "10/6/2016": [23.6, -0.022774327122153094], "10/7/2016": [23.35, -0.01059322033898305], "10/11/2016": [23.6, 0.010706638115631691], "10/12/2016": [23.0, -0.02542372881355938], "10/13/2016": [22.7, -0.013043478260869596], "10/14/2016": [22.7, 0.0], "10/17/2016": [22.6, -0.004405286343612241], "10/18/2016": [22.65, 0.0022123893805308477], "10/19/2016": [22.8, 0.006622516556291485], "10/20/2016": [22.6, -0.008771929824561372], "10/21/2016": [23.2, 0.026548672566371584], "10/24/2016": [24.2, 0.04310344827586207], "10/25/2016": [24.5, 0.012396694214876063], "10/26/2016": [25.2, 0.028571428571428543], "10/27/2016": [25.6, 0.01587301587301596],