{"1/4/2016": [43.8, ""], "1/5/2016": [43.8, 0.0], "1/6/2016": [43.8, 0.0], "1/7/2016": [43.8, 0.0], "1/8/2016": [62.4, 0.42465753424657543], "1/11/2016": [60.4, -0.032051282051282055], "1/12/2016": [60.3, -0.0016556291390728713], "1/13/2016": [60.5, 0.003316749585406349], "1/14/2016": [59.4, -0.018181818181818205], "1/15/2016": [59.4, 0.0], "1/18/2016": [60.0, 0.010101010101010124], "1/19/2016": [59.7, -0.004999999999999952], "1/20/2016": [59.4, -0.005025125628140775], "1/21/2016": [59.9, 0.008417508417508417], "1/22/2016": [59.4, -0.008347245409015025], "1/25/2016": [59.2, -0.0033670033670032953], "1/26/2016": [58.0, -0.020270270270270316], "1/27/2016": [57.5, -0.008620689655172414], "1/28/2016": [57.3, -0.003478260869565267], "1/29/2016": [55.9, -0.024432809773123884], "1/30/2016": [55.4, -0.008944543828264758], "2/1/2016": [53.8, -0.028880866425992805], "2/2/2016": [54.4, 0.01115241635687735], "2/3/2016": [54.7, 0.00551470588235302], "2/15/2016": [55.8, 0.02010968921389386], "2/16/2016": [57.0, 0.021505376344086075], "2/17/2016": [57.4, 0.007017543859649098], "2/18/2016": [58.7, 0.022648083623693454], "2/19/2016": [58.9, 0.00340715502555359], "2/22/2016": [64.7, 0.09847198641765711], "2/23/2016": [64.9, 0.0030911901081916975], "2/24/2016": [64.5, -0.006163328197226589], "2/25/2016": [69.4, 0.0759689922480621], "2/26/2016": [72.5, 0.04466858789625352], "3/1/2016": [71.3, -0.016551724137931073], "3/2/2016": [71.3, 0.0], "3/3/2016": [70.1, -0.01683029453015432], "3/4/2016": [71.2, 0.01569186875891596], "3/7/2016": [71.7, 0.007022471910112359], "3/8/2016": [74.0, 0.03207810320781028], "3/9/2016": [73.0, -0.013513513513513514], "3/10/2016": [73.6, 0.008219178082191704], "3/11/2016": [77.2, 0.04891304347826099], "3/14/2016": [76.8, -0.00518134715025914], "3/15/2016": [74.3, -0.032552083333333336], "3/16/2016": [75.5, 0.016150740242261142], "3/17/2016": [71.0, -0.059602649006622516], "3/18/2016": [71.6, 0.008450704225352032], "3/21/2016": [71.6, 0.0], "3/22/2016": [72.8, 0.01675977653631289], "3/23/2016": [72.7, -0.0013736263736262957], "3/24/2016": [71.0, -0.023383768913342543], "3/25/2016": [70.2, -0.011267605633802778], "3/28/2016": [70.0, -0.0028490028490028895], "3/29/2016": [68.0, -0.02857142857142857], "3/30/2016": [69.5, 0.022058823529411766], "3/31/2016": [69.3, -0.0028776978417266595], "4/1/2016": [69.5, 0.002886002886002927], "4/6/2016": [69.5, 0.0], "4/7/2016": [70.1, 0.008633093525179774], "4/8/2016": [70.8, 0.009985734664764663], "4/11/2016": [70.0, -0.011299435028248548], "4/12/2016": [68.5, -0.02142857142857143], "4/13/2016": [67.3, -0.017518248175182525], "4/14/2016": [67.9, 0.008915304606240841], "4/15/2016": [66.8, -0.016200294550810138], "4/18/2016": [66.2, -0.008982035928143627], "4/19/2016": [65.6, -0.009063444108761459], "4/20/2016": [64.0, -0.02439024390243894], "4/21/2016": [62.9, -0.017187500000000022], "4/22/2016": [63.1, 0.003179650238473813], "4/25/2016": [63.5, 0.006339144215530881], "4/26/2016": [63.0, -0.007874015748031496], "4/27/2016": [63.0, 0.0], "4/28/2016": [63.0, 0.0], "4/29/2016": [61.6, -0.0222222222222222], "5/3/2016": [62.2, 0.009740259740259763], "5/4/2016": [60.5, -0.02733118971061098], "5/5/2016": [60.0, -0.008264462809917356], "5/6/2016": [61.8, 0.029999999999999954], "5/9/2016": [61.8, 0.0], "5/10/2016": [62.3, 0.008090614886731393], "5/11/2016": [62.5, 0.0032102728731942675], "5/12/2016": [61.2, -0.020799999999999954], "5/13/2016": [61.3, 0.0016339869281044822], "5/16/2016": [60.7, -0.009787928221859614], "5/17/2016": [61.8, 0.018121911037891174], "5/18/2016": [61.0, -0.01294498381877018], "5/19/2016": [60.9, -0.0016393442622951052], "5/20/2016": [60.9, 0.0], "5/23/2016": [62.1, 0.019704433497536995], "5/24/2016": [61.4, -0.01127214170692436], "5/25/2016": [61.1, -0.004885993485341973], "5/26/2016": [61.1, 0.0], "5/27/2016": [60.9, -0.003273322422258639], "5/30/2016": [62.2, 0.021346469622331762], "5/31/2016": [62.0, -0.0032154340836013317], "6/1/2016": [61.6, -0.006451612903225784], "6/2/2016": [61.4, -0.003246753246753293], "6/3/2016": [60.6, -0.013029315960912006], "6/4/2016": [66.5, 0.09735973597359733], "6/6/2016": [63.4, -0.04661654135338348], "6/7/2016": [62.4, -0.015772870662460567], "6/8/2016": [62.2, -0.003205128205128137], "6/13/2016": [60.4, -0.028938906752411644], "6/14/2016": [59.9, -0.008278145695364239], "6/15/2016": [59.9, 0.0], "6/16/2016": [59.5, -0.006677796327211997], "6/17/2016": [59.4, -0.001680672268907587], "6/20/2016": [60.1, 0.011784511784511833], "6/21/2016": [61.0, 0.014975041597337747], "6/22/2016": [61.3, 0.0049180327868851995], "6/23/2016": [61.0, -0.004893964110929807], "6/24/2016": [59.5, -0.02459016393442623], "6/27/2016": [59.0, -0.008403361344537815], "6/28/2016": [60.0, 0.01694915254237288], "6/29/2016": [60.8, 0.013333333333333286], "6/30/2016": [60.5, -0.004934210526315743], "7/1/2016": [60.1, -0.006611570247933861], "7/4/2016": [60.5, 0.006655574043261207], "7/5/2016": [61.6, 0.018181818181818205], "7/6/2016": [63.4, 0.029220779220779175], "7/7/2016": [64.7, 0.020504731861198805], "7/11/2016": [66.0, 0.020092735703245705], "7/12/2016": [67.0, 0.015151515151515152], "7/13/2016": [66.8, -0.002985074626865714], "7/14/2016": [67.3, 0.0074850299401197605], "7/15/2016": [67.8, 0.007429420505200595], "7/18/2016": [66.7, -0.01622418879056039], "7/19/2016": [65.0, -0.025487256371814135], "7/20/2016": [64.1, -0.013846153846153933], "7/21/2016": [64.8, 0.010920436817472744], "7/22/2016": [64.9, 0.0015432098765433416], "7/25/2016": [64.9, 0.0], "7/26/2016": [64.6, -0.0046224961479200515], "7/27/2016": [64.4, -0.0030959752321979665], "7/28/2016": [63.8, -0.009316770186335536], "7/29/2016": [65.5, 0.026645768025078415], "8/1/2016": [67.5, 0.030534351145038167], "8/2/2016": [68.4, 0.013333333333333417], "8/3/2016": [69.0, 0.00877192982456132], "8/4/2016": [68.8, -0.0028985507246377224], "8/5/2016": [69.5, 0.010174418604651205], "8/8/2016": [70.3, 0.011510791366906433], "8/9/2016": [71.8, 0.021337126600284497], "8/10/2016": [70.7, -0.015320334261838361], "8/11/2016": [68.2, -0.03536067892503536], "8/12/2016": [67.8, -0.005865102639296271], "8/15/2016": [68.5, 0.010324483775811251], "8/16/2016": [68.4, -0.0014598540145984572], "8/17/2016": [67.6, -0.011695906432748704], "8/18/2016": [68.7, 0.016272189349112554], "8/19/2016": [70.5, 0.026200873362445372], "8/22/2016": [72.6, 0.02978723404255311], "8/23/2016": [69.4, -0.044077134986225744], "8/24/2016": [69.0, -0.005763688760806998], "8/25/2016": [68.6, -0.005797101449275445], "8/26/2016": [69.3, 0.010204081632653104], "8/29/2016": [70.8, 0.021645021645021648], "8/30/2016": [66.1, -0.06638418079096049], "8/31/2016": [66.1, 0.0], "9/1/2016": [65.4, -0.01059001512859287], "9/2/2016": [64.2, -0.018348623853211052], "9/5/2016": [63.4, -0.012461059190031218], "9/6/2016": [63.8, 0.006309148264984205], "9/7/2016": [64.8, 0.015673981191222573], "9/8/2016": [65.5, 0.010802469135802514], "9/9/2016": [65.0, -0.007633587786259542], "9/10/2016": [63.7, -0.019999999999999955], "9/12/2016": [62.4, -0.020408163265306187], "9/13/2016": [61.5, -0.014423076923076901], "9/14/2016": [60.6, -0.014634146341463391], "9/19/2016": [61.1, 0.00825082508250825], "9/20/2016": [61.1, 0.0], "9/21/2016": [61.2, 0.0016366612111293195], "9/22/2016": [61.1, -0.0016339869281045984], "9/23/2016": [61.1, 0.0], "9/26/2016": [60.5, -0.0098199672667758], "9/29/2016": [60.2, -0.004958677685950366], "9/30/2016": [59.3, -0.014950166112956905], "10/3/2016": [59.0, -0.0050590219224282825], "10/4/2016": [58.5, -0.00847457627118644], "10/5/2016": [56.9, -0.027350427350427375], "10/6/2016": [53.5, -0.05975395430579963], "10/7/2016": [54.7, 0.02242990654205613], "10/11/2016": [54.2, -0.009140767824497258], "10/12/2016": [53.1, -0.020295202952029544], "10/13/2016": [52.2, -0.016949152542372854], "10/14/2016": [51.3, -0.017241379310344935], "10/17/2016": [51.2, -0.0019493177387913123], "10/18/2016": [50.8, -0.007812500000000111], "10/19/2016": [51.3, 0.00984251968503937],