{"1/4/2016": [5.9, ""], "1/5/2016": [5.97, 0.011864406779660913], "1/6/2016": [5.98, 0.0016750418760470144], "1/7/2016": [6.18, 0.033444816053511586], "1/8/2016": [5.8, -0.06148867313915856], "1/11/2016": [6.0, 0.03448275862068969], "1/12/2016": [6.28, 0.04666666666666671], "1/13/2016": [6.32, 0.006369426751592362], "1/14/2016": [6.26, -0.009493670886076028], "1/15/2016": [6.5, 0.03833865814696489], "1/18/2016": [6.37, -0.019999999999999983], "1/19/2016": [6.3, -0.010989010989011033], "1/20/2016": [6.18, -0.019047619047619067], "1/21/2016": [6.2, 0.0032362459546926314], "1/22/2016": [6.22, 0.0032258064516128343], "1/25/2016": [6.3, 0.012861736334405157], "1/26/2016": [6.25, -0.007936507936507908], "1/27/2016": [5.91, -0.054399999999999976], "1/28/2016": [6.04, 0.021996615905245327], "1/29/2016": [6.05, 0.0016556291390728123], "1/30/2016": [5.97, -0.01322314049586778], "2/1/2016": [6.09, 0.02010050251256283], "2/2/2016": [6.1, 0.0016420361247947105], "2/3/2016": [6.24, 0.022950819672131244], "2/15/2016": [6.24, 0.0], "2/16/2016": [6.24, 0.0], "2/17/2016": [6.24, 0.0], "2/18/2016": [6.24, 0.0], "2/19/2016": [6.24, 0.0], "2/22/2016": [6.24, 0.0], "2/23/2016": [6.24, 0.0], "2/24/2016": [9.98, 0.5993589743589743], "2/25/2016": [9.09, -0.0891783567134269], "2/26/2016": [8.9, -0.020902090209020847], "3/1/2016": [8.03, -0.09775280898876415], "3/2/2016": [7.99, -0.004981320049813095], "3/3/2016": [8.01, 0.0025031289111388704], "3/4/2016": [8.19, 0.022471910112359515], "3/7/2016": [7.98, -0.02564102564102553], "3/8/2016": [7.9, -0.010025062656641612], "3/9/2016": [8.09, 0.024050632911392342], "3/10/2016": [7.98, -0.013597033374536395], "3/11/2016": [7.8, -0.022556390977443684], "3/14/2016": [7.61, -0.024358974358974297], "3/15/2016": [7.74, 0.01708278580814716], "3/16/2016": [7.69, -0.006459948320413414], "3/17/2016": [7.34, -0.045513654096228935], "3/18/2016": [7.37, 0.0040871934604904975], "3/21/2016": [7.39, 0.002713704206241462], "3/22/2016": [7.35, -0.005412719891745607], "3/23/2016": [7.2, -0.02040816326530605], "3/24/2016": [7.4, 0.0277777777777778], "3/25/2016": [7.5, 0.013513513513513466], "3/28/2016": [8.23, 0.0973333333333334], "3/29/2016": [7.8, -0.05224787363304989], "3/30/2016": [8.0, 0.025641025641025664], "3/31/2016": [7.7, -0.03749999999999998], "4/1/2016": [7.71, 0.001298701298701271], "4/6/2016": [7.71, 0.0], "4/7/2016": [7.7, -0.0012970168612191683], "4/8/2016": [7.79, 0.01168831168831167], "4/11/2016": [7.8, 0.0012836970474967633], "4/12/2016": [7.6, -0.025641025641025664], "4/13/2016": [8.0, 0.052631578947368474], "4/14/2016": [8.06, 0.007500000000000062], "4/15/2016": [8.08, 0.002481389578163719], "4/18/2016": [8.15, 0.008663366336633699], "4/19/2016": [8.15, 0.0], "4/20/2016": [8.23, 0.009815950920245406], "4/21/2016": [8.25, 0.0024301336573511025], "4/22/2016": [8.25, 0.0], "4/25/2016": [8.39, 0.016969696969697037], "4/26/2016": [8.3, -0.010727056019070305], "4/27/2016": [8.37, 0.008433734939758856], "4/28/2016": [8.35, -0.0023894862604539515], "4/29/2016": [8.4, 0.005988023952095894], "5/3/2016": [8.36, -0.004761904761904872], "5/4/2016": [8.3, -0.007177033492822814], "5/5/2016": [8.35, 0.00602409638554204], "5/6/2016": [8.36, 0.0011976047904191363], "5/9/2016": [8.64, 0.03349282296650732], "5/10/2016": [8.6, -0.004629629629629736], "5/11/2016": [8.4, -0.023255813953488292], "5/12/2016": [8.47, 0.008333333333333366], "5/13/2016": [8.3, -0.020070838252656424], "5/16/2016": [8.1, -0.0240963855421688], "5/17/2016": [8.3, 0.024691358024691492], "5/18/2016": [8.35, 0.00602409638554204], "5/19/2016": [8.45, 0.011976047904191574], "5/20/2016": [8.93, 0.056804733727810704], "5/23/2016": [8.9, -0.0033594624860021683], "5/24/2016": [8.9, 0.0], "5/25/2016": [8.8, -0.011235955056179735], "5/26/2016": [8.6, -0.022727272727272846], "5/27/2016": [8.5, -0.011627906976744146], "5/30/2016": [8.5, 0.0], "5/31/2016": [8.4, -0.0117647058823529], "6/1/2016": [8.15, -0.02976190476190476], "6/2/2016": [8.88, 0.08957055214723932], "6/3/2016": [9.0, 0.013513513513513424], "6/4/2016": [9.2, 0.022222222222222143], "6/6/2016": [9.35, 0.016304347826086998], "6/7/2016": [9.4, 0.0053475935828877766], "6/8/2016": [9.3, -0.010638297872340387], "6/13/2016": [9.49, 0.020430107526881666], "6/14/2016": [9.47, -0.0021074815595363092], "6/15/2016": [9.49, 0.0021119324181625735], "6/16/2016": [9.99, 0.05268703898840885], "6/17/2016": [9.99, 0.0], "6/20/2016": [10.15, 0.01601601601601603], "6/21/2016": [10.2, 0.0049261083743841316], "6/22/2016": [10.05, -0.014705882352941037], "6/23/2016": [10.0, -0.004975124378109523], "6/24/2016": [10.0, 0.0], "6/27/2016": [10.1, 0.009999999999999964], "6/28/2016": [10.2, 0.009900990099009866], "6/29/2016": [10.25, 0.004901960784313796], "6/30/2016": [11.0, 0.07317073170731707], "7/1/2016": [11.0, 0.0], "7/4/2016": [10.4, -0.054545454545454515], "7/5/2016": [10.4, 0.0], "7/6/2016": [10.4, 0.0], "7/7/2016": [10.1, -0.028846153846153914], "7/11/2016": [10.1, 0.0], "7/12/2016": [10.4, 0.029702970297029774], "7/13/2016": [10.65, 0.024038461538461536], "7/14/2016": [10.65, 0.0], "7/15/2016": [10.7, 0.004694835680751073], "7/18/2016": [10.65, -0.004672897196261583], "7/19/2016": [11.0, 0.032863849765258184], "7/20/2016": [11.2, 0.01818181818181812], "7/21/2016": [11.85, 0.05803571428571432], "7/22/2016": [11.85, 0.0], "7/25/2016": [12.0, 0.012658227848101297], "7/26/2016": [12.5, 0.041666666666666664], "7/27/2016": [12.35, -0.012000000000000028], "7/28/2016": [12.05, -0.024291497975708416], "7/29/2016": [12.0, -0.004149377593361055], "8/1/2016": [12.0, 0.0], "8/2/2016": [11.85, -0.01250000000000003], "8/3/2016": [11.75, -0.008438818565400814], "8/4/2016": [11.15, -0.05106382978723401], "8/5/2016": [11.1, -0.004484304932735489], "8/8/2016": [11.1, 0.0], "8/9/2016": [10.85, -0.022522522522522525], "8/10/2016": [11.0, 0.013824884792626762], "8/11/2016": [10.8, -0.01818181818181812], "8/12/2016": [10.6, -0.018518518518518615], "8/15/2016": [10.6, 0.0], "8/16/2016": [11.0, 0.03773584905660381], "8/17/2016": [10.9, -0.00909090909090906], "8/18/2016": [10.5, -0.03669724770642205], "8/19/2016": [10.5, 0.0], "8/22/2016": [10.7, 0.01904761904761898], "8/23/2016": [10.5, -0.018691588785046665], "8/24/2016": [10.45, -0.00476190476190483], "8/25/2016": [10.1, -0.033492822966507144], "8/26/2016": [10.05, -0.004950495049504845], "8/29/2016": [10.0, -0.004975124378109523], "8/30/2016": [10.0, 0.0], "8/31/2016": [10.05, 0.005000000000000071], "9/1/2016": [10.0, -0.004975124378109523], "9/2/2016": [9.08, -0.092], "9/5/2016": [8.58, -0.05506607929515418], "9/6/2016": [8.74, 0.018648018648018665], "9/7/2016": [9.01, 0.03089244851258576], "9/8/2016": [9.12, 0.012208657047724688], "9/9/2016": [9.27, 0.016447368421052672], "9/10/2016": [9.4, 0.014023732470334498], "9/12/2016": [9.5, 0.010638297872340387], "9/13/2016": [9.42, -0.008421052631578954], "9/14/2016": [9.3, -0.01273885350318463], "9/19/2016": [9.15, -0.016129032258064554], "9/20/2016": [9.2, 0.005464480874316823], "9/21/2016": [9.13, -0.007608695652173751], "9/22/2016": [9.1, -0.0032858707557503982], "9/23/2016": [9.1, 0.0], "9/26/2016": [9.01, -0.009890109890109874], "9/29/2016": [9.0, -0.0011098779134294991], "9/30/2016": [8.9, -0.011111111111111072], "10/3/2016": [8.9, 0.0], "10/4/2016": [8.78, -0.013483146067415842], "10/5/2016": [8.79, 0.0011389521640090875], "10/6/2016": [9.1, 0.035267349260523384], "10/7/2016": [9.03, -0.007692307692307724], "10/11/2016": [9.13, 0.011074197120708907], "10/12/2016": [9.09, -0.004381161007667132], "10/13/2016": [9.4, 0.03410341034103416], "10/14/2016": [9.2, -0.021276595744680965], "10/17/2016": [9.18, -0.0021739130434782145], "10/18/2016": [9.19, 0.0010893246187363603], "10/19/2016": [9.18, -0.0010881392818280508], "10/20/2016": [9.18, 0.0], "10/21/2016": [8.86, -0.0348583877995643], "10/24/2016": [9.0, 0.015801354401805936], "10/25/2016": [9.07, 0.00777777777777781], "10/26/2016": [9.0, -0.007717750826901905], "10/27/2016": [9.09, 0.009999999999999985],