{"1/4/2016": [10.15, ""], "1/5/2016": [10.0, -0.014778325123152743], "1/6/2016": [10.0, 0.0], "1/7/2016": [9.95, -0.005000000000000071], "1/8/2016": [9.85, -0.010050251256281372], "1/11/2016": [9.99, 0.014213197969543205], "1/12/2016": [9.9, -0.009009009009008995], "1/13/2016": [9.9, 0.0], "1/14/2016": [9.9, 0.0], "1/15/2016": [9.9, 0.0], "1/18/2016": [9.89, -0.0010101010101009886], "1/19/2016": [9.9, 0.0010111223458038206], "1/20/2016": [9.94, 0.0040404040404039545], "1/21/2016": [9.94, 0.0], "1/22/2016": [9.91, -0.0030181086519114044], "1/25/2016": [10.05, 0.01412714429868825], "1/26/2016": [9.96, -0.008955223880597], "1/27/2016": [9.95, -0.001004016064257185], "1/28/2016": [9.98, 0.0030150753768845365], "1/29/2016": [10.0, 0.0020040080160320215], "1/30/2016": [10.05, 0.005000000000000071], "2/1/2016": [10.0, -0.004975124378109523], "2/2/2016": [9.99, -0.0009999999999999788], "2/3/2016": [9.99, 0.0], "2/15/2016": [10.0, 0.0010010010010009797], "2/16/2016": [10.0, 0.0], "2/17/2016": [10.0, 0.0], "2/18/2016": [9.95, -0.005000000000000071], "2/19/2016": [9.95, 0.0], "2/22/2016": [9.97, 0.0020100502512564174], "2/23/2016": [10.25, 0.02808425275827476], "2/24/2016": [10.1, -0.014634146341463448], "2/25/2016": [10.2, 0.009900990099009866], "2/26/2016": [11.2, 0.09803921568627452], "3/1/2016": [12.3, 0.09821428571428585], "3/2/2016": [12.8, 0.04065040650406504], "3/3/2016": [12.8, 0.0], "3/4/2016": [13.0, 0.015624999999999944], "3/7/2016": [13.35, 0.026923076923076897], "3/8/2016": [13.6, 0.018726591760299626], "3/9/2016": [13.2, -0.02941176470588238], "3/10/2016": [13.55, 0.026515151515151623], "3/11/2016": [14.15, 0.044280442804428014], "3/14/2016": [15.0, 0.06007067137809185], "3/15/2016": [14.95, -0.003333333333333381], "3/16/2016": [14.7, -0.016722408026755852], "3/17/2016": [13.25, -0.09863945578231288], "3/18/2016": [13.15, -0.007547169811320728], "3/21/2016": [13.55, 0.03041825095057037], "3/22/2016": [13.8, 0.01845018450184502], "3/23/2016": [13.9, 0.007246376811594177], "3/24/2016": [13.8, -0.007194244604316521], "3/25/2016": [13.9, 0.007246376811594177], "3/28/2016": [13.75, -0.010791366906474845], "3/29/2016": [13.5, -0.01818181818181818], "3/30/2016": [13.55, 0.0037037037037037563], "3/31/2016": [13.65, 0.007380073800737981], "4/1/2016": [13.75, 0.0073260073260073], "4/6/2016": [13.5, -0.01818181818181818], "4/7/2016": [13.5, 0.0], "4/8/2016": [13.65, 0.011111111111111138], "4/11/2016": [13.6, -0.003663003663003715], "4/12/2016": [13.45, -0.011029411764705909], "4/13/2016": [13.6, 0.01115241635687735], "4/14/2016": [14.4, 0.05882352941176476], "4/15/2016": [14.5, 0.00694444444444442], "4/18/2016": [14.6, 0.006896551724137907], "4/19/2016": [14.65, 0.003424657534246624], "4/20/2016": [13.85, -0.05460750853242326], "4/21/2016": [13.75, -0.007220216606498169], "4/22/2016": [13.7, -0.003636363636363688], "4/25/2016": [13.6, -0.007299270072992675], "4/26/2016": [13.5, -0.007352941176470562], "4/27/2016": [13.6, 0.007407407407407381], "4/28/2016": [13.5, -0.007352941176470562], "4/29/2016": [13.3, -0.014814814814814762], "5/3/2016": [13.25, -0.0037593984962406546], "5/4/2016": [13.8, 0.041509433962264204], "5/5/2016": [13.5, -0.02173913043478266], "5/6/2016": [13.35, -0.011111111111111138], "5/9/2016": [13.4, 0.0037453183520599785], "5/10/2016": [13.3, -0.007462686567164152], "5/11/2016": [13.4, 0.007518796992481176], "5/12/2016": [13.15, -0.018656716417910446], "5/13/2016": [13.15, 0.0], "5/16/2016": [13.1, -0.0038022813688213465], "5/17/2016": [13.05, -0.0038167938931296897], "5/18/2016": [13.15, 0.007662835249042118], "5/19/2016": [13.15, 0.0], "5/20/2016": [13.1, -0.0038022813688213465], "5/23/2016": [13.2, 0.007633587786259515], "5/24/2016": [13.1, -0.007575757575757549], "5/25/2016": [13.0, -0.007633587786259515], "5/26/2016": [13.8, 0.06153846153846159], "5/27/2016": [13.8, 0.0], "5/30/2016": [13.8, 0.0], "5/31/2016": [14.2, 0.028985507246376708], "6/1/2016": [13.85, -0.02464788732394364], "6/2/2016": [14.0, 0.010830324909747318], "6/3/2016": [13.6, -0.0285714285714286], "6/4/2016": [13.6, 0.0], "6/6/2016": [13.4, -0.014705882352941124], "6/7/2016": [13.4, 0.0], "6/8/2016": [13.3, -0.007462686567164152], "6/13/2016": [13.4, 0.007518796992481176], "6/14/2016": [13.65, 0.018656716417910446], "6/15/2016": [13.7, 0.003663003663003585], "6/16/2016": [13.6, -0.007299270072992675], "6/17/2016": [13.6, 0.0], "6/20/2016": [13.75, 0.011029411764705909], "6/21/2016": [13.45, -0.02181818181818187], "6/22/2016": [13.5, 0.003717472118959161], "6/23/2016": [13.5, 0.0], "6/24/2016": [13.45, -0.0037037037037037563], "6/27/2016": [13.1, -0.02602230483271373], "6/28/2016": [13.5, 0.030534351145038195], "6/29/2016": [13.1, -0.029629629629629655], "6/30/2016": [13.2, 0.007633587786259515], "7/1/2016": [13.2, 0.0], "7/4/2016": [13.2, 0.0], "7/5/2016": [13.5, 0.022727272727272783], "7/6/2016": [13.35, -0.011111111111111138], "7/7/2016": [13.35, 0.0], "7/11/2016": [13.6, 0.018726591760299626], "7/12/2016": [13.3, -0.022058823529411686], "7/13/2016": [13.3, 0.0], "7/14/2016": [13.3, 0.0], "7/15/2016": [13.15, -0.01127819548872183], "7/18/2016": [13.2, 0.0038022813688212117], "7/19/2016": [13.15, -0.0037878787878787073], "7/20/2016": [13.0, -0.011406844106463905], "7/21/2016": [13.35, 0.026923076923076897], "7/22/2016": [13.3, -0.0037453183520598453], "7/25/2016": [13.15, -0.01127819548872183], "7/26/2016": [13.05, -0.007604562737642559], "7/27/2016": [12.85, -0.015325670498084372], "7/28/2016": [12.55, -0.023346303501945442], "7/29/2016": [12.95, 0.03187250996015925], "8/1/2016": [12.7, -0.019305019305019305], "8/2/2016": [12.95, 0.01968503937007874], "8/3/2016": [12.7, -0.019305019305019305], "8/4/2016": [12.7, 0.0], "8/5/2016": [12.55, -0.011811023622047133], "8/8/2016": [12.35, -0.015936254980079764], "8/9/2016": [12.1, -0.020242914979757085], "8/10/2016": [12.45, 0.028925619834710717], "8/11/2016": [12.3, -0.012048192771084223], "8/12/2016": [12.25, -0.004065040650406562], "8/15/2016": [12.3, 0.004081632653061282], "8/16/2016": [12.2, -0.008130081300813123], "8/17/2016": [12.2, 0.0], "8/18/2016": [12.4, 0.016393442622950907], "8/19/2016": [12.25, -0.012096774193548416], "8/22/2016": [12.4, 0.012244897959183702], "8/23/2016": [12.7, 0.024193548387096687], "8/24/2016": [12.85, 0.011811023622047273], "8/25/2016": [12.85, 0.0], "8/26/2016": [13.0, 0.01167315175097279], "8/29/2016": [13.2, 0.01538461538461533], "8/30/2016": [13.6, 0.03030303030303033], "8/31/2016": [13.5, -0.007352941176470562], "9/1/2016": [13.35, -0.011111111111111138], "9/2/2016": [13.4, 0.0037453183520599785], "9/5/2016": [13.4, 0.0], "9/6/2016": [13.4, 0.0], "9/7/2016": [13.8, 0.029850746268656744], "9/8/2016": [14.0, 0.014492753623188354], "9/9/2016": [13.8, -0.014285714285714235], "9/10/2016": [13.75, -0.0036231884057971527], "9/12/2016": [13.8, 0.003636363636363688], "9/13/2016": [14.0, 0.014492753623188354], "9/14/2016": [13.8, -0.014285714285714235], "9/19/2016": [13.9, 0.007246376811594177], "9/20/2016": [13.85, -0.0035971223021583243], "9/21/2016": [13.85, 0.0], "9/22/2016": [14.0, 0.010830324909747318], "9/23/2016": [14.0, 0.0], "9/26/2016": [15.4, 0.10000000000000002], "9/29/2016": [16.0, 0.03896103896103894], "9/30/2016": [16.1, 0.006250000000000089], "10/3/2016": [17.7, 0.0993788819875775], "10/4/2016": [17.45, -0.014124293785310734], "10/5/2016": [17.45, 0.0], "10/6/2016": [16.45, -0.05730659025787966], "10/7/2016": [15.85, -0.03647416413373858], "10/11/2016": [14.3, -0.09779179810725545], "10/12/2016": [14.25, -0.003496503496503546], "10/13/2016": [14.25, 0.0], "10/14/2016": [13.9, -0.024561403508771906], "10/17/2016": [13.95, 0.003597122302158197], "10/18/2016": [14.3, 0.025089605734767127], "10/19/2016": [14.85, 0.03846153846153839], "10/20/2016": [14.85, 0.0], "10/21/2016": [15.0, 0.010101010101010124], "10/24/2016": [14.85, -0.010000000000000024], "10/25/2016": [14.8, -0.0033670033670032953], "10/26/2016": [14.7, -0.0067567567567568525],