{"1/4/2016": [4.86, ""], "1/5/2016": [4.74, -0.024691358024691377], "1/6/2016": [4.74, 0.0], "1/7/2016": [4.69, -0.010548523206751016], "1/8/2016": [4.5, -0.040511727078891335], "1/11/2016": [4.5, 0.0], "1/12/2016": [4.5, 0.0], "1/13/2016": [4.5, 0.0], "1/14/2016": [4.5, 0.0], "1/15/2016": [4.5, 0.0], "1/18/2016": [4.49, -0.002222222222222175], "1/19/2016": [4.7, 0.04677060133630288], "1/20/2016": [4.4, -0.0638297872340425], "1/21/2016": [4.5, 0.022727272727272645], "1/22/2016": [4.5, 0.0], "1/25/2016": [4.59, 0.01999999999999997], "1/26/2016": [4.35, -0.052287581699346455], "1/27/2016": [4.52, 0.03908045977011493], "1/28/2016": [4.7, 0.03982300884955766], "1/29/2016": [4.99, 0.061702127659574474], "1/30/2016": [5.09, 0.020040080160320568], "2/1/2016": [4.88, -0.041257367387033395], "2/2/2016": [4.89, 0.0020491803278688088], "2/3/2016": [4.9, 0.002044989775051263], "2/15/2016": [4.9, 0.0], "2/16/2016": [4.7, -0.040816326530612276], "2/17/2016": [4.7, 0.0], "2/18/2016": [4.85, 0.03191489361702116], "2/19/2016": [4.85, 0.0], "2/22/2016": [4.5, -0.07216494845360819], "2/23/2016": [4.7, 0.04444444444444448], "2/24/2016": [4.8, 0.021276595744680774], "2/25/2016": [4.94, 0.029166666666666785], "2/26/2016": [5.06, 0.024291497975708343], "3/1/2016": [4.94, -0.02371541501976269], "3/2/2016": [4.76, -0.036437246963562875], "3/3/2016": [4.79, 0.0063025210084034135], "3/4/2016": [4.7, -0.018789144050104355], "3/7/2016": [4.7, 0.0], "3/8/2016": [4.61, -0.019148936170212735], "3/9/2016": [4.93, 0.06941431670281982], "3/10/2016": [4.88, -0.01014198782961457], "3/11/2016": [4.79, -0.018442622950819644], "3/14/2016": [4.78, -0.002087682672233776], "3/15/2016": [4.74, -0.00836820083682009], "3/16/2016": [4.7, -0.008438818565400852], "3/17/2016": [4.78, 0.017021276595744695], "3/18/2016": [4.8, 0.004184100418409952], "3/21/2016": [4.71, -0.01874999999999997], "3/22/2016": [4.71, 0.0], "3/23/2016": [4.69, -0.004246284501061481], "3/24/2016": [4.61, -0.01705756929637528], "3/25/2016": [4.6, -0.00216919739696327], "3/28/2016": [4.6, 0.0], "3/29/2016": [4.65, 0.01086956521739146], "3/30/2016": [4.44, -0.045161290322580636], "3/31/2016": [4.62, 0.04054054054054047], "4/1/2016": [4.5, -0.025974025974025997], "4/6/2016": [4.43, -0.01555555555555562], "4/7/2016": [4.4, -0.006772009029345228], "4/8/2016": [4.44, 0.009090909090909097], "4/11/2016": [4.63, 0.042792792792792675], "4/12/2016": [4.72, 0.019438444924406016], "4/13/2016": [4.6, -0.025423728813559344], "4/14/2016": [4.6, 0.0], "4/15/2016": [4.68, 0.017391304347826105], "4/18/2016": [4.68, 0.0], "4/19/2016": [4.85, 0.036324786324786314], "4/20/2016": [4.62, -0.04742268041237104], "4/21/2016": [4.6, -0.004329004329004429], "4/22/2016": [4.74, 0.03043478260869578], "4/25/2016": [4.79, 0.010548523206751016], "4/26/2016": [4.72, -0.014613778705636802], "4/27/2016": [4.98, 0.05508474576271201], "4/28/2016": [4.86, -0.024096385542168693], "4/29/2016": [4.7, -0.0329218106995885], "5/3/2016": [4.6, -0.021276595744680965], "5/4/2016": [4.6, 0.0], "5/5/2016": [4.6, 0.0], "5/6/2016": [4.51, -0.019565217391304318], "5/9/2016": [4.7, 0.04212860310421295], "5/10/2016": [4.86, 0.03404255319148939], "5/11/2016": [4.75, -0.02263374485596714], "5/12/2016": [4.74, -0.002105263157894692], "5/13/2016": [4.73, -0.0021097046413501657], "5/16/2016": [4.7, -0.00634249471458779], "5/17/2016": [4.69, -0.0021276595744680396], "5/18/2016": [4.69, 0.0], "5/19/2016": [4.6, -0.019189765458422332], "5/20/2016": [4.65, 0.01086956521739146], "5/23/2016": [4.7, 0.010752688172042972], "5/24/2016": [4.58, -0.025531914893617044], "5/25/2016": [4.61, 0.006550218340611408], "5/26/2016": [4.9, 0.06290672451193059], "5/27/2016": [4.91, 0.0020408163265305686], "5/30/2016": [5.0, 0.018329938900203638], "5/31/2016": [5.0, 0.0], "6/1/2016": [4.7, -0.05999999999999996], "6/2/2016": [4.5, -0.042553191489361736], "6/3/2016": [4.5, 0.0], "6/4/2016": [4.64, 0.03111111111111104], "6/6/2016": [4.5, -0.03017241379310338], "6/7/2016": [4.7, 0.04444444444444448], "6/8/2016": [4.5, -0.042553191489361736], "6/13/2016": [4.45, -0.011111111111111072], "6/14/2016": [4.4, -0.011235955056179735], "6/15/2016": [4.41, 0.002272727272727224], "6/16/2016": [4.41, 0.0], "6/17/2016": [4.3, -0.024943310657596442], "6/20/2016": [4.29, -0.0023255813953487877], "6/21/2016": [4.3, 0.002331002331002281], "6/22/2016": [4.3, 0.0], "6/23/2016": [4.3, 0.0], "6/24/2016": [4.29, -0.0023255813953487877], "6/27/2016": [4.4, 0.025641025641025716], "6/28/2016": [4.3, -0.022727272727272846], "6/29/2016": [4.3, 0.0], "6/30/2016": [4.3, 0.0], "7/1/2016": [4.3, 0.0], "7/4/2016": [4.3, 0.0], "7/5/2016": [4.3, 0.0], "7/6/2016": [4.38, 0.018604651162790715], "7/7/2016": [4.38, 0.0], "7/11/2016": [4.39, 0.0022831050228310015], "7/12/2016": [4.34, -0.011389521640091077], "7/13/2016": [4.34, 0.0], "7/14/2016": [4.2, -0.03225806451612896], "7/15/2016": [4.38, 0.04285714285714279], "7/18/2016": [4.52, 0.03196347031963463], "7/19/2016": [4.43, -0.019911504424778733], "7/20/2016": [4.37, -0.013544018058690658], "7/21/2016": [4.34, -0.00686498855835246], "7/22/2016": [4.35, 0.002304147465437739], "7/25/2016": [4.54, 0.043678160919540326], "7/26/2016": [4.52, -0.004405286343612437], "7/27/2016": [4.52, 0.0], "7/28/2016": [4.58, 0.013274336283185952], "7/29/2016": [4.61, 0.006550218340611408], "8/1/2016": [4.55, -0.013015184381778849], "8/2/2016": [4.52, -0.006593406593406648], "8/3/2016": [4.6, 0.017699115044247805], "8/4/2016": [4.5, -0.021739130434782532], "8/5/2016": [4.55, 0.011111111111111072], "8/8/2016": [4.5, -0.01098901098901095], "8/9/2016": [4.55, 0.011111111111111072], "8/10/2016": [4.5, -0.01098901098901095], "8/11/2016": [4.5, 0.0], "8/12/2016": [4.31, -0.04222222222222231], "8/15/2016": [4.3, -0.002320185614849139], "8/16/2016": [4.3, 0.0], "8/17/2016": [4.19, -0.025581395348837077], "8/18/2016": [4.2, 0.002386634844868684], "8/19/2016": [4.0, -0.04761904761904766], "8/22/2016": [3.9, -0.025000000000000022], "8/23/2016": [3.9, 0.0], "8/24/2016": [3.9, 0.0], "8/25/2016": [4.18, 0.07179487179487175], "8/26/2016": [4.0, -0.04306220095693773], "8/29/2016": [4.0, 0.0], "8/30/2016": [4.0, 0.0], "8/31/2016": [4.0, 0.0], "9/1/2016": [4.0, 0.0], "9/2/2016": [4.09, 0.022499999999999964], "9/5/2016": [3.9, -0.04645476772616136], "9/6/2016": [4.0, 0.025641025641025664], "9/7/2016": [4.15, 0.03750000000000009], "9/8/2016": [4.15, 0.0], "9/9/2016": [4.1, -0.012048192771084508], "9/10/2016": [4.1, 0.0], "9/12/2016": [4.0, -0.02439024390243894], "9/13/2016": [4.05, 0.012499999999999956], "9/14/2016": [4.05, 0.0], "9/19/2016": [4.29, 0.05925925925925932], "9/20/2016": [4.29, 0.0], "9/21/2016": [4.29, 0.0], "9/22/2016": [4.29, 0.0], "9/23/2016": [4.42, 0.03030303030303028], "9/26/2016": [4.42, 0.0], "9/29/2016": [4.42, 0.0], "9/30/2016": [4.85, 0.0972850678733031], "10/3/2016": [5.18, 0.06804123711340208], "10/4/2016": [5.2, 0.0038610038610039504], "10/5/2016": [5.4, 0.03846153846153849], "10/6/2016": [5.4, 0.0], "10/7/2016": [5.6, 0.0370370370370369], "10/11/2016": [5.4, -0.03571428571428559], "10/12/2016": [5.4, 0.0], "10/13/2016": [5.3, -0.018518518518518615], "10/14/2016": [5.3, 0.0], "10/17/2016": [5.83, 0.10000000000000005], "10/18/2016": [6.0, 0.02915951972555745], "10/19/2016": [6.1, 0.016666666666666607], "10/20/2016": [5.5, -0.09836065573770486], "10/21/2016": [6.0, 0.09090909090909091], "10/24/2016": [6.0, 0.0], "10/25/2016": [5.8, -0.03333333333333336], "10/26/2016": [6.0, 0.03448275862068969], "10/27/2016": [5.5, -0.08333333333333333], "10/28/2016": [5.6, 0.01818181818181812], "10/31/2016": [5.72, 0.02142857142857145], "11/1/2016": [5.71, -0.001748251748251711], "11/2/2016": [5.61, -0.01751313485113829], "11/3/2016": [5.61, 0.0], "11/4/2016": [5.61, 0.0], "11/7/2016": [5.3, -0.05525846702317299], "11/8/2016": [5.3, 0.0], "11/9/2016": [5.1, -0.03773584905660381], "11/10/2016": [5.4, 0.05882352941176485], "11/11/2016": [5.2, -0.03703703703703707], "11/14/2016": [4.9, -0.057692307692307654],