{"1/4/2016": [27.1, ""], "1/5/2016": [26.3, -0.029520295202952053], "1/6/2016": [26.05, -0.009505703422053232], "1/7/2016": [24.2, -0.07101727447216896], "1/8/2016": [25.05, 0.03512396694214882], "1/11/2016": [23.5, -0.061876247504990045], "1/12/2016": [22.4, -0.04680851063829793], "1/13/2016": [23.0, 0.02678571428571435], "1/14/2016": [22.2, -0.0347826086956522], "1/15/2016": [22.8, 0.02702702702702709], "1/18/2016": [23.9, 0.048245614035087626], "1/19/2016": [24.6, 0.029288702928870414], "1/20/2016": [23.45, -0.04674796747967488], "1/21/2016": [22.6, -0.03624733475479735], "1/22/2016": [22.5, -0.004424778761062009], "1/25/2016": [22.8, 0.013333333333333365], "1/26/2016": [22.55, -0.010964912280701754], "1/27/2016": [22.6, 0.0022172949002217607], "1/28/2016": [22.5, -0.004424778761062009], "1/29/2016": [22.85, 0.01555555555555562], "1/30/2016": [25.1, 0.09846827133479212], "2/1/2016": [24.05, -0.04183266932270919], "2/2/2016": [24.1, 0.0020790020790021086], "2/3/2016": [23.85, -0.01037344398340249], "2/15/2016": [23.45, -0.016771488469601765], "2/16/2016": [23.8, 0.014925373134328419], "2/17/2016": [24.15, 0.014705882352941086], "2/18/2016": [24.15, 0.0], "2/19/2016": [23.7, -0.01863354037267078], "2/22/2016": [22.8, -0.037974683544303736], "2/23/2016": [23.3, 0.021929824561403508], "2/24/2016": [22.6, -0.03004291845493559], "2/25/2016": [22.75, 0.006637168141592857], "2/26/2016": [22.9, 0.006593406593406531], "3/1/2016": [22.7, -0.008733624454148442], "3/2/2016": [22.7, 0.0], "3/3/2016": [23.85, 0.050660792951541946], "3/4/2016": [23.6, -0.010482180293501047], "3/7/2016": [23.05, -0.02330508474576274], "3/8/2016": [23.2, 0.006507592190889309], "3/9/2016": [23.3, 0.004310344827586268], "3/10/2016": [24.5, 0.051502145922746746], "3/11/2016": [24.4, -0.004081632653061282], "3/14/2016": [26.8, 0.09836065573770501], "3/15/2016": [25.8, -0.03731343283582089], "3/16/2016": [26.45, 0.025193798449612347], "3/17/2016": [25.35, -0.04158790170132317], "3/18/2016": [25.15, -0.007889546351084924], "3/21/2016": [24.8, -0.013916500994035701], "3/22/2016": [24.1, -0.028225806451612875], "3/23/2016": [23.75, -0.014522821576763543], "3/24/2016": [23.1, -0.027368421052631518], "3/25/2016": [23.55, 0.01948051948051945], "3/28/2016": [23.1, -0.019108280254777038], "3/29/2016": [22.3, -0.03463203463203466], "3/30/2016": [22.65, 0.015695067264573894], "3/31/2016": [22.55, -0.0044150110375275], "4/1/2016": [22.6, 0.0022172949002217607], "4/6/2016": [22.2, -0.01769911504424788], "4/7/2016": [22.3, 0.004504504504504569], "4/8/2016": [22.3, 0.0], "4/11/2016": [22.0, -0.01345291479820631], "4/12/2016": [21.7, -0.013636363636363669], "4/13/2016": [21.75, 0.002304147465437821], "4/14/2016": [21.75, 0.0], "4/15/2016": [21.75, 0.0], "4/18/2016": [21.65, -0.004597701149425352], "4/19/2016": [21.75, 0.004618937644341867], "4/20/2016": [21.6, -0.006896551724137866], "4/21/2016": [23.75, 0.09953703703703697], "4/22/2016": [24.25, 0.021052631578947368], "4/25/2016": [24.25, 0.0], "4/26/2016": [24.25, 0.0], "4/27/2016": [22.7, -0.0639175257731959], "4/28/2016": [22.15, -0.024229074889867874], "4/29/2016": [22.45, 0.013544018058690778], "5/3/2016": [23.25, 0.03563474387527843], "5/4/2016": [23.55, 0.012903225806451644], "5/5/2016": [22.85, -0.029723991507430967], "5/6/2016": [23.05, 0.008752735229759268], "5/9/2016": [22.95, -0.004338394793926309], "5/10/2016": [23.0, 0.002178649237472798], "5/11/2016": [23.5, 0.021739130434782608], "5/12/2016": [23.1, -0.01702127659574462], "5/13/2016": [22.35, -0.032467532467532464], "5/16/2016": [22.75, 0.017897091722595012], "5/17/2016": [22.95, 0.00879120879120876], "5/18/2016": [23.5, 0.023965141612200466], "5/19/2016": [22.85, -0.027659574468085046], "5/20/2016": [23.0, 0.006564551422319412], "5/23/2016": [23.65, 0.02826086956521733], "5/24/2016": [23.85, 0.008456659619450437], "5/25/2016": [23.85, 0.0], "5/26/2016": [23.5, -0.014675052410901526], "5/27/2016": [23.5, 0.0], "5/30/2016": [23.7, 0.00851063829787231], "5/31/2016": [23.5, -0.008438818565400814], "6/1/2016": [23.2, -0.012765957446808541], "6/2/2016": [22.65, -0.023706896551724168], "6/3/2016": [23.55, 0.03973509933774844], "6/4/2016": [23.35, -0.008492569002123113], "6/6/2016": [22.85, -0.021413276231263382], "6/7/2016": [22.8, -0.002188183807439856], "6/8/2016": [22.9, 0.004385964912280608], "6/13/2016": [23.2, 0.01310043668122274], "6/14/2016": [23.5, 0.012931034482758652], "6/15/2016": [25.05, 0.06595744680851066], "6/16/2016": [25.3, 0.00998003992015968], "6/17/2016": [25.0, -0.01185770750988145], "6/20/2016": [24.75, -0.01], "6/21/2016": [24.25, -0.020202020202020204], "6/22/2016": [24.15, -0.004123711340206244], "6/23/2016": [26.55, 0.09937888198757773], "6/24/2016": [27.3, 0.02824858757062147], "6/27/2016": [27.2, -0.003663003663003715], "6/28/2016": [27.45, 0.009191176470588236], "6/29/2016": [27.35, -0.003642987249544549], "6/30/2016": [27.4, 0.0018281535648993475], "7/1/2016": [27.5, 0.0036496350364964023], "7/4/2016": [27.85, 0.01272727272727278], "7/5/2016": [29.0, 0.04129263913824052], "7/6/2016": [28.7, -0.01034482758620692], "7/7/2016": [28.65, -0.0017421602787456693], "7/11/2016": [27.75, -0.031413612565444976], "7/12/2016": [27.9, 0.0054054054054053545], "7/13/2016": [27.4, -0.01792114695340502], "7/14/2016": [27.45, 0.0018248175182482011], "7/15/2016": [28.0, 0.020036429872495473], "7/18/2016": [28.95, 0.033928571428571405], "7/19/2016": [28.5, -0.015544041450777177], "7/20/2016": [27.75, -0.02631578947368421], "7/21/2016": [27.6, -0.0054054054054053545], "7/22/2016": [26.85, -0.02717391304347826], "7/25/2016": [26.3, -0.020484171322160176], "7/26/2016": [26.75, 0.01711026615969579], "7/27/2016": [26.15, -0.02242990654205613], "7/28/2016": [26.15, 0.0], "7/29/2016": [26.0, -0.005736137667303961], "8/1/2016": [25.9, -0.003846153846153901], "8/2/2016": [26.05, 0.0057915057915058745], "8/3/2016": [26.9, 0.032629558541266715], "8/4/2016": [26.5, -0.014869888475836378], "8/5/2016": [26.7, 0.007547169811320728], "8/8/2016": [26.15, -0.020599250936329614], "8/9/2016": [25.55, -0.022944550669215982], "8/10/2016": [25.9, 0.013698630136986217], "8/11/2016": [25.3, -0.023166023166023085], "8/12/2016": [25.3, 0.0], "8/15/2016": [25.2, -0.00395256916996053], "8/16/2016": [25.9, 0.027777777777777752], "8/17/2016": [25.5, -0.01544401544401539], "8/18/2016": [25.8, 0.011764705882352969], "8/19/2016": [26.5, 0.027131782945736406], "8/22/2016": [26.0, -0.018867924528301886], "8/23/2016": [26.35, 0.013461538461538516], "8/24/2016": [26.45, 0.003795066413662158], "8/25/2016": [26.7, 0.00945179584120983], "8/26/2016": [26.25, -0.016853932584269638], "8/29/2016": [26.0, -0.009523809523809525], "8/30/2016": [26.1, 0.003846153846153901], "8/31/2016": [26.05, -0.0019157088122605636], "9/1/2016": [26.3, 0.009596928982725527], "9/2/2016": [26.0, -0.011406844106463905], "9/5/2016": [26.4, 0.01538461538461533], "9/6/2016": [26.85, 0.017045454545454655], "9/7/2016": [27.7, 0.031657355679701966], "9/8/2016": [28.25, 0.01985559566787006], "9/9/2016": [27.8, -0.015929203539822984], "9/10/2016": [27.2, -0.02158273381294969], "9/12/2016": [27.05, -0.0055147058823528895], "9/13/2016": [26.6, -0.016635859519408477], "9/14/2016": [26.45, -0.005639097744360982], "9/19/2016": [26.85, 0.015122873345935808], "9/20/2016": [26.8, -0.0018621973929236763], "9/21/2016": [27.7, 0.03358208955223875], "9/22/2016": [27.25, -0.016245487364620913], "9/23/2016": [27.3, 0.001834862385321127], "9/26/2016": [27.3, 0.0], "9/29/2016": [27.1, -0.0073260073260073], "9/30/2016": [26.85, -0.00922509225092251], "10/3/2016": [27.5, 0.024208566108007396], "10/4/2016": [27.45, -0.001818181818181844], "10/5/2016": [27.05, -0.014571948998178454], "10/6/2016": [27.65, 0.022181146025877924], "10/7/2016": [27.45, -0.007233273056057841], "10/11/2016": [26.8, -0.02367941712204002], "10/12/2016": [26.45, -0.013059701492537367], "10/13/2016": [26.2, -0.00945179584120983], "10/14/2016": [25.55, -0.02480916030534346],