{"1/4/2016": [16.2, ""], "1/5/2016": [15.7, -0.0308641975308642], "1/6/2016": [15.4, -0.019108280254777003], "1/7/2016": [15.0, -0.025974025974025997], "1/8/2016": [15.1, 0.006666666666666643], "1/11/2016": [14.0, -0.07284768211920528], "1/12/2016": [13.7, -0.02142857142857148], "1/13/2016": [13.8, 0.007299270072992805], "1/14/2016": [13.4, -0.028985507246376836], "1/15/2016": [13.4, 0.0], "1/18/2016": [13.8, 0.029850746268656744], "1/19/2016": [14.05, 0.018115942028985508], "1/20/2016": [13.6, -0.03202846975088976], "1/21/2016": [13.6, 0.0], "1/22/2016": [13.7, 0.007352941176470562], "1/25/2016": [14.0, 0.021897810218978155], "1/26/2016": [14.0, 0.0], "1/27/2016": [14.0, 0.0], "1/28/2016": [13.9, -0.0071428571428571175], "1/29/2016": [14.1, 0.014388489208633042], "1/30/2016": [14.45, 0.02482269503546097], "2/1/2016": [14.3, -0.010380622837370145], "2/2/2016": [14.95, 0.04545454545454535], "2/3/2016": [14.55, -0.02675585284280927], "2/15/2016": [14.55, 0.0], "2/16/2016": [14.85, 0.020618556701030855], "2/17/2016": [14.8, -0.0033670033670032953], "2/18/2016": [14.7, -0.0067567567567568525], "2/19/2016": [14.7, 0.0], "2/22/2016": [14.6, -0.0068027210884353505], "2/23/2016": [14.95, 0.023972602739726005], "2/24/2016": [14.8, -0.010033444816053417], "2/25/2016": [14.95, 0.010135135135135039], "2/26/2016": [14.85, -0.006688963210702318], "3/1/2016": [14.9, 0.003367003367003415], "3/2/2016": [15.0, 0.00671140939597313], "3/3/2016": [15.4, 0.02666666666666669], "3/4/2016": [15.25, -0.009740259740259763], "3/7/2016": [14.95, -0.01967213114754103], "3/8/2016": [14.95, 0.0], "3/9/2016": [14.55, -0.02675585284280927], "3/10/2016": [14.55, 0.0], "3/11/2016": [14.55, 0.0], "3/14/2016": [14.8, 0.017182130584192438], "3/15/2016": [14.3, -0.03378378378378378], "3/16/2016": [14.4, 0.006993006993006968], "3/17/2016": [14.3, -0.00694444444444442], "3/18/2016": [14.4, 0.006993006993006968], "3/21/2016": [14.45, 0.0034722222222221483], "3/22/2016": [14.9, 0.0311418685121108], "3/23/2016": [15.15, 0.016778523489932886], "3/24/2016": [14.95, -0.013201320132013271], "3/25/2016": [14.85, -0.006688963210702318], "3/28/2016": [14.55, -0.02020202020202013], "3/29/2016": [13.95, -0.04123711340206195], "3/30/2016": [14.55, 0.04301075268817215], "3/31/2016": [14.55, 0.0], "4/1/2016": [14.15, -0.027491408934707928], "4/6/2016": [14.1, -0.00353356890459369], "4/7/2016": [14.1, 0.0], "4/8/2016": [14.15, 0.0035460992907801925], "4/11/2016": [14.85, 0.0494699646643109], "4/12/2016": [15.05, 0.01346801346801354], "4/13/2016": [15.05, 0.0], "4/14/2016": [15.2, 0.00996677740863778], "4/15/2016": [15.15, -0.0032894736842104563], "4/18/2016": [15.5, 0.02310231023102308], "4/19/2016": [15.8, 0.019354838709677465], "4/20/2016": [15.4, -0.025316455696202552], "4/21/2016": [15.55, 0.009740259740259763], "4/22/2016": [15.25, -0.01929260450160776], "4/25/2016": [15.2, -0.0032786885245902103], "4/26/2016": [15.05, -0.009868421052631486], "4/27/2016": [15.1, 0.0033222591362125535], "4/28/2016": [14.9, -0.013245033112582735], "4/29/2016": [14.45, -0.030201342281879266], "5/3/2016": [14.45, 0.0], "5/4/2016": [14.4, -0.003460207612456674], "5/5/2016": [14.65, 0.017361111111111112], "5/6/2016": [14.9, 0.017064846416382253], "5/9/2016": [14.75, -0.010067114093959755], "5/10/2016": [14.75, 0.0], "5/11/2016": [14.35, -0.027118644067796634], "5/12/2016": [14.3, -0.003484320557491215], "5/13/2016": [14.4, 0.006993006993006968], "5/16/2016": [14.7, 0.02083333333333326], "5/17/2016": [14.6, -0.0068027210884353505], "5/18/2016": [14.65, 0.003424657534246624], "5/19/2016": [14.7, 0.0034129692832763777], "5/20/2016": [14.8, 0.006802721088435471], "5/23/2016": [15.1, 0.0202702702702702], "5/24/2016": [15.05, -0.0033112582781456247], "5/25/2016": [15.1, 0.0033222591362125535], "5/26/2016": [15.25, 0.009933774834437109], "5/27/2016": [15.1, -0.009836065573770515], "5/30/2016": [15.25, 0.009933774834437109], "5/31/2016": [15.25, 0.0], "6/1/2016": [15.2, -0.0032786885245902103], "6/2/2016": [15.1, -0.00657894736842103], "6/3/2016": [14.75, -0.023178807947019844], "6/4/2016": [14.9, 0.010169491525423752], "6/6/2016": [14.85, -0.003355704697986625], "6/7/2016": [15.0, 0.010101010101010124], "6/8/2016": [15.25, 0.016666666666666666], "6/13/2016": [14.95, -0.01967213114754103], "6/14/2016": [15.35, 0.02675585284280939], "6/15/2016": [15.2, -0.009771986970684063], "6/16/2016": [15.0, -0.01315789473684206], "6/17/2016": [15.1, 0.006666666666666643], "6/20/2016": [15.15, 0.0033112582781457426], "6/21/2016": [15.85, 0.04620462046204616], "6/22/2016": [15.65, -0.01261829652996841], "6/23/2016": [15.6, -0.0031948881789137834], "6/24/2016": [15.2, -0.025641025641025664], "6/27/2016": [15.45, 0.01644736842105263], "6/28/2016": [15.7, 0.016181229773462785], "6/29/2016": [15.8, 0.006369426751592447], "6/30/2016": [16.2, 0.02531645569620244], "7/1/2016": [16.2, 0.0], "7/4/2016": [16.3, 0.006172839506172928], "7/5/2016": [16.5, 0.012269938650306704], "7/6/2016": [16.3, -0.012121212121212078], "7/7/2016": [16.15, -0.009202453987730192], "7/11/2016": [16.4, 0.015479876160990714], "7/12/2016": [16.2, -0.01219512195121947], "7/13/2016": [16.8, 0.037037037037037125], "7/14/2016": [16.65, -0.008928571428571555], "7/15/2016": [17.0, 0.02102102102102111], "7/18/2016": [17.0, 0.0], "7/19/2016": [17.6, 0.035294117647058906], "7/20/2016": [17.7, 0.0056818181818180605], "7/21/2016": [17.9, 0.011299435028248548], "7/22/2016": [18.65, 0.04189944134078213], "7/25/2016": [18.35, -0.016085790884718346], "7/26/2016": [18.4, 0.0027247956403268206], "7/27/2016": [18.05, -0.01902173913043467], "7/28/2016": [18.0, -0.0027700831024931143], "7/29/2016": [18.7, 0.03888888888888885], "8/1/2016": [19.35, 0.03475935828877017], "8/2/2016": [19.15, -0.010335917312661645], "8/3/2016": [19.0, -0.007832898172323686], "8/4/2016": [19.0, 0.0], "8/5/2016": [18.95, -0.0026315789473684583], "8/8/2016": [18.8, -0.007915567282321826], "8/9/2016": [18.3, -0.026595744680851064], "8/10/2016": [18.9, 0.03278688524590152], "8/11/2016": [18.6, -0.015873015873015723], "8/12/2016": [18.9, 0.016129032258064363], "8/15/2016": [18.75, -0.007936507936507861], "8/16/2016": [18.7, -0.0026666666666667047], "8/17/2016": [19.2, 0.026737967914438502], "8/18/2016": [19.5, 0.015625000000000038], "8/19/2016": [19.05, -0.02307692307692304], "8/22/2016": [18.6, -0.02362204724409445], "8/23/2016": [18.85, 0.013440860215053762], "8/24/2016": [18.8, -0.002652519893899242], "8/25/2016": [19.25, 0.02393617021276592], "8/26/2016": [20.15, 0.04675324675324668], "8/29/2016": [20.9, 0.03722084367245658], "8/30/2016": [21.85, 0.045454545454545595], "8/31/2016": [21.25, -0.027459954233409675], "9/1/2016": [21.25, 0.0], "9/2/2016": [21.2, -0.002352941176470622], "9/5/2016": [23.3, 0.09905660377358498], "9/6/2016": [23.2, -0.0042918454935622925], "9/7/2016": [25.0, 0.07758620689655175], "9/8/2016": [24.7, -0.012000000000000028], "9/9/2016": [25.3, 0.02429149797570856], "9/10/2016": [25.8, 0.019762845849802372], "9/12/2016": [24.5, -0.05038759689922483], "9/13/2016": [25.2, 0.028571428571428543], "9/14/2016": [25.05, -0.0059523809523808965], "9/19/2016": [25.3, 0.00998003992015968], "9/20/2016": [26.35, 0.041501976284585004], "9/21/2016": [27.0, 0.0246679316888045], "9/22/2016": [27.65, 0.024074074074074022], "9/23/2016": [28.4, 0.027124773960217], "9/26/2016": [29.7, 0.04577464788732397], "9/29/2016": [29.35, -0.011784511784511714], "9/30/2016": [29.35, 0.0], "10/3/2016": [29.95, 0.020442930153321902], "10/4/2016": [28.8, -0.038397328881469066], "10/5/2016": [29.5, 0.02430555555555553], "10/6/2016": [31.0, 0.05084745762711865], "10/7/2016": [30.3, -0.0225806451612903], "10/11/2016": [31.0, 0.02310231023102308], "10/12/2016": [30.9, -0.003225806451612949], "10/13/2016": [32.7, 0.05825242718446616], "10/14/2016": [33.8, 0.033639143730886674], "10/17/2016": [36.05, 0.06656804733727811], "10/18/2016": [35.65, -0.011095700416088728], "10/19/2016": [36.35, 0.019635343618513403],