{"1/4/2016": [32.7, ""], "1/5/2016": [32.1, -0.018348623853211052], "1/6/2016": [30.75, -0.04205607476635518], "1/7/2016": [30.9, 0.004878048780487759], "1/8/2016": [32.1, 0.03883495145631077], "1/11/2016": [31.15, -0.029595015576324074], "1/12/2016": [30.5, -0.020866773675762396], "1/13/2016": [31.0, 0.01639344262295082], "1/14/2016": [31.35, 0.011290322580645207], "1/15/2016": [34.45, 0.09888357256778313], "1/18/2016": [37.0, 0.07402031930333808], "1/19/2016": [37.2, 0.005405405405405482], "1/20/2016": [35.7, -0.04032258064516129], "1/21/2016": [38.0, 0.06442577030812316], "1/22/2016": [38.1, 0.0026315789473684583], "1/25/2016": [38.35, 0.006561679790026247], "1/26/2016": [38.3, -0.0013037809647980252], "1/27/2016": [36.7, -0.04177545691905991], "1/28/2016": [37.2, 0.013623978201634876], "1/29/2016": [37.7, 0.013440860215053762], "1/30/2016": [38.45, 0.01989389920424403], "2/1/2016": [38.75, 0.007802340702210589], "2/2/2016": [40.7, 0.05032258064516136], "2/3/2016": [40.1, -0.014742014742014775], "2/15/2016": [40.9, 0.019950124688279232], "2/16/2016": [42.05, 0.0281173594132029], "2/17/2016": [43.9, 0.04399524375743166], "2/18/2016": [43.9, 0.0], "2/19/2016": [44.9, 0.022779043280182234], "2/22/2016": [49.35, 0.09910913140311811], "2/23/2016": [49.4, 0.0010131712259371258], "2/24/2016": [48.7, -0.014170040485829873], "2/25/2016": [49.55, 0.01745379876796703], "2/26/2016": [50.1, 0.011099899091826525], "3/1/2016": [51.5, 0.027944111776447077], "3/2/2016": [51.0, -0.009708737864077669], "3/3/2016": [50.0, -0.0196078431372549], "3/4/2016": [50.5, 0.01], "3/7/2016": [49.75, -0.01485148514851485], "3/8/2016": [49.6, -0.0030150753768843934], "3/9/2016": [47.3, -0.04637096774193557], "3/10/2016": [46.6, -0.014799154334037966], "3/11/2016": [48.0, 0.03004291845493559], "3/14/2016": [47.8, -0.004166666666666726], "3/15/2016": [45.1, -0.056485355648535476], "3/16/2016": [46.1, 0.022172949002217293], "3/17/2016": [45.35, -0.016268980477223426], "3/18/2016": [47.45, 0.046306504961411275], "3/21/2016": [47.25, -0.004214963119072768], "3/22/2016": [46.6, -0.013756613756613727], "3/23/2016": [46.0, -0.012875536480686725], "3/24/2016": [45.7, -0.006521739130434721], "3/25/2016": [45.6, -0.002188183807439856], "3/28/2016": [46.0, 0.008771929824561372], "3/29/2016": [47.0, 0.021739130434782608], "3/30/2016": [49.4, 0.05106382978723401], "3/31/2016": [48.7, -0.014170040485829873], "4/1/2016": [47.25, -0.029774127310061658], "4/6/2016": [45.6, -0.034920634920634894], "4/7/2016": [43.25, -0.051535087719298274], "4/8/2016": [43.8, 0.012716763005780281], "4/11/2016": [42.8, -0.022831050228310504], "4/12/2016": [40.0, -0.06542056074766349], "4/13/2016": [40.9, 0.022499999999999964], "4/14/2016": [41.4, 0.012224938875305624], "4/15/2016": [41.0, -0.009661835748792237], "4/18/2016": [40.4, -0.014634146341463448], "4/19/2016": [41.0, 0.014851485148514887], "4/20/2016": [40.15, -0.020731707317073206], "4/21/2016": [40.5, 0.008717310087173136], "4/22/2016": [39.6, -0.02222222222222219], "4/25/2016": [37.9, -0.042929292929293], "4/26/2016": [38.0, 0.002638522427440671], "4/27/2016": [39.2, 0.03157894736842113], "4/28/2016": [38.1, -0.028061224489795953], "4/29/2016": [38.0, -0.002624671916010536], "5/3/2016": [37.3, -0.018421052631579022], "5/4/2016": [36.1, -0.03217158176943689], "5/5/2016": [36.1, 0.0], "5/6/2016": [36.45, 0.009695290858725801], "5/9/2016": [36.0, -0.012345679012345756], "5/10/2016": [36.5, 0.013888888888888888], "5/11/2016": [37.8, 0.03561643835616431], "5/12/2016": [36.6, -0.03174603174603163], "5/13/2016": [36.2, -0.01092896174863384], "5/16/2016": [34.65, -0.04281767955801116], "5/17/2016": [36.0, 0.038961038961039], "5/18/2016": [36.15, 0.004166666666666628], "5/19/2016": [35.7, -0.01244813278008287], "5/20/2016": [35.7, 0.0], "5/23/2016": [37.9, 0.061624649859943856], "5/24/2016": [41.65, 0.09894459102902375], "5/25/2016": [40.75, -0.02160864345738292], "5/26/2016": [42.05, 0.03190184049079747], "5/27/2016": [42.1, 0.001189060642092848], "5/30/2016": [41.8, -0.007125890736342144], "5/31/2016": [40.7, -0.026315789473684077], "6/1/2016": [40.8, 0.0024570024570023173], "6/2/2016": [40.3, -0.012254901960784315], "6/3/2016": [39.1, -0.029776674937965156], "6/4/2016": [40.2, 0.028132992327365765], "6/6/2016": [39.6, -0.014925373134328393], "6/7/2016": [39.75, 0.003787878787878752], "6/8/2016": [39.2, -0.013836477987421313], "6/13/2016": [37.8, -0.03571428571428586], "6/14/2016": [38.4, 0.01587301587301591], "6/15/2016": [38.9, 0.013020833333333334], "6/16/2016": [38.75, -0.003856041131105362], "6/17/2016": [38.8, 0.001290322580645088], "6/20/2016": [38.7, -0.0025773195876287198], "6/21/2016": [40.0, 0.033591731266149796], "6/22/2016": [39.5, -0.0125], "6/23/2016": [39.0, -0.012658227848101266], "6/24/2016": [37.35, -0.04230769230769227], "6/27/2016": [37.75, 0.010709504685408261], "6/28/2016": [37.85, 0.002649006622516594], "6/29/2016": [38.45, 0.015852047556142706], "6/30/2016": [38.3, -0.003901170351105479], "7/1/2016": [38.9, 0.015665796344647556], "7/4/2016": [40.3, 0.03598971722365035], "7/5/2016": [40.35, 0.0012406947890819917], "7/6/2016": [39.9, -0.011152416356877394], "7/7/2016": [41.15, 0.03132832080200501], "7/11/2016": [41.35, 0.004860267314702378], "7/12/2016": [40.85, -0.012091898428053204], "7/13/2016": [40.75, -0.0024479804161567057], "7/14/2016": [41.25, 0.012269938650306749], "7/15/2016": [44.85, 0.08727272727272731], "7/18/2016": [43.75, -0.024526198439241947], "7/19/2016": [44.15, 0.00914285714285711], "7/20/2016": [42.8, -0.030577576443941143], "7/21/2016": [43.0, 0.004672897196261749], "7/22/2016": [43.55, 0.012790697674418539], "7/25/2016": [44.45, 0.02066590126291632], "7/26/2016": [44.35, -0.002249718785151888], "7/27/2016": [43.7, -0.014656144306651603], "7/28/2016": [43.9, 0.004576659038901504], "7/29/2016": [43.35, -0.012528473804100163], "8/1/2016": [43.25, -0.0023068050749711975], "8/2/2016": [43.5, 0.005780346820809248], "8/3/2016": [43.2, -0.006896551724137866], "8/4/2016": [42.8, -0.00925925925925939], "8/5/2016": [40.65, -0.050233644859813055], "8/8/2016": [42.6, 0.04797047970479712], "8/9/2016": [41.3, -0.03051643192488273], "8/10/2016": [45.4, 0.09927360774818406], "8/11/2016": [43.6, -0.039647577092510954], "8/12/2016": [43.8, 0.0045871559633026545], "8/15/2016": [42.6, -0.027397260273972508], "8/16/2016": [45.0, 0.05633802816901405], "8/17/2016": [47.5, 0.05555555555555555], "8/18/2016": [47.7, 0.0042105263157895334], "8/19/2016": [46.75, -0.01991614255765205], "8/22/2016": [45.75, -0.0213903743315508], "8/23/2016": [46.95, 0.026229508196721374], "8/24/2016": [45.7, -0.02662406815761448], "8/25/2016": [45.8, 0.0021881838074397004], "8/26/2016": [46.0, 0.004366812227074298], "8/29/2016": [45.45, -0.011956521739130373], "8/30/2016": [45.05, -0.008800880088008925], "8/31/2016": [44.4, -0.014428412874583765], "9/1/2016": [44.4, 0.0], "9/2/2016": [43.3, -0.024774774774774806], "9/5/2016": [44.35, 0.024249422632794556], "9/6/2016": [44.55, 0.004509582863585022], "9/7/2016": [45.0, 0.010101010101010166], "9/8/2016": [45.85, 0.01888888888888892], "9/9/2016": [45.9, 0.0010905125408941583], "9/10/2016": [44.4, -0.032679738562091505], "9/12/2016": [43.75, -0.014639639639639608], "9/13/2016": [43.1, -0.014857142857142824], "9/14/2016": [41.4, -0.03944315545243626], "9/19/2016": [43.5, 0.05072463768115946], "9/20/2016": [43.5, 0.0], "9/21/2016": [45.0, 0.034482758620689655], "9/22/2016": [45.55, 0.012222222222222159], "9/23/2016": [46.0, 0.009879253567508295], "9/26/2016": [47.05, 0.022826086956521677], "9/29/2016": [46.95, -0.0021253985122209208], "9/30/2016": [47.5, 0.011714589989350311], "10/3/2016": [49.75, 0.04736842105263158], "10/4/2016": [50.8, 0.0211055276381909], "10/5/2016": [50.0, -0.015748031496062936], "10/6/2016": [50.6, 0.012000000000000028], "10/7/2016": [45.8, -0.09486166007905146], "10/11/2016": [42.5, -0.07205240174672484], "10/12/2016": [42.5, 0.0], "10/13/2016": [41.6, -0.021176470588235262],