{"1/4/2016": [16.5, ""], "1/5/2016": [16.4, -0.0060606060606061465], "1/6/2016": [16.3, -0.006097560975609627], "1/7/2016": [15.8, -0.03067484662576687], "1/8/2016": [16.1, 0.018987341772151944], "1/11/2016": [15.75, -0.021739130434782695], "1/12/2016": [15.65, -0.006349206349206327], "1/13/2016": [15.5, -0.009584664536741236], "1/14/2016": [15.25, -0.016129032258064516], "1/15/2016": [15.3, 0.0032786885245902103], "1/18/2016": [15.45, 0.009803921568627357], "1/19/2016": [15.55, 0.0064724919093852055], "1/20/2016": [15.4, -0.00964630225080388], "1/21/2016": [15.15, -0.016233766233766232], "1/22/2016": [15.35, 0.013201320132013155], "1/25/2016": [15.5, 0.009771986970684063], "1/26/2016": [15.5, 0.0], "1/27/2016": [15.4, -0.006451612903225784], "1/28/2016": [15.6, 0.012987012987012941], "1/29/2016": [15.9, 0.019230769230769277], "1/30/2016": [15.95, 0.0031446540880502474], "2/1/2016": [16.0, 0.0031347962382445587], "2/2/2016": [16.0, 0.0], "2/3/2016": [16.0, 0.0], "2/15/2016": [16.1, 0.006250000000000089], "2/16/2016": [16.25, 0.009316770186335315], "2/17/2016": [16.3, 0.0030769230769231207], "2/18/2016": [16.3, 0.0], "2/19/2016": [16.25, -0.0030674846625767306], "2/22/2016": [16.75, 0.03076923076923077], "2/23/2016": [16.8, 0.002985074626865714], "2/24/2016": [16.6, -0.011904761904761862], "2/25/2016": [16.75, 0.009036144578313166], "2/26/2016": [16.8, 0.002985074626865714], "3/1/2016": [17.05, 0.01488095238095238], "3/2/2016": [17.15, 0.005865102639296063], "3/3/2016": [17.2, 0.0029154518950437734], "3/4/2016": [17.7, 0.029069767441860465], "3/7/2016": [17.65, -0.002824858757062187], "3/8/2016": [17.5, -0.008498583569405018], "3/9/2016": [17.5, 0.0], "3/10/2016": [17.3, -0.011428571428571389], "3/11/2016": [17.15, -0.008670520231213995], "3/14/2016": [17.6, 0.026239067055393753], "3/15/2016": [17.1, -0.028409090909090908], "3/16/2016": [17.3, 0.011695906432748496], "3/17/2016": [17.35, 0.0028901734104046653], "3/18/2016": [17.35, 0.0], "3/21/2016": [17.3, -0.002881844380403499], "3/22/2016": [17.3, 0.0], "3/23/2016": [17.9, 0.03468208092485537], "3/24/2016": [17.55, -0.019553072625698206], "3/25/2016": [17.65, 0.005698005698005576], "3/28/2016": [17.4, -0.0141643059490085], "3/29/2016": [16.85, -0.03160919540229869], "3/30/2016": [17.15, 0.017804154302670454], "3/31/2016": [17.3, 0.00874635568513132], "4/1/2016": [15.95, -0.07803468208092493], "4/6/2016": [15.85, -0.006269592476489006], "4/7/2016": [15.8, -0.0031545741324920462], "4/8/2016": [15.8, 0.0], "4/11/2016": [15.65, -0.009493670886075972], "4/12/2016": [15.6, -0.0031948881789137834], "4/13/2016": [15.85, 0.016025641025641028], "4/14/2016": [15.7, -0.009463722397476363], "4/15/2016": [15.6, -0.0063694267515923345], "4/18/2016": [15.5, -0.0064102564102563875], "4/19/2016": [15.65, 0.009677419354838733], "4/20/2016": [15.5, -0.009584664536741236], "4/21/2016": [15.45, -0.003225806451612949], "4/22/2016": [15.4, -0.003236245954692488], "4/25/2016": [15.4, 0.0], "4/26/2016": [15.3, -0.0064935064935064705], "4/27/2016": [15.45, 0.009803921568627357], "4/28/2016": [15.4, -0.003236245954692488], "4/29/2016": [15.45, 0.0032467532467531776], "5/3/2016": [15.25, -0.01294498381877018], "5/4/2016": [15.3, 0.0032786885245902103], "5/5/2016": [15.05, -0.016339869281045753], "5/6/2016": [15.0, -0.0033222591362126715], "5/9/2016": [14.85, -0.010000000000000024], "5/10/2016": [15.2, 0.023569023569023545], "5/11/2016": [15.1, -0.00657894736842103], "5/12/2016": [15.0, -0.006622516556291367], "5/13/2016": [14.8, -0.013333333333333286], "5/16/2016": [14.8, 0.0], "5/17/2016": [15.0, 0.013513513513513466], "5/18/2016": [15.0, 0.0], "5/19/2016": [14.85, -0.010000000000000024], "5/20/2016": [15.0, 0.010101010101010124], "5/23/2016": [15.15, 0.010000000000000024], "5/24/2016": [15.3, 0.009900990099009924], "5/25/2016": [15.45, 0.009803921568627357], "5/26/2016": [15.6, 0.009708737864077693], "5/27/2016": [15.55, -0.003205128205128137], "5/30/2016": [15.7, 0.009646302250803767], "5/31/2016": [15.65, -0.0031847133757961104], "6/1/2016": [15.55, -0.006389776357827453], "6/2/2016": [15.35, -0.012861736334405212], "6/3/2016": [15.4, 0.0032573289902280596], "6/4/2016": [15.4, 0.0], "6/6/2016": [15.35, -0.003246753246753293], "6/7/2016": [15.45, 0.006514657980456003], "6/8/2016": [15.45, 0.0], "6/13/2016": [15.35, -0.00647249190938509], "6/14/2016": [15.2, -0.009771986970684063], "6/15/2016": [15.1, -0.00657894736842103], "6/16/2016": [15.05, -0.0033112582781456247], "6/17/2016": [15.1, 0.0033222591362125535], "6/20/2016": [15.1, 0.0], "6/21/2016": [15.15, 0.0033112582781457426], "6/22/2016": [15.15, 0.0], "6/23/2016": [15.2, 0.00330033003300323], "6/24/2016": [15.0, -0.01315789473684206], "6/27/2016": [15.1, 0.006666666666666643], "6/28/2016": [15.05, -0.0033112582781456247], "6/29/2016": [15.2, 0.00996677740863778], "6/30/2016": [15.3, 0.006578947368421147], "7/1/2016": [15.2, -0.006535947712418394], "7/4/2016": [15.3, 0.006578947368421147], "7/5/2016": [15.3, 0.0], "7/6/2016": [15.25, -0.003267973856209197], "7/7/2016": [15.25, 0.0], "7/11/2016": [15.2, -0.0032786885245902103], "7/12/2016": [15.25, 0.0032894736842105734], "7/13/2016": [15.3, 0.0032786885245902103], "7/14/2016": [15.6, 0.019607843137254832], "7/15/2016": [15.65, 0.0032051282051282506], "7/18/2016": [15.65, 0.0], "7/19/2016": [15.85, 0.012779552715654906], "7/20/2016": [15.7, -0.009463722397476363], "7/21/2016": [15.95, 0.01592356687898089], "7/22/2016": [16.2, 0.015673981191222573], "7/25/2016": [16.25, 0.003086419753086464], "7/26/2016": [16.1, -0.009230769230769143], "7/27/2016": [15.9, -0.01242236024844727], "7/28/2016": [15.0, -0.05660377358490568], "7/29/2016": [14.9, -0.006666666666666643], "8/1/2016": [14.9, 0.0], "8/2/2016": [14.85, -0.003355704697986625], "8/3/2016": [14.65, -0.01346801346801342], "8/4/2016": [14.7, 0.0034129692832763777], "8/5/2016": [14.75, 0.0034013605442177355], "8/8/2016": [14.7, -0.0033898305084746243], "8/9/2016": [14.7, 0.0], "8/10/2016": [14.6, -0.0068027210884353505], "8/11/2016": [14.5, -0.006849315068493127], "8/12/2016": [14.6, 0.006896551724137907], "8/15/2016": [14.65, 0.003424657534246624], "8/16/2016": [14.8, 0.010238907849829375], "8/17/2016": [14.75, -0.0033783783783784263], "8/18/2016": [14.65, -0.006779661016949128], "8/19/2016": [14.75, 0.006825938566552877], "8/22/2016": [14.8, 0.0033898305084746243], "8/23/2016": [15.6, 0.05405405405405398], "8/24/2016": [15.35, -0.016025641025641028], "8/25/2016": [15.6, 0.016286644951140065], "8/26/2016": [15.35, -0.016025641025641028], "8/29/2016": [15.3, -0.003257328990227944], "8/30/2016": [15.25, -0.003267973856209197], "8/31/2016": [15.15, -0.0065573770491803044], "9/1/2016": [15.15, 0.0], "9/2/2016": [15.1, -0.003300330033003347], "9/5/2016": [15.0, -0.006622516556291367], "9/6/2016": [15.2, 0.013333333333333286], "9/7/2016": [15.25, 0.0032894736842105734], "9/8/2016": [15.2, -0.0032786885245902103], "9/9/2016": [15.3, 0.006578947368421147], "9/10/2016": [15.1, -0.013071895424836671], "9/12/2016": [15.1, 0.0], "9/13/2016": [14.9, -0.013245033112582735], "9/14/2016": [14.9, 0.0], "9/19/2016": [14.95, 0.0033557046979865056], "9/20/2016": [14.9, -0.0033444816053510994], "9/21/2016": [15.0, 0.00671140939597313], "9/22/2016": [14.95, -0.003333333333333381], "9/23/2016": [14.9, -0.0033444816053510994], "9/26/2016": [14.95, 0.0033557046979865056], "9/29/2016": [15.0, 0.003344481605351218], "9/30/2016": [14.9, -0.006666666666666643], "10/3/2016": [14.95, 0.0033557046979865056], "10/4/2016": [14.95, 0.0], "10/5/2016": [15.1, 0.010033444816053536], "10/6/2016": [15.0, -0.006622516556291367], "10/7/2016": [14.9, -0.006666666666666643], "10/11/2016": [14.8, -0.00671140939597313], "10/12/2016": [14.7, -0.0067567567567568525], "10/13/2016": [14.6, -0.0068027210884353505], "10/14/2016": [14.6, 0.0], "10/17/2016": [14.6, 0.0], "10/18/2016": [14.6, 0.0], "10/19/2016": [15.6, 0.0684931506849315], "10/20/2016": [15.3, -0.019230769230769162],