{"1/4/2016": [59.7, ""], "1/5/2016": [59.4, -0.005025125628140775], "1/6/2016": [59.2, -0.0033670033670032953], "1/7/2016": [58.4, -0.013513513513513585], "1/8/2016": [58.4, 0.0], "1/11/2016": [58.3, -0.001712328767123312], "1/12/2016": [57.2, -0.01886792452830179], "1/13/2016": [56.0, -0.02097902097902103], "1/14/2016": [54.0, -0.03571428571428571], "1/15/2016": [53.8, -0.0037037037037037563], "1/18/2016": [55.0, 0.0223048327137547], "1/19/2016": [54.9, -0.001818181818181844], "1/20/2016": [54.0, -0.016393442622950793], "1/21/2016": [53.8, -0.0037037037037037563], "1/22/2016": [54.0, 0.003717472118959161], "1/25/2016": [54.1, 0.0018518518518518782], "1/26/2016": [54.2, 0.0018484288354898599], "1/27/2016": [54.1, -0.001845018450184528], "1/28/2016": [54.7, 0.011090573012939028], "1/29/2016": [55.0, 0.005484460694698302], "1/30/2016": [55.8, 0.014545454545454493], "2/1/2016": [55.6, -0.0035842293906809273], "2/2/2016": [56.1, 0.008992805755395683], "2/3/2016": [55.9, -0.003565062388591851], "2/15/2016": [55.6, -0.005366726296958804], "2/16/2016": [56.5, 0.016187050359712206], "2/17/2016": [56.1, -0.00707964601769909], "2/18/2016": [56.1, 0.0], "2/19/2016": [56.2, 0.0017825311942959254], "2/22/2016": [56.0, -0.003558718861210015], "2/23/2016": [56.4, 0.0071428571428571175], "2/24/2016": [55.7, -0.01241134751773042], "2/25/2016": [56.0, 0.005385996409335676], "2/26/2016": [56.5, 0.008928571428571428], "3/1/2016": [56.7, 0.0035398230088496078], "3/2/2016": [59.3, 0.04585537918871242], "3/3/2016": [58.8, -0.008431703204047217], "3/4/2016": [59.3, 0.008503401360544218], "3/7/2016": [58.9, -0.00674536256323775], "3/8/2016": [58.5, -0.006791171477079772], "3/9/2016": [57.9, -0.01025641025641028], "3/10/2016": [57.2, -0.012089810017271083], "3/11/2016": [57.2, 0.0], "3/14/2016": [57.3, 0.0017482517482516487], "3/15/2016": [56.6, -0.012216404886561881], "3/16/2016": [59.0, 0.04240282685512365], "3/17/2016": [58.0, -0.01694915254237288], "3/18/2016": [58.0, 0.0], "3/21/2016": [57.7, -0.0051724137931034], "3/22/2016": [57.4, -0.00519930675909886], "3/23/2016": [57.5, 0.0017421602787456693], "3/24/2016": [57.4, -0.0017391304347826335], "3/25/2016": [57.2, -0.003484320557491215], "3/28/2016": [56.1, -0.019230769230769256], "3/29/2016": [55.0, -0.019607843137254926], "3/30/2016": [55.3, 0.005454545454545403], "3/31/2016": [55.5, 0.0036166365280289846], "4/1/2016": [53.9, -0.028828828828828854], "4/6/2016": [54.6, 0.01298701298701304], "4/7/2016": [55.5, 0.016483516483516456], "4/8/2016": [55.2, -0.0054054054054053545], "4/11/2016": [55.0, -0.0036231884057971527], "4/12/2016": [54.9, -0.001818181818181844], "4/13/2016": [55.1, 0.0036429872495446786], "4/14/2016": [55.2, 0.0018148820326679023], "4/15/2016": [55.0, -0.0036231884057971527], "4/18/2016": [54.8, -0.003636363636363688], "4/19/2016": [54.5, -0.005474452554744474], "4/20/2016": [54.1, -0.007339449541284377], "4/21/2016": [54.1, 0.0], "4/22/2016": [54.1, 0.0], "4/25/2016": [53.5, -0.011090573012939028], "4/26/2016": [54.2, 0.013084112149532763], "4/27/2016": [55.0, 0.014760147601475962], "4/28/2016": [55.2, 0.003636363636363688], "4/29/2016": [55.3, 0.0018115942028984477], "5/3/2016": [55.3, 0.0], "5/4/2016": [54.8, -0.009041591320072333], "5/5/2016": [54.3, -0.009124087591240877], "5/6/2016": [53.5, -0.014732965009208052], "5/9/2016": [52.0, -0.028037383177570093], "5/10/2016": [52.3, 0.005769230769230715], "5/11/2016": [51.9, -0.0076481835564053266], "5/12/2016": [50.2, -0.032755298651252325], "5/13/2016": [49.0, -0.023904382470119577], "5/16/2016": [48.8, -0.004081632653061282], "5/17/2016": [48.9, 0.0020491803278688816], "5/18/2016": [50.0, 0.0224948875255624], "5/19/2016": [50.0, 0.0], "5/20/2016": [49.85, -0.0029999999999999714], "5/23/2016": [50.5, 0.013039117352056139], "5/24/2016": [50.0, -0.009900990099009901], "5/25/2016": [49.8, -0.0040000000000000565], "5/26/2016": [49.5, -0.006024096385542112], "5/27/2016": [49.1, -0.008080808080808051], "5/30/2016": [49.45, 0.007128309572301455], "5/31/2016": [50.0, 0.011122345803842207], "6/1/2016": [50.4, 0.007999999999999972], "6/2/2016": [49.7, -0.013888888888888805], "6/3/2016": [49.5, -0.0040241448692153485], "6/4/2016": [49.2, -0.006060606060606003], "6/6/2016": [49.2, 0.0], "6/7/2016": [49.2, 0.0], "6/8/2016": [48.8, -0.008130081300813123], "6/13/2016": [48.6, -0.0040983606557376175], "6/14/2016": [48.0, -0.012345679012345708], "6/15/2016": [48.0, 0.0], "6/16/2016": [47.5, -0.010416666666666666], "6/17/2016": [47.3, -0.0042105263157895334], "6/20/2016": [47.5, 0.004228329809725219], "6/21/2016": [47.0, -0.010526315789473684], "6/22/2016": [47.1, 0.0021276595744681155], "6/23/2016": [47.5, 0.008492569002123113], "6/24/2016": [47.0, -0.010526315789473684], "6/27/2016": [47.0, 0.0], "6/28/2016": [47.45, 0.009574468085106444], "6/29/2016": [48.0, 0.011591148577449887], "6/30/2016": [47.8, -0.004166666666666726], "7/1/2016": [48.0, 0.004184100418410101], "7/4/2016": [47.8, -0.004166666666666726], "7/5/2016": [48.2, 0.008368200836820203], "7/6/2016": [48.45, 0.005186721991701245], "7/7/2016": [48.4, -0.0010319917440661354], "7/11/2016": [48.4, 0.0], "7/12/2016": [48.1, -0.006198347107437958], "7/13/2016": [47.8, -0.006237006237006326], "7/14/2016": [47.5, -0.006276150627615004], "7/15/2016": [48.0, 0.010526315789473684], "7/18/2016": [48.65, 0.013541666666666638], "7/19/2016": [48.3, -0.007194244604316576], "7/20/2016": [48.2, -0.0020703933747410834], "7/21/2016": [48.7, 0.01037344398340249], "7/22/2016": [48.65, -0.0010266940451746254], "7/25/2016": [48.45, -0.004110996916752225], "7/26/2016": [48.2, -0.005159958720330237], "7/27/2016": [48.2, 0.0], "7/28/2016": [48.4, 0.004149377593360907], "7/29/2016": [48.2, -0.004132231404958589], "8/1/2016": [48.2, 0.0], "8/2/2016": [48.1, -0.0020746887966805274], "8/3/2016": [48.05, -0.001039501039501128], "8/4/2016": [48.6, 0.011446409989594262], "8/5/2016": [49.1, 0.0102880658436214], "8/8/2016": [47.95, -0.023421588594704654], "8/9/2016": [48.4, 0.009384775808133383], "8/10/2016": [48.2, -0.004132231404958589], "8/11/2016": [47.7, -0.01037344398340249], "8/12/2016": [48.0, 0.0062893081761005686], "8/15/2016": [47.75, -0.005208333333333333], "8/16/2016": [47.8, 0.001047120418848108], "8/17/2016": [47.85, 0.0010460251046025997], "8/18/2016": [48.3, 0.009404388714733453], "8/19/2016": [48.4, 0.0020703933747412305], "8/22/2016": [48.0, -0.008264462809917326], "8/23/2016": [48.0, 0.0], "8/24/2016": [47.9, -0.002083333333333363], "8/25/2016": [43.8, -0.08559498956158668], "8/26/2016": [44.45, 0.014840182648401957], "8/29/2016": [44.2, -0.00562429696287964], "8/30/2016": [43.9, -0.006787330316742178], "8/31/2016": [43.5, -0.009111617312072861], "9/1/2016": [43.55, 0.0011494252873562566], "9/2/2016": [43.15, -0.009184845005740495], "9/5/2016": [43.0, -0.0034762456546928986], "9/6/2016": [42.8, -0.00465116279069774], "9/7/2016": [43.1, 0.007009345794392623], "9/8/2016": [43.2, 0.002320185614849221], "9/9/2016": [43.65, 0.010416666666666567], "9/10/2016": [43.0, -0.014891179839633416], "9/12/2016": [43.0, 0.0], "9/13/2016": [42.8, -0.00465116279069774], "9/14/2016": [42.8, 0.0], "9/19/2016": [42.9, 0.0023364485981308743], "9/20/2016": [42.9, 0.0], "9/21/2016": [43.65, 0.017482517482517484], "9/22/2016": [43.75, 0.0022909507445590246], "9/23/2016": [43.5, -0.005714285714285714], "9/26/2016": [43.45, -0.0011494252873562566], "9/29/2016": [43.45, 0.0], "9/30/2016": [43.4, -0.0011507479861911222], "10/3/2016": [43.35, -0.0011520737327188285], "10/4/2016": [43.0, -0.00807381776239911], "10/5/2016": [43.0, 0.0], "10/6/2016": [43.15, 0.003488372093023223], "10/7/2016": [42.9, -0.005793742757821553], "10/11/2016": [42.0, -0.020979020979020945], "10/12/2016": [41.45, -0.013095238095238028], "10/13/2016": [41.0, -0.01085645355850429], "10/14/2016": [39.5, -0.036585365853658534], "10/17/2016": [39.0, -0.012658227848101266], "10/18/2016": [39.0, 0.0], "10/19/2016": [39.0, 0.0], "10/20/2016": [38.9, -0.0025641025641026005],