{"1/4/2016": [113.0, ""], "1/5/2016": [112.5, -0.004424778761061947], "1/6/2016": [111.0, -0.013333333333333334], "1/7/2016": [108.5, -0.02252252252252252], "1/8/2016": [111.0, 0.02304147465437788], "1/11/2016": [109.5, -0.013513513513513514], "1/12/2016": [110.0, 0.0045662100456621], "1/13/2016": [112.0, 0.01818181818181818], "1/14/2016": [110.0, -0.017857142857142856], "1/15/2016": [108.5, -0.013636363636363636], "1/18/2016": [110.5, 0.018433179723502304], "1/19/2016": [113.5, 0.027149321266968326], "1/20/2016": [111.0, -0.022026431718061675], "1/21/2016": [110.5, -0.0045045045045045045], "1/22/2016": [112.0, 0.013574660633484163], "1/25/2016": [118.0, 0.05357142857142857], "1/26/2016": [115.5, -0.0211864406779661], "1/27/2016": [112.5, -0.025974025974025976], "1/28/2016": [113.0, 0.0044444444444444444], "1/29/2016": [113.5, 0.004424778761061947], "1/30/2016": [114.0, 0.004405286343612335], "2/1/2016": [114.5, 0.0043859649122807015], "2/2/2016": [114.0, -0.004366812227074236], "2/3/2016": [114.0, 0.0], "2/15/2016": [115.0, 0.008771929824561403], "2/16/2016": [114.5, -0.004347826086956522], "2/17/2016": [116.5, 0.017467248908296942], "2/18/2016": [117.0, 0.004291845493562232], "2/19/2016": [118.5, 0.01282051282051282], "2/22/2016": [118.0, -0.004219409282700422], "2/23/2016": [117.0, -0.00847457627118644], "2/24/2016": [117.0, 0.0], "2/25/2016": [118.5, 0.01282051282051282], "2/26/2016": [119.5, 0.008438818565400843], "3/1/2016": [119.5, 0.0], "3/2/2016": [119.5, 0.0], "3/3/2016": [117.5, -0.016736401673640166], "3/4/2016": [116.0, -0.01276595744680851], "3/7/2016": [114.5, -0.01293103448275862], "3/8/2016": [115.5, 0.008733624454148471], "3/9/2016": [114.5, -0.008658008658008658], "3/10/2016": [114.0, -0.004366812227074236], "3/11/2016": [115.5, 0.013157894736842105], "3/14/2016": [114.5, -0.008658008658008658], "3/15/2016": [113.0, -0.013100436681222707], "3/16/2016": [113.5, 0.004424778761061947], "3/17/2016": [114.5, 0.00881057268722467], "3/18/2016": [112.5, -0.017467248908296942], "3/21/2016": [111.5, -0.008888888888888889], "3/22/2016": [111.5, 0.0], "3/23/2016": [112.0, 0.004484304932735426], "3/24/2016": [108.5, -0.03125], "3/25/2016": [104.5, -0.03686635944700461], "3/28/2016": [103.5, -0.009569377990430622], "3/29/2016": [102.0, -0.014492753623188406], "3/30/2016": [103.5, 0.014705882352941176], "3/31/2016": [105.5, 0.01932367149758454], "4/1/2016": [103.5, -0.018957345971563982], "4/6/2016": [107.0, 0.033816425120772944], "4/7/2016": [106.0, -0.009345794392523364], "4/8/2016": [105.5, -0.0047169811320754715], "4/11/2016": [105.0, -0.004739336492890996], "4/12/2016": [109.0, 0.0380952380952381], "4/13/2016": [109.0, 0.0], "4/14/2016": [108.0, -0.009174311926605505], "4/15/2016": [106.5, -0.013888888888888888], "4/18/2016": [105.5, -0.009389671361502348], "4/19/2016": [105.5, 0.0], "4/20/2016": [105.5, 0.0], "4/21/2016": [105.0, -0.004739336492890996], "4/22/2016": [106.5, 0.014285714285714285], "4/25/2016": [106.0, -0.004694835680751174], "4/26/2016": [105.0, -0.009433962264150943], "4/27/2016": [104.0, -0.009523809523809525], "4/28/2016": [101.0, -0.028846153846153848], "4/29/2016": [99.9, -0.010891089108910835], "5/3/2016": [98.7, -0.01201201201201204], "5/4/2016": [96.8, -0.01925025329280654], "5/5/2016": [98.6, 0.018595041322314022], "5/6/2016": [97.8, -0.008113590263691656], "5/9/2016": [96.2, -0.01635991820040894], "5/10/2016": [97.6, 0.014553014553014464], "5/11/2016": [96.4, -0.012295081967212998], "5/12/2016": [95.9, -0.005186721991701245], "5/13/2016": [97.9, 0.020855057351407715], "5/16/2016": [98.9, 0.010214504596527068], "5/17/2016": [99.2, 0.003033367037411498], "5/18/2016": [98.7, -0.005040322580645161], "5/19/2016": [97.3, -0.014184397163120624], "5/20/2016": [97.6, 0.003083247687564205], "5/23/2016": [98.6, 0.010245901639344263], "5/24/2016": [99.4, 0.0081135902636918], "5/25/2016": [101.5, 0.021126760563380222], "5/26/2016": [101.0, -0.0049261083743842365], "5/27/2016": [99.9, -0.010891089108910835], "5/30/2016": [100.5, 0.006006006006005949], "5/31/2016": [99.2, -0.012935323383084549], "6/1/2016": [101.0, 0.01814516129032255], "6/2/2016": [100.5, -0.0049504950495049506], "6/3/2016": [100.0, -0.004975124378109453], "6/4/2016": [100.0, 0.0], "6/6/2016": [99.1, -0.009000000000000057], "6/7/2016": [99.4, 0.0030272452068618705], "6/8/2016": [99.1, -0.003018108651911583], "6/13/2016": [97.3, -0.018163471241170508], "6/14/2016": [98.0, 0.007194244604316576], "6/15/2016": [98.3, 0.003061224489795889], "6/16/2016": [98.2, -0.0010172939979653543], "6/17/2016": [99.4, 0.012219959266802473], "6/20/2016": [99.4, 0.0], "6/21/2016": [99.2, -0.0020120724346076742], "6/22/2016": [99.0, -0.002016129032258093], "6/23/2016": [98.9, -0.0010101010101009526], "6/24/2016": [97.5, -0.014155712841253849], "6/27/2016": [97.5, 0.0], "6/28/2016": [97.0, -0.005128205128205128], "6/29/2016": [97.2, 0.002061855670103122], "6/30/2016": [98.0, 0.00823045267489709], "7/1/2016": [97.3, -0.007142857142857172], "7/4/2016": [96.9, -0.004110996916752225], "7/5/2016": [97.2, 0.003095975232198113], "7/6/2016": [96.6, -0.006172839506172927], "7/7/2016": [96.4, -0.0020703933747410834], "7/11/2016": [97.5, 0.011410788381742679], "7/12/2016": [97.3, -0.0020512820512820803], "7/13/2016": [104.0, 0.06885919835560127], "7/14/2016": [103.5, -0.004807692307692308], "7/15/2016": [104.0, 0.004830917874396135], "7/18/2016": [103.5, -0.004807692307692308], "7/19/2016": [103.0, -0.004830917874396135], "7/20/2016": [102.5, -0.0048543689320388345], "7/21/2016": [104.0, 0.014634146341463415], "7/22/2016": [107.5, 0.03365384615384615], "7/25/2016": [107.0, -0.004651162790697674], "7/26/2016": [107.5, 0.004672897196261682], "7/27/2016": [108.5, 0.009302325581395349], "7/28/2016": [107.0, -0.013824884792626729], "7/29/2016": [106.5, -0.004672897196261682], "8/1/2016": [107.0, 0.004694835680751174], "8/2/2016": [107.0, 0.0], "8/3/2016": [107.0, 0.0], "8/4/2016": [106.5, -0.004672897196261682], "8/5/2016": [109.5, 0.028169014084507043], "8/8/2016": [105.5, -0.0365296803652968], "8/9/2016": [103.5, -0.018957345971563982], "8/10/2016": [104.0, 0.004830917874396135], "8/11/2016": [103.0, -0.009615384615384616], "8/12/2016": [105.0, 0.019417475728155338], "8/15/2016": [104.5, -0.004761904761904762], "8/16/2016": [103.0, -0.014354066985645933], "8/17/2016": [103.0, 0.0], "8/18/2016": [103.5, 0.0048543689320388345], "8/19/2016": [103.0, -0.004830917874396135], "8/22/2016": [100.5, -0.024271844660194174], "8/23/2016": [101.0, 0.004975124378109453], "8/24/2016": [101.0, 0.0], "8/25/2016": [100.5, -0.0049504950495049506], "8/26/2016": [100.5, 0.0], "8/29/2016": [101.0, 0.004975124378109453], "8/30/2016": [100.5, -0.0049504950495049506], "8/31/2016": [99.5, -0.009950248756218905], "9/1/2016": [98.7, -0.008040201005025097], "9/2/2016": [99.0, 0.003039513677811521], "9/5/2016": [99.7, 0.0070707070707071], "9/6/2016": [101.0, 0.013039117352056139], "9/7/2016": [101.0, 0.0], "9/8/2016": [101.0, 0.0], "9/9/2016": [99.8, -0.011881188118811909], "9/10/2016": [99.0, -0.008016032064128228], "9/12/2016": [98.8, -0.002020202020202049], "9/13/2016": [98.5, -0.003036437246963534], "9/14/2016": [99.3, 0.008121827411167484], "9/19/2016": [99.0, -0.003021148036253748], "9/20/2016": [98.4, -0.006060606060606003], "9/21/2016": [99.1, 0.007113821138211266], "9/22/2016": [98.4, -0.007063572149343982], "9/23/2016": [99.0, 0.006097560975609698], "9/26/2016": [98.1, -0.009090909090909148], "9/29/2016": [97.8, -0.0030581039755351396], "9/30/2016": [97.0, -0.00817995910020447], "10/3/2016": [96.9, -0.0010309278350514879], "10/4/2016": [97.7, 0.00825593395252835], "10/5/2016": [98.1, 0.004094165813715368], "10/6/2016": [98.2, 0.001019367991845143], "10/7/2016": [97.5, -0.007128309572301455], "10/11/2016": [97.0, -0.005128205128205128], "10/12/2016": [98.0, 0.010309278350515464], "10/13/2016": [97.6, -0.004081632653061282], "10/14/2016": [96.7, -0.00922131147540975], "10/17/2016": [96.7, 0.0],