{"1/4/2016": [8.9, ""], "1/5/2016": [8.9, 0.0], "1/6/2016": [8.5, -0.04494382022471914], "1/7/2016": [8.13, -0.04352941176470579], "1/8/2016": [8.13, 0.0], "1/11/2016": [8.13, 0.0], "1/12/2016": [8.13, 0.0], "1/13/2016": [8.13, 0.0], "1/14/2016": [8.13, 0.0], "1/15/2016": [8.51, 0.04674046740467392], "1/18/2016": [8.51, 0.0], "1/19/2016": [8.5, -0.0011750881316098458], "1/20/2016": [8.3, -0.0235294117647058], "1/21/2016": [8.45, 0.018072289156626332], "1/22/2016": [8.5, 0.005917159763313694], "1/25/2016": [8.5, 0.0], "1/26/2016": [8.5, 0.0], "1/27/2016": [8.35, -0.017647058823529453], "1/28/2016": [8.35, 0.0], "1/29/2016": [8.35, 0.0], "1/30/2016": [8.42, 0.008383233532934166], "2/1/2016": [8.42, 0.0], "2/2/2016": [8.42, 0.0], "2/3/2016": [8.45, 0.0035629453681709456], "2/15/2016": [8.45, 0.0], "2/16/2016": [8.3, -0.017751479289940662], "2/17/2016": [8.3, 0.0], "2/18/2016": [8.3, 0.0], "2/19/2016": [8.03, -0.03253012048192787], "2/22/2016": [8.03, 0.0], "2/23/2016": [7.8, -0.028642590286425847], "2/24/2016": [8.0, 0.025641025641025664], "2/25/2016": [7.8, -0.025000000000000022], "2/26/2016": [7.8, 0.0], "3/1/2016": [7.8, 0.0], "3/2/2016": [8.21, 0.0525641025641027], "3/3/2016": [8.4, 0.02314250913520091], "3/4/2016": [8.4, 0.0], "3/7/2016": [8.1, -0.035714285714285796], "3/8/2016": [8.1, 0.0], "3/9/2016": [8.1, 0.0], "3/10/2016": [8.1, 0.0], "3/11/2016": [7.72, -0.04691358024691357], "3/14/2016": [8.3, 0.0751295336787566], "3/15/2016": [8.4, 0.012048192771084293], "3/16/2016": [8.6, 0.023809523809523725], "3/17/2016": [8.6, 0.0], "3/18/2016": [8.5, -0.011627906976744146], "3/21/2016": [8.7, 0.0235294117647058], "3/22/2016": [8.7, 0.0], "3/23/2016": [9.1, 0.04597701149425292], "3/24/2016": [9.1, 0.0], "3/25/2016": [9.27, 0.018681318681318674], "3/28/2016": [9.3, 0.0032362459546926795], "3/29/2016": [9.16, -0.015053763440860275], "3/30/2016": [9.16, 0.0], "3/31/2016": [9.16, 0.0], "4/1/2016": [9.16, 0.0], "4/6/2016": [9.16, 0.0], "4/7/2016": [9.16, 0.0], "4/8/2016": [9.1, -0.006550218340611408], "4/11/2016": [9.1, 0.0], "4/12/2016": [9.1, 0.0], "4/13/2016": [9.1, 0.0], "4/14/2016": [9.2, 0.01098901098901095], "4/15/2016": [9.2, 0.0], "4/18/2016": [9.4, 0.021739130434782726], "4/19/2016": [9.4, 0.0], "4/20/2016": [9.5, 0.010638297872340387], "4/21/2016": [9.1, -0.04210526315789478], "4/22/2016": [10.14, 0.1142857142857144], "4/25/2016": [9.8, -0.03353057199211044], "4/26/2016": [9.6, -0.02040816326530623], "4/27/2016": [9.55, -0.005208333333333223], "4/28/2016": [9.8, 0.026178010471204185], "4/29/2016": [9.8, 0.0], "5/3/2016": [9.61, -0.019387755102040945], "5/4/2016": [9.61, 0.0], "5/5/2016": [9.61, 0.0], "5/6/2016": [9.74, 0.01352757544224774], "5/9/2016": [9.74, 0.0], "5/10/2016": [9.45, -0.029774127310061696], "5/11/2016": [9.5, 0.005291005291005366], "5/12/2016": [8.95, -0.05789473684210534], "5/13/2016": [9.14, 0.021229050279329753], "5/16/2016": [9.35, 0.022975929978118058], "5/17/2016": [9.49, 0.014973262032085623], "5/18/2016": [9.04, -0.047418335089568074], "5/19/2016": [9.31, 0.029867256637168292], "5/20/2016": [9.05, -0.027926960257787303], "5/23/2016": [9.02, -0.0033149171270719486], "5/24/2016": [9.3, 0.03104212860310434], "5/25/2016": [8.9, -0.04301075268817208], "5/26/2016": [8.9, 0.0], "5/27/2016": [9.06, 0.017977528089887656], "5/30/2016": [9.47, 0.04525386313465785], "5/31/2016": [9.27, -0.0211193241816263], "6/1/2016": [9.27, 0.0], "6/2/2016": [9.51, 0.02588996763754048], "6/3/2016": [9.63, 0.01261829652996856], "6/4/2016": [9.84, 0.02180685358255442], "6/6/2016": [9.9, 0.006097560975609807], "6/7/2016": [9.9, 0.0], "6/8/2016": [9.8, -0.010101010101010065], "6/13/2016": [9.44, -0.03673469387755114], "6/14/2016": [9.4, -0.00423728813559313], "6/15/2016": [9.4, 0.0], "6/16/2016": [9.63, 0.024468085106383024], "6/17/2016": [9.63, 0.0], "6/20/2016": [9.64, 0.0010384215991692406], "6/21/2016": [9.17, -0.048755186721991764], "6/22/2016": [9.4, 0.025081788440567115], "6/23/2016": [9.55, 0.015957446808510675], "6/24/2016": [9.57, 0.00209424083769629], "6/27/2016": [9.57, 0.0], "6/28/2016": [9.57, 0.0], "6/29/2016": [9.62, 0.005224660397074078], "6/30/2016": [9.62, 0.0], "7/1/2016": [9.22, -0.04158004158004144], "7/4/2016": [9.22, 0.0], "7/5/2016": [9.22, 0.0], "7/6/2016": [9.13, -0.00976138828633404], "7/7/2016": [9.13, 0.0], "7/11/2016": [9.13, 0.0], "7/12/2016": [9.13, 0.0], "7/13/2016": [9.13, 0.0], "7/14/2016": [9.15, 0.002190580503833469], "7/15/2016": [9.15, 0.0], "7/18/2016": [9.15, 0.0], "7/19/2016": [9.15, 0.0], "7/20/2016": [9.15, 0.0], "7/21/2016": [9.15, 0.0], "7/22/2016": [9.15, 0.0], "7/25/2016": [9.4, 0.0273224043715847], "7/26/2016": [9.4, 0.0], "7/27/2016": [9.4, 0.0], "7/28/2016": [9.12, -0.02978723404255331], "7/29/2016": [9.12, 0.0], "8/1/2016": [9.12, 0.0], "8/2/2016": [9.12, 0.0], "8/3/2016": [9.06, -0.006578947368420913], "8/4/2016": [9.47, 0.04525386313465785], "8/5/2016": [9.47, 0.0], "8/8/2016": [9.47, 0.0], "8/9/2016": [9.49, 0.0021119324181625735], "8/10/2016": [9.49, 0.0], "8/11/2016": [9.49, 0.0], "8/12/2016": [9.7, 0.02212855637513162], "8/15/2016": [9.4, -0.030927835051546285], "8/16/2016": [9.65, 0.026595744680851064], "8/17/2016": [9.75, 0.010362694300518097], "8/18/2016": [9.6, -0.015384615384615422], "8/19/2016": [9.6, 0.0], "8/22/2016": [9.89, 0.03020833333333343], "8/23/2016": [9.89, 0.0], "8/24/2016": [9.89, 0.0], "8/25/2016": [9.6, -0.029322548028311517], "8/26/2016": [9.44, -0.016666666666666684], "8/29/2016": [9.39, -0.005296610169491412], "8/30/2016": [9.39, 0.0], "8/31/2016": [9.5, 0.011714589989350311], "9/1/2016": [9.55, 0.005263157894736917], "9/2/2016": [9.55, 0.0], "9/5/2016": [9.15, -0.04188481675392674], "9/6/2016": [9.15, 0.0], "9/7/2016": [9.4, 0.0273224043715847], "9/8/2016": [9.31, -0.009574468085106367], "9/9/2016": [9.21, -0.010741138560687395], "9/10/2016": [9.21, 0.0], "9/12/2016": [9.21, 0.0], "9/13/2016": [9.21, 0.0], "9/14/2016": [9.5, 0.03148751357220403], "9/19/2016": [9.5, 0.0], "9/20/2016": [9.5, 0.0], "9/21/2016": [9.5, 0.0], "9/22/2016": [9.45, -0.005263157894736917], "9/23/2016": [9.45, 0.0], "9/26/2016": [8.84, -0.0645502645502645], "9/29/2016": [9.31, 0.05316742081447971], "9/30/2016": [9.31, 0.0], "10/3/2016": [9.05, -0.027926960257787303], "10/4/2016": [9.05, 0.0], "10/5/2016": [9.05, 0.0], "10/6/2016": [9.0, -0.0055248618784531165], "10/7/2016": [9.0, 0.0], "10/11/2016": [8.74, -0.028888888888888867], "10/12/2016": [8.65, -0.010297482837528588], "10/13/2016": [7.9, -0.08670520231213873], "10/14/2016": [7.7, -0.025316455696202552], "10/17/2016": [7.85, 0.01948051948051941], "10/18/2016": [7.92, 0.008917197452229336], "10/19/2016": [7.91, -0.0012626262626262356], "10/20/2016": [7.92, 0.0012642225031605293], "10/21/2016": [7.92, 0.0], "10/24/2016": [7.75, -0.021464646464646457], "10/25/2016": [7.75, 0.0], "10/26/2016": [9.1, 0.17419354838709672], "10/27/2016": [8.5, -0.0659340659340659], "10/28/2016": [8.2, -0.035294117647058906], "10/31/2016": [8.2, 0.0], "11/1/2016": [8.2, 0.0], "11/2/2016": [8.2, 0.0], "11/3/2016": [8.2, 0.0], "11/4/2016": [8.2, 0.0], "11/7/2016": [8.2, 0.0], "11/8/2016": [8.2, 0.0], "11/9/2016": [8.1, -0.01219512195121947], "11/10/2016": [8.2, 0.012345679012345635], "11/11/2016": [8.14, -0.007317073170731552], "11/14/2016": [7.7, -0.0540540540540541], "11/15/2016": [7.48, -0.02857142857142854], "11/16/2016": [7.48, 0.0], "11/17/2016": [7.4, -0.010695187165775409], "11/18/2016": [7.05, -0.04729729729729737], "11/21/2016": [7.12, 0.009929078014184438], "11/22/2016": [7.12, 0.0], "11/23/2016": [7.0, -0.016853932584269676], "11/24/2016": [7.18, 0.025714285714285672], "11/25/2016": [7.18, 0.0], "11/28/2016": [7.18, 0.0], "11/29/2016": [7.18, 0.0], "11/30/2016": [7.18, 0.0]}