{"1/4/2016": [359.0, ""], "1/5/2016": [354.0, -0.013927576601671309], "1/6/2016": [340.5, -0.038135593220338986], "1/7/2016": [306.5, -0.09985315712187959], "1/8/2016": [315.0, 0.02773246329526917], "1/11/2016": [286.5, -0.09047619047619047], "1/12/2016": [258.0, -0.09947643979057591], "1/13/2016": [265.0, 0.027131782945736434], "1/14/2016": [254.0, -0.04150943396226415], "1/15/2016": [269.0, 0.05905511811023622], "1/18/2016": [295.5, 0.09851301115241635], "1/19/2016": [317.0, 0.0727580372250423], "1/20/2016": [306.0, -0.03470031545741325], "1/21/2016": [305.5, -0.0016339869281045752], "1/22/2016": [310.0, 0.014729950900163666], "1/25/2016": [327.0, 0.054838709677419356], "1/26/2016": [330.0, 0.009174311926605505], "1/27/2016": [330.5, 0.0015151515151515152], "1/28/2016": [326.5, -0.012102874432677761], "1/29/2016": [336.5, 0.030627871362940276], "1/30/2016": [370.0, 0.09955423476968796], "2/1/2016": [359.0, -0.02972972972972973], "2/2/2016": [361.0, 0.005571030640668524], "2/3/2016": [350.0, -0.030470914127423823], "2/15/2016": [335.5, -0.041428571428571426], "2/16/2016": [332.5, -0.00894187779433681], "2/17/2016": [356.0, 0.07067669172932331], "2/18/2016": [360.0, 0.011235955056179775], "2/19/2016": [365.0, 0.013888888888888888], "2/22/2016": [382.0, 0.04657534246575343], "2/23/2016": [398.0, 0.041884816753926704], "2/24/2016": [390.0, -0.020100502512562814], "2/25/2016": [385.0, -0.01282051282051282], "2/26/2016": [372.0, -0.033766233766233764], "3/1/2016": [372.5, 0.0013440860215053765], "3/2/2016": [364.5, -0.021476510067114093], "3/3/2016": [367.5, 0.00823045267489712], "3/4/2016": [365.5, -0.005442176870748299], "3/7/2016": [352.0, -0.036935704514363885], "3/8/2016": [354.5, 0.007102272727272727], "3/9/2016": [352.0, -0.007052186177715092], "3/10/2016": [372.0, 0.056818181818181816], "3/11/2016": [366.0, -0.016129032258064516], "3/14/2016": [371.5, 0.015027322404371584], "3/15/2016": [373.5, 0.005383580080753701], "3/16/2016": [375.5, 0.00535475234270415], "3/17/2016": [383.0, 0.019973368841544607], "3/18/2016": [385.0, 0.005221932114882507], "3/21/2016": [389.5, 0.011688311688311689], "3/22/2016": [389.5, 0.0], "3/23/2016": [390.0, 0.0012836970474967907], "3/24/2016": [379.5, -0.026923076923076925], "3/25/2016": [378.5, -0.002635046113306983], "3/28/2016": [379.0, 0.001321003963011889], "3/29/2016": [369.5, -0.025065963060686015], "3/30/2016": [374.5, 0.013531799729364006], "3/31/2016": [394.0, 0.0520694259012016], "4/1/2016": [390.0, -0.01015228426395939], "4/6/2016": [395.0, 0.01282051282051282], "4/7/2016": [401.5, 0.016455696202531647], "4/8/2016": [392.5, -0.0224159402241594], "4/11/2016": [380.0, -0.03184713375796178], "4/12/2016": [361.0, -0.05], "4/13/2016": [373.0, 0.0332409972299169], "4/14/2016": [373.5, 0.0013404825737265416], "4/15/2016": [374.5, 0.002677376171352075], "4/18/2016": [372.5, -0.0053404539385847796], "4/19/2016": [372.5, 0.0], "4/20/2016": [364.0, -0.022818791946308724], "4/21/2016": [365.0, 0.0027472527472527475], "4/22/2016": [354.0, -0.030136986301369864], "4/25/2016": [339.0, -0.0423728813559322], "4/26/2016": [350.0, 0.032448377581120944], "4/27/2016": [345.5, -0.012857142857142857], "4/28/2016": [344.5, -0.002894356005788712], "4/29/2016": [350.0, 0.015965166908563134], "5/3/2016": [352.5, 0.007142857142857143], "5/4/2016": [355.5, 0.00851063829787234], "5/5/2016": [350.0, -0.015471167369901548], "5/6/2016": [348.0, -0.005714285714285714], "5/9/2016": [324.5, -0.06752873563218391], "5/10/2016": [335.0, 0.032357473035439135], "5/11/2016": [329.0, -0.01791044776119403], "5/12/2016": [311.5, -0.05319148936170213], "5/13/2016": [318.0, 0.02086677367576244], "5/16/2016": [334.0, 0.050314465408805034], "5/17/2016": [341.0, 0.020958083832335328], "5/18/2016": [343.0, 0.005865102639296188], "5/19/2016": [342.5, -0.0014577259475218659], "5/20/2016": [342.5, 0.0], "5/23/2016": [361.0, 0.05401459854014599], "5/24/2016": [358.0, -0.008310249307479225], "5/25/2016": [362.0, 0.0111731843575419], "5/26/2016": [370.0, 0.022099447513812154], "5/27/2016": [379.0, 0.024324324324324326], "5/30/2016": [375.0, -0.010554089709762533], "5/31/2016": [376.0, 0.0026666666666666666], "6/1/2016": [367.0, -0.023936170212765957], "6/2/2016": [363.5, -0.009536784741144414], "6/3/2016": [365.0, 0.0041265474552957355], "6/4/2016": [373.0, 0.021917808219178082], "6/6/2016": [373.0, 0.0], "6/7/2016": [381.0, 0.021447721179624665], "6/8/2016": [374.0, -0.01837270341207349], "6/13/2016": [378.0, 0.0106951871657754], "6/14/2016": [369.5, -0.022486772486772486], "6/15/2016": [362.0, -0.02029769959404601], "6/16/2016": [361.0, -0.0027624309392265192], "6/17/2016": [365.5, 0.012465373961218837], "6/20/2016": [365.0, -0.0013679890560875513], "6/21/2016": [373.0, 0.021917808219178082], "6/22/2016": [370.5, -0.006702412868632708], "6/23/2016": [373.0, 0.006747638326585695], "6/24/2016": [356.5, -0.04423592493297587], "6/27/2016": [375.5, 0.05329593267882188], "6/28/2016": [380.0, 0.011984021304926764], "6/29/2016": [392.0, 0.031578947368421054], "6/30/2016": [401.0, 0.02295918367346939], "7/1/2016": [409.0, 0.0199501246882793], "7/4/2016": [414.5, 0.013447432762836185], "7/5/2016": [455.5, 0.09891435464414958], "7/6/2016": [473.0, 0.038419319429198684], "7/7/2016": [473.0, 0.0], "7/11/2016": [491.0, 0.03805496828752643], "7/12/2016": [506.0, 0.03054989816700611], "7/13/2016": [498.0, -0.015810276679841896], "7/14/2016": [491.0, -0.014056224899598393], "7/15/2016": [512.0, 0.04276985743380855], "7/18/2016": [502.0, -0.01953125], "7/19/2016": [492.5, -0.018924302788844622], "7/20/2016": [489.5, -0.006091370558375634], "7/21/2016": [490.5, 0.0020429009193054137], "7/22/2016": [493.5, 0.0061162079510703364], "7/25/2016": [485.5, -0.016210739614994935], "7/26/2016": [493.5, 0.016477857878475798], "7/27/2016": [488.0, -0.011144883485309016], "7/28/2016": [484.0, -0.00819672131147541], "7/29/2016": [488.0, 0.008264462809917356], "8/1/2016": [485.0, -0.006147540983606557], "8/2/2016": [483.0, -0.004123711340206186], "8/3/2016": [486.0, 0.006211180124223602], "8/4/2016": [481.5, -0.009259259259259259], "8/5/2016": [478.5, -0.006230529595015576], "8/8/2016": [493.5, 0.03134796238244514], "8/9/2016": [482.0, -0.02330293819655522], "8/10/2016": [495.5, 0.028008298755186723], "8/11/2016": [491.0, -0.009081735620585268], "8/12/2016": [491.0, 0.0], "8/15/2016": [490.0, -0.002036659877800407], "8/16/2016": [515.0, 0.05102040816326531], "8/17/2016": [504.0, -0.021359223300970873], "8/18/2016": [510.0, 0.011904761904761904], "8/19/2016": [513.0, 0.0058823529411764705], "8/22/2016": [505.0, -0.015594541910331383], "8/23/2016": [502.0, -0.005940594059405941], "8/24/2016": [492.0, -0.0199203187250996], "8/25/2016": [490.5, -0.003048780487804878], "8/26/2016": [488.0, -0.0050968399592252805], "8/29/2016": [486.0, -0.004098360655737705], "8/30/2016": [488.0, 0.00411522633744856], "8/31/2016": [491.0, 0.006147540983606557], "9/1/2016": [492.5, 0.003054989816700611], "9/2/2016": [485.0, -0.015228426395939087], "9/5/2016": [470.0, -0.030927835051546393], "9/6/2016": [473.0, 0.006382978723404255], "9/7/2016": [477.0, 0.008456659619450317], "9/8/2016": [473.0, -0.008385744234800839], "9/9/2016": [455.0, -0.03805496828752643], "9/10/2016": [453.5, -0.0032967032967032967], "9/12/2016": [447.0, -0.014332965821389196], "9/13/2016": [436.5, -0.02348993288590604], "9/14/2016": [436.5, 0.0], "9/19/2016": [466.5, 0.06872852233676977], "9/20/2016": [467.0, 0.0010718113612004287], "9/21/2016": [468.0, 0.0021413276231263384], "9/22/2016": [471.5, 0.007478632478632479], "9/23/2016": [472.0, 0.0010604453870625664], "9/26/2016": [464.0, -0.01694915254237288], "9/29/2016": [468.0, 0.008620689655172414], "9/30/2016": [469.0, 0.002136752136752137], "10/3/2016": [475.0, 0.01279317697228145], "10/4/2016": [460.0, -0.031578947368421054], "10/5/2016": [452.5, -0.016304347826086956], "10/6/2016": [461.0, 0.01878453038674033], "10/7/2016": [460.0, -0.0021691973969631237],