{"1/4/2016": [33.55, ""], "1/5/2016": [33.75, 0.005961251862891292], "1/6/2016": [32.5, -0.037037037037037035], "1/7/2016": [31.5, -0.03076923076923077], "1/8/2016": [32.15, 0.02063492063492059], "1/11/2016": [31.3, -0.026438569206842857], "1/12/2016": [31.0, -0.009584664536741236], "1/13/2016": [31.0, 0.0], "1/14/2016": [30.1, -0.029032258064516082], "1/15/2016": [30.0, -0.0033222591362126715], "1/18/2016": [31.3, 0.043333333333333356], "1/19/2016": [31.0, -0.009584664536741236], "1/20/2016": [34.1, 0.10000000000000005], "1/21/2016": [37.4, 0.09677419354838701], "1/22/2016": [36.5, -0.024064171122994617], "1/25/2016": [37.0, 0.0136986301369863], "1/26/2016": [36.0, -0.02702702702702703], "1/27/2016": [37.5, 0.041666666666666664], "1/28/2016": [37.0, -0.013333333333333334], "1/29/2016": [35.8, -0.03243243243243251], "1/30/2016": [35.5, -0.008379888268156346], "2/1/2016": [35.6, 0.0028169014084507443], "2/2/2016": [34.8, -0.022471910112359668], "2/3/2016": [34.05, -0.021551724137931036], "2/15/2016": [34.5, 0.01321585903083709], "2/16/2016": [34.35, -0.00434782608695648], "2/17/2016": [33.9, -0.01310043668122279], "2/18/2016": [34.0, 0.0029498525073746733], "2/19/2016": [34.95, 0.02794117647058832], "2/22/2016": [36.7, 0.050071530758226034], "2/23/2016": [36.45, -0.006811989100817438], "2/24/2016": [35.45, -0.027434842249657063], "2/25/2016": [35.45, 0.0], "2/26/2016": [35.5, 0.001410437235542938], "3/1/2016": [35.6, 0.0028169014084507443], "3/2/2016": [36.8, 0.03370786516853921], "3/3/2016": [36.7, -0.0027173913043476716], "3/4/2016": [37.5, 0.021798365122615723], "3/7/2016": [36.6, -0.023999999999999962], "3/8/2016": [36.4, -0.005464480874317017], "3/9/2016": [35.5, -0.024725274725274686], "3/10/2016": [36.0, 0.014084507042253521], "3/11/2016": [35.7, -0.008333333333333255], "3/14/2016": [36.2, 0.014005602240896357], "3/15/2016": [35.5, -0.01933701657458571], "3/16/2016": [35.4, -0.0028169014084507443], "3/17/2016": [35.0, -0.011299435028248548], "3/18/2016": [35.0, 0.0], "3/21/2016": [35.0, 0.0], "3/22/2016": [34.75, -0.007142857142857143], "3/23/2016": [35.5, 0.02158273381294964], "3/24/2016": [36.1, 0.016901408450704265], "3/25/2016": [35.7, -0.01108033240997226], "3/28/2016": [35.1, -0.016806722689075668], "3/29/2016": [33.65, -0.04131054131054139], "3/30/2016": [34.2, 0.016344725111441433], "3/31/2016": [33.9, -0.008771929824561528], "4/1/2016": [34.4, 0.014749262536873156], "4/6/2016": [34.05, -0.010174418604651205], "4/7/2016": [33.8, -0.007342143906020559], "4/8/2016": [33.8, 0.0], "4/11/2016": [33.0, -0.023668639053254354], "4/12/2016": [32.25, -0.022727272727272728], "4/13/2016": [32.7, 0.013953488372093112], "4/14/2016": [33.0, 0.009174311926605417], "4/15/2016": [32.9, -0.0030303030303030732], "4/18/2016": [32.9, 0.0], "4/19/2016": [32.9, 0.0], "4/20/2016": [32.5, -0.012158054711246157], "4/21/2016": [32.3, -0.0061538461538462414], "4/22/2016": [32.45, 0.00464396284829739], "4/25/2016": [33.1, 0.020030816640986087], "4/26/2016": [33.4, 0.009063444108761243], "4/27/2016": [33.5, 0.002994011976047947], "4/28/2016": [33.0, -0.014925373134328358], "4/29/2016": [32.5, -0.015151515151515152], "5/3/2016": [31.55, -0.02923076923076921], "5/4/2016": [31.0, -0.017432646592710006], "5/5/2016": [31.2, 0.006451612903225784], "5/6/2016": [31.0, -0.0064102564102563875], "5/9/2016": [30.8, -0.006451612903225784], "5/10/2016": [30.8, 0.0], "5/11/2016": [30.3, -0.016233766233766232], "5/12/2016": [29.9, -0.013201320132013271], "5/13/2016": [29.6, -0.010033444816053417], "5/16/2016": [30.05, 0.015202702702702678], "5/17/2016": [30.0, -0.0016638935108153315], "5/18/2016": [30.3, 0.010000000000000024], "5/19/2016": [30.0, -0.009900990099009924], "5/20/2016": [30.0, 0.0], "5/23/2016": [30.1, 0.003333333333333381], "5/24/2016": [30.5, 0.01328903654485045], "5/25/2016": [33.5, 0.09836065573770492], "5/26/2016": [32.1, -0.04179104477611936], "5/27/2016": [32.55, 0.014018691588784913], "5/30/2016": [32.35, -0.006144393241167305], "5/31/2016": [32.7, 0.010819165378670831], "6/1/2016": [32.6, -0.0030581039755352116], "6/2/2016": [32.5, -0.0030674846625767306], "6/3/2016": [32.4, -0.0030769230769231207], "6/4/2016": [32.55, 0.004629629629629586], "6/6/2016": [32.6, 0.0015360983102919899], "6/7/2016": [32.45, -0.004601226993864987], "6/8/2016": [32.6, 0.004622496147919833], "6/13/2016": [32.35, -0.007668711656441718], "6/14/2016": [33.2, 0.0262751159196291], "6/15/2016": [34.0, 0.024096385542168586], "6/16/2016": [33.8, -0.005882352941176554], "6/17/2016": [34.1, 0.008875739644970541], "6/20/2016": [34.5, 0.011730205278592334], "6/21/2016": [34.2, -0.00869565217391296], "6/22/2016": [34.2, 0.0], "6/23/2016": [34.35, 0.00438596491228066], "6/24/2016": [33.2, -0.03347889374090243], "6/27/2016": [32.95, -0.00753012048192771], "6/28/2016": [32.8, -0.004552352048558594], "6/29/2016": [32.9, 0.0030487804878049215], "6/30/2016": [33.1, 0.006079027355623187], "7/1/2016": [33.1, 0.0], "7/4/2016": [33.5, 0.012084592145015062], "7/5/2016": [33.0, -0.014925373134328358], "7/6/2016": [33.6, 0.018181818181818226], "7/7/2016": [34.75, 0.03422619047619043], "7/11/2016": [31.25, -0.10071942446043165], "7/12/2016": [32.3, 0.03359999999999991], "7/13/2016": [33.1, 0.024767801857585273], "7/14/2016": [33.75, 0.019637462235649505], "7/15/2016": [33.8, 0.0014814814814813973], "7/18/2016": [33.0, -0.023668639053254354], "7/19/2016": [32.5, -0.015151515151515152], "7/20/2016": [33.0, 0.015384615384615385], "7/21/2016": [33.0, 0.0], "7/22/2016": [33.0, 0.0], "7/25/2016": [32.9, -0.0030303030303030732], "7/26/2016": [32.75, -0.0045592705167172825], "7/27/2016": [32.6, -0.004580152671755682], "7/28/2016": [32.6, 0.0], "7/29/2016": [32.4, -0.006134969325153461], "8/1/2016": [31.55, -0.026234567901234504], "8/2/2016": [32.0, 0.01426307448494451], "8/3/2016": [31.7, -0.009375000000000022], "8/4/2016": [31.35, -0.01104100946372233], "8/5/2016": [31.6, 0.007974481658692184], "8/8/2016": [31.65, 0.0015822784810125682], "8/9/2016": [31.5, -0.0047393364928909505], "8/10/2016": [34.65, 0.09999999999999995], "8/11/2016": [36.5, 0.053391053391053434], "8/12/2016": [35.65, -0.023287671232876752], "8/15/2016": [35.6, -0.0014025245441794435], "8/16/2016": [34.65, -0.026685393258427045], "8/17/2016": [34.25, -0.011544011544011504], "8/18/2016": [35.1, 0.024817518248175224], "8/19/2016": [34.7, -0.011396011396011355], "8/22/2016": [34.4, -0.008645533141210497], "8/23/2016": [35.8, 0.04069767441860461], "8/24/2016": [35.2, -0.016759776536312693], "8/25/2016": [34.5, -0.019886363636363716], "8/26/2016": [34.8, 0.00869565217391296], "8/29/2016": [34.5, -0.008620689655172332], "8/30/2016": [34.05, -0.013043478260869648], "8/31/2016": [32.5, -0.04552129221732738], "9/1/2016": [32.1, -0.012307692307692264], "9/2/2016": [33.15, 0.03271028037383169], "9/5/2016": [33.2, 0.0015082956259428134], "9/6/2016": [33.1, -0.003012048192771127], "9/7/2016": [32.9, -0.006042296072507639], "9/8/2016": [32.8, -0.0030395136778115935], "9/9/2016": [32.65, -0.004573170731707274], "9/10/2016": [32.2, -0.013782542113322993], "9/12/2016": [31.9, -0.009316770186335536], "9/13/2016": [31.9, 0.0], "9/14/2016": [31.9, 0.0], "9/19/2016": [32.0, 0.0031347962382445587], "9/20/2016": [31.95, -0.0015625000000000222], "9/21/2016": [32.2, 0.0078247261345854], "9/22/2016": [32.9, 0.021739130434782473], "9/23/2016": [33.55, 0.019756838905775034], "9/26/2016": [33.4, -0.004470938897168364], "9/29/2016": [32.95, -0.013473053892215443], "9/30/2016": [33.4, 0.013657056145675134], "10/3/2016": [33.75, 0.010479041916167707], "10/4/2016": [33.5, -0.007407407407407408], "10/5/2016": [33.4, -0.002985074626865714], "10/6/2016": [33.3, -0.002994011976047947], "10/7/2016": [33.0, -0.009009009009008924], "10/11/2016": [32.0, -0.030303030303030304], "10/12/2016": [32.0, 0.0], "10/13/2016": [31.4, -0.018750000000000044], "10/14/2016": [30.5, -0.02866242038216556], "10/17/2016": [30.9, 0.013114754098360609], "10/18/2016": [30.85, -0.0016181229773461865],