{"1/4/2016": [3.59, ""], "1/5/2016": [3.43, -0.044568245125348106], "1/6/2016": [3.46, 0.008746355685131138], "1/7/2016": [3.31, -0.043352601156069336], "1/8/2016": [3.37, 0.018126888217522674], "1/11/2016": [3.37, 0.0], "1/12/2016": [3.31, -0.017804154302670638], "1/13/2016": [3.34, 0.00906344410876127], "1/14/2016": [3.18, -0.04790419161676638], "1/15/2016": [3.18, 0.0], "1/18/2016": [3.23, 0.015723270440251517], "1/19/2016": [3.25, 0.00619195046439629], "1/20/2016": [3.25, 0.0], "1/21/2016": [3.3, 0.01538461538461533], "1/22/2016": [3.33, 0.009090909090909167], "1/25/2016": [3.37, 0.012012012012012022], "1/26/2016": [3.38, 0.0029673590504450406], "1/27/2016": [3.35, -0.008875739644970357], "1/28/2016": [3.34, -0.0029850746268657406], "1/29/2016": [3.34, 0.0], "1/30/2016": [3.33, -0.0029940119760478406], "2/1/2016": [3.33, 0.0], "2/2/2016": [3.2, -0.039039039039039006], "2/3/2016": [3.25, 0.015624999999999944], "2/15/2016": [3.32, 0.02153846153846149], "2/16/2016": [3.31, -0.0030120481927710203], "2/17/2016": [3.45, 0.042296072507552906], "2/18/2016": [3.45, 0.0], "2/19/2016": [3.44, -0.002898550724637748], "2/22/2016": [3.52, 0.023255813953488393], "2/23/2016": [3.5, -0.005681818181818187], "2/24/2016": [3.58, 0.022857142857142878], "2/25/2016": [3.6, 0.005586592178770954], "2/26/2016": [3.56, -0.01111111111111112], "3/1/2016": [3.52, -0.011235955056179785], "3/2/2016": [3.53, 0.0028409090909090303], "3/3/2016": [3.5, -0.008498583569405044], "3/4/2016": [3.58, 0.022857142857142878], "3/7/2016": [3.93, 0.09776536312849164], "3/8/2016": [4.32, 0.09923664122137407], "3/9/2016": [4.11, -0.0486111111111111], "3/10/2016": [4.1, -0.0024330900243310642], "3/11/2016": [4.1, 0.0], "3/14/2016": [4.1, 0.0], "3/15/2016": [4.04, -0.01463414634146332], "3/16/2016": [3.99, -0.012376237623762332], "3/17/2016": [4.0, 0.0025062656641603475], "3/18/2016": [4.0, 0.0], "3/21/2016": [4.0, 0.0], "3/22/2016": [4.0, 0.0], "3/23/2016": [4.0, 0.0], "3/24/2016": [4.0, 0.0], "3/25/2016": [3.9, -0.025000000000000022], "3/28/2016": [3.93, 0.007692307692307756], "3/29/2016": [3.92, -0.0025445292620865727], "3/30/2016": [3.83, -0.02295918367346935], "3/31/2016": [3.81, -0.005221932114882511], "4/1/2016": [3.81, 0.0], "4/6/2016": [3.95, 0.036745406824147016], "4/7/2016": [3.95, 0.0], "4/8/2016": [3.98, 0.00759493670886071], "4/11/2016": [4.1, 0.030150753768844137], "4/12/2016": [4.02, -0.019512195121951237], "4/13/2016": [4.05, 0.007462686567164241], "4/14/2016": [4.05, 0.0], "4/15/2016": [3.99, -0.014814814814814718], "4/18/2016": [3.99, 0.0], "4/19/2016": [3.98, -0.0025062656641604585], "4/20/2016": [4.06, 0.02010050251256272], "4/21/2016": [4.09, 0.007389162561576417], "4/22/2016": [4.08, -0.0024449877750610726], "4/25/2016": [4.07, -0.0024509803921568107], "4/26/2016": [4.0, -0.01719901719901727], "4/27/2016": [3.99, -0.0024999999999999467], "4/28/2016": [3.99, 0.0], "4/29/2016": [3.95, -0.010025062656641612], "5/3/2016": [3.95, 0.0], "5/4/2016": [3.92, -0.0075949367088608225], "5/5/2016": [3.72, -0.05102040816326524], "5/6/2016": [3.77, 0.013440860215053715], "5/9/2016": [3.78, 0.0026525198938991477], "5/10/2016": [3.7, -0.021164021164021066], "5/11/2016": [3.78, 0.02162162162162152], "5/12/2016": [3.75, -0.007936507936507886], "5/13/2016": [3.74, -0.0026666666666666098], "5/16/2016": [3.74, 0.0], "5/17/2016": [3.75, 0.0026737967914437933], "5/18/2016": [3.75, 0.0], "5/19/2016": [3.7, -0.013333333333333286], "5/20/2016": [3.79, 0.024324324324324284], "5/23/2016": [3.8, 0.0026385224274405768], "5/24/2016": [3.93, 0.034210526315789566], "5/25/2016": [3.96, 0.007633587786259492], "5/26/2016": [3.93, -0.0075757575757575265], "5/27/2016": [3.84, -0.022900763358778702], "5/30/2016": [4.01, 0.044270833333333315], "5/31/2016": [4.06, 0.01246882793017452], "6/1/2016": [4.06, 0.0], "6/2/2016": [4.03, -0.007389162561576198], "6/3/2016": [4.0, -0.007444168734491377], "6/4/2016": [4.04, 0.010000000000000009], "6/6/2016": [4.03, -0.0024752475247524224], "6/7/2016": [4.05, 0.004962779156327438], "6/8/2016": [4.05, 0.0], "6/13/2016": [4.0, -0.012345679012345635], "6/14/2016": [3.94, -0.015000000000000013], "6/15/2016": [3.88, -0.0152284263959391], "6/16/2016": [3.89, 0.0025773195876289258], "6/17/2016": [3.95, 0.015424164524421607], "6/20/2016": [3.95, 0.0], "6/21/2016": [3.91, -0.010126582278481022], "6/22/2016": [3.98, 0.017902813299232694], "6/23/2016": [3.99, 0.00251256281407041], "6/24/2016": [4.02, 0.007518796992481042], "6/27/2016": [4.03, 0.0024875621890548946], "6/28/2016": [4.08, 0.012406947890818814], "6/29/2016": [4.15, 0.01715686274509811], "6/30/2016": [4.19, 0.009638554216867478], "7/1/2016": [4.29, 0.023866348448687263], "7/4/2016": [4.29, 0.0], "7/5/2016": [4.29, 0.0], "7/6/2016": [4.28, -0.002331002331002281], "7/7/2016": [4.23, -0.011682242990654164], "7/11/2016": [4.25, 0.004728132387706754], "7/12/2016": [4.67, 0.09882352941176469], "7/13/2016": [4.57, -0.02141327623126331], "7/14/2016": [4.43, -0.030634573304157673], "7/15/2016": [4.64, 0.0474040632054176], "7/18/2016": [4.75, 0.02370689655172421], "7/19/2016": [4.84, 0.0189473684210526], "7/20/2016": [4.72, -0.024793388429752088], "7/21/2016": [4.61, -0.023305084745762594], "7/22/2016": [4.64, 0.006507592190889232], "7/25/2016": [4.66, 0.004310344827586307], "7/26/2016": [4.64, -0.004291845493562331], "7/27/2016": [4.65, 0.002155172413793249], "7/28/2016": [4.65, 0.0], "7/29/2016": [4.68, 0.0064516129032256685], "8/1/2016": [4.68, 0.0], "8/2/2016": [4.6, -0.01709401709401711], "8/3/2016": [4.58, -0.004347826086956429], "8/4/2016": [4.51, -0.015283842794759887], "8/5/2016": [4.55, 0.008869179600886927], "8/8/2016": [4.68, 0.02857142857142855], "8/9/2016": [4.63, -0.010683760683760646], "8/10/2016": [4.6, -0.006479481641468736], "8/11/2016": [4.56, -0.008695652173913052], "8/12/2016": [4.63, 0.01535087719298252], "8/15/2016": [4.62, -0.0021598272138228483], "8/16/2016": [4.59, -0.006493506493506547], "8/17/2016": [4.61, 0.004357298474945635], "8/18/2016": [4.6, -0.00216919739696327], "8/19/2016": [4.56, -0.008695652173913052], "8/22/2016": [4.55, -0.0021929824561403044], "8/23/2016": [4.55, 0.0], "8/24/2016": [4.5, -0.01098901098901095], "8/25/2016": [4.5, 0.0], "8/26/2016": [4.48, -0.00444444444444435], "8/29/2016": [4.5, 0.004464285714285619], "8/30/2016": [4.49, -0.002222222222222175], "8/31/2016": [4.48, -0.0022271714922048524], "9/1/2016": [4.56, 0.017857142857142672], "9/2/2016": [4.7, 0.03070175438596504], "9/5/2016": [4.7, 0.0], "9/6/2016": [4.66, -0.008510638297872348], "9/7/2016": [4.78, 0.02575107296137341], "9/8/2016": [4.78, 0.0], "9/9/2016": [4.78, 0.0], "9/10/2016": [4.73, -0.010460251046025068], "9/12/2016": [4.71, -0.004228329809725256], "9/13/2016": [4.73, 0.004246284501061669], "9/14/2016": [4.74, 0.002114164904862534], "9/19/2016": [4.78, 0.008438818565400852], "9/20/2016": [4.71, -0.014644351464435205], "9/21/2016": [4.75, 0.008492569002123149], "9/22/2016": [5.08, 0.06947368421052633], "9/23/2016": [5.2, 0.02362204724409451], "9/26/2016": [5.17, -0.005769230769230817], "9/29/2016": [5.33, 0.03094777562862672], "9/30/2016": [5.36, 0.005628517823639822], "10/3/2016": [5.27, -0.01679104477611954], "10/4/2016": [5.25, -0.0037950664136621585], "10/5/2016": [5.24, -0.0019047619047618642], "10/6/2016": [5.28, 0.007633587786259549], "10/7/2016": [5.29, 0.0018939393939393534], "10/11/2016": [5.32, 0.005671077504725945], "10/12/2016": [5.16, -0.030075187969924838], "10/13/2016": [5.19, 0.005813953488372141], "10/14/2016": [5.1, -0.01734104046242789], "10/17/2016": [5.1, 0.0], "10/18/2016": [5.07, -0.005882352941176346], "10/19/2016": [5.08, 0.001972386587771161], "10/20/2016": [5.1, 0.003937007874015664], "10/21/2016": [5.11, 0.001960784313725623], "10/24/2016": [5.08, -0.005870841487279892], "10/25/2016": [5.1, 0.003937007874015664], "10/26/2016": [5.11, 0.001960784313725623], "10/27/2016": [5.1, -0.0019569471624267466], "10/28/2016": [5.1, 0.0], "10/31/2016": [5.08, -0.003921568627450897],