{"1/4/2016": [18.0, ""], "1/5/2016": [18.9, 0.04999999999999992], "1/6/2016": [18.2, -0.037037037037037], "1/7/2016": [17.0, -0.0659340659340659], "1/8/2016": [17.15, 0.008823529411764622], "1/11/2016": [16.8, -0.020408163265306], "1/12/2016": [17.0, 0.011904761904761862], "1/13/2016": [17.45, 0.026470588235294076], "1/14/2016": [17.3, -0.008595988538681867], "1/15/2016": [16.95, -0.02023121387283245], "1/18/2016": [17.3, 0.020648967551622502], "1/19/2016": [17.55, 0.014450867052023121], "1/20/2016": [17.15, -0.02279202279202291], "1/21/2016": [17.3, 0.00874635568513132], "1/22/2016": [17.45, 0.00867052023121379], "1/25/2016": [18.0, 0.03151862464183385], "1/26/2016": [18.0, 0.0], "1/27/2016": [17.9, -0.005555555555555635], "1/28/2016": [19.65, 0.09776536312849163], "1/29/2016": [20.0, 0.01781170483460567], "1/30/2016": [20.7, 0.03499999999999996], "2/1/2016": [20.5, -0.009661835748792237], "2/2/2016": [21.5, 0.04878048780487805], "2/3/2016": [21.45, -0.00232558139534887], "2/15/2016": [22.2, 0.03496503496503497], "2/16/2016": [21.4, -0.03603603603603607], "2/17/2016": [21.6, 0.009345794392523497], "2/18/2016": [22.5, 0.041666666666666595], "2/19/2016": [22.1, -0.017777777777777715], "2/22/2016": [22.1, 0.0], "2/23/2016": [22.35, 0.011312217194570135], "2/24/2016": [22.0, -0.015659955257270756], "2/25/2016": [22.8, 0.0363636363636364], "2/26/2016": [23.8, 0.043859649122807015], "3/1/2016": [23.9, 0.004201680672268818], "3/2/2016": [23.65, -0.010460251046025106], "3/3/2016": [24.0, 0.014799154334038117], "3/4/2016": [23.35, -0.027083333333333275], "3/7/2016": [21.35, -0.08565310492505353], "3/8/2016": [23.45, 0.0983606557377048], "3/9/2016": [23.8, 0.014925373134328419], "3/10/2016": [25.2, 0.05882352941176464], "3/11/2016": [24.9, -0.011904761904761934], "3/14/2016": [25.2, 0.012048192771084366], "3/15/2016": [24.0, -0.047619047619047596], "3/16/2016": [24.7, 0.029166666666666636], "3/17/2016": [23.8, -0.036437246963562694], "3/18/2016": [23.95, 0.006302521008403302], "3/21/2016": [23.85, -0.004175365344467552], "3/22/2016": [24.1, 0.010482180293501047], "3/23/2016": [25.0, 0.0373443983402489], "3/24/2016": [24.8, -0.007999999999999972], "3/25/2016": [24.0, -0.03225806451612906], "3/28/2016": [23.4, -0.02500000000000006], "3/29/2016": [22.85, -0.023504273504273383], "3/30/2016": [24.5, 0.07221006564551416], "3/31/2016": [24.5, 0.0], "4/1/2016": [24.3, -0.00816326530612242], "4/6/2016": [24.5, 0.00823045267489709], "4/7/2016": [25.35, 0.03469387755102046], "4/8/2016": [25.1, -0.009861932938856016], "4/11/2016": [24.2, -0.03585657370517937], "4/12/2016": [23.3, -0.037190082644628045], "4/13/2016": [24.75, 0.06223175965665233], "4/14/2016": [24.7, -0.002020202020202049], "4/15/2016": [24.6, -0.004048582995951331], "4/18/2016": [24.75, 0.006097560975609698], "4/19/2016": [24.5, -0.010101010101010102], "4/20/2016": [25.0, 0.02040816326530612], "4/21/2016": [25.1, 0.0040000000000000565], "4/22/2016": [23.85, -0.049800796812749], "4/25/2016": [23.75, -0.0041928721174004785], "4/26/2016": [23.6, -0.0063157894736841505], "4/27/2016": [23.5, -0.00423728813559328], "4/28/2016": [23.8, 0.012765957446808541], "4/29/2016": [23.0, -0.03361344537815129], "5/3/2016": [22.15, -0.0369565217391305], "5/4/2016": [21.6, -0.02483069977426624], "5/5/2016": [21.8, 0.009259259259259226], "5/6/2016": [22.15, 0.016055045871559533], "5/9/2016": [22.25, 0.004514672686230313], "5/10/2016": [21.9, -0.01573033707865175], "5/11/2016": [21.05, -0.03881278538812776], "5/12/2016": [21.2, 0.007125890736341975], "5/13/2016": [21.35, 0.007075471698113308], "5/16/2016": [21.1, -0.011709601873536299], "5/17/2016": [21.1, 0.0], "5/18/2016": [21.45, 0.01658767772511838], "5/19/2016": [21.45, 0.0], "5/20/2016": [21.4, -0.0023310023310023644], "5/23/2016": [21.8, 0.018691588785046828], "5/24/2016": [21.2, -0.027522935779816578], "5/25/2016": [21.3, 0.004716981132075539], "5/26/2016": [21.8, 0.023474178403755867], "5/27/2016": [21.8, 0.0], "5/30/2016": [21.85, 0.002293577981651409], "5/31/2016": [21.85, 0.0], "6/1/2016": [21.5, -0.01601830663615567], "6/2/2016": [21.2, -0.013953488372093056], "6/3/2016": [21.05, -0.007075471698113141], "6/4/2016": [21.3, 0.011876484560570071], "6/6/2016": [21.05, -0.011737089201877934], "6/7/2016": [21.05, 0.0], "6/8/2016": [21.1, 0.0023752969121140478], "6/13/2016": [21.05, -0.002369668246445531], "6/14/2016": [20.9, -0.007125890736342144], "6/15/2016": [21.05, 0.007177033492823069], "6/16/2016": [20.95, -0.0047505938242280955], "6/17/2016": [21.1, 0.007159904534606307], "6/20/2016": [21.6, 0.023696682464454975], "6/21/2016": [21.5, -0.004629629629629695], "6/22/2016": [20.35, -0.05348837209302319], "6/23/2016": [20.7, 0.01719901719901709], "6/24/2016": [19.95, -0.036231884057971016], "6/27/2016": [20.45, 0.025062656641604012], "6/28/2016": [20.5, 0.0024449877750611594], "6/29/2016": [21.0, 0.024390243902439025], "6/30/2016": [20.95, -0.002380952380952415], "7/1/2016": [20.85, -0.004773269689737369], "7/4/2016": [21.05, 0.009592326139088694], "7/5/2016": [21.5, 0.021377672209026095], "7/6/2016": [21.25, -0.011627906976744186], "7/7/2016": [21.5, 0.011764705882352941], "7/11/2016": [21.25, -0.011627906976744186], "7/12/2016": [21.4, 0.007058823529411698], "7/13/2016": [21.7, 0.014018691588785081], "7/14/2016": [21.5, -0.009216589861751119], "7/15/2016": [21.55, 0.00232558139534887], "7/18/2016": [23.7, 0.09976798143851501], "7/19/2016": [24.45, 0.03164556962025317], "7/20/2016": [24.7, 0.010224948875255624], "7/21/2016": [24.75, 0.002024291497975737], "7/22/2016": [24.95, 0.008080808080808051], "7/25/2016": [24.9, -0.0020040080160320926], "7/26/2016": [25.25, 0.014056224899598452], "7/27/2016": [25.4, 0.005940594059405884], "7/28/2016": [25.75, 0.013779527559055175], "7/29/2016": [26.8, 0.04077669902912624], "8/1/2016": [27.9, 0.0410447761194029], "8/2/2016": [27.6, -0.01075268817204291], "8/3/2016": [27.0, -0.02173913043478266], "8/4/2016": [27.15, 0.005555555555555503], "8/5/2016": [27.55, 0.014732965009208182], "8/8/2016": [27.4, -0.005444646098003707], "8/9/2016": [26.4, -0.03649635036496351], "8/10/2016": [27.0, 0.022727272727272783], "8/11/2016": [26.8, -0.007407407407407381], "8/12/2016": [26.4, -0.014925373134328438], "8/15/2016": [27.1, 0.026515151515151623], "8/16/2016": [26.7, -0.014760147601476092], "8/17/2016": [27.4, 0.02621722846441945], "8/18/2016": [27.15, -0.009124087591240877], "8/19/2016": [26.15, -0.03683241252302026], "8/22/2016": [25.5, -0.024856596558317345], "8/23/2016": [25.5, 0.0], "8/24/2016": [25.75, 0.00980392156862745], "8/25/2016": [25.5, -0.009708737864077669], "8/26/2016": [25.3, -0.007843137254901933], "8/29/2016": [26.0, 0.027667984189723292], "8/30/2016": [26.3, 0.011538461538461565], "8/31/2016": [26.2, -0.0038022813688213465], "9/1/2016": [26.1, -0.0038167938931296897], "9/2/2016": [25.6, -0.019157088122605363], "9/5/2016": [26.2, 0.023437499999999917], "9/6/2016": [26.2, 0.0], "9/7/2016": [26.55, 0.013358778625954254], "9/8/2016": [26.7, 0.00564971751412424], "9/9/2016": [26.6, -0.0037453183520598453], "9/10/2016": [26.0, -0.02255639097744366], "9/12/2016": [25.85, -0.005769230769230715], "9/13/2016": [25.6, -0.00967117988394584], "9/14/2016": [25.5, -0.0039062500000000555], "9/19/2016": [25.8, 0.011764705882352969], "9/20/2016": [26.1, 0.011627906976744214], "9/21/2016": [26.35, 0.009578544061302681], "9/22/2016": [26.65, 0.01138519924098661], "9/23/2016": [26.7, 0.0018761726078799516], "9/26/2016": [26.25, -0.016853932584269638], "9/29/2016": [25.85, -0.015238095238095184], "9/30/2016": [25.7, -0.005802707930367587], "10/3/2016": [25.7, 0.0], "10/4/2016": [26.15, 0.017509727626459116], "10/5/2016": [25.95, -0.0076481835564053266], "10/6/2016": [25.85, -0.0038535645472060837], "10/7/2016": [26.0, 0.00580270793036745], "10/11/2016": [24.05, -0.07499999999999997], "10/12/2016": [23.6, -0.01871101871101868], "10/13/2016": [23.65, 0.0021186440677964896], "10/14/2016": [23.2, -0.019027484143763186],