{"1/4/2016": [211.0, ""], "1/5/2016": [222.5, 0.054502369668246446], "1/6/2016": [216.0, -0.029213483146067417], "1/7/2016": [212.0, -0.018518518518518517], "1/8/2016": [215.5, 0.01650943396226415], "1/11/2016": [219.0, 0.016241299303944315], "1/12/2016": [201.5, -0.07990867579908675], "1/13/2016": [207.5, 0.02977667493796526], "1/14/2016": [202.0, -0.02650602409638554], "1/15/2016": [204.0, 0.009900990099009901], "1/18/2016": [208.5, 0.022058823529411766], "1/19/2016": [211.0, 0.011990407673860911], "1/20/2016": [200.0, -0.052132701421800945], "1/21/2016": [198.5, -0.0075], "1/22/2016": [200.0, 0.007556675062972292], "1/25/2016": [220.0, 0.1], "1/26/2016": [217.5, -0.011363636363636364], "1/27/2016": [223.0, 0.02528735632183908], "1/28/2016": [227.5, 0.020179372197309416], "1/29/2016": [231.0, 0.015384615384615385], "1/30/2016": [236.5, 0.023809523809523808], "2/1/2016": [231.0, -0.023255813953488372], "2/2/2016": [228.0, -0.012987012987012988], "2/3/2016": [229.5, 0.006578947368421052], "2/15/2016": [228.5, -0.004357298474945534], "2/16/2016": [227.5, -0.00437636761487965], "2/17/2016": [233.5, 0.026373626373626374], "2/18/2016": [239.0, 0.023554603854389723], "2/19/2016": [233.5, -0.02301255230125523], "2/22/2016": [234.5, 0.004282655246252677], "2/23/2016": [244.0, 0.04051172707889126], "2/24/2016": [240.5, -0.014344262295081968], "2/25/2016": [242.5, 0.008316008316008316], "2/26/2016": [244.0, 0.006185567010309278], "3/1/2016": [245.0, 0.004098360655737705], "3/2/2016": [240.0, -0.02040816326530612], "3/3/2016": [237.5, -0.010416666666666666], "3/4/2016": [247.5, 0.042105263157894736], "3/7/2016": [242.0, -0.022222222222222223], "3/8/2016": [245.0, 0.012396694214876033], "3/9/2016": [242.0, -0.012244897959183673], "3/10/2016": [246.0, 0.01652892561983471], "3/11/2016": [242.0, -0.016260162601626018], "3/14/2016": [248.5, 0.026859504132231406], "3/15/2016": [252.0, 0.014084507042253521], "3/16/2016": [258.5, 0.025793650793650792], "3/17/2016": [256.0, -0.009671179883945842], "3/18/2016": [270.0, 0.0546875], "3/21/2016": [276.0, 0.022222222222222223], "3/22/2016": [276.0, 0.0], "3/23/2016": [264.0, -0.043478260869565216], "3/24/2016": [264.0, 0.0], "3/25/2016": [256.5, -0.028409090909090908], "3/28/2016": [248.5, -0.031189083820662766], "3/29/2016": [240.0, -0.03420523138832998], "3/30/2016": [250.0, 0.041666666666666664], "3/31/2016": [245.5, -0.018], "4/1/2016": [250.5, 0.020366598778004074], "4/6/2016": [254.0, 0.013972055888223553], "4/7/2016": [256.5, 0.00984251968503937], "4/8/2016": [250.5, -0.023391812865497075], "4/11/2016": [247.0, -0.013972055888223553], "4/12/2016": [236.5, -0.04251012145748988], "4/13/2016": [242.5, 0.02536997885835095], "4/14/2016": [242.5, 0.0], "4/15/2016": [235.0, -0.030927835051546393], "4/18/2016": [234.0, -0.00425531914893617], "4/19/2016": [234.0, 0.0], "4/20/2016": [226.0, -0.03418803418803419], "4/21/2016": [227.0, 0.004424778761061947], "4/22/2016": [225.0, -0.00881057268722467], "4/25/2016": [229.0, 0.017777777777777778], "4/26/2016": [233.5, 0.019650655021834062], "4/27/2016": [230.0, -0.014989293361884369], "4/28/2016": [236.5, 0.02826086956521739], "4/29/2016": [234.0, -0.010570824524312896], "5/3/2016": [229.0, -0.021367521367521368], "5/4/2016": [229.0, 0.0], "5/5/2016": [228.5, -0.002183406113537118], "5/6/2016": [228.0, -0.002188183807439825], "5/9/2016": [224.0, -0.017543859649122806], "5/10/2016": [209.0, -0.06696428571428571], "5/11/2016": [208.5, -0.0023923444976076554], "5/12/2016": [202.0, -0.03117505995203837], "5/13/2016": [201.0, -0.0049504950495049506], "5/16/2016": [197.5, -0.017412935323383085], "5/17/2016": [207.0, 0.04810126582278481], "5/18/2016": [202.0, -0.024154589371980676], "5/19/2016": [200.0, -0.009900990099009901], "5/20/2016": [202.0, 0.01], "5/23/2016": [222.0, 0.09900990099009901], "5/24/2016": [224.0, 0.009009009009009009], "5/25/2016": [225.0, 0.004464285714285714], "5/26/2016": [221.5, -0.015555555555555555], "5/27/2016": [220.5, -0.004514672686230248], "5/30/2016": [222.5, 0.009070294784580499], "5/31/2016": [225.5, 0.01348314606741573], "6/1/2016": [223.0, -0.011086474501108648], "6/2/2016": [217.0, -0.026905829596412557], "6/3/2016": [215.5, -0.0069124423963133645], "6/4/2016": [219.0, 0.016241299303944315], "6/6/2016": [221.5, 0.01141552511415525], "6/7/2016": [220.0, -0.006772009029345372], "6/8/2016": [222.0, 0.00909090909090909], "6/13/2016": [217.0, -0.02252252252252252], "6/14/2016": [219.0, 0.009216589861751152], "6/15/2016": [223.0, 0.0182648401826484], "6/16/2016": [220.0, -0.013452914798206279], "6/17/2016": [219.5, -0.0022727272727272726], "6/20/2016": [219.0, -0.002277904328018223], "6/21/2016": [217.5, -0.00684931506849315], "6/22/2016": [216.0, -0.006896551724137931], "6/23/2016": [217.5, 0.006944444444444444], "6/24/2016": [207.0, -0.04827586206896552], "6/27/2016": [210.5, 0.016908212560386472], "6/28/2016": [209.0, -0.007125890736342043], "6/29/2016": [214.0, 0.023923444976076555], "6/30/2016": [217.0, 0.014018691588785047], "7/1/2016": [218.0, 0.004608294930875576], "7/4/2016": [220.5, 0.011467889908256881], "7/5/2016": [221.0, 0.0022675736961451248], "7/6/2016": [218.0, -0.013574660633484163], "7/7/2016": [221.0, 0.013761467889908258], "7/11/2016": [227.0, 0.027149321266968326], "7/12/2016": [229.0, 0.00881057268722467], "7/13/2016": [231.0, 0.008733624454148471], "7/14/2016": [217.0, -0.06060606060606061], "7/15/2016": [215.0, -0.009216589861751152], "7/18/2016": [209.5, -0.02558139534883721], "7/19/2016": [211.0, 0.007159904534606206], "7/20/2016": [210.0, -0.004739336492890996], "7/21/2016": [209.0, -0.004761904761904762], "7/22/2016": [208.5, -0.0023923444976076554], "7/25/2016": [204.0, -0.02158273381294964], "7/26/2016": [207.5, 0.01715686274509804], "7/27/2016": [209.5, 0.00963855421686747], "7/28/2016": [207.0, -0.011933174224343675], "7/29/2016": [204.5, -0.012077294685990338], "8/1/2016": [205.0, 0.0024449877750611247], "8/2/2016": [203.5, -0.007317073170731708], "8/3/2016": [199.5, -0.019656019656019656], "8/4/2016": [204.0, 0.022556390977443608], "8/5/2016": [203.5, -0.0024509803921568627], "8/8/2016": [200.0, -0.0171990171990172], "8/9/2016": [196.0, -0.02], "8/10/2016": [193.0, -0.015306122448979591], "8/11/2016": [191.0, -0.010362694300518135], "8/12/2016": [191.0, 0.0], "8/15/2016": [187.0, -0.020942408376963352], "8/16/2016": [188.0, 0.0053475935828877], "8/17/2016": [182.0, -0.031914893617021274], "8/18/2016": [179.0, -0.016483516483516484], "8/19/2016": [180.0, 0.00558659217877095], "8/22/2016": [181.0, 0.005555555555555556], "8/23/2016": [179.5, -0.008287292817679558], "8/24/2016": [186.0, 0.036211699164345405], "8/25/2016": [188.5, 0.013440860215053764], "8/26/2016": [187.5, -0.005305039787798408], "8/29/2016": [184.0, -0.018666666666666668], "8/30/2016": [182.0, -0.010869565217391304], "8/31/2016": [180.0, -0.01098901098901099], "9/1/2016": [179.5, -0.002777777777777778], "9/2/2016": [176.0, -0.019498607242339833], "9/5/2016": [180.0, 0.022727272727272728], "9/6/2016": [189.0, 0.05], "9/7/2016": [189.0, 0.0], "9/8/2016": [191.5, 0.013227513227513227], "9/9/2016": [190.0, -0.007832898172323759], "9/10/2016": [186.0, -0.021052631578947368], "9/12/2016": [186.0, 0.0], "9/13/2016": [185.0, -0.005376344086021506], "9/14/2016": [185.0, 0.0], "9/19/2016": [186.5, 0.008108108108108109], "9/20/2016": [190.0, 0.01876675603217158], "9/21/2016": [188.5, -0.007894736842105263], "9/22/2016": [187.0, -0.007957559681697613], "9/23/2016": [186.0, -0.0053475935828877], "9/26/2016": [183.0, -0.016129032258064516], "9/29/2016": [182.5, -0.00273224043715847], "9/30/2016": [182.0, -0.0027397260273972603], "10/3/2016": [184.5, 0.013736263736263736], "10/4/2016": [195.0, 0.056910569105691054], "10/5/2016": [198.5, 0.017948717948717947], "10/6/2016": [201.5, 0.015113350125944584], "10/7/2016": [205.0, 0.017369727047146403], "10/11/2016": [196.5, -0.041463414634146344], "10/12/2016": [207.5, 0.05597964376590331],