{"1/4/2016": [9.12, ""], "1/5/2016": [9.06, -0.006578947368420913], "1/6/2016": [8.97, -0.00993377483443707], "1/7/2016": [8.72, -0.027870680044593085], "1/8/2016": [8.91, 0.021788990825688016], "1/11/2016": [9.11, 0.0224466891133557], "1/12/2016": [9.1, -0.0010976948408342247], "1/13/2016": [9.15, 0.005494505494505573], "1/14/2016": [9.14, -0.0010928961748633646], "1/15/2016": [9.2, 0.006564551422319334], "1/18/2016": [9.26, 0.006521739130434837], "1/19/2016": [9.25, -0.0010799136069114242], "1/20/2016": [9.26, 0.0010810810810810581], "1/21/2016": [9.1, -0.01727861771058317], "1/22/2016": [9.08, -0.002197802197802151], "1/25/2016": [9.18, 0.011013215859030798], "1/26/2016": [9.19, 0.0010893246187363603], "1/27/2016": [9.19, 0.0], "1/28/2016": [9.17, -0.0021762785636561016], "1/29/2016": [9.36, 0.02071973827699013], "1/30/2016": [9.3, -0.006410256410256274], "2/1/2016": [9.3, 0.0], "2/2/2016": [9.3, 0.0], "2/3/2016": [9.21, -0.009677419354838694], "2/15/2016": [9.3, 0.009771986970684023], "2/16/2016": [9.65, 0.0376344086021505], "2/17/2016": [9.62, -0.0031088082901555582], "2/18/2016": [9.73, 0.011434511434511562], "2/19/2016": [10.2, 0.04830421377183955], "2/22/2016": [10.35, 0.014705882352941213], "2/23/2016": [10.4, 0.004830917874396204], "2/24/2016": [10.1, -0.028846153846153914], "2/25/2016": [10.2, 0.009900990099009866], "2/26/2016": [10.45, 0.02450980392156863], "3/1/2016": [11.1, 0.06220095693779908], "3/2/2016": [11.0, -0.009009009009008978], "3/3/2016": [10.85, -0.013636363636363669], "3/4/2016": [10.7, -0.013824884792626762], "3/7/2016": [10.7, 0.0], "3/8/2016": [10.7, 0.0], "3/9/2016": [10.7, 0.0], "3/10/2016": [10.75, 0.004672897196261749], "3/11/2016": [10.65, -0.009302325581395316], "3/14/2016": [10.6, -0.004694835680751241], "3/15/2016": [10.3, -0.02830188679245273], "3/16/2016": [10.5, 0.01941747572815527], "3/17/2016": [10.4, -0.00952380952380949], "3/18/2016": [10.45, 0.004807692307692205], "3/21/2016": [10.8, 0.03349282296650732], "3/22/2016": [10.65, -0.013888888888888921], "3/23/2016": [10.6, -0.004694835680751241], "3/24/2016": [10.6, 0.0], "3/25/2016": [10.4, -0.01886792452830182], "3/28/2016": [10.35, -0.004807692307692376], "3/29/2016": [10.1, -0.024154589371980676], "3/30/2016": [10.25, 0.014851485148514887], "3/31/2016": [10.15, -0.009756097560975575], "4/1/2016": [10.2, 0.0049261083743841316], "4/6/2016": [10.3, 0.009803921568627591], "4/7/2016": [10.2, -0.009708737864077808], "4/8/2016": [10.25, 0.004901960784313796], "4/11/2016": [10.3, 0.004878048780487874], "4/12/2016": [10.1, -0.019417475728155442], "4/13/2016": [10.3, 0.01980198019801991], "4/14/2016": [10.3, 0.0], "4/15/2016": [10.5, 0.01941747572815527], "4/18/2016": [10.6, 0.00952380952380949], "4/19/2016": [10.6, 0.0], "4/20/2016": [10.55, -0.004716981132075371], "4/21/2016": [10.65, 0.009478672985781957], "4/22/2016": [10.55, -0.009389671361502313], "4/25/2016": [10.5, -0.004739336492891062], "4/26/2016": [10.6, 0.00952380952380949], "4/27/2016": [10.6, 0.0], "4/28/2016": [10.7, 0.00943396226415091], "4/29/2016": [10.95, 0.023364485981308414], "5/3/2016": [10.95, 0.0], "5/4/2016": [10.75, -0.01826484018264834], "5/5/2016": [10.7, -0.00465116279069774], "5/6/2016": [10.9, 0.018691588785046828], "5/9/2016": [10.85, -0.004587155963302818], "5/10/2016": [10.8, -0.004608294930875478], "5/11/2016": [10.6, -0.018518518518518615], "5/12/2016": [10.55, -0.004716981132075371], "5/13/2016": [10.55, 0.0], "5/16/2016": [10.6, 0.004739336492890894], "5/17/2016": [10.65, 0.004716981132075539], "5/18/2016": [10.6, -0.004694835680751241], "5/19/2016": [10.65, 0.004716981132075539], "5/20/2016": [10.6, -0.004694835680751241], "5/23/2016": [10.7, 0.00943396226415091], "5/24/2016": [10.75, 0.004672897196261749], "5/25/2016": [10.85, 0.009302325581395316], "5/26/2016": [10.7, -0.013824884792626762], "5/27/2016": [10.7, 0.0], "5/30/2016": [10.7, 0.0], "5/31/2016": [10.7, 0.0], "6/1/2016": [10.75, 0.004672897196261749], "6/2/2016": [10.6, -0.013953488372093056], "6/3/2016": [10.6, 0.0], "6/4/2016": [10.55, -0.004716981132075371], "6/6/2016": [10.4, -0.014218009478673018], "6/7/2016": [10.45, 0.004807692307692205], "6/8/2016": [10.45, 0.0], "6/13/2016": [10.2, -0.023923444976076555], "6/14/2016": [10.25, 0.004901960784313796], "6/15/2016": [10.4, 0.014634146341463448], "6/16/2016": [10.25, -0.014423076923076957], "6/17/2016": [10.25, 0.0], "6/20/2016": [10.3, 0.004878048780487874], "6/21/2016": [10.35, 0.004854368932038731], "6/22/2016": [10.4, 0.004830917874396204], "6/23/2016": [10.4, 0.0], "6/24/2016": [10.25, -0.014423076923076957], "6/27/2016": [10.35, 0.009756097560975575], "6/28/2016": [10.3, -0.004830917874396033], "6/29/2016": [10.35, 0.004854368932038731], "6/30/2016": [10.4, 0.004830917874396204], "7/1/2016": [10.55, 0.014423076923076957], "7/4/2016": [10.55, 0.0], "7/5/2016": [10.75, 0.018957345971563913], "7/6/2016": [10.65, -0.009302325581395316], "7/7/2016": [10.1, -0.051643192488262976], "7/11/2016": [10.1, 0.0], "7/12/2016": [10.25, 0.014851485148514887], "7/13/2016": [10.2, -0.004878048780487874], "7/14/2016": [10.3, 0.009803921568627591], "7/15/2016": [10.25, -0.004854368932038904], "7/18/2016": [10.3, 0.004878048780487874], "7/19/2016": [10.35, 0.004854368932038731], "7/20/2016": [10.25, -0.009661835748792237], "7/21/2016": [10.35, 0.009756097560975575], "7/22/2016": [10.35, 0.0], "7/25/2016": [10.3, -0.004830917874396033], "7/26/2016": [10.35, 0.004854368932038731], "7/27/2016": [10.25, -0.009661835748792237], "7/28/2016": [10.3, 0.004878048780487874], "7/29/2016": [10.25, -0.004854368932038904], "8/1/2016": [10.3, 0.004878048780487874], "8/2/2016": [10.35, 0.004854368932038731], "8/3/2016": [10.4, 0.004830917874396204], "8/4/2016": [10.4, 0.0], "8/5/2016": [10.4, 0.0], "8/8/2016": [10.35, -0.004807692307692376], "8/9/2016": [10.35, 0.0], "8/10/2016": [10.3, -0.004830917874396033], "8/11/2016": [10.25, -0.004854368932038904], "8/12/2016": [10.3, 0.004878048780487874], "8/15/2016": [10.4, 0.009708737864077634], "8/16/2016": [10.35, -0.004807692307692376], "8/17/2016": [10.35, 0.0], "8/18/2016": [10.4, 0.004830917874396204], "8/19/2016": [10.3, -0.009615384615384581], "8/22/2016": [10.25, -0.004854368932038904], "8/23/2016": [10.3, 0.004878048780487874], "8/24/2016": [10.3, 0.0], "8/25/2016": [10.3, 0.0], "8/26/2016": [10.35, 0.004854368932038731], "8/29/2016": [10.35, 0.0], "8/30/2016": [10.3, -0.004830917874396033], "8/31/2016": [10.35, 0.004854368932038731], "9/1/2016": [10.4, 0.004830917874396204], "9/2/2016": [10.25, -0.014423076923076957], "9/5/2016": [10.3, 0.004878048780487874], "9/6/2016": [10.4, 0.009708737864077634], "9/7/2016": [10.4, 0.0], "9/8/2016": [10.35, -0.004807692307692376], "9/9/2016": [10.3, -0.004830917874396033], "9/10/2016": [10.3, 0.0], "9/12/2016": [10.3, 0.0], "9/13/2016": [10.3, 0.0], "9/14/2016": [10.3, 0.0], "9/19/2016": [10.25, -0.004854368932038904], "9/20/2016": [10.3, 0.004878048780487874], "9/21/2016": [10.3, 0.0], "9/22/2016": [10.3, 0.0], "9/23/2016": [10.3, 0.0], "9/26/2016": [10.25, -0.004854368932038904], "9/29/2016": [10.35, 0.009756097560975575], "9/30/2016": [10.3, -0.004830917874396033], "10/3/2016": [10.35, 0.004854368932038731], "10/4/2016": [10.4, 0.004830917874396204], "10/5/2016": [10.45, 0.004807692307692205], "10/6/2016": [11.45, 0.09569377990430622], "10/7/2016": [11.7, 0.02183406113537118], "10/11/2016": [11.2, -0.042735042735042736], "10/12/2016": [11.3, 0.008928571428571556], "10/13/2016": [11.3, 0.0], "10/14/2016": [11.1, -0.01769911504424788], "10/17/2016": [11.5, 0.03603603603603607], "10/18/2016": [12.65, 0.10000000000000003], "10/19/2016": [12.3, -0.027667984189723292], "10/20/2016": [13.5, 0.09756097560975603], "10/21/2016": [12.95, -0.04074074074074079], "10/24/2016": [12.6, -0.027027027027027], "10/25/2016": [12.4, -0.015873015873015817], "10/26/2016": [11.85, -0.04435483870967748], "10/27/2016": [11.7, -0.012658227848101297], "10/28/2016": [11.65, -0.004273504273504183],