{"1/4/2016": [24.49, ""], "1/5/2016": [24.5, 0.0004083299305839757], "1/6/2016": [24.19, -0.012653061224489743], "1/7/2016": [23.5, -0.028524183546920268], "1/8/2016": [24.26, 0.03234042553191496], "1/11/2016": [24.41, 0.006183017312448416], "1/12/2016": [23.9, -0.020893076607947626], "1/13/2016": [22.49, -0.0589958158995816], "1/14/2016": [22.48, -0.00044464206313908454], "1/15/2016": [22.7, 0.009786476868327352], "1/18/2016": [22.95, 0.011013215859030838], "1/19/2016": [22.32, -0.02745098039215682], "1/20/2016": [22.3, -0.0008960573476702318], "1/21/2016": [22.55, 0.011210762331838564], "1/22/2016": [22.5, -0.0022172949002217607], "1/25/2016": [22.7, 0.008888888888888858], "1/26/2016": [23.3, 0.026431718061674072], "1/27/2016": [24.49, 0.05107296137339046], "1/28/2016": [24.49, 0.0], "1/29/2016": [25.49, 0.040832993058391186], "1/30/2016": [26.19, 0.02746174970576708], "2/1/2016": [26.0, -0.0072546773577701895], "2/2/2016": [25.3, -0.026923076923076897], "2/3/2016": [25.1, -0.00790513833992092], "2/15/2016": [24.8, -0.011952191235059789], "2/16/2016": [26.01, 0.048790322580645196], "2/17/2016": [25.61, -0.015378700499807847], "2/18/2016": [25.7, 0.0035142522452167066], "2/19/2016": [26.5, 0.03112840466926073], "2/22/2016": [26.99, 0.01849056603773579], "2/23/2016": [26.29, -0.025935531678399383], "2/24/2016": [26.0, -0.011030810193990078], "2/25/2016": [26.98, 0.037692307692307706], "2/26/2016": [26.3, -0.025203854707190502], "3/1/2016": [26.39, 0.003422053231939158], "3/2/2016": [26.3, -0.0034103827207275427], "3/3/2016": [26.2, -0.0038022813688213465], "3/4/2016": [26.27, 0.0026717557251908506], "3/7/2016": [26.26, -0.0003806623524932627], "3/8/2016": [25.91, -0.013328255902513382], "3/9/2016": [26.39, 0.018525665766113485], "3/10/2016": [26.11, -0.01061007957559686], "3/11/2016": [26.11, 0.0], "3/14/2016": [26.2, 0.00344695518958253], "3/15/2016": [26.22, 0.0007633587786259379], "3/16/2016": [26.99, 0.029366895499618597], "3/17/2016": [26.75, -0.008892182289736882], "3/18/2016": [27.1, 0.013084112149532763], "3/21/2016": [28.89, 0.06605166051660513], "3/22/2016": [28.9, 0.00034614053305635203], "3/23/2016": [32.19, 0.11384083044982697], "3/24/2016": [31.19, -0.03106554830692751], "3/25/2016": [30.01, -0.03783263866623917], "3/28/2016": [31.0, 0.0329890036654448], "3/29/2016": [30.51, -0.015806451612903175], "3/30/2016": [33.0, 0.08161258603736474], "3/31/2016": [33.09, 0.0027272727272728307], "4/1/2016": [33.2, 0.0033242671501964166], "4/6/2016": [36.3, 0.09337349397590343], "4/7/2016": [37.83, 0.042148760330578544], "4/8/2016": [39.0, 0.030927835051546438], "4/11/2016": [36.99, -0.051538461538461484], "4/12/2016": [35.0, -0.053798323871316625], "4/13/2016": [35.04, 0.0011428571428571184], "4/14/2016": [35.5, 0.013127853881278564], "4/15/2016": [36.29, 0.022253521126760538], "4/18/2016": [36.8, 0.014053458252962194], "4/19/2016": [36.2, -0.016304347826086803], "4/20/2016": [36.22, 0.0005524861878451939], "4/21/2016": [36.41, 0.005245720596355542], "4/22/2016": [36.5, 0.0024718483932986385], "4/25/2016": [37.49, 0.02712328767123293], "4/26/2016": [37.0, -0.013070152040544198], "4/27/2016": [36.0, -0.02702702702702703], "4/28/2016": [36.3, 0.008333333333333255], "4/29/2016": [36.5, 0.005509641873278316], "5/3/2016": [33.41, -0.08465753424657543], "5/4/2016": [35.0, 0.04759054175396599], "5/5/2016": [34.65, -0.01000000000000004], "5/6/2016": [34.0, -0.018759018759018718], "5/9/2016": [33.3, -0.02058823529411773], "5/10/2016": [33.3, 0.0], "5/11/2016": [34.8, 0.04504504504504505], "5/12/2016": [33.5, -0.03735632183908038], "5/13/2016": [33.9, 0.011940298507462643], "5/16/2016": [33.46, -0.012979351032448311], "5/17/2016": [33.5, 0.0011954572624028436], "5/18/2016": [35.0, 0.04477611940298507], "5/19/2016": [34.8, -0.005714285714285796], "5/20/2016": [35.19, 0.011206896551724155], "5/23/2016": [36.0, 0.0230179028132993], "5/24/2016": [35.0, -0.027777777777777776], "5/25/2016": [36.99, 0.05685714285714291], "5/26/2016": [36.12, -0.023519870235198824], "5/27/2016": [36.5, 0.010520487264673382], "5/30/2016": [37.19, 0.018904109589041034], "5/31/2016": [37.19, 0.0], "6/1/2016": [38.6, 0.03791341758537251], "6/2/2016": [38.19, -0.010621761658031184], "6/3/2016": [37.9, -0.00759361089290388], "6/4/2016": [37.39, -0.013456464379947177], "6/6/2016": [36.81, -0.015512169029152133], "6/7/2016": [36.81, 0.0], "6/8/2016": [36.8, -0.00027166530834026395], "6/13/2016": [35.34, -0.039673913043478094], "6/14/2016": [35.0, -0.009620826259196474], "6/15/2016": [35.2, 0.005714285714285796], "6/16/2016": [34.01, -0.03380681818181832], "6/17/2016": [34.34, 0.009703028521023388], "6/20/2016": [34.35, 0.0002912055911472921], "6/21/2016": [34.3, -0.001455604075691536], "6/22/2016": [34.35, 0.0014577259475219903], "6/23/2016": [34.02, -0.009606986899563269], "6/24/2016": [33.11, -0.026748971193415745], "6/27/2016": [33.6, 0.014799154334038115], "6/28/2016": [33.5, -0.0029761904761905185], "6/29/2016": [33.19, -0.00925373134328365], "6/30/2016": [32.83, -0.010846640554383833], "7/1/2016": [33.1, 0.008224185196466742], "7/4/2016": [34.0, 0.027190332326283945], "7/5/2016": [33.99, -0.000294117647058765], "7/6/2016": [33.0, -0.029126213592233066], "7/7/2016": [32.53, -0.014242424242424208], "7/11/2016": [33.29, 0.023363049492775838], "7/12/2016": [33.99, 0.021027335536197143], "7/13/2016": [33.99, 0.0], "7/14/2016": [33.99, 0.0], "7/15/2016": [33.19, -0.02353633421594599], "7/18/2016": [32.75, -0.01325700512202464], "7/19/2016": [32.5, -0.007633587786259542], "7/20/2016": [30.51, -0.061230769230769186], "7/21/2016": [31.5, 0.03244837758112089], "7/22/2016": [30.87, -0.01999999999999997], "7/25/2016": [30.87, 0.0], "7/26/2016": [30.87, 0.0], "7/27/2016": [31.29, 0.013605442176870689], "7/28/2016": [31.1, -0.006072227548737544], "7/29/2016": [31.1, 0.0], "8/1/2016": [30.12, -0.03151125401929262], "8/2/2016": [30.12, 0.0], "8/3/2016": [29.5, -0.020584329349269622], "8/4/2016": [29.3, -0.006779661016949128], "8/5/2016": [28.19, -0.03788395904436858], "8/8/2016": [26.91, -0.045406172401560876], "8/9/2016": [27.0, 0.0033444816053511653], "8/10/2016": [26.2, -0.029629629629629655], "8/11/2016": [26.2, 0.0], "8/12/2016": [26.89, 0.026335877862595468], "8/15/2016": [28.0, 0.041279285979918166], "8/16/2016": [28.0, 0.0], "8/17/2016": [28.0, 0.0], "8/18/2016": [28.0, 0.0], "8/19/2016": [28.01, 0.000357142857142913], "8/22/2016": [28.93, 0.0328454123527311], "8/23/2016": [28.94, 0.00034566194262017157], "8/24/2016": [28.93, -0.0003455425017277665], "8/25/2016": [28.51, -0.014517801590044873], "8/26/2016": [28.51, 0.0], "8/29/2016": [28.85, 0.011925640126271479], "8/30/2016": [28.6, -0.008665511265164644], "8/31/2016": [28.65, 0.0017482517482516487], "9/1/2016": [28.11, -0.018848167539266988], "9/2/2016": [28.13, 0.000711490572749896], "9/5/2016": [28.3, 0.006043370067543609], "9/6/2016": [28.3, 0.0], "9/7/2016": [28.5, 0.007067137809187254], "9/8/2016": [28.42, -0.0028070175438595895], "9/9/2016": [28.6, 0.006333567909922579], "9/10/2016": [28.51, -0.003146853146853142], "9/12/2016": [28.51, 0.0], "9/13/2016": [29.46, 0.03332164152928794], "9/14/2016": [28.7, -0.02579769178547188], "9/19/2016": [28.7, 0.0], "9/20/2016": [29.0, 0.010452961672473893], "9/21/2016": [29.0, 0.0], "9/22/2016": [28.81, -0.006551724137931079], "9/23/2016": [30.8, 0.06907323845886852], "9/26/2016": [31.25, 0.014610389610389588], "9/29/2016": [30.81, -0.01408000000000004], "9/30/2016": [30.81, 0.0], "10/3/2016": [31.6, 0.02564102564102573], "10/4/2016": [31.2, -0.012658227848101333], "10/5/2016": [31.2, 0.0], "10/6/2016": [31.98, 0.025000000000000036], "10/7/2016": [32.5, 0.016260162601626004], "10/11/2016": [32.29, -0.006461538461538488], "10/12/2016": [30.7, -0.04924125116135026], "10/13/2016": [32.09, 0.04527687296416952], "10/14/2016": [32.09, 0.0], "10/17/2016": [29.36, -0.08507323153630426], "10/18/2016": [29.36, 0.0], "10/19/2016": [30.5, 0.03882833787465942], "10/20/2016": [30.5, 0.0],