{"1/4/2016": [7.7, ""], "1/5/2016": [7.76, 0.007792207792207741], "1/6/2016": [7.65, -0.01417525773195869], "1/7/2016": [7.65, 0.0], "1/8/2016": [7.59, -0.007843137254902025], "1/11/2016": [7.6, 0.0013175230566534633], "1/12/2016": [7.6, 0.0], "1/13/2016": [7.64, 0.005263157894736847], "1/14/2016": [7.45, -0.024869109947643915], "1/15/2016": [7.61, 0.021476510067114114], "1/18/2016": [8.11, 0.06570302233902747], "1/19/2016": [8.25, 0.017262638717632624], "1/20/2016": [8.3, 0.0060606060606061465], "1/21/2016": [8.32, 0.002409638554216816], "1/22/2016": [8.31, -0.0012019230769230512], "1/25/2016": [9.14, 0.09987966305655836], "1/26/2016": [9.1, -0.00437636761487975], "1/27/2016": [8.8, -0.03296703296703285], "1/28/2016": [8.86, 0.006818181818181672], "1/29/2016": [8.97, 0.01241534988713332], "1/30/2016": [8.97, 0.0], "2/1/2016": [8.9, -0.007803790412486096], "2/2/2016": [8.9, 0.0], "2/3/2016": [8.71, -0.021348314606741515], "2/15/2016": [8.78, 0.00803673938002279], "2/16/2016": [8.44, -0.038724373576309784], "2/17/2016": [8.42, -0.002369668246445447], "2/18/2016": [8.44, 0.0023752969121139636], "2/19/2016": [8.56, 0.014218009478673105], "2/22/2016": [8.41, -0.01752336448598135], "2/23/2016": [8.43, 0.002378121284185443], "2/24/2016": [8.6, 0.020166073546856456], "2/25/2016": [8.74, 0.016279069767441926], "2/26/2016": [8.72, -0.002288329519450752], "3/1/2016": [8.71, -0.0011467889908256636], "3/2/2016": [8.6, -0.012629161882893364], "3/3/2016": [8.64, 0.004651162790697782], "3/4/2016": [8.6, -0.004629629629629736], "3/7/2016": [8.77, 0.01976744186046511], "3/8/2016": [8.7, -0.007981755986317023], "3/9/2016": [8.64, -0.006896551724137784], "3/10/2016": [8.77, 0.015046296296296181], "3/11/2016": [8.7, -0.007981755986317023], "3/14/2016": [8.74, 0.004597701149425394], "3/15/2016": [8.7, -0.004576659038901708], "3/16/2016": [8.68, -0.002298850574712595], "3/17/2016": [8.69, 0.0011520737327188695], "3/18/2016": [8.57, -0.0138089758342922], "3/21/2016": [8.59, 0.0023337222870477917], "3/22/2016": [8.5, -0.010477299185098935], "3/23/2016": [8.46, -0.004705882352941076], "3/24/2016": [8.38, -0.009456264775413718], "3/25/2016": [9.21, 0.09904534606205251], "3/28/2016": [9.54, 0.03583061889250796], "3/29/2016": [9.3, -0.025157232704402354], "3/30/2016": [9.5, 0.021505376344085943], "3/31/2016": [9.49, -0.001052631578947346], "4/1/2016": [9.15, -0.035827186512118005], "4/6/2016": [8.98, -0.018579234972677588], "4/7/2016": [8.73, -0.027839643652561245], "4/8/2016": [8.55, -0.020618556701030893], "4/11/2016": [8.67, 0.014035087719298152], "4/12/2016": [8.65, -0.0023068050749711156], "4/13/2016": [8.4, -0.028901734104046242], "4/14/2016": [8.28, -0.014285714285714403], "4/15/2016": [8.68, 0.0483091787439614], "4/18/2016": [8.47, -0.02419354838709667], "4/19/2016": [8.5, 0.003541912632821648], "4/20/2016": [8.5, 0.0], "4/21/2016": [8.38, -0.014117647058823438], "4/22/2016": [8.35, -0.003579952267303238], "4/25/2016": [8.2, -0.01796407185628747], "4/26/2016": [8.2, 0.0], "4/27/2016": [8.32, 0.014634146341463537], "4/28/2016": [8.17, -0.018028846153846197], "4/29/2016": [8.24, 0.008567931456548383], "5/3/2016": [8.12, -0.014563106796116625], "5/4/2016": [8.1, -0.0024630541871920658], "5/5/2016": [8.03, -0.008641975308642011], "5/6/2016": [7.96, -0.008717310087173026], "5/9/2016": [7.92, -0.005025125628140708], "5/10/2016": [7.85, -0.008838383838383874], "5/11/2016": [7.61, -0.03057324840764323], "5/12/2016": [7.7, 0.011826544021024949], "5/13/2016": [7.73, 0.003896103896103928], "5/16/2016": [7.97, 0.031047865459249587], "5/17/2016": [7.92, -0.006273525721455436], "5/18/2016": [7.71, -0.026515151515151512], "5/19/2016": [7.95, 0.03112840466926073], "5/20/2016": [7.9, -0.006289308176100607], "5/23/2016": [7.83, -0.008860759493670921], "5/24/2016": [7.72, -0.01404853128991064], "5/25/2016": [7.86, 0.01813471502590681], "5/26/2016": [7.82, -0.005089058524173033], "5/27/2016": [7.92, 0.012787723785166195], "5/30/2016": [7.82, -0.012626262626262581], "5/31/2016": [7.92, 0.012787723785166195], "6/1/2016": [7.89, -0.003787878787878819], "6/2/2016": [8.0, 0.01394169835234478], "6/3/2016": [7.93, -0.008750000000000036], "6/4/2016": [7.98, 0.006305170239596559], "6/6/2016": [7.98, 0.0], "6/7/2016": [7.9, -0.010025062656641612], "6/8/2016": [7.9, 0.0], "6/13/2016": [7.97, 0.008860759493670808], "6/14/2016": [7.96, -0.0012547051442910648], "6/15/2016": [8.0, 0.005025125628140708], "6/16/2016": [7.88, -0.015000000000000013], "6/17/2016": [8.0, 0.0152284263959391], "6/20/2016": [8.02, 0.0024999999999999467], "6/21/2016": [8.09, 0.00872817955112223], "6/22/2016": [8.29, 0.024721878862793485], "6/23/2016": [8.26, -0.003618817852834664], "6/24/2016": [8.69, 0.052058111380145246], "6/27/2016": [8.64, -0.005753739930954999], "6/28/2016": [8.65, 0.0011574074074073826], "6/29/2016": [8.65, 0.0], "6/30/2016": [8.65, 0.0], "7/1/2016": [8.56, -0.01040462427745663], "7/4/2016": [8.62, 0.007009345794392373], "7/5/2016": [8.62, 0.0], "7/6/2016": [8.62, 0.0], "7/7/2016": [8.62, 0.0], "7/11/2016": [8.46, -0.018561484918793315], "7/12/2016": [8.33, -0.015366430260047373], "7/13/2016": [8.27, -0.007202881152461044], "7/14/2016": [8.39, 0.014510278113663967], "7/15/2016": [8.3, -0.010727056019070305], "7/18/2016": [8.61, 0.03734939759036129], "7/19/2016": [8.61, 0.0], "7/20/2016": [8.61, 0.0], "7/21/2016": [8.6, -0.001161440185830405], "7/22/2016": [8.75, 0.01744186046511632], "7/25/2016": [8.79, 0.004571428571428474], "7/26/2016": [8.63, -0.018202502844140885], "7/27/2016": [8.75, 0.013904982618771634], "7/28/2016": [8.8, 0.005714285714285796], "7/29/2016": [8.72, -0.009090909090909097], "8/1/2016": [8.69, -0.0034403669724771945], "8/2/2016": [8.82, 0.014959723820483405], "8/3/2016": [9.0, 0.02040816326530609], "8/4/2016": [8.92, -0.008888888888888898], "8/5/2016": [8.9, -0.0022421524663676653], "8/8/2016": [9.3, 0.04494382022471914], "8/9/2016": [8.85, -0.04838709677419366], "8/10/2016": [8.84, -0.0011299435028248347], "8/11/2016": [8.82, -0.0022624434389139788], "8/12/2016": [8.75, -0.007936507936507969], "8/15/2016": [8.83, 0.00914285714285715], "8/16/2016": [8.9, 0.00792751981879958], "8/17/2016": [8.9, 0.0], "8/18/2016": [8.88, -0.002247191011235907], "8/19/2016": [8.98, 0.01126126126126122], "8/22/2016": [8.99, 0.0011135857461024262], "8/23/2016": [8.88, -0.012235817575083362], "8/24/2016": [8.9, 0.002252252252252204], "8/25/2016": [8.85, -0.005617977528089967], "8/26/2016": [9.0, 0.016949152542372923], "8/29/2016": [8.78, -0.024444444444444515], "8/30/2016": [8.96, 0.02050113895216418], "8/31/2016": [8.9, -0.006696428571428627], "9/1/2016": [8.96, 0.006741573033707921], "9/2/2016": [9.0, 0.004464285714285619], "9/5/2016": [8.79, -0.023333333333333428], "9/6/2016": [8.87, 0.009101251422070543], "9/7/2016": [8.88, 0.0011273957158964558], "9/8/2016": [8.82, -0.006756756756756812], "9/9/2016": [8.9, 0.009070294784580506], "9/10/2016": [8.88, -0.002247191011235907], "9/12/2016": [8.88, 0.0], "9/13/2016": [8.96, 0.009009009009009016], "9/14/2016": [8.99, 0.003348214285714214], "9/19/2016": [8.95, -0.004449388209121348], "9/20/2016": [8.99, 0.0044692737430168635], "9/21/2016": [9.0, 0.0011123470522802878], "9/22/2016": [9.0, 0.0], "9/23/2016": [9.04, 0.00444444444444435], "9/26/2016": [8.97, -0.007743362831858243], "9/29/2016": [8.91, -0.0066889632107023965], "9/30/2016": [8.9, -0.001122334455667765], "10/3/2016": [8.97, 0.007865168539325874], "10/4/2016": [9.35, 0.04236343366778138], "10/5/2016": [9.3, -0.005347593582887587], "10/6/2016": [9.23, -0.0075268817204301374], "10/7/2016": [9.28, 0.005417118093174316], "10/11/2016": [9.3, 0.002155172413793249], "10/12/2016": [9.39, 0.009677419354838694], "10/13/2016": [9.37, -0.0021299254526093024], "10/14/2016": [9.3, -0.007470651013873907], "10/17/2016": [9.33, 0.0032258064516128343], "10/18/2016": [9.3, -0.0032154340836012176], "10/19/2016": [9.3, 0.0], "10/20/2016": [9.31, 0.001075268817204278], "10/21/2016": [9.34, 0.003222341568206161],