{"1/4/2016": [27.92, ""], "1/5/2016": [27.82, -0.003581661891117529], "1/6/2016": [26.23, -0.05715312724658519], "1/7/2016": [26.6, 0.014105985512771674], "1/8/2016": [26.9, 0.011278195488721696], "1/11/2016": [25.5, -0.05204460966542746], "1/12/2016": [23.75, -0.06862745098039216], "1/13/2016": [23.75, 0.0], "1/14/2016": [24.0, 0.010526315789473684], "1/15/2016": [24.5, 0.020833333333333332], "1/18/2016": [24.5, 0.0], "1/19/2016": [24.2, -0.012244897959183702], "1/20/2016": [23.85, -0.014462809917355284], "1/21/2016": [23.86, 0.0004192872117399585], "1/22/2016": [23.86, 0.0], "1/25/2016": [23.86, 0.0], "1/26/2016": [24.93, 0.04484492875104779], "1/27/2016": [23.78, -0.0461291616526273], "1/28/2016": [23.0, -0.0328006728343146], "1/29/2016": [23.0, 0.0], "1/30/2016": [23.0, 0.0], "2/1/2016": [23.0, 0.0], "2/2/2016": [22.9, -0.004347826086956583], "2/3/2016": [23.19, 0.012663755458515403], "2/15/2016": [23.19, 0.0], "2/16/2016": [23.19, 0.0], "2/17/2016": [23.2, 0.00043122035360060415], "2/18/2016": [24.2, 0.04310344827586207], "2/19/2016": [24.26, 0.0024793388429753004], "2/22/2016": [24.26, 0.0], "2/23/2016": [23.5, -0.031327287716405666], "2/24/2016": [23.5, 0.0], "2/25/2016": [22.56, -0.040000000000000056], "2/26/2016": [22.56, 0.0], "3/1/2016": [23.71, 0.05097517730496463], "3/2/2016": [23.01, -0.029523407844791197], "3/3/2016": [23.01, 0.0], "3/4/2016": [23.0, -0.0004345936549327059], "3/7/2016": [23.0, 0.0], "3/8/2016": [22.62, -0.01652173913043474], "3/9/2016": [22.7, 0.00353669319186553], "3/10/2016": [24.3, 0.07048458149779742], "3/11/2016": [24.8, 0.0205761316872428], "3/14/2016": [24.99, 0.007661290322580553], "3/15/2016": [24.98, -0.00040016006402553064], "3/16/2016": [24.98, 0.0], "3/17/2016": [24.62, -0.01441152922337868], "3/18/2016": [23.57, -0.042648253452477684], "3/21/2016": [23.57, 0.0], "3/22/2016": [23.55, -0.000848536274925735], "3/23/2016": [23.54, -0.0004246284501062235], "3/24/2016": [24.4, 0.03653355989804585], "3/25/2016": [24.52, 0.004918032786885287], "3/28/2016": [24.01, -0.020799347471451794], "3/29/2016": [24.31, 0.012494793835901588], "3/30/2016": [24.3, -0.0004113533525297413], "3/31/2016": [24.3, 0.0], "4/1/2016": [25.01, 0.02921810699588481], "4/6/2016": [25.01, 0.0], "4/7/2016": [24.24, -0.03078768492602971], "4/8/2016": [24.24, 0.0], "4/11/2016": [23.75, -0.02021452145214515], "4/12/2016": [23.75, 0.0], "4/13/2016": [23.75, 0.0], "4/14/2016": [23.75, 0.0], "4/15/2016": [23.75, 0.0], "4/18/2016": [22.81, -0.03957894736842111], "4/19/2016": [22.81, 0.0], "4/20/2016": [22.8, -0.0004384042086803161], "4/21/2016": [21.61, -0.0521929824561404], "4/22/2016": [21.3, -0.014345210550670926], "4/25/2016": [21.3, 0.0], "4/26/2016": [20.5, -0.037558685446009425], "4/27/2016": [20.5, 0.0], "4/28/2016": [19.39, -0.054146341463414606], "4/29/2016": [19.0, -0.02011346054667357], "5/3/2016": [19.0, 0.0], "5/4/2016": [19.0, 0.0], "5/5/2016": [18.8, -0.010526315789473648], "5/6/2016": [18.8, 0.0], "5/9/2016": [18.8, 0.0], "5/10/2016": [18.15, -0.034574468085106495], "5/11/2016": [18.15, 0.0], "5/12/2016": [17.77, -0.020936639118457247], "5/13/2016": [17.3, -0.026449071468767522], "5/16/2016": [17.5, 0.011560693641618455], "5/17/2016": [18.16, 0.03771428571428572], "5/18/2016": [18.95, 0.043502202643171756], "5/19/2016": [18.15, -0.04221635883905017], "5/20/2016": [18.15, 0.0], "5/23/2016": [17.8, -0.019283746556473712], "5/24/2016": [17.8, 0.0], "5/25/2016": [18.1, 0.0168539325842697], "5/26/2016": [18.21, 0.00607734806629831], "5/27/2016": [17.97, -0.013179571663921032], "5/30/2016": [18.9, 0.05175292153589314], "5/31/2016": [18.9, 0.0], "6/1/2016": [20.0, 0.05820105820105828], "6/2/2016": [20.0, 0.0], "6/3/2016": [20.0, 0.0], "6/4/2016": [19.3, -0.03499999999999996], "6/6/2016": [18.79, -0.026424870466321325], "6/7/2016": [18.79, 0.0], "6/8/2016": [18.79, 0.0], "6/13/2016": [18.79, 0.0], "6/14/2016": [18.51, -0.01490154337413505], "6/15/2016": [18.5, -0.00054024851431667], "6/16/2016": [18.5, 0.0], "6/17/2016": [18.5, 0.0], "6/20/2016": [18.5, 0.0], "6/21/2016": [18.5, 0.0], "6/22/2016": [18.5, 0.0], "6/23/2016": [18.5, 0.0], "6/24/2016": [18.5, 0.0], "6/27/2016": [18.83, 0.017837837837837746], "6/28/2016": [18.83, 0.0], "6/29/2016": [17.96, -0.04620286776420592], "6/30/2016": [17.9, -0.003340757238307476], "7/1/2016": [17.79, -0.006145251396648013], "7/4/2016": [17.1, -0.038785834738617075], "7/5/2016": [17.0, -0.005847953216374352], "7/6/2016": [17.0, 0.0], "7/7/2016": [16.8, -0.0117647058823529], "7/11/2016": [16.8, 0.0], "7/12/2016": [17.8, 0.05952380952380952], "7/13/2016": [18.5, 0.03932584269662917], "7/14/2016": [19.6, 0.05945945945945954], "7/15/2016": [19.25, -0.01785714285714293], "7/18/2016": [18.8, -0.02337662337662334], "7/19/2016": [18.05, -0.03989361702127659], "7/20/2016": [18.05, 0.0], "7/21/2016": [17.8, -0.013850415512465374], "7/22/2016": [17.8, 0.0], "7/25/2016": [17.8, 0.0], "7/26/2016": [17.59, -0.011797752808988812], "7/27/2016": [18.0, 0.02330869812393406], "7/28/2016": [17.99, -0.0005555555555556424], "7/29/2016": [17.31, -0.037798777098387984], "8/1/2016": [17.31, 0.0], "8/2/2016": [17.31, 0.0], "8/3/2016": [17.5, 0.010976314269208625], "8/4/2016": [17.5, 0.0], "8/5/2016": [17.35, -0.00857142857142849], "8/8/2016": [17.45, 0.005763688760806793], "8/9/2016": [17.45, 0.0], "8/10/2016": [17.45, 0.0], "8/11/2016": [17.11, -0.019484240687679077], "8/12/2016": [17.11, 0.0], "8/15/2016": [16.91, -0.011689070718877807], "8/16/2016": [16.91, 0.0], "8/17/2016": [17.11, 0.011827321111768142], "8/18/2016": [17.11, 0.0], "8/19/2016": [17.11, 0.0], "8/22/2016": [17.11, 0.0], "8/23/2016": [17.11, 0.0], "8/24/2016": [17.11, 0.0], "8/25/2016": [17.11, 0.0], "8/26/2016": [17.11, 0.0], "8/29/2016": [17.11, 0.0], "8/30/2016": [17.11, 0.0], "8/31/2016": [17.11, 0.0], "9/1/2016": [17.11, 0.0], "9/2/2016": [17.11, 0.0], "9/5/2016": [16.61, -0.029222676797194622], "9/6/2016": [16.61, 0.0], "9/7/2016": [16.93, 0.019265502709211336], "9/8/2016": [16.93, 0.0], "9/9/2016": [16.93, 0.0], "9/10/2016": [16.93, 0.0], "9/12/2016": [16.93, 0.0], "9/13/2016": [17.6, 0.03957471943295934], "9/14/2016": [17.6, 0.0], "9/19/2016": [16.73, -0.049431818181818236], "9/20/2016": [16.6, -0.0077704722056185895], "9/21/2016": [16.5, -0.006024096385542254], "9/22/2016": [16.5, 0.0], "9/23/2016": [16.6, 0.0060606060606061465], "9/26/2016": [16.3, -0.018072289156626547], "9/29/2016": [16.23, -0.004294478527607379], "9/30/2016": [16.2, -0.0018484288354899037], "10/3/2016": [16.1, -0.006172839506172708], "10/4/2016": [16.1, 0.0], "10/5/2016": [16.1, 0.0], "10/6/2016": [16.45, 0.021739130434782473], "10/7/2016": [16.2, -0.015197568389057751], "10/11/2016": [16.2, 0.0], "10/12/2016": [16.2, 0.0], "10/13/2016": [16.2, 0.0], "10/14/2016": [16.2, 0.0], "10/17/2016": [16.2, 0.0], "10/18/2016": [16.0, -0.012345679012345635], "10/19/2016": [16.0, 0.0], "10/20/2016": [15.99, -0.0006249999999999867], "10/21/2016": [15.31, -0.04252657911194495], "10/24/2016": [15.0, -0.020248203788373643], "10/25/2016": [15.0, 0.0], "10/26/2016": [15.0, 0.0], "10/27/2016": [15.0, 0.0], "10/28/2016": [15.35, 0.02333333333333331], "10/31/2016": [15.35, 0.0], "11/1/2016": [15.35, 0.0], "11/2/2016": [14.74, -0.039739413680781724], "11/3/2016": [14.74, 0.0], "11/4/2016": [14.74, 0.0], "11/7/2016": [14.7, -0.0027137042062415823], "11/8/2016": [14.7, 0.0], "11/9/2016": [14.7, 0.0], "11/10/2016": [14.7, 0.0], "11/11/2016": [14.7, 0.0], "11/14/2016": [14.61, -0.006122448979591828], "11/15/2016": [14.61, 0.0], "11/16/2016": [14.52, -0.006160164271047219], "11/17/2016": [14.52, 0.0], "11/18/2016": [14.52, 0.0], "11/21/2016": [14.52, 0.0], "11/22/2016": [14.54, 0.00137741046831953], "11/23/2016": [14.6, 0.00412654745529577], "11/24/2016": [14.53, -0.004794520547945225], "11/25/2016": [14.5, -0.00206469373709562], "11/28/2016": [14.6, 0.006896551724137907], "11/29/2016": [14.6, 0.0], "11/30/2016": [14.25, -0.023972602739726005]}