{"1/4/2016": [6.17, ""], "1/5/2016": [6.17, 0.0], "1/6/2016": [6.0, -0.027552674230145856], "1/7/2016": [6.0, 0.0], "1/8/2016": [6.0, 0.0], "1/11/2016": [6.0, 0.0], "1/12/2016": [6.05, 0.008333333333333304], "1/13/2016": [6.62, 0.0942148760330579], "1/14/2016": [7.1, 0.07250755287009056], "1/15/2016": [7.11, 0.0014084507042254472], "1/18/2016": [7.2, 0.012658227848101245], "1/19/2016": [7.27, 0.009722222222222137], "1/20/2016": [7.27, 0.0], "1/21/2016": [7.2, -0.009628610729023301], "1/22/2016": [7.24, 0.00555555555555556], "1/25/2016": [7.35, 0.015193370165745778], "1/26/2016": [7.56, 0.028571428571428567], "1/27/2016": [7.2, -0.04761904761904755], "1/28/2016": [7.18, -0.002777777777777842], "1/29/2016": [7.18, 0.0], "1/30/2016": [7.18, 0.0], "2/1/2016": [7.18, 0.0], "2/2/2016": [7.18, 0.0], "2/3/2016": [7.18, 0.0], "2/15/2016": [7.5, 0.04456824512534823], "2/16/2016": [7.55, 0.006666666666666643], "2/17/2016": [7.74, 0.025165562913907338], "2/18/2016": [7.65, -0.011627906976744167], "2/19/2016": [7.61, -0.0052287581699346445], "2/22/2016": [8.62, 0.1327201051248356], "2/23/2016": [8.59, -0.003480278422273708], "2/24/2016": [8.7, 0.012805587892898653], "2/25/2016": [8.08, -0.07126436781609187], "2/26/2016": [8.08, 0.0], "3/1/2016": [8.0, -0.00990099009900991], "3/2/2016": [8.0, 0.0], "3/3/2016": [7.94, -0.007499999999999951], "3/4/2016": [8.03, 0.011335012594458307], "3/7/2016": [8.02, -0.0012453300124532737], "3/8/2016": [8.0, -0.0024937655860348597], "3/9/2016": [8.0, 0.0], "3/10/2016": [8.03, 0.00374999999999992], "3/11/2016": [8.0, -0.003735990037359821], "3/14/2016": [8.0, 0.0], "3/15/2016": [7.56, -0.05500000000000005], "3/16/2016": [7.55, -0.0013227513227512947], "3/17/2016": [7.06, -0.06490066225165565], "3/18/2016": [7.0, -0.008498583569405044], "3/21/2016": [7.0, 0.0], "3/22/2016": [7.8, 0.11428571428571425], "3/23/2016": [7.55, -0.032051282051282055], "3/24/2016": [7.7, 0.019867549668874218], "3/25/2016": [7.65, -0.0064935064935064705], "3/28/2016": [7.71, 0.007843137254901909], "3/29/2016": [7.56, -0.019455252918287983], "3/30/2016": [7.33, -0.030423280423280363], "3/31/2016": [7.25, -0.010914051841746257], "4/1/2016": [7.38, 0.017931034482758606], "4/6/2016": [7.1, -0.03794037940379407], "4/7/2016": [7.35, 0.035211267605633804], "4/8/2016": [7.39, 0.005442176870748304], "4/11/2016": [7.39, 0.0], "4/12/2016": [7.39, 0.0], "4/13/2016": [7.41, 0.0027063599458728637], "4/14/2016": [7.45, 0.005398110661268561], "4/15/2016": [7.79, 0.04563758389261743], "4/18/2016": [7.73, -0.0077021822849806946], "4/19/2016": [7.72, -0.0012936610608021571], "4/20/2016": [7.68, -0.005181347150259072], "4/21/2016": [7.68, 0.0], "4/22/2016": [7.65, -0.0039062499999999167], "4/25/2016": [7.68, 0.003921568627450896], "4/26/2016": [7.62, -0.00781249999999995], "4/27/2016": [7.63, 0.0013123359580052214], "4/28/2016": [7.67, 0.005242463958060293], "4/29/2016": [7.68, 0.0013037809647978862], "5/3/2016": [7.4, -0.03645833333333325], "5/4/2016": [7.6, 0.02702702702702693], "5/5/2016": [7.5, -0.01315789473684206], "5/6/2016": [7.4, -0.013333333333333286], "5/9/2016": [7.46, 0.008108108108108055], "5/10/2016": [7.45, -0.001340482573726513], "5/11/2016": [6.84, -0.08187919463087252], "5/12/2016": [6.85, 0.0014619883040935362], "5/13/2016": [6.85, 0.0], "5/16/2016": [6.4, -0.06569343065693421], "5/17/2016": [6.36, -0.0062500000000000056], "5/18/2016": [6.45, 0.014150943396226393], "5/19/2016": [6.45, 0.0], "5/20/2016": [6.72, 0.041860465116279], "5/23/2016": [6.72, 0.0], "5/24/2016": [6.72, 0.0], "5/25/2016": [6.31, -0.06101190476190479], "5/26/2016": [6.4, 0.014263074484944651], "5/27/2016": [6.2, -0.03125000000000003], "5/30/2016": [6.2, 0.0], "5/31/2016": [6.15, -0.008064516129032228], "6/1/2016": [6.6, 0.07317073170731696], "6/2/2016": [6.6, 0.0], "6/3/2016": [6.36, -0.036363636363636265], "6/4/2016": [6.33, -0.0047169811320755105], "6/6/2016": [6.3, -0.004739336492891035], "6/7/2016": [6.29, -0.0015873015873015535], "6/8/2016": [6.29, 0.0], "6/13/2016": [6.1, -0.030206677265500855], "6/14/2016": [6.2, 0.016393442622950907], "6/15/2016": [5.3, -0.1451612903225807], "6/16/2016": [5.6, 0.05660377358490563], "6/17/2016": [5.76, 0.0285714285714286], "6/20/2016": [5.78, 0.0034722222222223027], "6/21/2016": [6.15, 0.06401384083044984], "6/22/2016": [6.15, 0.0], "6/23/2016": [6.48, 0.05365853658536586], "6/24/2016": [6.65, 0.026234567901234556], "6/27/2016": [7.48, 0.12481203007518797], "6/28/2016": [7.71, 0.030748663101604214], "6/29/2016": [7.35, -0.04669260700389109], "6/30/2016": [7.37, 0.002721088435374213], "7/1/2016": [7.0, -0.05020352781546813], "7/4/2016": [7.23, 0.03285714285714292], "7/5/2016": [8.01, 0.1078838174273858], "7/6/2016": [8.03, 0.00249687890137323], "7/7/2016": [9.41, 0.17185554171855552], "7/11/2016": [9.59, 0.019128586609989343], "7/12/2016": [9.55, -0.004171011470281454], "7/13/2016": [9.61, 0.006282722513088871], "7/14/2016": [9.66, 0.0052029136316337895], "7/15/2016": [9.66, 0.0], "7/18/2016": [9.64, -0.0020703933747411567], "7/19/2016": [9.64, 0.0], "7/20/2016": [9.64, 0.0], "7/21/2016": [9.83, 0.019709543568464678], "7/22/2016": [9.83, 0.0], "7/25/2016": [9.85, 0.0020345879959307806], "7/26/2016": [9.36, -0.049746192893401035], "7/27/2016": [9.13, -0.02457264957264943], "7/28/2016": [7.48, -0.1807228915662651], "7/29/2016": [7.01, -0.06283422459893057], "8/1/2016": [7.05, 0.005706134094151218], "8/2/2016": [6.68, -0.05248226950354611], "8/3/2016": [6.4, -0.041916167664670566], "8/4/2016": [6.67, 0.04218749999999993], "8/5/2016": [6.4, -0.040479760119939964], "8/8/2016": [6.36, -0.0062500000000000056], "8/9/2016": [6.3, -0.009433962264151021], "8/10/2016": [6.09, -0.033333333333333326], "8/11/2016": [6.07, -0.003284072249589421], "8/12/2016": [6.35, 0.04612850082372312], "8/15/2016": [6.78, 0.06771653543307096], "8/16/2016": [6.78, 0.0], "8/17/2016": [7.35, 0.0840707964601769], "8/18/2016": [7.62, 0.036734693877551086], "8/19/2016": [8.05, 0.0564304461942258], "8/22/2016": [8.2, 0.01863354037267063], "8/23/2016": [8.49, 0.0353658536585367], "8/24/2016": [8.67, 0.021201413427561804], "8/25/2016": [9.49, 0.09457900807381779], "8/26/2016": [9.43, -0.006322444678609114], "8/29/2016": [9.42, -0.0010604453870625436], "8/30/2016": [9.32, -0.01061571125265389], "8/31/2016": [9.32, 0.0], "9/1/2016": [9.38, 0.0064377682403434005], "9/2/2016": [9.36, -0.0021321961620470523], "9/5/2016": [9.35, -0.0010683760683760457], "9/6/2016": [9.01, -0.03636363636363635], "9/7/2016": [9.01, 0.0], "9/8/2016": [8.6, -0.04550499445061045], "9/9/2016": [8.65, 0.005813953488372176], "9/10/2016": [8.65, 0.0], "9/12/2016": [8.61, -0.004624277456647506], "9/13/2016": [8.61, 0.0], "9/14/2016": [8.64, 0.0034843205574914215], "9/19/2016": [8.64, 0.0], "9/20/2016": [8.64, 0.0], "9/21/2016": [8.64, 0.0], "9/22/2016": [8.64, 0.0], "9/23/2016": [8.64, 0.0], "9/26/2016": [8.63, -0.0011574074074073826], "9/29/2016": [8.63, 0.0], "9/30/2016": [8.5, -0.015063731170336126], "10/3/2016": [8.2, -0.035294117647058906], "10/4/2016": [8.2, 0.0], "10/5/2016": [8.2, 0.0], "10/6/2016": [8.2, 0.0], "10/7/2016": [8.2, 0.0], "10/11/2016": [8.2, 0.0], "10/12/2016": [8.2, 0.0], "10/13/2016": [8.2, 0.0], "10/14/2016": [8.2, 0.0], "10/17/2016": [8.2, 0.0], "10/18/2016": [8.2, 0.0], "10/19/2016": [8.2, 0.0], "10/20/2016": [8.2, 0.0], "10/21/2016": [8.2, 0.0], "10/24/2016": [7.84, -0.04390243902439018], "10/25/2016": [7.84, 0.0], "10/26/2016": [7.8, -0.005102040816326535], "10/27/2016": [7.8, 0.0], "10/28/2016": [8.0, 0.025641025641025664], "10/31/2016": [8.0, 0.0], "11/1/2016": [8.0, 0.0], "11/2/2016": [8.0, 0.0], "11/3/2016": [8.0, 0.0], "11/4/2016": [8.0, 0.0], "11/7/2016": [7.79, -0.026249999999999996], "11/8/2016": [7.79, 0.0], "11/9/2016": [7.79, 0.0], "11/10/2016": [7.79, 0.0], "11/11/2016": [7.79, 0.0], "11/14/2016": [7.79, 0.0], "11/15/2016": [7.79, 0.0], "11/16/2016": [7.63, -0.02053915275994867], "11/17/2016": [7.63, 0.0], "11/18/2016": [7.63, 0.0], "11/21/2016": [7.63, 0.0],