{"1/4/2016": [17.5, ""], "1/5/2016": [17.0, -0.02857142857142857], "1/6/2016": [17.5, 0.029411764705882353], "1/7/2016": [17.2, -0.017142857142857182], "1/8/2016": [17.39, 0.011046511627907051], "1/11/2016": [17.39, 0.0], "1/12/2016": [17.38, -0.0005750431282347075], "1/13/2016": [17.4, 0.0011507479861909997], "1/14/2016": [16.93, -0.0270114942528735], "1/15/2016": [17.38, 0.026580035440047212], "1/18/2016": [17.17, -0.012082853855005599], "1/19/2016": [17.2, 0.0017472335468839593], "1/20/2016": [16.45, -0.0436046511627907], "1/21/2016": [17.03, 0.03525835866261409], "1/22/2016": [17.03, 0.0], "1/25/2016": [17.03, 0.0], "1/26/2016": [17.03, 0.0], "1/27/2016": [17.03, 0.0], "1/28/2016": [17.0, -0.0017615971814445763], "1/29/2016": [16.97, -0.001764705882353008], "1/30/2016": [16.3, -0.03948143783146719], "2/1/2016": [15.0, -0.0797546012269939], "2/2/2016": [14.63, -0.024666666666666615], "2/3/2016": [14.7, 0.0047846889952152085], "2/15/2016": [14.7, 0.0], "2/16/2016": [13.31, -0.09455782312925162], "2/17/2016": [13.68, 0.027798647633358316], "2/18/2016": [14.69, 0.07383040935672514], "2/19/2016": [14.55, -0.009530292716133343], "2/22/2016": [14.99, 0.03024054982817866], "2/23/2016": [15.0, 0.0006671114076050558], "2/24/2016": [15.0, 0.0], "2/25/2016": [14.99, -0.0006666666666666524], "2/26/2016": [14.99, 0.0], "3/1/2016": [14.5, -0.032688458972648445], "3/2/2016": [15.05, 0.03793103448275867], "3/3/2016": [15.0, -0.0033222591362126715], "3/4/2016": [15.54, 0.03599999999999994], "3/7/2016": [15.54, 0.0], "3/8/2016": [15.5, -0.0025740025740025193], "3/9/2016": [15.5, 0.0], "3/10/2016": [15.5, 0.0], "3/11/2016": [14.85, -0.041935483870967766], "3/14/2016": [14.35, -0.03367003367003367], "3/15/2016": [14.35, 0.0], "3/16/2016": [14.98, 0.0439024390243903], "3/17/2016": [15.5, 0.03471295060080104], "3/18/2016": [14.91, -0.03806451612903225], "3/21/2016": [14.91, 0.0], "3/22/2016": [14.9, -0.0006706908115358676], "3/23/2016": [15.5, 0.0402684563758389], "3/24/2016": [15.31, -0.012258064516129], "3/25/2016": [14.99, -0.020901371652514714], "3/28/2016": [14.99, 0.0], "3/29/2016": [14.44, -0.0366911274182789], "3/30/2016": [15.0, 0.038781163434903086], "3/31/2016": [14.43, -0.03800000000000002], "4/1/2016": [14.8, 0.02564102564102571], "4/6/2016": [14.2, -0.04054054054054063], "4/7/2016": [14.12, -0.005633802816901414], "4/8/2016": [14.0, -0.008498583569405044], "4/11/2016": [14.0, 0.0], "4/12/2016": [13.77, -0.01642857142857146], "4/13/2016": [12.31, -0.1060275962236746], "4/14/2016": [12.31, 0.0], "4/15/2016": [12.5, 0.015434606011372826], "4/18/2016": [13.22, 0.057600000000000054], "4/19/2016": [13.44, 0.016641452344931834], "4/20/2016": [12.5, -0.06994047619047615], "4/21/2016": [12.82, 0.025600000000000022], "4/22/2016": [12.5, -0.02496099843993762], "4/25/2016": [12.45, -0.0040000000000000565], "4/26/2016": [12.6, 0.012048192771084366], "4/27/2016": [12.6, 0.0], "4/28/2016": [12.6, 0.0], "4/29/2016": [12.6, 0.0], "5/3/2016": [12.6, 0.0], "5/4/2016": [12.6, 0.0], "5/5/2016": [12.6, 0.0], "5/6/2016": [12.6, 0.0], "5/9/2016": [12.15, -0.03571428571428566], "5/10/2016": [12.2, 0.0041152263374484715], "5/11/2016": [11.12, -0.08852459016393444], "5/12/2016": [11.12, 0.0], "5/13/2016": [11.7, 0.05215827338129497], "5/16/2016": [11.5, -0.017094017094017033], "5/17/2016": [11.5, 0.0], "5/18/2016": [11.55, 0.004347826086956583], "5/19/2016": [11.55, 0.0], "5/20/2016": [11.55, 0.0], "5/23/2016": [11.5, -0.004329004329004391], "5/24/2016": [11.5, 0.0], "5/25/2016": [11.5, 0.0], "5/26/2016": [11.5, 0.0], "5/27/2016": [11.5, 0.0], "5/30/2016": [10.85, -0.05652173913043481], "5/31/2016": [10.85, 0.0], "6/1/2016": [10.85, 0.0], "6/2/2016": [10.5, -0.032258064516129004], "6/3/2016": [10.89, 0.0371428571428572], "6/4/2016": [11.04, 0.01377410468319546], "6/6/2016": [11.3, 0.023550724637681302], "6/7/2016": [11.2, -0.008849557522124019], "6/8/2016": [11.47, 0.02410714285714298], "6/13/2016": [11.47, 0.0], "6/14/2016": [11.57, 0.008718395815169977], "6/15/2016": [11.57, 0.0], "6/16/2016": [12.1, 0.0458081244598098], "6/17/2016": [12.1, 0.0], "6/20/2016": [12.49, 0.03223140495867773], "6/21/2016": [12.3, -0.01521216973578859], "6/22/2016": [12.3, 0.0], "6/23/2016": [12.8, 0.04065040650406504], "6/24/2016": [13.22, 0.032812499999999994], "6/27/2016": [13.68, 0.03479576399394849], "6/28/2016": [14.7, 0.0745614035087719], "6/29/2016": [14.71, 0.0006802721088436438], "6/30/2016": [14.8, 0.006118286879673682], "7/1/2016": [15.4, 0.040540540540540515], "7/4/2016": [15.4, 0.0], "7/5/2016": [15.4, 0.0], "7/6/2016": [15.4, 0.0], "7/7/2016": [15.4, 0.0], "7/11/2016": [14.7, -0.045454545454545525], "7/12/2016": [15.2, 0.034013605442176874], "7/13/2016": [15.2, 0.0], "7/14/2016": [15.2, 0.0], "7/15/2016": [15.2, 0.0], "7/18/2016": [14.45, -0.049342105263157895], "7/19/2016": [13.97, -0.03321799307958468], "7/20/2016": [14.49, 0.037222619899785224], "7/21/2016": [13.78, -0.04899930986887514], "7/22/2016": [13.31, -0.03410740203193025], "7/25/2016": [13.31, 0.0], "7/26/2016": [13.31, 0.0], "7/27/2016": [13.68, 0.027798647633358316], "7/28/2016": [13.68, 0.0], "7/29/2016": [13.68, 0.0], "8/1/2016": [13.68, 0.0], "8/2/2016": [13.77, 0.006578947368421043], "8/3/2016": [13.3, -0.034132171387073265], "8/4/2016": [13.69, 0.0293233082706766], "8/5/2016": [13.69, 0.0], "8/8/2016": [13.69, 0.0], "8/9/2016": [13.68, -0.0007304601899196338], "8/10/2016": [13.68, 0.0], "8/11/2016": [13.68, 0.0], "8/12/2016": [13.6, -0.005847953216374275], "8/15/2016": [13.6, 0.0], "8/16/2016": [13.4, -0.014705882352941124], "8/17/2016": [13.4, 0.0], "8/18/2016": [13.4, 0.0], "8/19/2016": [13.4, 0.0], "8/22/2016": [13.45, 0.00373134328358201], "8/23/2016": [13.45, 0.0], "8/24/2016": [13.45, 0.0], "8/25/2016": [13.0, -0.03345724907063192], "8/26/2016": [13.0, 0.0], "8/29/2016": [13.3, 0.02307692307692313], "8/30/2016": [13.5, 0.015037593984962351], "8/31/2016": [13.5, 0.0], "9/1/2016": [13.54, 0.0029629629629629], "9/2/2016": [14.22, 0.050221565731167025], "9/5/2016": [14.22, 0.0], "9/6/2016": [14.22, 0.0], "9/7/2016": [14.23, 0.0007032348804500553], "9/8/2016": [14.13, -0.0070274068868587235], "9/9/2016": [14.13, 0.0], "9/10/2016": [14.13, 0.0], "9/12/2016": [14.13, 0.0], "9/13/2016": [13.53, -0.04246284501061581], "9/14/2016": [14.21, 0.05025868440502598], "9/19/2016": [13.53, -0.047853624208304114], "9/20/2016": [13.53, 0.0], "9/21/2016": [13.53, 0.0], "9/22/2016": [13.53, 0.0], "9/23/2016": [13.53, 0.0], "9/26/2016": [13.5, -0.0022172949002216822], "9/29/2016": [13.5, 0.0], "9/30/2016": [13.49, -0.000740740740740725], "10/3/2016": [13.49, 0.0], "10/4/2016": [13.49, 0.0], "10/5/2016": [13.49, 0.0], "10/6/2016": [13.49, 0.0], "10/7/2016": [13.49, 0.0], "10/11/2016": [13.49, 0.0], "10/12/2016": [13.49, 0.0], "10/13/2016": [13.49, 0.0], "10/14/2016": [12.86, -0.04670126019273542], "10/17/2016": [12.85, -0.0007776049766718341], "10/18/2016": [12.85, 0.0], "10/19/2016": [12.85, 0.0], "10/20/2016": [12.85, 0.0], "10/21/2016": [12.85, 0.0], "10/24/2016": [12.85, 0.0], "10/25/2016": [12.85, 0.0], "10/26/2016": [12.85, 0.0], "10/27/2016": [12.85, 0.0], "10/28/2016": [12.85, 0.0], "10/31/2016": [12.85, 0.0], "11/1/2016": [12.85, 0.0], "11/2/2016": [12.85, 0.0], "11/3/2016": [12.85, 0.0], "11/4/2016": [12.85, 0.0], "11/7/2016": [12.85, 0.0], "11/8/2016": [12.85, 0.0], "11/9/2016": [12.85, 0.0], "11/10/2016": [12.85, 0.0], "11/11/2016": [12.85, 0.0], "11/14/2016": [12.85, 0.0], "11/15/2016": [12.85, 0.0], "11/16/2016": [12.85, 0.0], "11/17/2016": [12.85, 0.0], "11/18/2016": [12.85, 0.0], "11/21/2016": [12.85, 0.0], "11/22/2016": [12.85, 0.0], "11/23/2016": [12.85, 0.0], "11/24/2016": [12.85, 0.0], "11/25/2016": [12.85, 0.0], "11/28/2016": [12.36, -0.038132295719844375], "11/29/2016": [12.35, -0.000809061488673122], "11/30/2016": [12.35, 0.0]}