{"1/29/2016": [260.98, ""], "1/30/2016": [249.0, -0.04590390068204467], "2/1/2016": [227.99, -0.0843775100401606], "2/2/2016": [223.49, -0.0197377077942015], "2/3/2016": [214.37, -0.04080719495279433], "2/15/2016": [210.69, -0.017166581144749764], "2/16/2016": [208.02, -0.012672647016944266], "2/17/2016": [217.5, 0.045572541101817084], "2/18/2016": [231.98, 0.06657471264367812], "2/19/2016": [227.99, -0.017199758599879218], "2/22/2016": [191.5, -0.1600508794245362], "2/23/2016": [202.0, 0.05483028720626632], "2/24/2016": [188.01, -0.0692574257425743], "2/25/2016": [176.0, -0.06387958087335775], "2/26/2016": [184.0, 0.045454545454545456], "3/1/2016": [189.0, 0.02717391304347826], "3/2/2016": [187.9, -0.00582010582010579], "3/3/2016": [188.14, 0.001277275146354341], "3/4/2016": [188.99, 0.004517912193047852], "3/7/2016": [181.5, -0.039631726546378164], "3/8/2016": [176.2, -0.029201101928374718], "3/9/2016": [177.5, 0.0073779795686720285], "3/10/2016": [173.4, -0.023098591549295742], "3/11/2016": [175.71, 0.01332179930795849], "3/14/2016": [171.3, -0.025098173126173788], "3/15/2016": [169.49, -0.010566258026853487], "3/16/2016": [163.0, -0.03829134462210165], "3/17/2016": [158.98, -0.024662576687116626], "3/18/2016": [152.62, -0.040005032079506765], "3/21/2016": [161.0, 0.05490761368103784], "3/22/2016": [154.99, -0.037329192546583796], "3/23/2016": [152.99, -0.012904058326343634], "3/24/2016": [155.0, 0.013138113602196163], "3/25/2016": [149.0, -0.03870967741935484], "3/28/2016": [130.5, -0.12416107382550336], "3/29/2016": [121.0, -0.07279693486590039], "3/30/2016": [127.55, 0.05413223140495865], "3/31/2016": [139.99, 0.09753038024304204], "4/1/2016": [135.51, -0.03200228587756281], "4/6/2016": [140.0, 0.03313408604531038], "4/7/2016": [134.0, -0.04285714285714286], "4/8/2016": [127.0, -0.05223880597014925], "4/11/2016": [126.49, -0.004015748031496103], "4/12/2016": [118.0, -0.06711993042928291], "4/13/2016": [123.5, 0.046610169491525424], "4/14/2016": [123.99, 0.003967611336032347], "4/15/2016": [125.41, 0.011452536494878634], "4/18/2016": [123.6, -0.014432660872338748], "4/19/2016": [128.0, 0.03559870550161817], "4/20/2016": [129.4, 0.010937500000000044], "4/21/2016": [128.4, -0.0077279752704791345], "4/22/2016": [121.0, -0.05763239875389412], "4/25/2016": [122.5, 0.012396694214876033], "4/26/2016": [122.5, 0.0], "4/27/2016": [120.66, -0.015020408163265334], "4/28/2016": [121.99, 0.011022708436930203], "4/29/2016": [120.87, -0.009181080416427498], "5/3/2016": [121.0, 0.0010755356995118346], "5/4/2016": [117.5, -0.028925619834710745], "5/5/2016": [115.37, -0.018127659574468047], "5/6/2016": [111.92, -0.029903787813123018], "5/9/2016": [105.05, -0.061383130807719836], "5/10/2016": [106.01, 0.009138505473584083], "5/11/2016": [103.1, -0.027450240543345068], "5/12/2016": [100.5, -0.025218234723569297], "5/13/2016": [100.83, 0.0032835820895522217], "5/16/2016": [107.95, 0.07061390459188738], "5/17/2016": [107.5, -0.004168596572487289], "5/18/2016": [105.34, -0.02009302325581392], "5/19/2016": [104.1, -0.01177140687298281], "5/20/2016": [104.84, 0.007108549471661951], "5/23/2016": [112.62, 0.0742083174360931], "5/24/2016": [118.0, 0.047771266204936914], "5/25/2016": [121.6, 0.03050847457627114], "5/26/2016": [116.0, -0.046052631578947324], "5/27/2016": [119.98, 0.03431034482758624], "5/30/2016": [120.16, 0.0015002500416735505], "5/31/2016": [119.79, -0.0030792276964047133], "6/1/2016": [119.81, 0.00016695884464476183], "6/2/2016": [121.0, 0.009932392955512877], "6/3/2016": [123.9, 0.023966942148760377], "6/4/2016": [120.98, -0.023567393058918494], "6/6/2016": [110.01, -0.09067614481732517], "6/7/2016": [115.98, 0.0542677938369239], "6/8/2016": [117.4, 0.012243490256940865], "6/13/2016": [117.0, -0.003407155025553711], "6/14/2016": [117.01, 8.547008547012919e-05], "6/15/2016": [126.6, 0.08195880693957772], "6/16/2016": [126.0, -0.0047393364928909505], "6/17/2016": [143.41, 0.13817460317460314], "6/20/2016": [151.98, 0.059758733700578714], "6/21/2016": [147.48, -0.029609159099881564], "6/22/2016": [149.38, 0.012883102793599171], "6/23/2016": [155.41, 0.04036684964520017], "6/24/2016": [141.02, -0.09259378418377187], "6/27/2016": [145.0, 0.028222947099702096], "6/28/2016": [137.0, -0.05517241379310345], "6/29/2016": [140.43, 0.025036496350365013], "6/30/2016": [139.34, -0.00776187424339531], "7/1/2016": [141.2, 0.013348643605569005], "7/4/2016": [150.0, 0.06232294617563748], "7/5/2016": [150.5, 0.0033333333333333335], "7/6/2016": [148.0, -0.016611295681063124], "7/7/2016": [146.99, -0.006824324324324263], "7/11/2016": [145.17, -0.012381794679910345], "7/12/2016": [145.7, 0.003650892057587664], "7/13/2016": [144.49, -0.008304735758407547], "7/14/2016": [144.02, -0.0032528202643781496], "7/15/2016": [149.99, 0.04145257603110678], "7/18/2016": [149.0, -0.006600440029335349], "7/19/2016": [146.85, -0.01442953020134232], "7/20/2016": [143.62, -0.021995233231188217], "7/21/2016": [144.32, 0.004873972984263951], "7/22/2016": [142.7, -0.011225055432372538], "7/25/2016": [138.98, -0.0260686755430974], "7/26/2016": [138.25, -0.005252554324363144], "7/27/2016": [137.6, -0.004701627486437654], "7/28/2016": [138.22, 0.004505813953488405], "7/29/2016": [136.31, -0.013818550137461992], "8/1/2016": [135.67, -0.004695180104174417], "8/2/2016": [138.14, 0.018205940885973312], "8/3/2016": [137.59, -0.003981468075864941], "8/4/2016": [136.7, -0.006468493349807506], "8/5/2016": [135.59, -0.008119970738844077], "8/8/2016": [138.21, 0.01932295892027439], "8/9/2016": [137.24, -0.00701830547717241], "8/10/2016": [136.3, -0.006849315068493134], "8/11/2016": [133.99, -0.016947909024211314], "8/12/2016": [133.56, -0.0032091947160236343], "8/15/2016": [134.5, 0.007038035339922115], "8/16/2016": [137.32, 0.020966542750929316], "8/17/2016": [136.4, -0.006699679580541709], "8/18/2016": [136.5, 0.0007331378299119817], "8/19/2016": [134.0, -0.018315018315018316], "8/22/2016": [132.49, -0.011268656716417842], "8/23/2016": [130.61, -0.014189750169824102], "8/24/2016": [130.0, -0.004670392772375879], "8/25/2016": [126.36, -0.028000000000000004], "8/26/2016": [124.9, -0.01155428933206706], "8/29/2016": [121.73, -0.025380304243394727], "8/30/2016": [122.27, 0.004436046989238413], "8/31/2016": [119.0, -0.026744090946266428], "9/1/2016": [121.89, 0.02428571428571429], "9/2/2016": [121.39, -0.004102059233735335], "9/5/2016": [125.12, 0.030727407529450565], "9/6/2016": [125.99, 0.006953324808184066], "9/7/2016": [126.0, 7.937137868088829e-05], "9/8/2016": [125.28, -0.005714285714285706], "9/9/2016": [125.49, 0.0016762452107279195], "9/10/2016": [123.38, -0.0168140887720137], "9/12/2016": [123.61, 0.001864159507213519], "9/13/2016": [121.36, -0.01820241080818704], "9/14/2016": [121.86, 0.004119973632168754], "9/19/2016": [120.28, -0.012965698342360072], "9/20/2016": [128.38, 0.06734286664449612], "9/21/2016": [132.62, 0.033026951238510745], "9/22/2016": [130.14, -0.018700045242045077], "9/23/2016": [127.97, -0.01667435069924687], "9/26/2016": [127.87, -0.0007814331483941105], "9/29/2016": [126.79, -0.008446078048017504], "9/30/2016": [126.32, -0.0037069169492863242], "10/3/2016": [127.28, 0.007599746675110893], "10/4/2016": [126.3, -0.007699560025141452], "10/5/2016": [126.8, 0.003958828186856691], "10/6/2016": [127.37, 0.0044952681388013204], "10/7/2016": [126.88, -0.003847059747193288], "10/11/2016": [123.8, -0.024274905422446393], "10/12/2016": [124.37, 0.004604200323101837], "10/13/2016": [123.27, -0.008844576666398717], "10/14/2016": [113.7, -0.07763446093940127], "10/17/2016": [120.0, 0.055408970976253274], "10/18/2016": [117.0, -0.025], "10/19/2016": [117.2, 0.0017094017094017337], "10/20/2016": [116.79, -0.0034982935153583324], "10/21/2016": [116.83, 0.0003424950766332052], "10/24/2016": [115.0, -0.015663784986732845], "10/25/2016": [115.62, 0.005391304347826127], "10/26/2016": [115.48, -0.0012108631724615168], "10/27/2016": [115.77, 0.0025112573605818498],