{"1/4/2016": [7.73, ""], "1/5/2016": [7.75, 0.0025873221216040844], "1/6/2016": [7.72, -0.003870967741935516], "1/7/2016": [7.68, -0.005181347150259072], "1/8/2016": [7.76, 0.010416666666666676], "1/11/2016": [7.66, -0.012886597938144284], "1/12/2016": [7.5, -0.020887728459530044], "1/13/2016": [7.52, 0.0026666666666666098], "1/14/2016": [7.45, -0.009308510638297792], "1/15/2016": [7.3, -0.02013422818791951], "1/18/2016": [7.34, 0.005479452054794526], "1/19/2016": [7.46, 0.01634877384196187], "1/20/2016": [7.41, -0.006702412868632684], "1/21/2016": [7.41, 0.0], "1/22/2016": [7.41, 0.0], "1/25/2016": [7.42, 0.00134952766531711], "1/26/2016": [7.3, -0.01617250673854449], "1/27/2016": [7.32, 0.0027397260273973236], "1/28/2016": [7.33, 0.0013661202185792057], "1/29/2016": [7.38, 0.006821282401091381], "1/30/2016": [7.45, 0.009485094850948549], "2/1/2016": [7.38, -0.009395973154362454], "2/2/2016": [7.58, 0.027100271002710053], "2/3/2016": [7.44, -0.01846965699208439], "2/15/2016": [7.45, 0.0013440860215053476], "2/16/2016": [7.44, -0.0013422818791946022], "2/17/2016": [7.44, 0.0], "2/18/2016": [7.5, 0.008064516129032206], "2/19/2016": [7.39, -0.01466666666666671], "2/22/2016": [7.36, -0.004059539918809116], "2/23/2016": [7.49, 0.017663043478260854], "2/24/2016": [7.37, -0.016021361815754354], "2/25/2016": [7.39, 0.002713704206241462], "2/26/2016": [7.41, 0.0027063599458728637], "3/1/2016": [7.5, 0.012145748987854232], "3/2/2016": [7.71, 0.027999999999999994], "3/3/2016": [7.68, -0.0038910505836576197], "3/4/2016": [7.71, 0.003906250000000033], "3/7/2016": [7.74, 0.0038910505836576197], "3/8/2016": [7.9, 0.020671834625323016], "3/9/2016": [7.81, -0.011392405063291233], "3/10/2016": [7.81, 0.0], "3/11/2016": [7.73, -0.010243277848911547], "3/14/2016": [7.79, 0.007761966364812368], "3/15/2016": [7.74, -0.006418485237483931], "3/16/2016": [7.78, 0.005167958656330754], "3/17/2016": [7.85, 0.008997429305912519], "3/18/2016": [7.93, 0.01019108280254778], "3/21/2016": [7.85, -0.01008827238335436], "3/22/2016": [7.8, -0.0063694267515923345], "3/23/2016": [7.82, 0.0025641025641026235], "3/24/2016": [7.77, -0.006393861892583211], "3/25/2016": [7.77, 0.0], "3/28/2016": [7.6, -0.02187902187902187], "3/29/2016": [7.62, 0.002631578947368482], "3/30/2016": [7.63, 0.0013123359580052214], "3/31/2016": [7.67, 0.005242463958060293], "4/1/2016": [7.58, -0.011734028683181207], "4/6/2016": [7.53, -0.00659630606860156], "4/7/2016": [7.49, -0.005312084993359899], "4/8/2016": [7.54, 0.006675567423230951], "4/11/2016": [7.47, -0.009283819628647253], "4/12/2016": [7.44, -0.004016064257028027], "4/13/2016": [7.48, 0.00537634408602151], "4/14/2016": [7.49, 0.0013368983957218966], "4/15/2016": [7.48, -0.0013351134846461665], "4/18/2016": [7.49, 0.0013368983957218966], "4/19/2016": [7.46, -0.004005340453938618], "4/20/2016": [7.41, -0.006702412868632684], "4/21/2016": [7.45, 0.005398110661268561], "4/22/2016": [7.39, -0.008053691275167852], "4/25/2016": [7.39, 0.0], "4/26/2016": [7.45, 0.00811907983761847], "4/27/2016": [7.44, -0.0013422818791946022], "4/28/2016": [7.52, 0.0107526881720429], "4/29/2016": [7.5, -0.00265957446808505], "5/3/2016": [7.47, -0.004000000000000033], "5/4/2016": [7.44, -0.004016064257028027], "5/5/2016": [7.44, 0.0], "5/6/2016": [7.45, 0.0013440860215053476], "5/9/2016": [7.45, 0.0], "5/10/2016": [7.43, -0.0026845637583893236], "5/11/2016": [7.45, 0.002691790040376913], "5/12/2016": [7.35, -0.01342281879194638], "5/13/2016": [7.36, 0.0013605442176871667], "5/16/2016": [7.33, -0.004076086956521773], "5/17/2016": [7.28, -0.006821282401091381], "5/18/2016": [7.33, 0.006868131868131844], "5/19/2016": [7.29, -0.0054570259208731285], "5/20/2016": [7.29, 0.0], "5/23/2016": [7.36, 0.009602194787380012], "5/24/2016": [7.28, -0.010869565217391313], "5/25/2016": [7.34, 0.008241758241758188], "5/26/2016": [7.38, 0.005449591280653956], "5/27/2016": [7.39, 0.0013550135501354725], "5/30/2016": [7.39, 0.0], "5/31/2016": [7.33, -0.008119079837618351], "6/1/2016": [7.35, 0.002728512960436504], "6/2/2016": [7.37, 0.002721088435374213], "6/3/2016": [7.28, -0.01221166892808682], "6/4/2016": [7.35, 0.009615384615384533], "6/6/2016": [7.32, -0.004081632653061137], "6/7/2016": [7.38, 0.008196721311475356], "6/8/2016": [7.38, 0.0], "6/13/2016": [7.36, -0.002710027100270945], "6/14/2016": [7.3, -0.008152173913043546], "6/15/2016": [7.32, 0.0027397260273973236], "6/16/2016": [7.25, -0.009562841530054683], "6/17/2016": [7.3, 0.006896551724137907], "6/20/2016": [7.33, 0.004109589041095925], "6/21/2016": [7.34, 0.001364256480218252], "6/22/2016": [7.36, 0.0027247956403270383], "6/23/2016": [7.35, -0.0013586956521740047], "6/24/2016": [7.25, -0.013605442176870701], "6/27/2016": [7.33, 0.0110344827586207], "6/28/2016": [7.32, -0.001364256480218252], "6/29/2016": [7.3, -0.002732240437158533], "6/30/2016": [7.37, 0.00958904109589045], "7/1/2016": [7.31, -0.008141112618724626], "7/4/2016": [7.31, 0.0], "7/5/2016": [7.26, -0.006839945280437733], "7/6/2016": [7.26, 0.0], "7/7/2016": [7.34, 0.011019283746556485], "7/11/2016": [7.3, -0.005449591280653956], "7/12/2016": [7.35, 0.006849315068493127], "7/13/2016": [7.33, -0.002721088435374092], "7/14/2016": [7.35, 0.002728512960436504], "7/15/2016": [7.31, -0.005442176870748304], "7/18/2016": [7.35, 0.00547195622435021], "7/19/2016": [7.38, 0.004081632653061259], "7/20/2016": [7.39, 0.0013550135501354725], "7/21/2016": [7.47, 0.010825439783491214], "7/22/2016": [7.42, -0.006693440428380164], "7/25/2016": [7.38, -0.005390835579514829], "7/26/2016": [7.4, 0.002710027100271065], "7/27/2016": [7.4, 0.0], "7/28/2016": [7.37, -0.004054054054054087], "7/29/2016": [7.38, 0.001356852103120731], "8/1/2016": [7.38, 0.0], "8/2/2016": [7.35, -0.0040650406504065375], "8/3/2016": [7.33, -0.002721088435374092], "8/4/2016": [7.33, 0.0], "8/5/2016": [7.33, 0.0], "8/8/2016": [7.33, 0.0], "8/9/2016": [7.34, 0.001364256480218252], "8/10/2016": [7.27, -0.009536784741144453], "8/11/2016": [7.25, -0.0027510316368637654], "8/12/2016": [7.24, -0.0013793103448275568], "8/15/2016": [7.24, 0.0], "8/16/2016": [7.24, 0.0], "8/17/2016": [7.25, 0.0013812154696132301], "8/18/2016": [7.26, 0.0013793103448275568], "8/19/2016": [7.24, -0.00275482093663906], "8/22/2016": [7.23, -0.0013812154696132301], "8/23/2016": [7.18, -0.006915629322268424], "8/24/2016": [7.21, 0.004178272980501428], "8/25/2016": [7.21, 0.0], "8/26/2016": [7.19, -0.0027739251040221325], "8/29/2016": [7.22, 0.004172461752433847], "8/30/2016": [7.21, -0.001385041551246508], "8/31/2016": [7.24, 0.004160887656033322], "9/1/2016": [7.27, 0.00414364640883969], "9/2/2016": [7.21, -0.008253094910591419], "9/5/2016": [7.21, 0.0], "9/6/2016": [7.2, -0.0013869625520110662], "9/7/2016": [7.21, 0.0013888888888888592], "9/8/2016": [7.25, 0.005547850208044388], "9/9/2016": [7.28, 0.0041379310344827926], "9/10/2016": [6.92, -0.04945054945054949], "9/12/2016": [6.93, 0.0014450867052022813], "9/13/2016": [6.96, 0.004329004329004365], "9/14/2016": [6.97, 0.0014367816091953717], "9/19/2016": [6.9, -0.010043041606886571], "9/20/2016": [6.93, 0.004347826086956429], "9/21/2016": [6.95, 0.002886002886002953], "9/22/2016": [6.9, -0.007194244604316521], "9/23/2016": [6.92, 0.002898550724637619], "9/26/2016": [6.92, 0.0], "9/29/2016": [6.95, 0.004335260115606972], "9/30/2016": [6.92, -0.0043165467625899635], "10/3/2016": [6.92, 0.0], "10/4/2016": [6.91, -0.0014450867052022813], "10/5/2016": [6.92, 0.001447178002894325], "10/6/2016": [6.89, -0.004335260115606972], "10/7/2016": [6.92, 0.004354136429608164], "10/11/2016": [6.9, -0.0028901734104045626], "10/12/2016": [6.86, -0.005797101449275368], "10/13/2016": [6.76, -0.014577259475218736], "10/14/2016": [6.76, 0.0], "10/17/2016": [6.71, -0.007396449704141985], "10/18/2016": [6.73, 0.0029806259314456725], "10/19/2016": [6.76, 0.004457652303120261], "10/20/2016": [6.8, 0.0059171597633136145], "10/21/2016": [6.8, 0.0], "10/24/2016": [6.78, -0.002941176470588173],