{"1/4/2016": [7.93, ""], "1/5/2016": [7.94, 0.001261034047919379], "1/6/2016": [7.9, -0.005037783375314866], "1/7/2016": [7.85, -0.006329113924050722], "1/8/2016": [7.82, -0.003821656050955333], "1/11/2016": [7.71, -0.014066496163682905], "1/12/2016": [7.83, 0.015564202334630364], "1/13/2016": [7.93, 0.012771392081736863], "1/14/2016": [7.68, -0.031525851197982346], "1/15/2016": [7.69, 0.0013020833333334213], "1/18/2016": [7.72, 0.0039011703511052484], "1/19/2016": [7.88, 0.020725388601036288], "1/20/2016": [7.7, -0.022842639593908594], "1/21/2016": [7.23, -0.061038961038961004], "1/22/2016": [7.16, -0.009681881051175695], "1/25/2016": [7.41, 0.034916201117318434], "1/26/2016": [7.41, 0.0], "1/27/2016": [7.35, -0.008097165991902902], "1/28/2016": [7.26, -0.012244897959183655], "1/29/2016": [7.48, 0.03030303030303039], "1/30/2016": [7.7, 0.029411764705882318], "2/1/2016": [7.77, 0.009090909090909012], "2/2/2016": [7.72, -0.006435006435006413], "2/3/2016": [7.86, 0.01813471502590681], "2/15/2016": [7.8, -0.007633587786259605], "2/16/2016": [7.85, 0.0064102564102563875], "2/17/2016": [7.82, -0.003821656050955333], "2/18/2016": [8.01, 0.024296675191815793], "2/19/2016": [7.81, -0.024968789013732857], "2/22/2016": [7.86, 0.006402048655569874], "2/23/2016": [7.85, -0.0012722646310433427], "2/24/2016": [7.99, 0.01783439490445867], "2/25/2016": [7.9, -0.011264080100125138], "2/26/2016": [7.9, 0.0], "3/1/2016": [8.0, 0.01265822784810122], "3/2/2016": [8.05, 0.006250000000000089], "3/3/2016": [8.2, 0.01863354037267063], "3/4/2016": [9.02, 0.10000000000000005], "3/7/2016": [9.92, 0.09977827050997787], "3/8/2016": [10.9, 0.0987903225806452], "3/9/2016": [11.15, 0.02293577981651376], "3/10/2016": [10.55, -0.05381165919282508], "3/11/2016": [10.55, 0.0], "3/14/2016": [10.25, -0.028436018957346036], "3/15/2016": [9.23, -0.09951219512195118], "3/16/2016": [9.3, 0.007583965330444234], "3/17/2016": [9.17, -0.013978494623655998], "3/18/2016": [9.5, 0.03598691384950928], "3/21/2016": [10.45, 0.09999999999999992], "3/22/2016": [11.45, 0.09569377990430622], "3/23/2016": [12.55, 0.09606986899563331], "3/24/2016": [11.8, -0.0597609561752988], "3/25/2016": [12.2, 0.03389830508474564], "3/28/2016": [12.1, -0.00819672131147538], "3/29/2016": [11.5, -0.049586776859504106], "3/30/2016": [11.2, -0.02608695652173919], "3/31/2016": [11.2, 0.0], "4/1/2016": [12.15, 0.08482142857142867], "4/6/2016": [11.75, -0.03292181069958851], "4/7/2016": [11.1, -0.055319148936170244], "4/8/2016": [11.0, -0.009009009009008978], "4/11/2016": [11.4, 0.0363636363636364], "4/12/2016": [11.05, -0.03070175438596488], "4/13/2016": [11.05, 0.0], "4/14/2016": [11.05, 0.0], "4/15/2016": [10.9, -0.013574660633484194], "4/18/2016": [10.75, -0.013761467889908289], "4/19/2016": [10.9, 0.013953488372093056], "4/20/2016": [10.6, -0.027522935779816578], "4/21/2016": [10.75, 0.014150943396226448], "4/22/2016": [10.1, -0.0604651162790698], "4/25/2016": [10.05, -0.004950495049504845], "4/26/2016": [10.05, 0.0], "4/27/2016": [10.05, 0.0], "4/28/2016": [10.4, 0.03482587064676613], "4/29/2016": [10.3, -0.009615384615384581], "5/3/2016": [10.3, 0.0], "5/4/2016": [10.1, -0.019417475728155442], "5/5/2016": [10.25, 0.014851485148514887], "5/6/2016": [10.2, -0.004878048780487874], "5/9/2016": [10.25, 0.004901960784313796], "5/10/2016": [10.05, -0.01951219512195115], "5/11/2016": [10.0, -0.004975124378109523], "5/12/2016": [9.4, -0.05999999999999996], "5/13/2016": [9.55, 0.015957446808510675], "5/16/2016": [9.62, 0.007329842931937016], "5/17/2016": [9.61, -0.0010395010395010174], "5/18/2016": [9.7, 0.009365244536940672], "5/19/2016": [9.55, -0.01546391752577305], "5/20/2016": [9.66, 0.011518324607329782], "5/23/2016": [9.74, 0.00828157349896481], "5/24/2016": [9.63, -0.01129363449691986], "5/25/2016": [9.64, 0.0010384215991692406], "5/26/2016": [9.7, 0.006224066390041361], "5/27/2016": [10.5, 0.08247422680412379], "5/30/2016": [10.95, 0.04285714285714279], "5/31/2016": [10.65, -0.027397260273972508], "6/1/2016": [10.35, -0.02816901408450711], "6/2/2016": [10.95, 0.05797101449275359], "6/3/2016": [11.2, 0.022831050228310504], "6/4/2016": [11.0, -0.017857142857142794], "6/6/2016": [10.95, -0.00454545454545461], "6/7/2016": [10.9, -0.004566210045662003], "6/8/2016": [11.0, 0.009174311926605472], "6/13/2016": [10.8, -0.01818181818181812], "6/14/2016": [10.7, -0.00925925925925939], "6/15/2016": [10.75, 0.004672897196261749], "6/16/2016": [10.55, -0.01860465116279063], "6/17/2016": [10.5, -0.004739336492891062], "6/20/2016": [10.6, 0.00952380952380949], "6/21/2016": [10.6, 0.0], "6/22/2016": [10.7, 0.00943396226415091], "6/23/2016": [10.75, 0.004672897196261749], "6/24/2016": [10.2, -0.05116279069767449], "6/27/2016": [10.3, 0.009803921568627591], "6/28/2016": [10.55, 0.024271844660194174], "6/29/2016": [10.55, 0.0], "6/30/2016": [10.4, -0.014218009478673018], "7/1/2016": [9.91, -0.047115384615384635], "7/4/2016": [10.15, 0.02421796165489407], "7/5/2016": [9.91, -0.023645320197044354], "7/6/2016": [9.75, -0.01614530776992938], "7/7/2016": [9.71, -0.004102564102564015], "7/11/2016": [9.73, 0.002059732234809431], "7/12/2016": [9.8, 0.007194244604316576], "7/13/2016": [10.75, 0.09693877551020401], "7/14/2016": [11.0, 0.023255813953488372], "7/15/2016": [11.15, 0.013636363636363669], "7/18/2016": [10.75, -0.03587443946188344], "7/19/2016": [10.75, 0.0], "7/20/2016": [10.65, -0.009302325581395316], "7/21/2016": [10.6, -0.004694835680751241], "7/22/2016": [10.5, -0.00943396226415091], "7/25/2016": [10.55, 0.00476190476190483], "7/26/2016": [10.4, -0.014218009478673018], "7/27/2016": [10.75, 0.03365384615384612], "7/28/2016": [10.65, -0.009302325581395316], "7/29/2016": [10.7, 0.004694835680751073], "8/1/2016": [10.55, -0.014018691588784915], "8/2/2016": [10.55, 0.0], "8/3/2016": [10.55, 0.0], "8/4/2016": [10.6, 0.004739336492890894], "8/5/2016": [10.55, -0.004716981132075371], "8/8/2016": [10.6, 0.004739336492890894], "8/9/2016": [10.3, -0.02830188679245273], "8/10/2016": [10.1, -0.019417475728155442], "8/11/2016": [10.15, 0.004950495049505021], "8/12/2016": [9.82, -0.03251231527093597], "8/15/2016": [9.69, -0.013238289205702728], "8/16/2016": [9.65, -0.004127966976264102], "8/17/2016": [9.64, -0.0010362694300517913], "8/18/2016": [9.6, -0.004149377593361091], "8/19/2016": [9.61, 0.0010416666666666445], "8/22/2016": [9.8, 0.01977107180020825], "8/23/2016": [9.85, 0.005102040816326422], "8/24/2016": [9.7, -0.015228426395939123], "8/25/2016": [9.61, -0.009278350515463904], "8/26/2016": [9.55, -0.006243496357960325], "8/29/2016": [9.6, 0.005235602094240726], "8/30/2016": [9.7, 0.01041666666666663], "8/31/2016": [9.63, -0.007216494845360672], "9/1/2016": [9.5, -0.013499480789200496], "9/2/2016": [9.35, -0.015789473684210565], "9/5/2016": [9.62, 0.028877005347593538], "9/6/2016": [9.5, -0.012474012474012393], "9/7/2016": [9.66, 0.016842105263157908], "9/8/2016": [9.88, 0.022774327122153274], "9/9/2016": [9.74, -0.014170040485830015], "9/10/2016": [9.8, 0.0061601642710472785], "9/12/2016": [9.68, -0.012244897959183773], "9/13/2016": [9.89, 0.021694214876033145], "9/14/2016": [9.83, -0.006066734074823103], "9/19/2016": [9.83, 0.0], "9/20/2016": [9.8, -0.003051881993896171], "9/21/2016": [9.69, -0.01122448979591849], "9/22/2016": [9.65, -0.004127966976264102], "9/23/2016": [9.79, 0.014507772020725262], "9/26/2016": [9.8, 0.0010214504596528667], "9/29/2016": [9.83, 0.0030612244897958527], "9/30/2016": [9.79, -0.004069175991861742], "10/3/2016": [9.63, -0.016343207354443143], "10/4/2016": [9.84, 0.02180685358255442], "10/5/2016": [9.55, -0.02947154471544707], "10/6/2016": [9.5, -0.005235602094240912], "10/7/2016": [9.56, 0.006315789473684263], "10/11/2016": [9.56, 0.0], "10/12/2016": [9.54, -0.002092050209205162], "10/13/2016": [9.39, -0.015723270440251423], "10/14/2016": [9.29, -0.010649627263045944], "10/17/2016": [8.88, -0.044133476856835135], "10/18/2016": [8.8, -0.009009009009009016], "10/19/2016": [8.99, 0.021590909090909032],