{"1/4/2016": [6.7, ""], "1/5/2016": [6.62, -0.011940298507462697], "1/6/2016": [6.48, -0.021148036253776387], "1/7/2016": [6.25, -0.03549382716049389], "1/8/2016": [6.42, 0.027199999999999988], "1/11/2016": [6.36, -0.009345794392523303], "1/12/2016": [6.32, -0.0062893081761006345], "1/13/2016": [6.38, 0.009493670886075887], "1/14/2016": [6.38, 0.0], "1/15/2016": [6.41, 0.0047021943573668104], "1/18/2016": [6.33, -0.01248049921996881], "1/19/2016": [6.3, -0.004739336492891035], "1/20/2016": [6.35, 0.007936507936507908], "1/21/2016": [6.26, -0.014173228346456672], "1/22/2016": [6.26, 0.0], "1/25/2016": [6.31, 0.007987220447284317], "1/26/2016": [6.3, -0.001584786053882692], "1/27/2016": [6.52, 0.03492063492063488], "1/28/2016": [6.49, -0.004601226993864933], "1/29/2016": [6.46, -0.004622496147919915], "1/30/2016": [6.54, 0.01238390092879258], "2/1/2016": [6.52, -0.003058103975535239], "2/2/2016": [6.55, 0.004601226993865069], "2/3/2016": [6.69, 0.021374045801526805], "2/15/2016": [6.78, 0.013452914798206256], "2/16/2016": [6.8, 0.0029498525073745683], "2/17/2016": [6.73, -0.010294117647058735], "2/18/2016": [6.81, 0.011887072808320829], "2/19/2016": [6.77, -0.005873715124816452], "2/22/2016": [6.72, -0.007385524372230403], "2/23/2016": [7.34, 0.09226190476190478], "2/24/2016": [7.23, -0.014986376021798288], "2/25/2016": [7.22, -0.0013831258644537586], "2/26/2016": [7.23, 0.0013850415512466309], "3/1/2016": [7.15, -0.011065006915629332], "3/2/2016": [7.13, -0.002797202797202862], "3/3/2016": [7.24, 0.0154277699859748], "3/4/2016": [7.3, 0.008287292817679504], "3/7/2016": [7.63, 0.0452054794520548], "3/8/2016": [7.69, 0.007863695937090498], "3/9/2016": [7.65, -0.005201560468140447], "3/10/2016": [7.48, -0.022222222222222213], "3/11/2016": [7.4, -0.010695187165775409], "3/14/2016": [7.45, 0.006756756756756733], "3/15/2016": [7.17, -0.037583892617449696], "3/16/2016": [7.29, 0.016736401673640183], "3/17/2016": [7.29, 0.0], "3/18/2016": [7.17, -0.016460905349794254], "3/21/2016": [7.33, 0.022315202231520243], "3/22/2016": [7.27, -0.008185538881309753], "3/23/2016": [7.26, -0.0013755158184318827], "3/24/2016": [7.31, 0.006887052341597772], "3/25/2016": [7.28, -0.004103967168262566], "3/28/2016": [7.21, -0.009615384615384654], "3/29/2016": [7.13, -0.011095700416088776], "3/30/2016": [7.28, 0.0210378681626929], "3/31/2016": [7.18, -0.013736263736263809], "4/1/2016": [7.17, -0.0013927576601671012], "4/6/2016": [7.08, -0.012552301255230106], "4/7/2016": [7.08, 0.0], "4/8/2016": [7.09, 0.0014124293785310433], "4/11/2016": [7.23, 0.019746121297602337], "4/12/2016": [7.29, 0.008298755186721938], "4/13/2016": [7.3, 0.001371742112482824], "4/14/2016": [7.47, 0.023287671232876703], "4/15/2016": [7.43, -0.005354752342704155], "4/18/2016": [7.42, -0.0013458950201883967], "4/19/2016": [7.36, -0.008086253369272184], "4/20/2016": [7.39, 0.004076086956521652], "4/21/2016": [7.38, -0.0013531799729363718], "4/22/2016": [7.41, 0.0040650406504065375], "4/25/2016": [7.32, -0.012145748987854232], "4/26/2016": [7.3, -0.002732240437158533], "4/27/2016": [7.25, -0.006849315068493127], "4/28/2016": [7.18, -0.009655172413793142], "4/29/2016": [7.08, -0.01392757660167126], "5/3/2016": [7.03, -0.007062146892655342], "5/4/2016": [7.08, 0.007112375533428139], "5/5/2016": [7.06, -0.002824858757062212], "5/6/2016": [7.0, -0.008498583569405044], "5/9/2016": [6.99, -0.0014285714285713982], "5/10/2016": [6.85, -0.020028612303290495], "5/11/2016": [6.77, -0.011678832116788333], "5/12/2016": [6.73, -0.005908419497784217], "5/13/2016": [6.65, -0.01188707280832096], "5/16/2016": [6.61, -0.006015037593984967], "5/17/2016": [6.77, 0.024205748865355408], "5/18/2016": [6.65, -0.017725258493352915], "5/19/2016": [6.67, 0.0030075187969924168], "5/20/2016": [6.78, 0.01649175412293858], "5/23/2016": [6.81, 0.004424778761061852], "5/24/2016": [6.88, 0.010279001468428823], "5/25/2016": [6.9, 0.0029069767441861137], "5/26/2016": [6.72, -0.026086956521739216], "5/27/2016": [6.67, -0.007440476190476164], "5/30/2016": [6.79, 0.01799100449775114], "5/31/2016": [6.69, -0.014727540500736325], "6/1/2016": [6.79, 0.014947683109118032], "6/2/2016": [6.72, -0.010309278350515505], "6/3/2016": [6.74, 0.002976190476190545], "6/4/2016": [6.8, 0.008902077151335253], "6/6/2016": [6.79, -0.0014705882352940864], "6/7/2016": [6.78, -0.0014727540500736062], "6/8/2016": [6.72, -0.008849557522123967], "6/13/2016": [6.67, -0.007440476190476164], "6/14/2016": [6.73, 0.008995502248875636], "6/15/2016": [6.8, 0.010401188707280741], "6/16/2016": [6.85, 0.007352941176470562], "6/17/2016": [6.87, 0.0029197080291971478], "6/20/2016": [6.87, 0.0], "6/21/2016": [6.89, 0.0029112081513827616], "6/22/2016": [6.88, -0.0014513788098693451], "6/23/2016": [6.62, -0.037790697674418575], "6/24/2016": [6.58, -0.006042296072507558], "6/27/2016": [6.61, 0.004559270516717363], "6/28/2016": [6.62, 0.0015128593040846878], "6/29/2016": [6.62, 0.0], "6/30/2016": [6.63, 0.001510574018126856], "7/1/2016": [6.63, 0.0], "7/4/2016": [6.65, 0.003016591251885439], "7/5/2016": [6.58, -0.010526315789473726], "7/6/2016": [6.61, 0.004559270516717363], "7/7/2016": [6.63, 0.0030257186081693757], "7/11/2016": [6.63, 0.0], "7/12/2016": [6.64, 0.0015082956259426527], "7/13/2016": [6.75, 0.016566265060241014], "7/14/2016": [7.04, 0.04296296296296297], "7/15/2016": [6.85, -0.02698863636363642], "7/18/2016": [6.83, -0.002919708029197018], "7/19/2016": [7.02, 0.02781844802342599], "7/20/2016": [7.0, -0.0028490028490027884], "7/21/2016": [7.03, 0.0042857142857143215], "7/22/2016": [7.03, 0.0], "7/25/2016": [6.94, -0.012802275960170676], "7/26/2016": [6.96, 0.0028818443804033964], "7/27/2016": [7.0, 0.005747126436781614], "7/28/2016": [6.98, -0.0028571428571427964], "7/29/2016": [6.92, -0.00859598853868202], "8/1/2016": [7.0, 0.011560693641618507], "8/2/2016": [6.92, -0.011428571428571439], "8/3/2016": [6.89, -0.004335260115606972], "8/4/2016": [6.84, -0.007256894049346854], "8/5/2016": [6.87, 0.004385964912280738], "8/8/2016": [7.17, 0.043668122270742335], "8/9/2016": [7.19, 0.0027894002789400924], "8/10/2016": [7.16, -0.004172461752433971], "8/11/2016": [7.17, 0.0013966480446927076], "8/12/2016": [7.23, 0.008368200836820152], "8/15/2016": [7.21, -0.0027662517289073945], "8/16/2016": [7.17, -0.005547850208044388], "8/17/2016": [7.27, 0.01394700139470009], "8/18/2016": [7.45, 0.0247592847317745], "8/19/2016": [7.35, -0.01342281879194638], "8/22/2016": [7.32, -0.004081632653061137], "8/23/2016": [7.26, -0.008196721311475478], "8/24/2016": [7.2, -0.008264462809917302], "8/25/2016": [7.19, -0.0013888888888888592], "8/26/2016": [7.23, 0.005563282336578586], "8/29/2016": [7.24, 0.0013831258644536356], "8/30/2016": [7.23, -0.0013812154696132301], "8/31/2016": [7.25, 0.0027662517289072713], "9/1/2016": [7.23, -0.0027586206896551137], "9/2/2016": [7.16, -0.009681881051175695], "9/5/2016": [7.18, 0.002793296089385415], "9/6/2016": [7.22, 0.005571030640668529], "9/7/2016": [7.25, 0.004155124653739647], "9/8/2016": [7.25, 0.0], "9/9/2016": [7.28, 0.0041379310344827926], "9/10/2016": [7.25, -0.004120879120879155], "9/12/2016": [7.21, -0.00551724137931035], "9/13/2016": [7.2, -0.0013869625520110662], "9/14/2016": [7.23, 0.004166666666666701], "9/19/2016": [7.25, 0.0027662517289072713], "9/20/2016": [7.2, -0.006896551724137907], "9/21/2016": [7.29, 0.01249999999999998], "9/22/2016": [7.22, -0.009602194787380012], "9/23/2016": [7.28, 0.008310249307479294], "9/26/2016": [7.22, -0.00824175824175831], "9/29/2016": [7.3, 0.01108033240997231], "9/30/2016": [7.25, -0.006849315068493127], "10/3/2016": [7.28, 0.0041379310344827926], "10/4/2016": [7.28, 0.0], "10/5/2016": [7.25, -0.004120879120879155], "10/6/2016": [7.2, -0.006896551724137907], "10/7/2016": [7.29, 0.01249999999999998], "10/11/2016": [7.1, -0.026063100137174264], "10/12/2016": [7.18, 0.011267605633802828], "10/13/2016": [7.16, -0.0027855153203342024], "10/14/2016": [7.16, 0.0], "10/17/2016": [7.05, -0.015363128491620156],