{"1/4/2016": [5.2, ""], "1/5/2016": [5.15, -0.009615384615384581], "1/6/2016": [5.15, 0.0], "1/7/2016": [4.65, -0.0970873786407767], "1/8/2016": [5.0, 0.075268817204301], "1/11/2016": [4.99, -0.0019999999999999575], "1/12/2016": [4.99, 0.0], "1/13/2016": [5.1, 0.022044088176352592], "1/14/2016": [5.09, -0.0019607843137254485], "1/15/2016": [5.09, 0.0], "1/18/2016": [4.53, -0.11001964636542233], "1/19/2016": [4.9, 0.0816777041942605], "1/20/2016": [4.41, -0.10000000000000003], "1/21/2016": [4.41, 0.0], "1/22/2016": [4.41, 0.0], "1/25/2016": [4.41, 0.0], "1/26/2016": [4.41, 0.0], "1/27/2016": [4.41, 0.0], "1/28/2016": [4.41, 0.0], "1/29/2016": [4.41, 0.0], "1/30/2016": [4.41, 0.0], "2/1/2016": [4.41, 0.0], "2/2/2016": [9.03, 1.0476190476190474], "2/3/2016": [9.55, 0.057585825027685646], "2/15/2016": [8.6, -0.09947643979057602], "2/16/2016": [9.0, 0.046511627906976785], "2/17/2016": [8.5, -0.05555555555555555], "2/18/2016": [8.5, 0.0], "2/19/2016": [8.5, 0.0], "2/22/2016": [7.65, -0.09999999999999996], "2/23/2016": [8.41, 0.09934640522875814], "2/24/2016": [9.25, 0.09988109393579071], "2/25/2016": [10.15, 0.09729729729729733], "2/26/2016": [9.2, -0.0935960591133006], "3/1/2016": [9.2, 0.0], "3/2/2016": [9.2, 0.0], "3/3/2016": [9.2, 0.0], "3/4/2016": [8.5, -0.07608695652173907], "3/7/2016": [8.5, 0.0], "3/8/2016": [8.5, 0.0], "3/9/2016": [9.2, 0.0823529411764705], "3/10/2016": [9.2, 0.0], "3/11/2016": [9.2, 0.0], "3/14/2016": [8.28, -0.1], "3/15/2016": [8.2, -0.00966183574879228], "3/16/2016": [8.1, -0.01219512195121947], "3/17/2016": [8.91, 0.10000000000000006], "3/18/2016": [8.91, 0.0], "3/21/2016": [8.91, 0.0], "3/22/2016": [8.21, -0.07856341189674515], "3/23/2016": [7.9, -0.03775883069427533], "3/24/2016": [7.21, -0.08734177215189878], "3/25/2016": [7.7, 0.06796116504854371], "3/28/2016": [7.7, 0.0], "3/29/2016": [7.7, 0.0], "3/30/2016": [7.53, -0.022077922077922068], "3/31/2016": [8.28, 0.09960159362549789], "4/1/2016": [9.1, 0.09903381642512081], "4/6/2016": [9.15, 0.005494505494505573], "4/7/2016": [9.15, 0.0], "4/8/2016": [9.0, -0.01639344262295086], "4/11/2016": [9.24, 0.02666666666666669], "4/12/2016": [9.0, -0.025974025974025997], "4/13/2016": [9.4, 0.04444444444444448], "4/14/2016": [9.8, 0.042553191489361736], "4/15/2016": [9.87, 0.00714285714285699], "4/18/2016": [10.85, 0.09929078014184402], "4/19/2016": [11.0, 0.013824884792626762], "4/20/2016": [10.45, -0.050000000000000065], "4/21/2016": [10.45, 0.0], "4/22/2016": [11.0, 0.052631578947368494], "4/25/2016": [10.95, -0.00454545454545461], "4/26/2016": [10.95, 0.0], "4/27/2016": [11.1, 0.013698630136986335], "4/28/2016": [10.8, -0.02702702702702693], "4/29/2016": [10.8, 0.0], "5/3/2016": [11.5, 0.06481481481481474], "5/4/2016": [12.65, 0.10000000000000003], "5/5/2016": [13.8, 0.09090909090909094], "5/6/2016": [13.75, -0.0036231884057971527], "5/9/2016": [13.4, -0.025454545454545428], "5/10/2016": [14.4, 0.07462686567164178], "5/11/2016": [14.4, 0.0], "5/12/2016": [13.8, -0.041666666666666644], "5/13/2016": [13.75, -0.0036231884057971527], "5/16/2016": [14.25, 0.03636363636363636], "5/17/2016": [14.25, 0.0], "5/18/2016": [12.85, -0.09824561403508775], "5/19/2016": [11.6, -0.09727626459143969], "5/20/2016": [10.45, -0.09913793103448279], "5/23/2016": [11.2, 0.07177033492822966], "5/24/2016": [10.5, -0.06249999999999994], "5/25/2016": [10.4, -0.00952380952380949], "5/26/2016": [10.35, -0.004807692307692376], "5/27/2016": [9.79, -0.054106280193236767], "5/30/2016": [9.53, -0.02655771195097036], "5/31/2016": [9.15, -0.039874081846799476], "6/1/2016": [9.11, -0.0043715846994536525], "6/2/2016": [9.01, -0.010976948408342442], "6/3/2016": [9.35, 0.03773584905660376], "6/4/2016": [9.35, 0.0], "6/6/2016": [9.15, -0.021390374331550728], "6/7/2016": [9.4, 0.0273224043715847], "6/8/2016": [9.78, 0.04042553191489351], "6/13/2016": [9.1, -0.06952965235173822], "6/14/2016": [8.97, -0.014285714285714178], "6/15/2016": [8.92, -0.005574136008918696], "6/16/2016": [9.04, 0.01345291479820619], "6/17/2016": [9.04, 0.0], "6/20/2016": [9.15, 0.012168141592920489], "6/21/2016": [9.15, 0.0], "6/22/2016": [9.35, 0.02185792349726768], "6/23/2016": [9.35, 0.0], "6/24/2016": [9.0, -0.037433155080213866], "6/27/2016": [9.26, 0.028888888888888867], "6/28/2016": [9.26, 0.0], "6/29/2016": [9.15, -0.011879049676025856], "6/30/2016": [9.15, 0.0], "7/1/2016": [9.36, 0.022950819672131046], "7/4/2016": [9.9, 0.05769230769230779], "7/5/2016": [9.9, 0.0], "7/6/2016": [9.63, -0.02727272727272723], "7/7/2016": [9.63, 0.0], "7/11/2016": [9.63, 0.0], "7/12/2016": [9.63, 0.0], "7/13/2016": [9.6, -0.003115264797507906], "7/14/2016": [9.35, -0.026041666666666668], "7/15/2016": [9.67, 0.03422459893048131], "7/18/2016": [9.67, 0.0], "7/19/2016": [9.67, 0.0], "7/20/2016": [9.67, 0.0], "7/21/2016": [9.67, 0.0], "7/22/2016": [9.67, 0.0], "7/25/2016": [9.65, -0.0020682523267838235], "7/26/2016": [9.22, -0.04455958549222795], "7/27/2016": [9.16, -0.0065075921908894245], "7/28/2016": [9.16, 0.0], "7/29/2016": [9.4, 0.026200873362445438], "8/1/2016": [9.3, -0.010638297872340387], "8/2/2016": [9.3, 0.0], "8/3/2016": [9.17, -0.013978494623655998], "8/4/2016": [9.17, 0.0], "8/5/2016": [9.37, 0.02181025081788433], "8/8/2016": [9.08, -0.030949839914621042], "8/9/2016": [9.55, 0.051762114537445], "8/10/2016": [9.49, -0.006282722513089057], "8/11/2016": [9.5, 0.0010537407797681546], "8/12/2016": [9.5, 0.0], "8/15/2016": [9.2, -0.03157894736842113], "8/16/2016": [9.2, 0.0], "8/17/2016": [9.5, 0.032608695652173995], "8/18/2016": [9.5, 0.0], "8/19/2016": [9.5, 0.0], "8/22/2016": [9.0, -0.05263157894736842], "8/23/2016": [9.01, 0.0011111111111110875], "8/24/2016": [9.3, 0.03218645948945626], "8/25/2016": [9.36, 0.0064516129032256685], "8/26/2016": [9.11, -0.02670940170940171], "8/29/2016": [9.1, -0.0010976948408342247], "8/30/2016": [9.11, 0.0010989010989010755], "8/31/2016": [9.1, -0.0010976948408342247], "9/1/2016": [9.1, 0.0], "9/2/2016": [9.1, 0.0], "9/5/2016": [9.1, 0.0], "9/6/2016": [9.03, -0.007692307692307724], "9/7/2016": [9.03, 0.0], "9/8/2016": [9.03, 0.0], "9/9/2016": [9.05, 0.0022148394241418993], "9/10/2016": [9.05, 0.0], "9/12/2016": [9.0, -0.0055248618784531165], "9/13/2016": [8.9, -0.011111111111111072], "9/14/2016": [8.9, 0.0], "9/19/2016": [8.9, 0.0], "9/20/2016": [8.9, 0.0], "9/21/2016": [9.56, 0.07415730337078653], "9/22/2016": [9.56, 0.0], "9/23/2016": [9.55, -0.001046025104602488], "9/26/2016": [9.2, -0.03664921465968601], "9/29/2016": [9.2, 0.0], "9/30/2016": [9.2, 0.0], "10/3/2016": [9.2, 0.0], "10/4/2016": [9.16, -0.004347826086956429], "10/5/2016": [9.57, 0.04475982532751093], "10/6/2016": [9.16, -0.04284221525600837], "10/7/2016": [9.0, -0.01746724890829696], "10/11/2016": [8.9, -0.011111111111111072], "10/12/2016": [9.76, 0.096629213483146], "10/13/2016": [9.76, 0.0], "10/14/2016": [9.51, -0.025614754098360656], "10/17/2016": [9.52, 0.0010515247108306822], "10/18/2016": [9.52, 0.0], "10/19/2016": [9.51, -0.0010504201680672045], "10/20/2016": [9.36, -0.015772870662460605], "10/21/2016": [9.25, -0.011752136752136691], "10/24/2016": [9.16, -0.009729729729729714], "10/25/2016": [9.06, -0.01091703056768555], "10/26/2016": [9.58, 0.05739514348785867], "10/27/2016": [9.58, 0.0], "10/28/2016": [9.38, -0.02087682672233813], "10/31/2016": [9.95, 0.060767590618336725], "11/1/2016": [9.95, 0.0], "11/2/2016": [9.7, -0.02512562814070352], "11/3/2016": [9.66, -0.004123711340206098], "11/4/2016": [9.66, 0.0], "11/7/2016": [9.3, -0.03726708074534155], "11/8/2016": [9.21, -0.009677419354838694], "11/9/2016": [9.19, -0.002171552660152155], "11/10/2016": [9.38, 0.020674646354733546], "11/11/2016": [9.55, 0.018123667377398713], "11/14/2016": [9.2, -0.03664921465968601], "11/15/2016": [9.28, 0.008695652173913052], "11/16/2016": [9.37, 0.00969827586206895], "11/17/2016": [9.37, 0.0], "11/18/2016": [8.74, -0.0672358591248665], "11/21/2016": [8.55, -0.021739130434782553], "11/22/2016": [8.55, 0.0], "11/23/2016": [8.4, -0.017543859649122848],