{"1/4/2016": [9.92, ""], "1/5/2016": [9.8, -0.012096774193548309], "1/6/2016": [9.33, -0.04795918367346945], "1/7/2016": [8.54, -0.08467309753483397], "1/8/2016": [8.67, 0.015222482435597283], "1/11/2016": [8.39, -0.03229527104959624], "1/12/2016": [8.12, -0.03218116805721112], "1/13/2016": [8.14, 0.002463054187192285], "1/14/2016": [7.88, -0.031941031941032025], "1/15/2016": [8.5, 0.07868020304568529], "1/18/2016": [8.6, 0.0117647058823529], "1/19/2016": [8.82, 0.025581395348837285], "1/20/2016": [8.53, -0.03287981859410441], "1/21/2016": [8.6, 0.008206330597889834], "1/22/2016": [7.98, -0.07209302325581386], "1/25/2016": [8.22, 0.030075187969924838], "1/26/2016": [8.11, -0.013381995133820098], "1/27/2016": [7.95, -0.01972872996300854], "1/28/2016": [7.62, -0.041509433962264156], "1/29/2016": [7.9, 0.036745406824147016], "1/30/2016": [7.88, -0.0025316455696203113], "2/1/2016": [7.5, -0.04822335025380709], "2/2/2016": [7.5, 0.0], "2/3/2016": [7.28, -0.0293333333333333], "2/15/2016": [7.12, -0.021978021978021997], "2/16/2016": [7.39, 0.03792134831460668], "2/17/2016": [7.39, 0.0], "2/18/2016": [7.28, -0.01488497970230033], "2/19/2016": [7.16, -0.016483516483516498], "2/22/2016": [7.23, 0.009776536312849202], "2/23/2016": [7.57, 0.0470262793914246], "2/24/2016": [8.32, 0.09907529722589167], "2/25/2016": [9.15, 0.09975961538461539], "2/26/2016": [10.05, 0.09836065573770496], "3/1/2016": [11.05, 0.09950248756218905], "3/2/2016": [12.15, 0.09954751131221716], "3/3/2016": [10.95, -0.09876543209876552], "3/4/2016": [10.6, -0.031963470319634674], "3/7/2016": [10.45, -0.014150943396226448], "3/8/2016": [10.0, -0.04306220095693773], "3/9/2016": [9.0, -0.1], "3/10/2016": [9.53, 0.05888888888888882], "3/11/2016": [9.65, 0.012591815320042077], "3/14/2016": [10.6, 0.0984455958549222], "3/15/2016": [10.65, 0.004716981132075539], "3/16/2016": [10.85, 0.018779342723004626], "3/17/2016": [11.75, 0.0829493087557604], "3/18/2016": [10.95, -0.06808510638297878], "3/21/2016": [10.4, -0.05022831050228301], "3/22/2016": [10.1, -0.028846153846153914], "3/23/2016": [10.15, 0.004950495049505021], "3/24/2016": [9.54, -0.0600985221674878], "3/25/2016": [10.45, 0.09538784067085956], "3/28/2016": [10.2, -0.023923444976076555], "3/29/2016": [9.91, -0.028431372549019528], "3/30/2016": [10.0, 0.009081735620585252], "3/31/2016": [9.95, -0.005000000000000071], "4/1/2016": [9.78, -0.017085427135678385], "4/6/2016": [9.04, -0.07566462167689164], "7/5/2016": [9.71, 0.07411504424778781], "7/6/2016": [9.31, -0.041194644696189525], "7/7/2016": [9.42, 0.011815252416756114], "7/11/2016": [9.26, -0.016985138004246298], "7/12/2016": [9.19, -0.00755939524838016], "7/13/2016": [9.27, 0.0087051142546246], "7/14/2016": [9.27, 0.0], "7/15/2016": [9.11, -0.017259978425026985], "7/18/2016": [9.16, 0.005488474204171319], "7/19/2016": [9.18, 0.0021834061135370714], "7/20/2016": [10.05, 0.09477124183006547], "7/21/2016": [10.35, 0.02985074626865661], "7/22/2016": [10.5, 0.01449275362318844], "7/25/2016": [10.6, 0.00952380952380949], "7/26/2016": [11.55, 0.08962264150943407], "7/27/2016": [12.1, 0.047619047619047526], "7/28/2016": [11.35, -0.06198347107438017], "7/29/2016": [11.5, 0.013215859030837036], "8/1/2016": [12.2, 0.060869565217391244], "8/2/2016": [12.15, -0.0040983606557376175], "8/3/2016": [11.95, -0.016460905349794327], "8/4/2016": [12.05, 0.008368200836820203], "8/5/2016": [12.2, 0.012448132780082869], "8/8/2016": [12.2, 0.0], "8/9/2016": [12.0, -0.01639344262295076], "8/10/2016": [12.0, 0.0], "8/11/2016": [11.9, -0.008333333333333304], "8/12/2016": [11.85, -0.004201680672268967], "8/15/2016": [11.0, -0.07172995780590714], "8/16/2016": [11.4, 0.0363636363636364], "8/17/2016": [11.55, 0.013157894736842136], "8/18/2016": [10.85, -0.0606060606060607], "8/19/2016": [11.05, 0.0184331797235024], "8/22/2016": [11.05, 0.0], "8/23/2016": [11.05, 0.0], "8/24/2016": [11.15, 0.009049773755656076], "8/25/2016": [11.2, 0.0044843049327353305], "8/26/2016": [11.35, 0.013392857142857175], "8/29/2016": [11.55, 0.017621145374449435], "8/30/2016": [11.6, 0.004329004329004236], "8/31/2016": [11.9, 0.025862068965517303], "9/1/2016": [12.1, 0.01680672268907557], "9/2/2016": [12.35, 0.02066115702479339], "9/5/2016": [12.1, -0.020242914979757085], "9/6/2016": [11.85, -0.02066115702479339], "9/7/2016": [11.8, -0.004219409282700332], "9/8/2016": [11.95, 0.01271186440677954], "9/9/2016": [12.3, 0.029288702928870414], "9/10/2016": [12.4, 0.00813008130081298], "9/12/2016": [12.7, 0.024193548387096687], "9/13/2016": [12.7, 0.0], "9/14/2016": [13.05, 0.02755905511811035], "9/19/2016": [13.5, 0.0344827586206896], "9/20/2016": [13.7, 0.014814814814814762], "9/21/2016": [14.4, 0.05109489051094899], "9/22/2016": [14.45, 0.0034722222222221483], "9/23/2016": [14.1, -0.024221453287197207], "9/26/2016": [13.9, -0.014184397163120517], "9/29/2016": [13.9, 0.0], "9/30/2016": [13.65, -0.017985611510791366], "10/3/2016": [13.6, -0.003663003663003715], "10/4/2016": [13.6, 0.0], "10/5/2016": [14.0, 0.02941176470588238], "10/6/2016": [14.1, 0.0071428571428571175], "10/7/2016": [13.85, -0.01773049645390071], "10/11/2016": [13.05, -0.057761732851985485], "10/12/2016": [13.75, 0.053639846743294965], "10/13/2016": [13.7, -0.003636363636363688], "10/14/2016": [13.65, -0.0036496350364962726], "10/17/2016": [13.1, -0.040293040293040344], "10/18/2016": [13.0, -0.007633587786259515], "10/19/2016": [13.0, 0.0], "10/20/2016": [12.7, -0.02307692307692313], "10/21/2016": [12.9, 0.01574803149606308], "10/24/2016": [12.8, -0.007751937984496096], "10/25/2016": [12.95, 0.011718749999999889], "10/26/2016": [12.85, -0.007722007722007695], "10/27/2016": [13.2, 0.027237354085603085], "10/28/2016": [12.85, -0.026515151515151488], "10/31/2016": [12.55, -0.023346303501945442], "11/1/2016": [12.5, -0.003984063745019977], "11/2/2016": [12.6, 0.007999999999999972], "11/3/2016": [12.8, 0.01587301587301596], "11/4/2016": [12.9, 0.007812499999999972], "11/7/2016": [12.75, -0.011627906976744214], "11/8/2016": [12.8, 0.003921568627451036], "11/9/2016": [12.6, -0.015625000000000083], "11/10/2016": [12.75, 0.011904761904761934], "11/11/2016": [12.5, -0.0196078431372549], "11/14/2016": [12.5, 0.0], "11/15/2016": [12.6, 0.007999999999999972], "11/16/2016": [12.5, -0.007936507936507908], "11/17/2016": [12.5, 0.0], "11/18/2016": [12.7, 0.015999999999999945], "11/21/2016": [12.55, -0.011811023622047133], "11/22/2016": [12.5, -0.003984063745019977], "11/23/2016": [12.55, 0.0040000000000000565], "11/24/2016": [12.5, -0.003984063745019977], "11/25/2016": [12.6, 0.007999999999999972], "11/28/2016": [12.6, 0.0], "11/29/2016": [12.8, 0.01587301587301596], "11/30/2016": [12.95, 0.011718749999999889]}