{"1/4/2016": [50.8, ""], "1/5/2016": [50.4, -0.007874015748031468], "1/6/2016": [50.1, -0.0059523809523808965], "1/7/2016": [48.55, -0.030938123752495095], "1/8/2016": [49.45, 0.01853759011328539], "1/11/2016": [48.5, -0.01921132457027306], "1/12/2016": [47.6, -0.018556701030927807], "1/13/2016": [47.8, 0.004201680672268818], "1/14/2016": [46.8, -0.020920502092050212], "1/15/2016": [45.05, -0.03739316239316239], "1/18/2016": [46.5, 0.032186459489456226], "1/19/2016": [46.8, 0.006451612903225746], "1/20/2016": [45.85, -0.02029914529914521], "1/21/2016": [45.95, 0.0021810250817884715], "1/22/2016": [47.0, 0.02285092491838949], "1/25/2016": [47.95, 0.02021276595744687], "1/26/2016": [47.25, -0.01459854014598546], "1/27/2016": [47.3, 0.001058201058200998], "1/28/2016": [46.6, -0.014799154334037966], "1/29/2016": [47.0, 0.008583690987124432], "1/30/2016": [47.85, 0.018085106382978753], "2/1/2016": [47.05, -0.016718913270637497], "2/2/2016": [47.75, 0.01487778958554735], "2/3/2016": [46.9, -0.017801047120418877], "2/15/2016": [48.55, 0.03518123667377396], "2/16/2016": [49.0, 0.009268795056642696], "2/17/2016": [48.5, -0.01020408163265306], "2/18/2016": [48.4, -0.002061855670103122], "2/19/2016": [48.05, -0.007231404958677716], "2/22/2016": [49.9, 0.03850156087408952], "2/23/2016": [49.95, 0.0010020040080161176], "2/24/2016": [49.6, -0.007007007007007035], "2/25/2016": [51.5, 0.0383064516129032], "2/26/2016": [51.5, 0.0], "3/1/2016": [52.7, 0.023300970873786464], "3/2/2016": [52.9, 0.003795066413662158], "3/3/2016": [52.9, 0.0], "3/4/2016": [52.3, -0.011342155009451823], "3/7/2016": [51.5, -0.015296367112810653], "3/8/2016": [53.0, 0.02912621359223301], "3/9/2016": [52.0, -0.018867924528301886], "3/10/2016": [52.1, 0.0019230769230769505], "3/11/2016": [51.7, -0.007677543186180395], "3/14/2016": [51.9, 0.0038684719535782537], "3/15/2016": [49.65, -0.04335260115606936], "3/16/2016": [50.7, 0.021148036253776523], "3/17/2016": [50.5, -0.003944773175542462], "3/18/2016": [50.5, 0.0], "3/21/2016": [50.3, -0.003960396039604017], "3/22/2016": [50.3, 0.0], "3/23/2016": [51.0, 0.013916500994035843], "3/24/2016": [51.6, 0.011764705882352969], "3/25/2016": [51.1, -0.009689922480620155], "3/28/2016": [50.1, -0.019569471624266144], "3/29/2016": [49.85, -0.00499001996007984], "3/30/2016": [50.1, 0.0050150451354062184], "3/31/2016": [49.6, -0.00998003992015968], "4/1/2016": [49.0, -0.012096774193548416], "4/6/2016": [48.3, -0.014285714285714344], "4/7/2016": [48.8, 0.010351966873706004], "4/8/2016": [48.8, 0.0], "4/11/2016": [49.25, 0.009221311475409895], "4/12/2016": [48.25, -0.02030456852791878], "4/13/2016": [49.0, 0.015544041450777202], "4/14/2016": [49.0, 0.0], "4/15/2016": [48.8, -0.004081632653061282], "4/18/2016": [48.25, -0.011270491803278632], "4/19/2016": [48.85, 0.01243523316062179], "4/20/2016": [48.7, -0.0030706243602865624], "4/21/2016": [48.45, -0.00513347022587269], "4/22/2016": [47.6, -0.017543859649122834], "4/25/2016": [46.95, -0.01365546218487392], "4/26/2016": [47.1, 0.0031948881789137075], "4/27/2016": [47.25, 0.003184713375796148], "4/28/2016": [47.55, 0.006349206349206289], "4/29/2016": [46.75, -0.016824395373291213], "5/3/2016": [47.2, 0.009625668449197922], "5/4/2016": [47.1, -0.00211864406779664], "5/5/2016": [47.0, -0.002123142250530816], "5/6/2016": [46.5, -0.010638297872340425], "5/9/2016": [45.0, -0.03225806451612903], "5/10/2016": [44.3, -0.01555555555555562], "5/11/2016": [43.6, -0.015801354401805773], "5/12/2016": [44.7, 0.02522935779816517], "5/13/2016": [45.0, 0.00671140939597309], "5/16/2016": [44.8, -0.004444444444444508], "5/17/2016": [44.6, -0.0044642857142856195], "5/18/2016": [44.8, 0.0044843049327353305], "5/19/2016": [44.55, -0.005580357142857143], "5/20/2016": [45.0, 0.010101010101010166], "5/23/2016": [47.3, 0.051111111111111045], "5/24/2016": [46.65, -0.013742071881606735], "5/25/2016": [47.0, 0.007502679528403031], "5/26/2016": [47.9, 0.019148936170212735], "5/27/2016": [47.25, -0.013569937369519804], "5/30/2016": [47.95, 0.014814814814814874], "5/31/2016": [48.4, 0.009384775808133383], "6/1/2016": [48.3, -0.0020661157024793684], "6/2/2016": [48.0, -0.006211180124223544], "6/3/2016": [47.8, -0.004166666666666726], "6/4/2016": [47.65, -0.003138075313807502], "6/6/2016": [48.0, 0.0073452256033578476], "6/7/2016": [48.3, 0.0062499999999999405], "6/8/2016": [48.0, -0.006211180124223544], "6/13/2016": [47.2, -0.016666666666666607], "6/14/2016": [47.3, 0.0021186440677964896], "6/15/2016": [47.05, -0.005285412262156448], "6/16/2016": [47.2, 0.003188097768331683], "6/17/2016": [47.2, 0.0], "6/20/2016": [47.4, 0.00423728813559313], "6/21/2016": [52.1, 0.09915611814345998], "6/22/2016": [52.8, 0.013435700575815657], "6/23/2016": [52.8, 0.0], "6/24/2016": [52.8, 0.0], "6/27/2016": [55.3, 0.04734848484848485], "6/28/2016": [56.8, 0.027124773960217], "6/29/2016": [57.2, 0.007042253521126861], "6/30/2016": [56.6, -0.010489510489510514], "7/1/2016": [57.7, 0.01943462897526504], "7/4/2016": [57.0, -0.012131715771230551], "7/5/2016": [56.4, -0.01052631578947371], "7/6/2016": [55.2, -0.021276595744680778], "7/7/2016": [55.3, 0.0018115942028984477], "7/11/2016": [57.5, 0.03978300180831832], "7/12/2016": [60.3, 0.048695652173912994], "7/13/2016": [59.7, -0.009950248756218812], "7/14/2016": [59.9, 0.003350083752093731], "7/15/2016": [59.8, -0.0016694490818030287], "7/18/2016": [59.5, -0.005016722408026708], "7/19/2016": [58.4, -0.018487394957983218], "7/20/2016": [58.9, 0.008561643835616438], "7/21/2016": [58.7, -0.0033955857385398257], "7/22/2016": [58.0, -0.011925042589437867], "7/25/2016": [58.5, 0.008620689655172414], "7/26/2016": [63.0, 0.07692307692307693], "7/27/2016": [61.2, -0.028571428571428525], "7/28/2016": [61.8, 0.009803921568627357], "7/29/2016": [62.0, 0.0032362459546926028], "8/1/2016": [61.3, -0.011290322580645207], "8/2/2016": [62.3, 0.016313213703099513], "8/3/2016": [61.8, -0.008025682182985555], "8/4/2016": [64.1, 0.037216828478964355], "8/5/2016": [64.3, 0.0031201248049922445], "8/8/2016": [63.6, -0.010886469673405844], "8/9/2016": [62.1, -0.023584905660377357], "8/10/2016": [62.1, 0.0], "8/11/2016": [62.8, 0.011272141706924246], "8/12/2016": [63.0, 0.0031847133757962236], "8/15/2016": [65.3, 0.03650793650793646], "8/16/2016": [64.0, -0.019908116385911136], "8/17/2016": [62.7, -0.020312499999999956], "8/18/2016": [61.2, -0.023923444976076555], "8/19/2016": [60.8, -0.006535947712418394], "8/22/2016": [60.7, -0.0016447368421051698], "8/23/2016": [61.0, 0.004942339373970299], "8/24/2016": [60.1, -0.014754098360655714], "8/25/2016": [58.6, -0.024958402662229616], "8/26/2016": [58.3, -0.0051194539249147485], "8/29/2016": [58.9, 0.0102915951972556], "8/30/2016": [58.4, -0.008488964346349746], "8/31/2016": [57.3, -0.018835616438356188], "9/1/2016": [57.3, 0.0], "9/2/2016": [54.4, -0.05061082024432807], "9/5/2016": [55.8, 0.025735294117647033], "9/6/2016": [57.2, 0.025089605734767127], "9/7/2016": [57.0, -0.003496503496503546], "9/8/2016": [56.7, -0.0052631578947367925], "9/9/2016": [56.8, 0.0017636684303349967], "9/10/2016": [55.2, -0.028169014084506942], "9/12/2016": [55.0, -0.0036231884057971527], "9/13/2016": [54.9, -0.001818181818181844], "9/14/2016": [53.0, -0.03460837887067393], "9/19/2016": [54.7, 0.03207547169811326], "9/20/2016": [54.0, -0.012797074954296212], "9/21/2016": [54.1, 0.0018518518518518782], "9/22/2016": [54.5, 0.0073937153419593084], "9/23/2016": [57.2, 0.049541284403669776], "9/26/2016": [56.2, -0.01748251748251748], "9/29/2016": [55.6, -0.010676156583629918], "9/30/2016": [55.1, -0.008992805755395683], "10/3/2016": [53.8, -0.023593466424682474], "10/4/2016": [54.0, 0.003717472118959161], "10/5/2016": [53.7, -0.005555555555555503], "10/6/2016": [54.7, 0.018621973929236497], "10/7/2016": [53.6, -0.020109689213893993], "10/11/2016": [50.2, -0.0634328358208955], "10/12/2016": [51.0, 0.015936254980079625], "10/13/2016": [50.7, -0.005882352941176415], "10/14/2016": [49.5, -0.023668639053254493],