{"1/4/2016": [20.8, ""], "1/5/2016": [20.0, -0.03846153846153849], "1/6/2016": [20.45, 0.022499999999999964], "1/7/2016": [19.8, -0.03178484107579455], "1/8/2016": [20.75, 0.04797979797979794], "1/11/2016": [20.75, 0.0], "1/12/2016": [20.15, -0.02891566265060248], "1/13/2016": [20.15, 0.0], "1/14/2016": [19.6, -0.02729528535980135], "1/15/2016": [19.4, -0.010204081632653206], "1/18/2016": [19.95, 0.028350515463917564], "1/19/2016": [19.95, 0.0], "1/20/2016": [20.05, 0.005012531328320874], "1/21/2016": [19.95, -0.0049875311720698964], "1/22/2016": [19.95, 0.0], "1/25/2016": [20.0, 0.002506265664160437], "1/26/2016": [20.3, 0.015000000000000036], "1/27/2016": [20.5, 0.009852216748768438], "1/28/2016": [20.65, 0.007317073170731638], "1/29/2016": [21.2, 0.02663438256658599], "1/30/2016": [21.2, 0.0], "2/1/2016": [20.9, -0.014150943396226448], "2/2/2016": [20.95, 0.0023923444976076897], "2/3/2016": [21.95, 0.0477326968973747], "2/15/2016": [22.1, 0.006833712984054767], "2/16/2016": [22.15, 0.0022624434389138985], "2/17/2016": [21.8, -0.015801354401805773], "2/18/2016": [22.2, 0.018348623853210944], "2/19/2016": [24.4, 0.09909909909909907], "2/22/2016": [22.7, -0.06967213114754096], "2/23/2016": [22.5, -0.00881057268722464], "2/24/2016": [22.5, 0.0], "2/25/2016": [22.4, -0.004444444444444508], "2/26/2016": [22.05, -0.015624999999999906], "3/1/2016": [21.45, -0.02721088435374156], "3/2/2016": [21.45, 0.0], "3/3/2016": [21.25, -0.009324009324009291], "3/4/2016": [21.4, 0.007058823529411698], "3/7/2016": [21.25, -0.007009345794392457], "3/8/2016": [20.9, -0.016470588235294185], "3/9/2016": [21.0, 0.004784688995215379], "3/10/2016": [21.35, 0.016666666666666736], "3/11/2016": [20.5, -0.039812646370023484], "3/14/2016": [20.5, 0.0], "3/15/2016": [19.9, -0.029268292682926897], "3/16/2016": [20.0, 0.005025125628140776], "3/17/2016": [20.05, 0.0025000000000000356], "3/18/2016": [19.95, -0.0049875311720698964], "3/21/2016": [20.6, 0.03258145363408532], "3/22/2016": [20.15, -0.021844660194174893], "3/23/2016": [19.9, -0.01240694789081886], "3/24/2016": [19.9, 0.0], "3/25/2016": [20.1, 0.010050251256281551], "3/28/2016": [19.8, -0.014925373134328393], "3/29/2016": [19.0, -0.040404040404040435], "3/30/2016": [19.2, 0.010526315789473648], "3/31/2016": [18.7, -0.026041666666666668], "4/1/2016": [18.3, -0.021390374331550728], "4/6/2016": [18.4, 0.005464480874316823], "4/7/2016": [18.75, 0.01902173913043486], "4/8/2016": [18.45, -0.01600000000000004], "4/11/2016": [17.6, -0.04607046070460693], "4/12/2016": [17.35, -0.014204545454545454], "4/13/2016": [17.6, 0.01440922190201729], "4/14/2016": [18.1, 0.028409090909090908], "4/15/2016": [17.85, -0.013812154696132596], "4/18/2016": [18.3, 0.025210084033613404], "4/19/2016": [19.05, 0.040983606557377046], "4/20/2016": [18.8, -0.013123359580052493], "4/21/2016": [18.9, 0.005319148936170099], "4/22/2016": [19.25, 0.018518518518518594], "4/25/2016": [19.5, 0.012987012987012988], "4/26/2016": [19.6, 0.005128205128205201], "4/27/2016": [19.25, -0.01785714285714293], "4/28/2016": [19.35, 0.0051948051948052685], "4/29/2016": [19.25, -0.005167958656330822], "5/3/2016": [19.35, 0.0051948051948052685], "5/4/2016": [19.1, -0.012919896640826873], "5/5/2016": [19.6, 0.026178010471204185], "5/6/2016": [19.0, -0.030612244897959252], "5/9/2016": [19.1, 0.005263157894736917], "5/10/2016": [19.5, 0.020942408376963276], "5/11/2016": [19.05, -0.02307692307692304], "5/12/2016": [19.0, -0.002624671916010536], "5/13/2016": [19.05, 0.0026315789473684583], "5/16/2016": [18.6, -0.02362204724409445], "5/17/2016": [18.5, -0.005376344086021581], "5/18/2016": [18.45, -0.002702702702702741], "5/19/2016": [18.4, -0.0027100271002710413], "5/20/2016": [19.0, 0.032608695652173995], "5/23/2016": [19.0, 0.0], "5/24/2016": [18.9, -0.005263157894736917], "5/25/2016": [18.8, -0.005291005291005179], "5/26/2016": [18.8, 0.0], "5/27/2016": [18.6, -0.010638297872340387], "5/30/2016": [18.75, 0.008064516129032182], "5/31/2016": [19.1, 0.01866666666666674], "6/1/2016": [19.2, 0.005235602094240726], "6/2/2016": [18.9, -0.015625000000000038], "6/3/2016": [18.6, -0.015873015873015723], "6/4/2016": [18.55, -0.0026881720430107906], "6/6/2016": [18.3, -0.013477088948787061], "6/7/2016": [18.35, 0.0027322404371585085], "6/8/2016": [18.6, 0.013623978201634876], "6/13/2016": [18.45, -0.008064516129032372], "6/14/2016": [18.6, 0.008130081300813123], "6/15/2016": [19.4, 0.04301075268817189], "6/16/2016": [19.45, 0.002577319587628903], "6/17/2016": [19.05, -0.02056555269922872], "6/20/2016": [18.8, -0.013123359580052493], "6/21/2016": [18.8, 0.0], "6/22/2016": [18.6, -0.010638297872340387], "6/23/2016": [19.2, 0.03225806451612891], "6/24/2016": [19.45, 0.013020833333333334], "6/27/2016": [20.55, 0.05655526992287925], "6/28/2016": [20.2, -0.01703163017031637], "6/29/2016": [20.5, 0.014851485148514887], "6/30/2016": [20.55, 0.002439024390243937], "7/1/2016": [19.8, -0.0364963503649635], "7/4/2016": [20.5, 0.03535353535353532], "7/5/2016": [20.55, 0.002439024390243937], "7/6/2016": [20.9, 0.017031630170316198], "7/7/2016": [22.05, 0.05502392344497618], "7/11/2016": [21.9, -0.00680272108843547], "7/12/2016": [21.55, -0.015981735159817254], "7/13/2016": [21.85, 0.01392111368909516], "7/14/2016": [21.35, -0.02288329519450801], "7/15/2016": [21.45, 0.00468384074941442], "7/18/2016": [21.25, -0.009324009324009291], "7/19/2016": [21.45, 0.00941176470588232], "7/20/2016": [21.1, -0.01631701631701622], "7/21/2016": [21.8, 0.03317535545023693], "7/22/2016": [22.2, 0.018348623853210944], "7/25/2016": [22.7, 0.022522522522522525], "7/26/2016": [23.4, 0.030837004405286313], "7/27/2016": [23.4, 0.0], "7/28/2016": [23.55, 0.006410256410256502], "7/29/2016": [23.55, 0.0], "8/1/2016": [23.15, -0.016985138004246374], "8/2/2016": [23.1, -0.0021598272138227716], "8/3/2016": [23.25, 0.0064935064935064315], "8/4/2016": [23.15, -0.004301075268817265], "8/5/2016": [22.8, -0.015118790496760168], "8/8/2016": [23.5, 0.03070175438596488], "8/9/2016": [23.2, -0.012765957446808541], "8/10/2016": [23.2, 0.0], "8/11/2016": [22.55, -0.028017241379310283], "8/12/2016": [22.05, -0.022172949002217293], "8/15/2016": [21.8, -0.011337868480725623], "8/16/2016": [22.4, 0.027522935779816415], "8/17/2016": [22.2, -0.008928571428571397], "8/18/2016": [22.2, 0.0], "8/19/2016": [22.2, 0.0], "8/22/2016": [22.5, 0.013513513513513545], "8/23/2016": [22.45, -0.002222222222222254], "8/24/2016": [22.5, 0.0022271714922049313], "8/25/2016": [24.0, 0.06666666666666667], "8/26/2016": [23.9, -0.004166666666666726], "8/29/2016": [25.3, 0.058577405857740676], "8/30/2016": [24.9, -0.01581027667984198], "8/31/2016": [24.9, 0.0], "9/1/2016": [24.8, -0.004016064257028027], "9/2/2016": [24.5, -0.012096774193548416], "9/5/2016": [24.55, 0.002040816326530641], "9/6/2016": [25.0, 0.018329938900203638], "9/7/2016": [25.15, 0.005999999999999943], "9/8/2016": [25.55, 0.01590457256461241], "9/9/2016": [25.5, -0.001956947162426642], "9/10/2016": [24.35, -0.04509803921568622], "9/12/2016": [24.35, 0.0], "9/13/2016": [24.6, 0.01026694045174538], "9/14/2016": [24.5, -0.004065040650406562], "9/19/2016": [24.7, 0.00816326530612242], "9/20/2016": [24.1, -0.024291497975708416], "9/21/2016": [24.1, 0.0], "9/22/2016": [23.8, -0.012448132780083016], "9/23/2016": [24.7, 0.03781512605042011], "9/26/2016": [24.05, -0.026315789473684154], "9/29/2016": [23.8, -0.010395010395010394], "9/30/2016": [23.5, -0.012605042016806753], "10/3/2016": [23.45, -0.0021276595744681155], "10/4/2016": [23.5, 0.0021321961620469386], "10/5/2016": [23.5, 0.0], "10/6/2016": [23.5, 0.0], "10/7/2016": [23.35, -0.006382978723404195], "10/11/2016": [21.75, -0.06852248394004289], "10/12/2016": [21.1, -0.0298850574712643], "10/13/2016": [21.0, -0.004739336492891062], "10/14/2016": [20.15, -0.04047619047619054], "10/17/2016": [21.75, 0.07940446650124076], "10/18/2016": [22.0, 0.011494252873563218], "10/19/2016": [21.35, -0.029545454545454482], "10/20/2016": [21.45, 0.00468384074941442],