{"1/4/2016": [114.0, ""], "1/5/2016": [113.5, -0.0043859649122807015], "1/6/2016": [112.0, -0.013215859030837005], "1/7/2016": [106.0, -0.05357142857142857], "1/8/2016": [109.0, 0.02830188679245283], "1/11/2016": [105.0, -0.03669724770642202], "1/12/2016": [105.5, 0.004761904761904762], "1/13/2016": [104.5, -0.009478672985781991], "1/14/2016": [105.5, 0.009569377990430622], "1/15/2016": [107.0, 0.014218009478672985], "1/18/2016": [107.5, 0.004672897196261682], "1/19/2016": [106.5, -0.009302325581395349], "1/20/2016": [106.5, 0.0], "1/21/2016": [105.0, -0.014084507042253521], "1/22/2016": [104.0, -0.009523809523809525], "1/25/2016": [105.0, 0.009615384615384616], "1/26/2016": [104.0, -0.009523809523809525], "1/27/2016": [104.5, 0.004807692307692308], "1/28/2016": [106.5, 0.019138755980861243], "1/29/2016": [109.0, 0.023474178403755867], "1/30/2016": [111.0, 0.01834862385321101], "2/1/2016": [109.5, -0.013513513513513514], "2/2/2016": [111.0, 0.0136986301369863], "2/3/2016": [110.0, -0.009009009009009009], "2/15/2016": [108.0, -0.01818181818181818], "2/16/2016": [108.5, 0.004629629629629629], "2/17/2016": [109.5, 0.009216589861751152], "2/18/2016": [111.0, 0.0136986301369863], "2/19/2016": [111.5, 0.0045045045045045045], "2/22/2016": [110.0, -0.013452914798206279], "2/23/2016": [109.0, -0.00909090909090909], "2/24/2016": [107.0, -0.01834862385321101], "2/25/2016": [108.5, 0.014018691588785047], "2/26/2016": [110.0, 0.013824884792626729], "3/1/2016": [113.0, 0.02727272727272727], "3/2/2016": [115.5, 0.022123893805309734], "3/3/2016": [114.0, -0.012987012987012988], "3/4/2016": [113.5, -0.0043859649122807015], "3/7/2016": [112.0, -0.013215859030837005], "3/8/2016": [112.0, 0.0], "3/9/2016": [112.5, 0.004464285714285714], "3/10/2016": [118.0, 0.04888888888888889], "3/11/2016": [117.0, -0.00847457627118644], "3/14/2016": [121.5, 0.038461538461538464], "3/15/2016": [128.0, 0.053497942386831275], "3/16/2016": [125.5, -0.01953125], "3/17/2016": [123.0, -0.0199203187250996], "3/18/2016": [113.5, -0.07723577235772358], "3/21/2016": [115.0, 0.013215859030837005], "3/22/2016": [116.0, 0.008695652173913044], "3/23/2016": [115.0, -0.008620689655172414], "3/24/2016": [115.0, 0.0], "3/25/2016": [114.0, -0.008695652173913044], "3/28/2016": [112.5, -0.013157894736842105], "3/29/2016": [111.0, -0.013333333333333334], "3/30/2016": [111.0, 0.0], "3/31/2016": [112.0, 0.009009009009009009], "4/1/2016": [112.0, 0.0], "4/6/2016": [111.5, -0.004464285714285714], "4/7/2016": [115.5, 0.03587443946188341], "4/8/2016": [112.5, -0.025974025974025976], "4/11/2016": [112.5, 0.0], "4/12/2016": [112.0, -0.0044444444444444444], "4/13/2016": [110.0, -0.017857142857142856], "4/14/2016": [111.0, 0.00909090909090909], "4/15/2016": [110.0, -0.009009009009009009], "4/18/2016": [112.0, 0.01818181818181818], "4/19/2016": [115.0, 0.026785714285714284], "4/20/2016": [112.5, -0.021739130434782608], "4/21/2016": [114.0, 0.013333333333333334], "4/22/2016": [112.0, -0.017543859649122806], "4/25/2016": [112.0, 0.0], "4/26/2016": [112.0, 0.0], "4/27/2016": [111.0, -0.008928571428571428], "4/28/2016": [111.0, 0.0], "4/29/2016": [110.0, -0.009009009009009009], "5/3/2016": [108.0, -0.01818181818181818], "5/4/2016": [105.5, -0.023148148148148147], "5/5/2016": [106.0, 0.004739336492890996], "5/6/2016": [105.5, -0.0047169811320754715], "5/9/2016": [106.0, 0.004739336492890996], "5/10/2016": [106.5, 0.0047169811320754715], "5/11/2016": [106.0, -0.004694835680751174], "5/12/2016": [106.0, 0.0], "5/13/2016": [106.0, 0.0], "5/16/2016": [105.5, -0.0047169811320754715], "5/17/2016": [106.0, 0.004739336492890996], "5/18/2016": [105.0, -0.009433962264150943], "5/19/2016": [106.5, 0.014285714285714285], "5/20/2016": [105.5, -0.009389671361502348], "5/23/2016": [106.0, 0.004739336492890996], "5/24/2016": [107.0, 0.009433962264150943], "5/25/2016": [107.5, 0.004672897196261682], "5/26/2016": [106.5, -0.009302325581395349], "5/27/2016": [107.5, 0.009389671361502348], "5/30/2016": [108.0, 0.004651162790697674], "5/31/2016": [108.5, 0.004629629629629629], "6/1/2016": [110.5, 0.018433179723502304], "6/2/2016": [109.0, -0.013574660633484163], "6/3/2016": [109.0, 0.0], "6/4/2016": [109.0, 0.0], "6/6/2016": [109.5, 0.0045871559633027525], "6/7/2016": [109.5, 0.0], "6/8/2016": [108.0, -0.0136986301369863], "6/13/2016": [106.0, -0.018518518518518517], "6/14/2016": [106.0, 0.0], "6/15/2016": [105.5, -0.0047169811320754715], "6/16/2016": [106.0, 0.004739336492890996], "6/17/2016": [106.5, 0.0047169811320754715], "6/20/2016": [105.5, -0.009389671361502348], "6/21/2016": [105.0, -0.004739336492890996], "6/22/2016": [105.5, 0.004761904761904762], "6/23/2016": [105.0, -0.004739336492890996], "6/24/2016": [103.0, -0.01904761904761905], "6/27/2016": [103.5, 0.0048543689320388345], "6/28/2016": [103.5, 0.0], "6/29/2016": [104.0, 0.004830917874396135], "6/30/2016": [104.0, 0.0], "7/1/2016": [105.0, 0.009615384615384616], "7/4/2016": [104.5, -0.004761904761904762], "7/5/2016": [104.0, -0.004784688995215311], "7/6/2016": [103.0, -0.009615384615384616], "7/7/2016": [103.0, 0.0], "7/11/2016": [103.5, 0.0048543689320388345], "7/12/2016": [103.5, 0.0], "7/13/2016": [104.0, 0.004830917874396135], "7/14/2016": [105.0, 0.009615384615384616], "7/15/2016": [105.0, 0.0], "7/18/2016": [104.5, -0.004761904761904762], "7/19/2016": [105.0, 0.004784688995215311], "7/20/2016": [105.0, 0.0], "7/21/2016": [105.0, 0.0], "7/22/2016": [106.0, 0.009523809523809525], "7/25/2016": [106.0, 0.0], "7/26/2016": [101.0, -0.04716981132075472], "7/27/2016": [101.5, 0.0049504950495049506], "7/28/2016": [101.5, 0.0], "7/29/2016": [101.5, 0.0], "8/1/2016": [103.0, 0.014778325123152709], "8/2/2016": [104.0, 0.009708737864077669], "8/3/2016": [104.0, 0.0], "8/4/2016": [103.0, -0.009615384615384616], "8/5/2016": [102.5, -0.0048543689320388345], "8/8/2016": [104.5, 0.01951219512195122], "8/9/2016": [103.5, -0.009569377990430622], "8/10/2016": [102.5, -0.00966183574879227], "8/11/2016": [102.0, -0.004878048780487805], "8/12/2016": [102.0, 0.0], "8/15/2016": [103.0, 0.00980392156862745], "8/16/2016": [102.5, -0.0048543689320388345], "8/17/2016": [105.0, 0.024390243902439025], "8/18/2016": [105.0, 0.0], "8/19/2016": [106.5, 0.014285714285714285], "8/22/2016": [104.0, -0.023474178403755867], "8/23/2016": [105.0, 0.009615384615384616], "8/24/2016": [105.5, 0.004761904761904762], "8/25/2016": [107.0, 0.014218009478672985], "8/26/2016": [106.0, -0.009345794392523364], "8/29/2016": [107.5, 0.014150943396226415], "8/30/2016": [106.0, -0.013953488372093023], "8/31/2016": [107.0, 0.009433962264150943], "9/1/2016": [106.0, -0.009345794392523364], "9/2/2016": [105.5, -0.0047169811320754715], "9/5/2016": [107.5, 0.018957345971563982], "9/6/2016": [108.0, 0.004651162790697674], "9/7/2016": [109.5, 0.013888888888888888], "9/8/2016": [108.5, -0.0091324200913242], "9/9/2016": [107.0, -0.013824884792626729], "9/10/2016": [106.0, -0.009345794392523364], "9/12/2016": [104.0, -0.018867924528301886], "9/13/2016": [104.5, 0.004807692307692308], "9/14/2016": [105.0, 0.004784688995215311], "9/19/2016": [106.0, 0.009523809523809525], "9/20/2016": [106.0, 0.0], "9/21/2016": [107.0, 0.009433962264150943], "9/22/2016": [105.0, -0.018691588785046728], "9/23/2016": [107.0, 0.01904761904761905], "9/26/2016": [105.5, -0.014018691588785047], "9/29/2016": [105.5, 0.0], "9/30/2016": [105.0, -0.004739336492890996], "10/3/2016": [104.0, -0.009523809523809525], "10/4/2016": [105.0, 0.009615384615384616], "10/5/2016": [105.0, 0.0], "10/6/2016": [104.5, -0.004761904761904762], "10/7/2016": [105.0, 0.004784688995215311], "10/11/2016": [105.0, 0.0], "10/12/2016": [104.5, -0.004761904761904762], "10/13/2016": [103.0, -0.014354066985645933], "10/14/2016": [102.5, -0.0048543689320388345], "10/17/2016": [102.5, 0.0], "10/18/2016": [103.5, 0.00975609756097561], "10/19/2016": [102.0, -0.014492753623188406], "10/20/2016": [101.0, -0.00980392156862745], "10/21/2016": [101.0, 0.0], "10/24/2016": [100.0, -0.009900990099009901],