{"3/4/2016": [33.9, ""], "3/7/2016": [31.75, -0.06342182890855454], "3/8/2016": [32.2, 0.014173228346456783], "3/9/2016": [31.8, -0.01242236024844727], "3/10/2016": [31.55, -0.007861635220125786], "3/11/2016": [30.65, -0.028526148969889132], "3/14/2016": [30.55, -0.003262642740619833], "3/15/2016": [30.8, 0.008183306055646482], "3/16/2016": [31.8, 0.032467532467532464], "3/17/2016": [31.3, -0.015723270440251572], "3/18/2016": [31.8, 0.01597444089456869], "3/21/2016": [32.0, 0.006289308176100607], "3/22/2016": [32.3, 0.009374999999999911], "3/23/2016": [33.0, 0.021671826625387088], "3/24/2016": [32.7, -0.009090909090909005], "3/25/2016": [32.7, 0.0], "3/28/2016": [33.0, 0.009174311926605417], "3/29/2016": [31.7, -0.03939393939393942], "3/30/2016": [32.1, 0.012618296529968522], "3/31/2016": [32.2, 0.0031152647975078323], "4/1/2016": [32.35, 0.004658385093167658], "4/6/2016": [31.9, -0.013910355486862529], "4/7/2016": [31.95, 0.0015673981191222793], "4/8/2016": [32.0, 0.0015649452269170803], "4/11/2016": [31.65, -0.010937500000000044], "4/12/2016": [32.2, 0.01737756714060045], "4/13/2016": [32.0, -0.0062111801242236905], "4/14/2016": [32.1, 0.0031250000000000444], "4/15/2016": [32.0, -0.0031152647975078323], "4/18/2016": [32.35, 0.010937500000000044], "4/19/2016": [32.3, -0.0015455950540959587], "4/20/2016": [32.6, 0.00928792569659456], "4/21/2016": [32.2, -0.012269938650306704], "4/22/2016": [31.9, -0.009316770186335536], "4/25/2016": [31.6, -0.009404388714733454], "4/26/2016": [31.65, 0.0015822784810125682], "4/27/2016": [31.45, -0.006319115323854639], "4/28/2016": [31.5, 0.0015898251192369066], "4/29/2016": [31.05, -0.014285714285714263], "5/3/2016": [30.75, -0.009661835748792293], "5/4/2016": [30.45, -0.009756097560975632], "5/5/2016": [30.65, 0.006568144499178959], "5/6/2016": [31.4, 0.024469820554649267], "5/9/2016": [31.05, -0.011146496815286558], "5/10/2016": [31.0, -0.0016103059581320679], "5/11/2016": [32.1, 0.035483870967741984], "5/12/2016": [35.3, 0.09968847352024908], "5/13/2016": [37.15, 0.05240793201133149], "5/16/2016": [35.75, -0.037685060565275874], "5/17/2016": [36.35, 0.01678321678321682], "5/18/2016": [36.75, 0.011004126547455256], "5/19/2016": [36.25, -0.013605442176870748], "5/20/2016": [35.6, -0.01793103448275858], "5/23/2016": [36.0, 0.011235955056179735], "5/24/2016": [36.1, 0.0027777777777778173], "5/25/2016": [36.15, 0.0013850415512464587], "5/26/2016": [36.45, 0.00829875518672211], "5/27/2016": [38.95, 0.06858710562414265], "5/30/2016": [39.05, 0.002567394094993435], "5/31/2016": [38.5, -0.014084507042253449], "6/1/2016": [38.45, -0.001298701298701225], "6/2/2016": [37.9, -0.014304291287386325], "6/3/2016": [38.45, 0.014511873350923596], "6/4/2016": [39.15, 0.018205461638491436], "6/6/2016": [38.8, -0.008939974457215873], "6/7/2016": [38.65, -0.0038659793814432627], "6/8/2016": [39.0, 0.009055627425614526], "6/13/2016": [38.05, -0.024358974358974432], "6/14/2016": [38.25, 0.005256241787122282], "6/15/2016": [38.2, -0.0013071895424835859], "6/16/2016": [38.95, 0.01963350785340314], "6/17/2016": [39.7, 0.01925545571245186], "6/20/2016": [39.7, 0.0], "6/21/2016": [39.55, -0.003778337531486289], "6/22/2016": [38.8, -0.018963337547408345], "6/23/2016": [38.8, 0.0], "6/24/2016": [37.6, -0.030927835051546285], "6/27/2016": [38.05, 0.011968085106382864], "6/28/2016": [37.75, -0.007884362680683238], "6/29/2016": [38.35, 0.015894039735099376], "6/30/2016": [38.5, 0.003911342894393705], "7/1/2016": [38.5, 0.0], "7/4/2016": [38.25, -0.006493506493506494], "7/5/2016": [37.9, -0.009150326797385658], "7/6/2016": [37.7, -0.005277044854881154], "7/7/2016": [38.0, 0.007957559681697536], "7/11/2016": [38.7, 0.018421052631579022], "7/12/2016": [38.3, -0.010335917312661645], "7/13/2016": [38.4, 0.0026109660574412906], "7/14/2016": [38.5, 0.002604166666666704], "7/15/2016": [38.5, 0.0], "7/18/2016": [39.4, 0.02337662337662334], "7/19/2016": [43.3, 0.09898477157360402], "7/20/2016": [43.9, 0.013856812933025438], "7/21/2016": [45.8, 0.04328018223234621], "7/22/2016": [45.8, 0.0], "7/25/2016": [46.85, 0.022925764192139833], "7/26/2016": [45.65, -0.025613660618996857], "7/27/2016": [44.8, -0.018619934282584915], "7/28/2016": [45.4, 0.013392857142857175], "7/29/2016": [45.0, -0.00881057268722464], "8/1/2016": [45.1, 0.002222222222222254], "8/2/2016": [48.2, 0.06873614190687365], "8/3/2016": [49.0, 0.016597510373443924], "8/4/2016": [48.2, -0.01632653061224484], "8/5/2016": [48.4, 0.004149377593360907], "8/8/2016": [48.0, -0.008264462809917326], "8/9/2016": [47.35, -0.013541666666666638], "8/10/2016": [48.0, 0.013727560718056992], "8/11/2016": [46.9, -0.022916666666666696], "8/12/2016": [46.4, -0.010660980810234541], "8/15/2016": [44.35, -0.04418103448275856], "8/16/2016": [44.6, 0.005636978579481398], "8/17/2016": [43.95, -0.014573991031390102], "8/18/2016": [44.05, 0.0022753128555175043], "8/19/2016": [44.45, 0.009080590238365624], "8/22/2016": [44.2, -0.00562429696287964], "8/23/2016": [44.2, 0.0], "8/24/2016": [44.85, 0.014705882352941143], "8/25/2016": [45.0, 0.003344481605351139], "8/26/2016": [44.05, -0.021111111111111174], "8/29/2016": [43.9, -0.003405221339387028], "8/30/2016": [43.7, -0.004555808656036349], "8/31/2016": [43.55, -0.0034324942791763313], "9/1/2016": [43.3, -0.0057405281285878304], "9/2/2016": [44.2, 0.02078521939953824], "9/5/2016": [43.8, -0.009049773755656236], "9/6/2016": [44.3, 0.011415525114155252], "9/7/2016": [44.6, 0.0067720090293454695], "9/8/2016": [46.2, 0.03587443946188344], "9/9/2016": [45.7, -0.010822510822510822], "9/10/2016": [44.8, -0.019693654266958547], "9/12/2016": [44.6, -0.0044642857142856195], "9/13/2016": [44.45, -0.0033632286995515376], "9/14/2016": [43.8, -0.014623172103487191], "9/19/2016": [44.0, 0.004566210045662165], "9/20/2016": [44.15, 0.003409090909090877], "9/21/2016": [44.15, 0.0], "9/22/2016": [43.9, -0.005662514156285391], "9/23/2016": [43.95, 0.0011389521640092087], "9/26/2016": [43.85, -0.0022753128555176656], "9/29/2016": [44.0, 0.0034207525655643918], "9/30/2016": [43.6, -0.00909090909090906], "10/3/2016": [43.95, 0.008027522935779848], "10/4/2016": [44.0, 0.0011376564277587522], "10/5/2016": [44.65, 0.014772727272727241], "10/6/2016": [44.8, 0.003359462486002208], "10/7/2016": [44.3, -0.011160714285714286], "10/11/2016": [42.5, -0.04063205417607217], "10/12/2016": [41.4, -0.025882352941176506], "10/13/2016": [41.3, -0.002415458937198102], "10/14/2016": [40.05, -0.030266343825665863], "10/17/2016": [40.2, 0.0037453183520600674], "10/18/2016": [40.2, 0.0], "10/19/2016": [40.1, -0.0024875621890547614], "10/20/2016": [40.4, 0.007481296758104667], "10/21/2016": [40.45, 0.0012376237623763432], "10/24/2016": [41.4, 0.023485784919653786], "10/25/2016": [41.4, 0.0], "10/26/2016": [41.7, 0.007246376811594306], "10/27/2016": [41.6, -0.0023980815347722164], "10/28/2016": [41.8, 0.004807692307692205], "10/31/2016": [41.95, 0.0035885167464116195], "11/1/2016": [46.1, 0.09892729439809293], "11/2/2016": [48.4, 0.04989154013015178], "11/3/2016": [46.8, -0.03305785123966945], "11/4/2016": [46.9, 0.0021367521367521673], "11/7/2016": [46.9, 0.0], "11/8/2016": [47.0, 0.0021321961620469386], "11/9/2016": [46.5, -0.010638297872340425], "11/10/2016": [48.4, 0.04086021505376341], "11/11/2016": [46.6, -0.037190082644628045], "11/14/2016": [46.2, -0.008583690987124432], "11/15/2016": [45.55, -0.014069264069264191], "11/16/2016": [45.8, 0.005488474204171241], "11/17/2016": [45.5, -0.006550218340611292], "11/18/2016": [47.2, 0.037362637362637424], "11/21/2016": [47.0, -0.00423728813559328], "11/22/2016": [45.95, -0.022340425531914832], "11/23/2016": [46.2, 0.005440696409140369], "11/24/2016": [45.8, -0.008658008658008781], "11/25/2016": [45.55, -0.005458515283842795], "11/28/2016": [45.8, 0.005488474204171241], "11/29/2016": [45.9, 0.002183406113537149], "11/30/2016": [46.0, 0.002178649237472798]}