{"1/4/2016": [6.45, ""], "1/5/2016": [6.49, 0.006201550387596904], "1/6/2016": [6.49, 0.0], "1/7/2016": [6.4, -0.013867488443759608], "1/8/2016": [6.47, 0.010937499999999906], "1/11/2016": [6.48, 0.0015455950540959314], "1/12/2016": [6.48, 0.0], "1/13/2016": [6.46, -0.0030864197530864907], "1/14/2016": [6.35, -0.017027863777089834], "1/15/2016": [6.17, -0.028346456692913344], "1/18/2016": [6.18, 0.0016207455429497223], "1/19/2016": [6.26, 0.01294498381877024], "1/20/2016": [6.54, 0.04472843450479237], "1/21/2016": [6.3, -0.03669724770642205], "1/22/2016": [6.33, 0.004761904761904801], "1/25/2016": [6.36, 0.004739336492891035], "1/26/2016": [6.39, 0.004716981132075371], "1/27/2016": [6.39, 0.0], "1/28/2016": [6.4, 0.0015649452269171635], "1/29/2016": [6.39, -0.0015625000000001055], "1/30/2016": [6.42, 0.004694835680751213], "2/1/2016": [6.41, -0.0015576323987538609], "2/2/2016": [6.38, -0.004680187207488338], "2/3/2016": [6.3, -0.012539184952978068], "2/15/2016": [6.4, 0.01587301587301596], "2/16/2016": [6.35, -0.007812500000000111], "2/17/2016": [6.42, 0.01102362204724414], "2/18/2016": [6.42, 0.0], "2/19/2016": [6.48, 0.009345794392523442], "2/22/2016": [6.49, 0.0015432098765431768], "2/23/2016": [6.48, -0.0015408320493065927], "2/24/2016": [6.4, -0.012345679012345689], "2/25/2016": [6.38, -0.003125000000000072], "2/26/2016": [6.5, 0.018808777429467103], "3/1/2016": [6.51, 0.0015384615384615057], "3/2/2016": [6.16, -0.053763440860215], "3/3/2016": [6.23, 0.011363636363636409], "3/4/2016": [6.42, 0.030497592295345023], "3/7/2016": [6.62, 0.03115264797507791], "3/8/2016": [6.56, -0.009063444108761405], "3/9/2016": [6.59, 0.004573170731707355], "3/10/2016": [6.6, 0.001517450682852775], "3/11/2016": [6.8, 0.03030303030303033], "3/14/2016": [6.88, 0.011764705882352951], "3/15/2016": [6.69, -0.02761627906976737], "3/16/2016": [6.69, 0.0], "3/17/2016": [6.63, -0.008968609865470926], "3/18/2016": [6.41, -0.03318250377073903], "3/21/2016": [6.5, 0.014040561622464877], "3/22/2016": [6.52, 0.0030769230769230114], "3/23/2016": [6.5, -0.003067484662576622], "3/24/2016": [6.5, 0.0], "3/25/2016": [6.54, 0.006153846153846159], "3/28/2016": [6.43, -0.016819571865443472], "3/29/2016": [6.49, 0.009331259720062286], "3/30/2016": [6.52, 0.004622496147919778], "3/31/2016": [6.51, -0.001533742331288311], "4/1/2016": [6.52, 0.001536098310291826], "4/6/2016": [6.5, -0.003067484662576622], "4/7/2016": [6.43, -0.010769230769230812], "4/8/2016": [6.56, 0.020217729393468102], "4/11/2016": [6.72, 0.024390243902439046], "4/12/2016": [6.79, 0.01041666666666671], "4/13/2016": [6.66, -0.019145802650957274], "4/14/2016": [6.62, -0.006006006006006011], "4/15/2016": [6.67, 0.007552870090634414], "4/18/2016": [6.76, 0.013493253373313321], "4/19/2016": [6.73, -0.004437869822485113], "4/20/2016": [6.67, -0.008915304606240787], "4/21/2016": [6.51, -0.02398800599700152], "4/22/2016": [6.58, 0.010752688172043055], "4/25/2016": [6.65, 0.010638297872340469], "4/26/2016": [6.66, 0.0015037593984962084], "4/27/2016": [6.52, -0.021021021021021106], "4/28/2016": [6.54, 0.0030674846625767583], "4/29/2016": [6.6, 0.009174311926605444], "5/3/2016": [6.62, 0.0030303030303031006], "5/4/2016": [6.58, -0.006042296072507558], "5/5/2016": [6.57, -0.0015197568389057428], "5/6/2016": [6.5, -0.010654490106544944], "5/9/2016": [6.53, 0.004615384615384654], "5/10/2016": [6.5, -0.004594180704441079], "5/11/2016": [6.53, 0.004615384615384654], "5/12/2016": [6.53, 0.0], "5/13/2016": [6.48, -0.007656967840735041], "5/16/2016": [6.39, -0.013888888888889003], "5/17/2016": [6.39, 0.0], "5/18/2016": [6.46, 0.01095461658841945], "5/19/2016": [6.43, -0.0046439628482972525], "5/20/2016": [6.35, -0.012441679626749623], "5/23/2016": [6.49, 0.02204724409448828], "5/24/2016": [6.31, -0.02773497688751935], "5/25/2016": [6.46, 0.023771790808240944], "5/26/2016": [6.89, 0.06656346749226001], "5/27/2016": [6.75, -0.020319303338171217], "5/30/2016": [6.77, 0.0029629629629629], "5/31/2016": [6.88, 0.01624815361890699], "6/1/2016": [6.84, -0.005813953488372098], "6/2/2016": [6.85, 0.0014619883040935362], "6/3/2016": [6.81, -0.005839416058394166], "6/4/2016": [6.84, 0.004405286343612372], "6/6/2016": [6.76, -0.01169590643274855], "6/7/2016": [6.82, 0.008875739644970487], "6/8/2016": [6.64, -0.026392961876832932], "6/13/2016": [6.64, 0.0], "6/14/2016": [6.86, 0.03313253012048203], "6/15/2016": [6.9, 0.005830903790087469], "6/16/2016": [6.83, -0.010144927536231925], "6/17/2016": [7.23, 0.0585651537335286], "6/20/2016": [7.89, 0.0912863070539418], "6/21/2016": [7.81, -0.010139416983523457], "6/22/2016": [7.68, -0.01664532650448142], "6/23/2016": [7.8, 0.015625000000000014], "6/24/2016": [7.33, -0.06025641025641022], "6/27/2016": [7.43, 0.013642564802182762], "6/28/2016": [7.55, 0.016150740242261118], "6/29/2016": [7.57, 0.0026490066225166174], "6/30/2016": [8.32, 0.09907529722589167], "7/1/2016": [8.08, -0.028846153846153872], "7/4/2016": [8.15, 0.008663366336633699], "7/5/2016": [8.15, 0.0], "7/6/2016": [7.78, -0.04539877300613498], "7/7/2016": [8.1, 0.041131105398457504], "7/11/2016": [8.09, -0.0012345679012345416], "7/12/2016": [7.65, -0.0543881334981458], "7/13/2016": [7.82, 0.022222222222222213], "7/14/2016": [7.95, 0.016624040920716097], "7/15/2016": [7.9, -0.006289308176100607], "7/18/2016": [7.79, -0.013924050632911432], "7/19/2016": [7.88, 0.011553273427471098], "7/20/2016": [7.8, -0.0101522842639594], "7/21/2016": [7.78, -0.0025641025641025095], "7/22/2016": [7.83, 0.006426735218508974], "7/25/2016": [7.74, -0.011494252873563201], "7/26/2016": [7.7, -0.005167958656330754], "7/27/2016": [7.7, 0.0], "7/28/2016": [7.86, 0.020779220779220797], "7/29/2016": [7.77, -0.011450381679389407], "8/1/2016": [7.72, -0.006435006435006413], "8/2/2016": [7.63, -0.011658031088082884], "8/3/2016": [7.62, -0.0013106159895150441], "8/4/2016": [7.62, 0.0], "8/5/2016": [7.54, -0.010498687664042003], "8/8/2016": [7.54, 0.0], "8/9/2016": [7.63, 0.011936339522546401], "8/10/2016": [7.32, -0.04062909567496718], "8/11/2016": [7.15, -0.023224043715846986], "8/12/2016": [7.2, 0.006993006993006968], "8/15/2016": [7.3, 0.01388888888888884], "8/16/2016": [7.34, 0.005479452054794526], "8/17/2016": [7.29, -0.006811989100817414], "8/18/2016": [7.36, 0.009602194787380012], "8/19/2016": [7.35, -0.0013586956521740047], "8/22/2016": [7.32, -0.004081632653061137], "8/23/2016": [7.36, 0.005464480874316944], "8/24/2016": [7.46, 0.013586956521739081], "8/25/2016": [7.25, -0.028150134048257367], "8/26/2016": [7.23, -0.0027586206896551137], "8/29/2016": [7.2, -0.00414937759336103], "8/30/2016": [7.21, 0.0013888888888888592], "8/31/2016": [7.21, 0.0], "9/1/2016": [7.16, -0.006934812760055454], "9/2/2016": [7.2, 0.005586592178770954], "9/5/2016": [7.26, 0.00833333333333328], "9/6/2016": [7.25, -0.00137741046831953], "9/7/2016": [7.25, 0.0], "9/8/2016": [7.35, 0.013793103448275813], "9/9/2016": [7.35, 0.0], "9/10/2016": [7.44, 0.012244897959183775], "9/12/2016": [7.62, 0.024193548387096735], "9/13/2016": [7.48, -0.01837270341207345], "9/14/2016": [7.47, -0.0013368983957220153], "9/19/2016": [7.5, 0.004016064257028146], "9/20/2016": [7.55, 0.006666666666666643], "9/21/2016": [7.56, 0.00132450331125825], "9/22/2016": [7.58, 0.002645502645502707], "9/23/2016": [7.67, 0.011873350923482831], "9/26/2016": [7.83, 0.020860495436766643], "9/29/2016": [8.23, 0.05108556832694768], "9/30/2016": [8.15, -0.009720534629404625], "10/3/2016": [8.3, 0.018404907975460166], "10/4/2016": [8.31, 0.001204819277108408], "10/5/2016": [8.38, 0.008423586040914595], "10/6/2016": [8.51, 0.015513126491646658], "10/7/2016": [8.95, 0.051703877790834255], "10/11/2016": [9.1, 0.01675977653631289], "10/12/2016": [8.83, -0.029670329670329624], "10/13/2016": [8.59, -0.0271800679501699], "10/14/2016": [8.29, -0.03492433061699659], "10/17/2016": [8.08, -0.025331724969843077], "10/18/2016": [8.18, 0.012376237623762332], "10/19/2016": [8.18, 0.0], "10/20/2016": [8.15, -0.003667481662591609],