{"3/4/2016": [78.27, ""], "3/7/2016": [69.53, -0.11166475022358496], "3/8/2016": [68.41, -0.016108154753343946], "3/9/2016": [68.8, 0.005700920917994454], "3/10/2016": [68.3, -0.007267441860465116], "3/11/2016": [68.0, -0.0043923865300146], "3/14/2016": [68.01, 0.000147058823529487], "3/15/2016": [68.1, 0.0013233348037051786], "3/16/2016": [68.0, -0.0014684287812040283], "3/17/2016": [67.95, -0.0007352941176470171], "3/18/2016": [67.93, -0.0002943340691684477], "3/21/2016": [68.0, 0.0010304725452670862], "3/22/2016": [67.85, -0.00220588235294126], "3/23/2016": [67.5, -0.005158437730287315], "3/24/2016": [67.74, 0.00355555555555548], "3/25/2016": [68.25, 0.007528786536758269], "3/28/2016": [68.0, -0.003663003663003663], "3/29/2016": [67.7, -0.004411764705882311], "3/30/2016": [68.0, 0.004431314623338215], "3/31/2016": [68.0, 0.0], "4/1/2016": [67.73, -0.003970588235294059], "4/6/2016": [67.91, 0.0026576111029084984], "4/7/2016": [67.21, -0.010307760270946884], "4/8/2016": [67.01, -0.0029757476565985515], "4/11/2016": [67.0, -0.0001492314579914209], "4/12/2016": [66.53, -0.007014925373134312], "4/13/2016": [66.9, 0.005561400871787232], "4/14/2016": [66.8, -0.001494768310911936], "4/15/2016": [64.61, -0.032784431137724515], "4/18/2016": [63.5, -0.017180003095496044], "4/19/2016": [62.0, -0.023622047244094488], "4/20/2016": [62.02, 0.00032258064516134074], "4/21/2016": [63.6, 0.025475653015156374], "4/22/2016": [63.5, -0.0015723270440251794], "4/25/2016": [63.99, 0.007716535433070898], "4/26/2016": [64.0, 0.00015627441787776232], "4/27/2016": [65.99, 0.03109374999999992], "4/28/2016": [65.5, -0.007425367479921123], "4/29/2016": [65.77, 0.004122137404580092], "5/3/2016": [64.01, -0.026759920936597095], "5/4/2016": [63.9, -0.0017184814872677164], "5/5/2016": [61.01, -0.045226917057902986], "5/6/2016": [61.96, 0.015571217833142154], "5/9/2016": [60.0, -0.03163331181407361], "5/10/2016": [61.0, 0.016666666666666666], "5/11/2016": [60.0, -0.01639344262295082], "5/12/2016": [60.0, 0.0], "5/13/2016": [60.0, 0.0], "5/16/2016": [60.19, 0.003166666666666629], "5/17/2016": [60.19, 0.0], "5/18/2016": [61.0, 0.013457384947665763], "5/19/2016": [61.0, 0.0], "5/20/2016": [61.0, 0.0], "5/23/2016": [60.11, -0.01459016393442624], "5/24/2016": [60.02, -0.0014972550324404642], "5/25/2016": [60.3, 0.0046651116294567484], "5/26/2016": [60.8, 0.008291873963515755], "5/27/2016": [60.5, -0.004934210526315743], "5/30/2016": [60.65, 0.002479338842975183], "5/31/2016": [60.45, -0.003297609233305783], "6/1/2016": [59.9, -0.009098428453267233], "6/2/2016": [59.4, -0.008347245409015025], "6/3/2016": [59.5, 0.0016835016835017075], "6/4/2016": [59.61, 0.0018487394957983098], "6/6/2016": [60.0, 0.006542526421741328], "6/7/2016": [60.0, 0.0], "6/8/2016": [59.7, -0.004999999999999952], "6/13/2016": [59.7, 0.0], "6/14/2016": [59.0, -0.011725293132328356], "6/15/2016": [58.5, -0.00847457627118644], "6/16/2016": [59.45, 0.01623931623931629], "6/17/2016": [60.0, 0.00925147182506303], "6/20/2016": [59.51, -0.0081666666666667], "6/21/2016": [59.89, 0.006385481431692196], "6/22/2016": [60.0, 0.0018367006177992893], "6/23/2016": [60.49, 0.0081666666666667], "6/24/2016": [60.46, -0.0004959497437593178], "6/27/2016": [61.8, 0.02216341382732379], "6/28/2016": [62.0, 0.0032362459546926028], "6/29/2016": [62.8, 0.012903225806451568], "6/30/2016": [63.99, 0.01894904458598734], "7/1/2016": [64.2, 0.003281762775433675], "7/4/2016": [64.94, 0.011526479750778735], "7/5/2016": [64.0, -0.014474899907606987], "7/6/2016": [60.0, -0.0625], "7/7/2016": [60.2, 0.003333333333333381], "7/11/2016": [60.19, -0.0001661129568107162], "7/12/2016": [60.5, 0.005150357202193093], "7/13/2016": [60.5, 0.0], "7/14/2016": [60.5, 0.0], "7/15/2016": [60.1, -0.006611570247933861], "7/18/2016": [60.0, -0.0016638935108153315], "7/19/2016": [59.9, -0.0016666666666666904], "7/20/2016": [59.67, -0.0038397328881468592], "7/21/2016": [59.5, -0.0028490028490028773], "7/22/2016": [59.0, -0.008403361344537815], "7/25/2016": [59.0, 0.0], "7/26/2016": [59.59, 0.010000000000000057], "7/27/2016": [59.5, -0.0015103205235778387], "7/28/2016": [59.5, 0.0], "7/29/2016": [59.5, 0.0], "8/1/2016": [59.0, -0.008403361344537815], "8/2/2016": [58.81, -0.003220338983050809], "8/3/2016": [59.0, 0.0032307430709062695], "8/4/2016": [58.82, -0.003050847457627114], "8/5/2016": [59.0, 0.0030601836110166563], "8/8/2016": [59.15, 0.002542372881355908], "8/9/2016": [59.0, -0.002535925612848666], "8/10/2016": [58.77, -0.00389830508474571], "8/11/2016": [58.61, -0.0027224774544836426], "8/12/2016": [59.0, 0.00665415458112951], "8/15/2016": [57.01, -0.033728813559322064], "8/16/2016": [56.0, -0.017716190142080302], "8/17/2016": [54.49, -0.02696428571428568], "8/18/2016": [54.99, 0.009175995595522114], "8/19/2016": [55.0, 0.00018185124568099672], "8/22/2016": [55.17, 0.003090909090909122], "8/23/2016": [55.0, -0.003081384810585494], "8/24/2016": [53.85, -0.020909090909090884], "8/25/2016": [54.0, 0.0027855153203342354], "8/26/2016": [53.42, -0.010740740740740709], "8/29/2016": [53.7, 0.005241482590789988], "8/30/2016": [53.1, -0.011173184357541926], "8/31/2016": [53.0, -0.0018832391713747914], "9/1/2016": [53.2, 0.003773584905660431], "9/2/2016": [52.8, -0.007518796992481309], "9/5/2016": [53.0, 0.0037878787878788418], "9/6/2016": [52.99, -0.00018867924528298132], "9/7/2016": [52.4, -0.0111341762596717], "9/8/2016": [52.46, 0.0011450381679389747], "9/9/2016": [52.8, 0.006481128478840951], "9/10/2016": [52.78, -0.00037878787878780344], "9/12/2016": [52.78, 0.0], "9/13/2016": [53.0, 0.0041682455475558705], "9/14/2016": [52.99, -0.00018867924528298132], "9/19/2016": [52.99, 0.0], "9/20/2016": [53.0, 0.00018871485185880375], "9/21/2016": [53.0, 0.0], "9/22/2016": [53.0, 0.0], "9/23/2016": [53.0, 0.0], "9/26/2016": [53.2, 0.003773584905660431], "9/29/2016": [53.0, -0.0037593984962406546], "9/30/2016": [53.0, 0.0], "10/3/2016": [53.48, 0.009056603773584847], "10/4/2016": [53.7, 0.00411368735976077], "10/5/2016": [54.31, 0.011359404096834252], "10/6/2016": [57.89, 0.06591787884367517], "10/7/2016": [58.96, 0.0184833304543099], "10/11/2016": [57.08, -0.0318860244233379], "10/12/2016": [58.0, 0.01611772950245273], "10/13/2016": [57.81, -0.003275862068965478], "10/14/2016": [58.0, 0.0032866286109669214], "10/17/2016": [57.5, -0.008620689655172414], "10/18/2016": [57.92, 0.007304347826086986], "10/19/2016": [57.86, -0.001035911602209984], "10/20/2016": [57.5, -0.006221914967162106], "10/21/2016": [57.5, 0.0], "10/24/2016": [57.82, 0.0055652173913043525], "10/25/2016": [58.0, 0.003113109650639912], "10/26/2016": [58.1, 0.0017241379310345072], "10/27/2016": [58.0, -0.0017211703958692154], "10/28/2016": [58.49, 0.008448275862069], "10/31/2016": [60.97, 0.042400410326551494], "11/1/2016": [59.0, -0.03231097260948006], "11/2/2016": [59.5, 0.00847457627118644], "11/3/2016": [59.01, -0.008235294117647092], "11/4/2016": [59.8, 0.013387561430266042], "11/7/2016": [59.8, 0.0], "11/8/2016": [60.0, 0.003344481605351218], "11/9/2016": [59.02, -0.01633333333333328], "11/10/2016": [59.02, 0.0], "11/11/2016": [58.54, -0.008132836326668993], "11/14/2016": [58.0, -0.00922446190638878], "11/15/2016": [58.25, 0.004310344827586207], "11/16/2016": [58.0, -0.004291845493562232], "11/17/2016": [58.0, 0.0], "11/18/2016": [57.1, -0.01551724137931032], "11/21/2016": [56.06, -0.018213660245183873], "11/22/2016": [56.16, 0.0017838030681411757], "11/23/2016": [56.5, 0.006054131054131115], "11/24/2016": [56.01, -0.00867256637168145], "11/25/2016": [56.21, 0.003570790930191088], "11/28/2016": [55.71, -0.00889521437466643], "11/29/2016": [55.7, -0.0001795009872553942], "11/30/2016": [55.84, 0.0025134649910233493]}