{"1/4/2016": [6.52, ""], "1/5/2016": [6.52, 0.0], "1/6/2016": [6.52, 0.0], "1/7/2016": [6.47, -0.007668711656441691], "1/8/2016": [6.48, 0.0015455950540959314], "1/11/2016": [6.21, -0.041666666666666734], "1/12/2016": [6.21, 0.0], "1/13/2016": [6.21, 0.0], "1/14/2016": [6.21, 0.0], "1/15/2016": [6.25, 0.006441223832528186], "1/18/2016": [6.25, 0.0], "1/19/2016": [5.7, -0.08799999999999997], "1/20/2016": [5.7, 0.0], "1/21/2016": [4.85, -0.14912280701754393], "1/22/2016": [5.15, 0.06185567010309293], "1/25/2016": [4.9, -0.04854368932038835], "1/26/2016": [4.9, 0.0], "1/27/2016": [5.1, 0.040816326530612096], "1/28/2016": [4.9, -0.039215686274509665], "1/29/2016": [5.05, 0.030612244897959072], "1/30/2016": [4.0, -0.20792079207920788], "2/1/2016": [4.42, 0.10499999999999998], "2/2/2016": [4.0, -0.09502262443438912], "2/3/2016": [4.04, 0.010000000000000009], "2/15/2016": [4.1, 0.014851485148514755], "2/16/2016": [4.0, -0.02439024390243894], "2/17/2016": [4.04, 0.010000000000000009], "2/18/2016": [4.08, 0.00990099009900991], "2/19/2016": [4.0, -0.01960784313725492], "2/22/2016": [4.16, 0.040000000000000036], "2/23/2016": [4.17, 0.0024038461538461024], "2/24/2016": [4.15, -0.004796163069544263], "2/25/2016": [4.2, 0.012048192771084293], "2/26/2016": [4.21, 0.00238095238095233], "3/1/2016": [4.4, 0.045130641330166366], "3/2/2016": [4.6, 0.04545454545454529], "3/3/2016": [5.0, 0.08695652173913052], "3/4/2016": [5.04, 0.008000000000000007], "3/7/2016": [5.0, -0.007936507936507943], "3/8/2016": [5.0, 0.0], "3/9/2016": [5.0, 0.0], "3/10/2016": [5.0, 0.0], "3/11/2016": [5.0, 0.0], "3/14/2016": [5.0, 0.0], "3/15/2016": [5.0, 0.0], "3/16/2016": [5.0, 0.0], "3/17/2016": [5.0, 0.0], "3/18/2016": [4.78, -0.04399999999999995], "3/21/2016": [4.54, -0.05020920502092054], "3/22/2016": [4.14, -0.08810572687224677], "3/23/2016": [3.81, -0.07971014492753614], "3/24/2016": [3.81, 0.0], "3/25/2016": [3.99, 0.04724409448818902], "3/28/2016": [4.1, 0.027568922305764267], "3/29/2016": [4.3, 0.0487804878048781], "3/30/2016": [4.3, 0.0], "3/31/2016": [4.3, 0.0], "4/1/2016": [4.14, -0.03720930232558143], "4/6/2016": [4.14, 0.0], "4/7/2016": [4.14, 0.0], "4/8/2016": [4.14, 0.0], "4/11/2016": [4.38, 0.05797101449275368], "4/12/2016": [4.71, 0.07534246575342468], "4/13/2016": [5.0, 0.06157112526539279], "4/14/2016": [4.95, -0.009999999999999964], "4/15/2016": [5.2, 0.050505050505050504], "4/18/2016": [5.85, 0.12499999999999989], "4/19/2016": [6.24, 0.06666666666666676], "4/20/2016": [5.36, -0.141025641025641], "4/21/2016": [5.35, -0.0018656716417911705], "4/22/2016": [5.5, 0.028037383177570162], "4/25/2016": [5.55, 0.00909090909090906], "4/26/2016": [5.47, -0.014414414414414429], "4/27/2016": [5.45, -0.0036563071297988255], "4/28/2016": [5.35, -0.018348623853211107], "4/29/2016": [5.36, 0.0018691588785047992], "5/3/2016": [5.36, 0.0], "5/4/2016": [5.0, -0.06716417910447767], "5/5/2016": [4.98, -0.003999999999999915], "5/6/2016": [4.57, -0.08232931726907633], "5/9/2016": [4.59, 0.004376367614879556], "5/10/2016": [4.4, -0.04139433551198246], "5/11/2016": [4.4, 0.0], "5/12/2016": [4.4, 0.0], "5/13/2016": [4.4, 0.0], "5/16/2016": [4.6, 0.04545454545454529], "5/17/2016": [4.6, 0.0], "5/18/2016": [4.6, 0.0], "5/19/2016": [4.78, 0.03913043478260883], "5/20/2016": [4.78, 0.0], "5/23/2016": [4.6, -0.0376569037656905], "5/24/2016": [4.6, 0.0], "5/25/2016": [4.6, 0.0], "5/26/2016": [4.6, 0.0], "5/27/2016": [4.6, 0.0], "5/30/2016": [4.47, -0.02826086956521737], "5/31/2016": [4.47, 0.0], "6/1/2016": [4.47, 0.0], "6/2/2016": [4.5, 0.006711409395973211], "6/3/2016": [4.5, 0.0], "6/4/2016": [4.5, 0.0], "6/6/2016": [4.5, 0.0], "6/7/2016": [4.71, 0.04666666666666666], "6/8/2016": [4.7, -0.0021231422505307404], "6/13/2016": [4.75, 0.010638297872340387], "6/14/2016": [4.75, 0.0], "6/15/2016": [4.75, 0.0], "6/16/2016": [4.75, 0.0], "6/17/2016": [4.75, 0.0], "6/20/2016": [4.75, 0.0], "6/21/2016": [4.75, 0.0], "6/22/2016": [4.75, 0.0], "6/23/2016": [4.75, 0.0], "6/24/2016": [4.75, 0.0], "6/27/2016": [4.7, -0.010526315789473648], "6/28/2016": [4.7, 0.0], "6/29/2016": [4.66, -0.008510638297872348], "6/30/2016": [4.66, 0.0], "7/1/2016": [4.66, 0.0], "7/4/2016": [4.86, 0.04291845493562235], "7/5/2016": [4.86, 0.0], "7/6/2016": [4.7, -0.0329218106995885], "7/7/2016": [4.7, 0.0], "7/11/2016": [4.7, 0.0], "7/12/2016": [4.65, -0.010638297872340387], "7/13/2016": [4.65, 0.0], "7/14/2016": [4.65, 0.0], "7/15/2016": [4.47, -0.038709677419354965], "7/18/2016": [4.47, 0.0], "7/19/2016": [4.49, 0.0044742729306488736], "7/20/2016": [4.49, 0.0], "7/21/2016": [4.09, -0.08908685968819606], "7/22/2016": [4.17, 0.019559902200489015], "7/25/2016": [4.17, 0.0], "7/26/2016": [4.17, 0.0], "7/27/2016": [4.17, 0.0], "7/28/2016": [4.17, 0.0], "7/29/2016": [3.99, -0.04316546762589921], "8/1/2016": [4.0, 0.0025062656641603475], "8/2/2016": [4.02, 0.004999999999999893], "8/3/2016": [4.02, 0.0], "8/4/2016": [4.02, 0.0], "8/5/2016": [4.02, 0.0], "8/8/2016": [4.02, 0.0], "8/9/2016": [4.02, 0.0], "8/10/2016": [4.02, 0.0], "8/11/2016": [3.48, -0.13432835820895514], "8/12/2016": [3.62, 0.0402298850574713], "8/15/2016": [3.62, 0.0], "8/16/2016": [3.68, 0.01657458563535913], "8/17/2016": [3.89, 0.05706521739130434], "8/18/2016": [3.89, 0.0], "8/19/2016": [3.82, -0.017994858611825267], "8/22/2016": [3.82, 0.0], "8/23/2016": [3.4, -0.10994764397905758], "8/24/2016": [3.5, 0.02941176470588238], "8/25/2016": [3.5, 0.0], "8/26/2016": [3.66, 0.045714285714285756], "8/29/2016": [3.66, 0.0], "8/30/2016": [3.66, 0.0], "8/31/2016": [3.66, 0.0], "9/1/2016": [3.66, 0.0], "9/2/2016": [3.66, 0.0], "9/5/2016": [3.66, 0.0], "9/6/2016": [3.65, -0.002732240437158533], "9/7/2016": [3.65, 0.0], "9/8/2016": [3.65, 0.0], "9/9/2016": [3.65, 0.0], "9/10/2016": [3.65, 0.0], "9/12/2016": [3.65, 0.0], "9/13/2016": [3.65, 0.0], "9/14/2016": [3.57, -0.021917808219178103], "9/19/2016": [3.7, 0.03641456582633063], "9/20/2016": [3.78, 0.02162162162162152], "9/21/2016": [4.01, 0.06084656084656084], "9/22/2016": [4.5, 0.12219451371571079], "9/23/2016": [4.85, 0.0777777777777777], "9/26/2016": [4.81, -0.008247422680412378], "9/29/2016": [4.4, -0.08523908523908509], "9/30/2016": [4.4, 0.0], "10/3/2016": [3.85, -0.12500000000000006], "10/4/2016": [3.85, 0.0], "10/5/2016": [3.85, 0.0], "10/6/2016": [3.85, 0.0], "10/7/2016": [3.85, 0.0], "10/11/2016": [3.83, -0.005194805194805199], "10/12/2016": [3.82, -0.0026109660574413136], "10/13/2016": [3.73, -0.023560209424083732], "10/14/2016": [3.73, 0.0], "10/17/2016": [3.73, 0.0], "10/18/2016": [3.73, 0.0], "10/19/2016": [3.88, 0.040214477211796225], "10/20/2016": [3.88, 0.0], "10/21/2016": [3.88, 0.0], "10/24/2016": [3.9, 0.005154639175257737], "10/25/2016": [3.88, -0.0051282051282051325], "10/26/2016": [3.88, 0.0], "10/27/2016": [3.9, 0.005154639175257737], "10/28/2016": [3.9, 0.0], "10/31/2016": [3.9, 0.0], "11/1/2016": [3.9, 0.0], "11/2/2016": [3.9, 0.0], "11/3/2016": [3.9, 0.0], "11/4/2016": [3.81, -0.02307692307692304], "11/7/2016": [3.81, 0.0], "11/8/2016": [3.81, 0.0], "11/9/2016": [3.8, -0.0026246719160105594], "11/10/2016": [3.8, 0.0], "11/11/2016": [3.8, 0.0], "11/14/2016": [3.7, -0.02631578947368412], "11/15/2016": [3.73, 0.008108108108108055], "11/16/2016": [3.73, 0.0], "11/17/2016": [3.55, -0.04825737265415554], "11/18/2016": [3.9, 0.09859154929577468], "11/21/2016": [4.0, 0.025641025641025664], "11/22/2016": [3.85, -0.03749999999999998], "11/23/2016": [3.8, -0.012987012987013056], "11/24/2016": [3.8, 0.0], "11/25/2016": [3.8, 0.0], "11/28/2016": [3.8, 0.0], "11/29/2016": [3.8, 0.0], "11/30/2016": [3.82, 0.005263157894736847]}