{"1/4/2016": [22.2, ""], "1/5/2016": [22.0, -0.009009009009008978], "1/6/2016": [21.5, -0.022727272727272728], "1/7/2016": [21.0, -0.023255813953488372], "1/8/2016": [21.75, 0.03571428571428571], "1/11/2016": [21.3, -0.02068965517241376], "1/12/2016": [22.2, 0.04225352112676049], "1/13/2016": [22.1, -0.004504504504504409], "1/14/2016": [21.4, -0.031674208144796503], "1/15/2016": [21.1, -0.014018691588784915], "1/18/2016": [21.6, 0.023696682464454975], "1/19/2016": [21.9, 0.013888888888888756], "1/20/2016": [21.3, -0.027397260273972508], "1/21/2016": [21.2, -0.004694835680751241], "1/22/2016": [21.45, 0.01179245283018868], "1/25/2016": [21.85, 0.01864801864801875], "1/26/2016": [21.7, -0.0068649885583524995], "1/27/2016": [22.2, 0.02304147465437788], "1/28/2016": [22.25, 0.0022522522522522843], "1/29/2016": [22.5, 0.011235955056179775], "1/30/2016": [22.65, 0.006666666666666604], "2/1/2016": [22.55, -0.0044150110375275], "2/2/2016": [22.6, 0.0022172949002217607], "2/3/2016": [22.3, -0.013274336283185872], "2/15/2016": [22.6, 0.01345291479820631], "2/16/2016": [23.1, 0.022123893805309734], "2/17/2016": [23.2, 0.004329004329004236], "2/18/2016": [23.55, 0.015086206896551786], "2/19/2016": [24.1, 0.02335456475583867], "2/22/2016": [24.6, 0.02074688796680498], "2/23/2016": [24.95, 0.014227642276422677], "2/24/2016": [24.8, -0.006012024048096136], "2/25/2016": [24.8, 0.0], "2/26/2016": [25.0, 0.008064516129032228], "3/1/2016": [25.0, 0.0], "3/2/2016": [25.05, 0.0020000000000000282], "3/3/2016": [25.4, 0.013972055888223468], "3/4/2016": [25.5, 0.003937007874015804], "3/7/2016": [25.5, 0.0], "3/8/2016": [25.5, 0.0], "3/9/2016": [25.65, 0.005882352941176415], "3/10/2016": [25.7, 0.0019493177387914509], "3/11/2016": [26.25, 0.02140077821011676], "3/14/2016": [26.15, -0.0038095238095238637], "3/15/2016": [26.45, 0.011472275334608059], "3/16/2016": [27.8, 0.05103969754253314], "3/17/2016": [27.4, -0.01438848920863317], "3/18/2016": [27.15, -0.009124087591240877], "3/21/2016": [27.3, 0.005524861878453117], "3/22/2016": [26.8, -0.018315018315018316], "3/23/2016": [26.9, 0.00373134328358201], "3/24/2016": [26.75, -0.005576208178438609], "3/25/2016": [26.55, -0.007476635514018665], "3/28/2016": [26.5, -0.0018832391713747914], "3/29/2016": [25.35, -0.04339622641509429], "3/30/2016": [25.8, 0.0177514792899408], "3/31/2016": [25.8, 0.0], "4/1/2016": [25.35, -0.01744186046511625], "4/6/2016": [25.1, -0.009861932938856016], "4/7/2016": [25.1, 0.0], "4/8/2016": [25.4, 0.011952191235059646], "4/11/2016": [25.5, 0.003937007874015804], "4/12/2016": [24.7, -0.03137254901960787], "4/13/2016": [24.85, 0.006072874493927212], "4/14/2016": [25.0, 0.00603621730382288], "4/15/2016": [25.4, 0.015999999999999945], "4/18/2016": [25.0, -0.015748031496062936], "4/19/2016": [25.1, 0.0040000000000000565], "4/20/2016": [24.7, -0.015936254980079764], "4/21/2016": [24.7, 0.0], "4/22/2016": [24.7, 0.0], "4/25/2016": [24.1, -0.024291497975708416], "4/26/2016": [24.15, 0.00207468879668038], "4/27/2016": [24.3, 0.006211180124223691], "4/28/2016": [24.0, -0.012345679012345708], "4/29/2016": [23.6, -0.016666666666666607], "5/3/2016": [23.5, -0.00423728813559328], "5/4/2016": [23.5, 0.0], "5/5/2016": [23.5, 0.0], "5/6/2016": [23.5, 0.0], "5/9/2016": [23.4, -0.004255319148936231], "5/10/2016": [21.6, -0.0769230769230768], "5/11/2016": [22.0, 0.01851851851851845], "5/12/2016": [22.85, 0.0386363636363637], "5/13/2016": [22.5, -0.015317286652078837], "5/16/2016": [22.8, 0.013333333333333365], "5/17/2016": [22.85, 0.002192982456140382], "5/18/2016": [22.5, -0.015317286652078837], "5/19/2016": [22.8, 0.013333333333333365], "5/20/2016": [22.65, -0.006578947368421146], "5/23/2016": [22.95, 0.013245033112582814], "5/24/2016": [23.0, 0.002178649237472798], "5/25/2016": [23.2, 0.008695652173913012], "5/26/2016": [24.4, 0.051724137931034454], "5/27/2016": [25.0, 0.024590163934426288], "5/30/2016": [25.0, 0.0], "5/31/2016": [24.95, -0.0020000000000000282], "6/1/2016": [24.95, 0.0], "6/2/2016": [24.5, -0.01803607214428855], "6/3/2016": [24.35, -0.006122448979591778], "6/4/2016": [24.5, 0.006160164271047169], "6/6/2016": [24.25, -0.01020408163265306], "6/7/2016": [24.2, -0.002061855670103122], "6/8/2016": [24.1, -0.004132231404958589], "6/13/2016": [23.3, -0.033195020746887995], "6/14/2016": [23.5, 0.008583690987124432], "6/15/2016": [23.45, -0.0021276595744681155], "6/16/2016": [23.25, -0.008528784648187604], "6/17/2016": [23.45, 0.008602150537634377], "6/20/2016": [23.8, 0.014925373134328419], "6/21/2016": [24.3, 0.021008403361344536], "6/22/2016": [24.35, 0.002057613168724309], "6/23/2016": [24.05, -0.012320328542094484], "6/24/2016": [23.2, -0.0353430353430354], "6/27/2016": [23.6, 0.01724137931034492], "6/28/2016": [23.65, 0.0021186440677964896], "6/29/2016": [23.65, 0.0], "6/30/2016": [24.35, 0.029598308668076233], "7/1/2016": [24.3, -0.002053388090349105], "7/4/2016": [24.3, 0.0], "7/5/2016": [24.35, 0.002057613168724309], "7/6/2016": [24.15, -0.00821355236139642], "7/7/2016": [24.6, 0.018633540372670926], "7/11/2016": [25.4, 0.03252032520325192], "7/12/2016": [24.95, -0.017716535433070838], "7/13/2016": [24.9, -0.0020040080160320926], "7/14/2016": [24.8, -0.004016064257028027], "7/15/2016": [24.8, 0.0], "7/18/2016": [24.85, 0.002016129032258093], "7/19/2016": [24.9, 0.0020120724346075316], "7/20/2016": [24.9, 0.0], "7/21/2016": [25.5, 0.02409638554216873], "7/22/2016": [23.75, -0.06862745098039216], "7/25/2016": [23.6, -0.0063157894736841505], "7/26/2016": [23.7, 0.00423728813559313], "7/27/2016": [23.5, -0.008438818565400814], "7/28/2016": [23.45, -0.0021276595744681155], "7/29/2016": [23.6, 0.006396588486140816], "8/1/2016": [23.7, 0.00423728813559313], "8/2/2016": [23.95, 0.010548523206751054], "8/3/2016": [24.0, 0.00208768267223385], "8/4/2016": [24.2, 0.008333333333333304], "8/5/2016": [24.15, -0.0020661157024793684], "8/8/2016": [24.1, -0.0020703933747410834], "8/9/2016": [23.6, -0.02074688796680498], "8/10/2016": [23.5, -0.00423728813559328], "8/11/2016": [23.3, -0.00851063829787231], "8/12/2016": [23.3, 0.0], "8/15/2016": [23.4, 0.00429184549356214], "8/16/2016": [23.4, 0.0], "8/17/2016": [23.7, 0.012820512820512851], "8/18/2016": [23.95, 0.010548523206751054], "8/19/2016": [23.85, -0.004175365344467552], "8/22/2016": [23.65, -0.008385744234800957], "8/23/2016": [23.75, 0.004228329809725219], "8/24/2016": [23.8, 0.0021052631578947667], "8/25/2016": [24.0, 0.008403361344537785], "8/26/2016": [24.15, 0.0062499999999999405], "8/29/2016": [23.95, -0.008281573498964774], "8/30/2016": [24.0, 0.00208768267223385], "8/31/2016": [24.05, 0.002083333333333363], "9/1/2016": [24.0, -0.0020790020790021086], "9/2/2016": [23.95, -0.002083333333333363], "9/5/2016": [24.0, 0.00208768267223385], "9/6/2016": [23.95, -0.002083333333333363], "9/7/2016": [24.25, 0.012526096033402953], "9/8/2016": [24.3, 0.002061855670103122], "9/9/2016": [24.25, -0.002057613168724309], "9/10/2016": [24.05, -0.008247422680412342], "9/12/2016": [24.05, 0.0], "9/13/2016": [24.15, 0.004158004158004069], "9/14/2016": [24.0, -0.006211180124223544], "9/19/2016": [24.1, 0.004166666666666726], "9/20/2016": [23.95, -0.006224066390041582], "9/21/2016": [24.4, 0.018789144050104355], "9/22/2016": [24.1, -0.012295081967212998], "9/23/2016": [24.0, -0.004149377593361055], "9/26/2016": [24.0, 0.0], "9/29/2016": [24.1, 0.004166666666666726], "9/30/2016": [23.8, -0.012448132780083016], "10/3/2016": [23.85, 0.0021008403361344836], "10/4/2016": [23.9, 0.0020964360587000905], "10/5/2016": [24.1, 0.008368200836820203], "10/6/2016": [24.1, 0.0], "10/7/2016": [24.05, -0.0020746887966805274], "10/11/2016": [23.2, -0.0353430353430354], "10/12/2016": [23.05, -0.0064655172413792495], "10/13/2016": [22.8, -0.010845986984815618], "10/14/2016": [22.2, -0.02631578947368427], "10/17/2016": [22.2, 0.0], "10/18/2016": [22.2, 0.0], "10/19/2016": [21.95, -0.011261261261261262], "10/20/2016": [21.95, 0.0], "10/21/2016": [22.2, 0.011389521640091117],