{"1/4/2016": [22.1, ""], "1/5/2016": [22.3, 0.009049773755656076], "1/6/2016": [22.05, -0.011210762331838564], "1/7/2016": [21.95, -0.004535147392290314], "1/8/2016": [22.0, 0.0022779043280182557], "1/11/2016": [21.95, -0.002272727272727305], "1/12/2016": [21.5, -0.020501138952163978], "1/13/2016": [21.45, -0.00232558139534887], "1/14/2016": [21.2, -0.011655011655011656], "1/15/2016": [19.9, -0.06132075471698117], "1/18/2016": [20.25, 0.017587939698492535], "1/19/2016": [20.05, -0.009876543209876508], "1/20/2016": [19.8, -0.012468827930174562], "1/21/2016": [19.85, 0.002525252525252561], "1/22/2016": [20.3, 0.02267002518891684], "1/25/2016": [20.0, -0.014778325123152743], "1/26/2016": [20.1, 0.005000000000000071], "1/27/2016": [19.8, -0.014925373134328393], "1/28/2016": [19.8, 0.0], "1/29/2016": [19.8, 0.0], "1/30/2016": [19.95, 0.007575757575757504], "2/1/2016": [19.95, 0.0], "2/2/2016": [19.75, -0.010025062656641569], "2/3/2016": [20.0, 0.012658227848101266], "2/15/2016": [20.0, 0.0], "2/16/2016": [19.75, -0.0125], "2/17/2016": [19.8, 0.002531645569620289], "2/18/2016": [19.55, -0.012626262626262626], "2/19/2016": [19.7, 0.007672634271099672], "2/22/2016": [19.5, -0.010152284263959355], "2/23/2016": [19.5, 0.0], "2/24/2016": [19.4, -0.005128205128205201], "2/25/2016": [19.25, -0.007731958762886525], "2/26/2016": [18.95, -0.01558441558441562], "3/1/2016": [19.2, 0.013192612137203167], "3/2/2016": [19.3, 0.005208333333333408], "3/3/2016": [19.55, 0.012953367875647668], "3/4/2016": [20.3, 0.03836317135549872], "3/7/2016": [21.2, 0.04433497536945805], "3/8/2016": [20.8, -0.01886792452830182], "3/9/2016": [20.9, 0.004807692307692205], "3/10/2016": [20.8, -0.004784688995215209], "3/11/2016": [21.25, 0.02163461538461535], "3/14/2016": [23.0, 0.08235294117647059], "3/15/2016": [21.7, -0.05652173913043481], "3/16/2016": [22.7, 0.04608294930875576], "3/17/2016": [22.5, -0.00881057268722464], "3/18/2016": [22.65, 0.006666666666666604], "3/21/2016": [23.05, 0.01766004415011047], "3/22/2016": [23.4, 0.015184381778741773], "3/23/2016": [24.0, 0.025641025641025703], "3/24/2016": [23.65, -0.014583333333333393], "3/25/2016": [24.6, 0.04016913319238913], "3/28/2016": [26.9, 0.09349593495934948], "3/29/2016": [25.1, -0.06691449814126384], "3/30/2016": [24.95, -0.005976095617529965], "3/31/2016": [24.8, -0.006012024048096136], "4/1/2016": [24.95, 0.006048387096774136], "4/6/2016": [25.3, 0.014028056112224506], "4/7/2016": [24.7, -0.0237154150197629], "4/8/2016": [24.3, -0.016194331983805613], "4/11/2016": [24.35, 0.002057613168724309], "4/12/2016": [23.8, -0.022587268993839865], "4/13/2016": [24.05, 0.010504201680672268], "4/14/2016": [24.15, 0.004158004158004069], "4/15/2016": [24.4, 0.010351966873706004], "4/18/2016": [24.05, -0.01434426229508188], "4/19/2016": [23.95, -0.004158004158004217], "4/20/2016": [24.35, 0.016701461377870652], "4/21/2016": [24.0, -0.014373716632443589], "4/22/2016": [24.1, 0.004166666666666726], "4/25/2016": [23.85, -0.01037344398340249], "4/26/2016": [23.6, -0.010482180293501047], "4/27/2016": [23.6, 0.0], "4/28/2016": [23.7, 0.00423728813559313], "4/29/2016": [23.6, -0.004219409282700332], "5/3/2016": [23.45, -0.00635593220338992], "5/4/2016": [23.1, -0.014925373134328268], "5/5/2016": [23.35, 0.010822510822510822], "5/6/2016": [23.2, -0.006423982869379106], "5/9/2016": [23.05, -0.0064655172413792495], "5/10/2016": [23.6, 0.02386117136659439], "5/11/2016": [23.6, 0.0], "5/12/2016": [23.55, -0.00211864406779664], "5/13/2016": [23.4, -0.006369426751592447], "5/16/2016": [23.3, -0.004273504273504183], "5/17/2016": [23.6, 0.012875536480686725], "5/18/2016": [23.45, -0.00635593220338992], "5/19/2016": [23.75, 0.012793176972281481], "5/20/2016": [23.5, -0.010526315789473684], "5/23/2016": [23.6, 0.004255319148936231], "5/24/2016": [23.4, -0.00847457627118656], "5/25/2016": [23.65, 0.010683760683760684], "5/26/2016": [23.4, -0.010570824524312896], "5/27/2016": [23.7, 0.012820512820512851], "5/30/2016": [23.75, 0.002109704641350241], "5/31/2016": [24.05, 0.01263157894736845], "6/1/2016": [24.6, 0.022869022869022898], "6/2/2016": [24.6, 0.0], "6/3/2016": [24.6, 0.0], "6/4/2016": [24.75, 0.006097560975609698], "6/6/2016": [24.5, -0.010101010101010102], "6/7/2016": [24.4, -0.004081632653061282], "6/8/2016": [24.45, 0.0020491803278688816], "6/13/2016": [24.3, -0.006134969325153316], "6/14/2016": [24.5, 0.00823045267489709], "6/15/2016": [24.5, 0.0], "6/16/2016": [24.35, -0.006122448979591778], "6/17/2016": [24.25, -0.00410677618069821], "6/20/2016": [24.25, 0.0], "6/21/2016": [24.5, 0.010309278350515464], "6/22/2016": [24.45, -0.002040816326530641], "6/23/2016": [24.45, 0.0], "6/24/2016": [24.05, -0.01635991820040894], "6/27/2016": [24.3, 0.010395010395010394], "6/28/2016": [24.5, 0.00823045267489709], "6/29/2016": [25.0, 0.02040816326530612], "6/30/2016": [25.1, 0.0040000000000000565], "7/1/2016": [24.9, -0.007968127490039953], "7/4/2016": [24.9, 0.0], "7/5/2016": [24.85, -0.002008032128513942], "7/6/2016": [24.35, -0.02012072434607646], "7/7/2016": [24.5, 0.006160164271047169], "7/11/2016": [24.5, 0.0], "7/12/2016": [24.6, 0.004081632653061282], "7/13/2016": [24.6, 0.0], "7/14/2016": [24.6, 0.0], "7/15/2016": [24.6, 0.0], "7/18/2016": [24.4, -0.008130081300813123], "7/19/2016": [24.25, -0.006147540983606499], "7/20/2016": [24.4, 0.00618556701030922], "7/21/2016": [24.35, -0.002049180327868736], "7/22/2016": [24.4, 0.002053388090348959], "7/25/2016": [24.5, 0.004098360655737763], "7/26/2016": [24.5, 0.0], "7/27/2016": [24.65, 0.006122448979591778], "7/28/2016": [24.5, -0.006085192697768705], "7/29/2016": [24.45, -0.002040816326530641], "8/1/2016": [24.6, 0.006134969325153462], "8/2/2016": [24.4, -0.008130081300813123], "8/3/2016": [24.35, -0.002049180327868736], "8/4/2016": [24.95, 0.024640657084188822], "8/5/2016": [24.95, 0.0], "8/8/2016": [25.3, 0.014028056112224506], "8/9/2016": [25.1, -0.00790513833992092], "8/10/2016": [25.4, 0.011952191235059646], "8/11/2016": [25.75, 0.013779527559055175], "8/12/2016": [25.85, 0.0038834951456311233], "8/15/2016": [25.95, 0.0038684719535782537], "8/16/2016": [25.75, -0.007707129094412304], "8/17/2016": [25.6, -0.005825242718446547], "8/18/2016": [25.6, 0.0], "8/19/2016": [25.55, -0.0019531250000000278], "8/22/2016": [25.6, 0.001956947162426642], "8/23/2016": [25.65, 0.001953124999999889], "8/24/2016": [25.75, 0.0038986354775829017], "8/25/2016": [22.45, -0.12815533980582527], "8/26/2016": [23.1, 0.028953229398663793], "8/29/2016": [23.3, 0.008658008658008627], "8/30/2016": [23.1, -0.008583690987124432], "8/31/2016": [23.1, 0.0], "9/1/2016": [23.1, 0.0], "9/2/2016": [22.7, -0.017316017316017406], "9/5/2016": [22.95, 0.011013215859030838], "9/6/2016": [22.8, -0.006535947712418239], "9/7/2016": [22.9, 0.004385964912280608], "9/8/2016": [22.95, 0.002183406113537149], "9/9/2016": [22.65, -0.013071895424836633], "9/10/2016": [22.95, 0.013245033112582814], "9/12/2016": [22.6, -0.015250544662309276], "9/13/2016": [22.6, 0.0], "9/14/2016": [22.3, -0.013274336283185872], "9/19/2016": [22.3, 0.0], "9/20/2016": [22.45, 0.006726457399103075], "9/21/2016": [22.65, 0.008908685968819567], "9/22/2016": [22.5, -0.006622516556291328], "9/23/2016": [22.3, -0.008888888888888858], "9/26/2016": [22.5, 0.00896860986547082], "9/29/2016": [22.5, 0.0], "9/30/2016": [22.6, 0.004444444444444508], "10/3/2016": [22.5, -0.004424778761062009], "10/4/2016": [22.4, -0.004444444444444508], "10/5/2016": [22.6, 0.008928571428571556], "10/6/2016": [22.35, -0.011061946902654867], "10/7/2016": [22.35, 0.0], "10/11/2016": [22.25, -0.004474272930648833], "10/12/2016": [22.4, 0.006741573033707801], "10/13/2016": [22.35, -0.0022321428571427304], "10/14/2016": [22.35, 0.0], "10/17/2016": [22.45, 0.004474272930648674], "10/18/2016": [22.3, -0.006681514476614636], "10/19/2016": [22.45, 0.006726457399103075], "10/20/2016": [22.75, 0.01336302895322943], "10/21/2016": [22.85, 0.004395604395604458], "10/24/2016": [22.7, -0.006564551422319567],