{"1/4/2016": [37.05, ""], "1/5/2016": [36.0, -0.028340080971659843], "1/6/2016": [35.0, -0.027777777777777776], "1/7/2016": [35.0, 0.0], "1/8/2016": [35.0, 0.0], "1/11/2016": [35.4, 0.011428571428571389], "1/12/2016": [34.5, -0.025423728813559282], "1/13/2016": [35.05, 0.015942028985507162], "1/14/2016": [35.0, -0.001426533523537722], "1/15/2016": [35.0, 0.0], "1/18/2016": [35.0, 0.0], "1/19/2016": [34.85, -0.004285714285714245], "1/20/2016": [34.7, -0.004304160688665669], "1/21/2016": [34.5, -0.005763688760806998], "1/22/2016": [35.05, 0.015942028985507162], "1/25/2016": [35.0, -0.001426533523537722], "1/26/2016": [35.15, 0.004285714285714245], "1/27/2016": [35.1, -0.0014224751066855522], "1/28/2016": [35.1, 0.0], "1/29/2016": [35.15, 0.0014245014245013435], "1/30/2016": [35.3, 0.004267425320056859], "2/1/2016": [35.0, -0.008498583569405018], "2/2/2016": [35.25, 0.007142857142857143], "2/3/2016": [35.0, -0.0070921985815602835], "2/15/2016": [34.85, -0.004285714285714245], "2/16/2016": [35.25, 0.011477761836441853], "2/17/2016": [35.95, 0.019858156028368875], "2/18/2016": [35.8, -0.004172461752434094], "2/19/2016": [36.0, 0.00558659217877103], "2/22/2016": [35.9, -0.0027777777777778173], "2/23/2016": [35.75, -0.004178272980501353], "2/24/2016": [35.85, 0.002797202797202837], "2/25/2016": [35.9, 0.0013947001394699345], "2/26/2016": [35.85, -0.0013927576601670518], "3/1/2016": [35.55, -0.008368200836820203], "3/2/2016": [36.0, 0.012658227848101347], "3/3/2016": [36.15, 0.004166666666666628], "3/4/2016": [36.0, -0.004149377593360957], "3/7/2016": [35.8, -0.005555555555555635], "3/8/2016": [35.55, -0.006983240223463688], "3/9/2016": [35.8, 0.007032348804500704], "3/10/2016": [35.6, -0.005586592178770831], "3/11/2016": [35.4, -0.005617977528089967], "3/14/2016": [36.2, 0.022598870056497296], "3/15/2016": [36.1, -0.0027624309392265583], "3/16/2016": [36.1, 0.0], "3/17/2016": [36.0, -0.0027700831024931143], "3/18/2016": [36.0, 0.0], "3/21/2016": [36.55, 0.0152777777777777], "3/22/2016": [36.6, 0.001367989056087668], "3/23/2016": [36.6, 0.0], "3/24/2016": [36.6, 0.0], "3/25/2016": [36.6, 0.0], "3/28/2016": [36.6, 0.0], "3/29/2016": [36.6, 0.0], "3/30/2016": [36.5, -0.0027322404371585085], "3/31/2016": [36.8, 0.008219178082191704], "4/1/2016": [36.85, 0.001358695652174029], "4/6/2016": [36.35, -0.013568521031207597], "4/7/2016": [36.5, 0.0041265474552956965], "4/8/2016": [36.5, 0.0], "4/11/2016": [36.5, 0.0], "4/12/2016": [36.65, 0.004109589041095852], "4/13/2016": [36.65, 0.0], "4/14/2016": [36.9, 0.0068212824010914054], "4/15/2016": [36.6, -0.008130081300812931], "4/18/2016": [36.65, 0.0013661202185791573], "4/19/2016": [36.7, 0.0013642564802183975], "4/20/2016": [36.7, 0.0], "4/21/2016": [37.0, 0.008174386920980848], "4/22/2016": [36.85, -0.004054054054054015], "4/25/2016": [37.1, 0.006784260515603799], "4/26/2016": [37.05, -0.001347708894878821], "4/27/2016": [37.15, 0.0026990553306343165], "4/28/2016": [37.15, 0.0], "4/29/2016": [37.2, 0.00134589502018854], "5/3/2016": [37.2, 0.0], "5/4/2016": [36.95, -0.006720430107526881], "5/5/2016": [36.85, -0.0027063599458728394], "5/6/2016": [37.55, 0.01899592944369052], "5/9/2016": [37.8, 0.006657789613848203], "5/10/2016": [38.2, 0.010582010582010732], "5/11/2016": [38.1, -0.002617801047120456], "5/12/2016": [38.15, 0.0013123359580051747], "5/13/2016": [38.05, -0.0026212319790301815], "5/16/2016": [38.0, -0.0013140604467804773], "5/17/2016": [38.2, 0.005263157894736917], "5/18/2016": [38.3, 0.00261780104712027], "5/19/2016": [38.55, 0.006527415143603134], "5/20/2016": [38.65, 0.002594033722438429], "5/23/2016": [38.45, -0.00517464424320817], "5/24/2016": [38.45, 0.0], "5/25/2016": [38.6, 0.0039011703511052944], "5/26/2016": [39.3, 0.018134715025906623], "5/27/2016": [41.0, 0.04325699745547081], "5/30/2016": [42.2, 0.029268292682926897], "5/31/2016": [41.95, -0.005924170616113744], "6/1/2016": [41.95, 0.0], "6/2/2016": [41.7, -0.0059594755661501785], "6/3/2016": [41.3, -0.009592326139088865], "6/4/2016": [41.3, 0.0], "6/6/2016": [41.8, 0.012106537530266345], "6/7/2016": [42.1, 0.007177033492823069], "6/8/2016": [42.3, 0.004750593824227927], "6/13/2016": [41.7, -0.014184397163120433], "6/14/2016": [41.75, 0.001199040767386023], "6/15/2016": [41.95, 0.004790419161676715], "6/16/2016": [41.95, 0.0], "6/17/2016": [41.95, 0.0], "6/20/2016": [42.9, 0.022646007151370575], "6/21/2016": [42.75, -0.0034965034965034635], "6/22/2016": [42.7, -0.0011695906432747873], "6/23/2016": [43.0, 0.007025761124121713], "6/24/2016": [42.55, -0.010465116279069833], "6/27/2016": [42.0, -0.012925969447708512], "6/28/2016": [43.05, 0.024999999999999932], "6/29/2016": [43.8, 0.01742160278745645], "6/30/2016": [43.35, -0.01027397260273963], "7/1/2016": [43.35, 0.0], "7/4/2016": [43.7, 0.00807381776239911], "7/5/2016": [43.5, -0.004576659038901667], "7/6/2016": [43.8, 0.006896551724137866], "7/7/2016": [43.85, 0.0011415525114156226], "7/11/2016": [44.0, 0.0034207525655643918], "7/12/2016": [44.0, 0.0], "7/13/2016": [44.0, 0.0], "7/14/2016": [43.95, -0.0011363636363635717], "7/15/2016": [44.0, 0.0011376564277587522], "7/18/2016": [44.4, 0.00909090909090906], "7/19/2016": [44.2, -0.004504504504504409], "7/20/2016": [44.3, 0.0022624434389138985], "7/21/2016": [44.25, -0.001128668171557498], "7/22/2016": [44.1, -0.003389830508474544], "7/25/2016": [44.0, -0.002267573696145157], "7/26/2016": [44.0, 0.0], "7/27/2016": [43.95, -0.0011363636363635717], "7/28/2016": [44.05, 0.0022753128555175043], "7/29/2016": [44.0, -0.0011350737797956223], "8/1/2016": [44.05, 0.0011363636363635717], "8/2/2016": [44.0, -0.0011350737797956223], "8/3/2016": [44.0, 0.0], "8/4/2016": [43.25, -0.017045454545454544], "8/5/2016": [44.0, 0.017341040462427744], "8/8/2016": [43.8, -0.00454545454545461], "8/9/2016": [43.85, 0.0011415525114156226], "8/10/2016": [43.8, -0.0011402508551882386], "8/11/2016": [43.2, -0.013698630136986172], "8/12/2016": [43.75, 0.012731481481481415], "8/15/2016": [43.35, -0.00914285714285711], "8/16/2016": [43.85, 0.011534025374855825], "8/17/2016": [43.85, 0.0], "8/18/2016": [43.4, -0.010262257696693337], "8/19/2016": [42.65, -0.01728110599078341], "8/22/2016": [41.35, -0.030480656506447764], "8/23/2016": [41.4, 0.0012091898428052516], "8/24/2016": [39.8, -0.038647342995169115], "8/25/2016": [40.45, 0.01633165829145743], "8/26/2016": [40.6, 0.0037082818294190004], "8/29/2016": [40.65, 0.001231527093595989], "8/30/2016": [40.65, 0.0], "8/31/2016": [40.5, -0.003690036900368969], "9/1/2016": [39.5, -0.024691358024691357], "9/2/2016": [39.6, 0.002531645569620289], "9/5/2016": [39.35, -0.006313131313131313], "9/6/2016": [39.0, -0.008894536213468906], "9/7/2016": [39.1, 0.0025641025641026005], "9/8/2016": [39.1, 0.0], "9/9/2016": [38.7, -0.010230179028132955], "9/10/2016": [38.65, -0.0012919896640827973], "9/12/2016": [38.55, -0.002587322121604177], "9/13/2016": [38.55, 0.0], "9/14/2016": [38.55, 0.0], "9/19/2016": [39.4, 0.02204928664072637], "9/20/2016": [38.9, -0.012690355329949238], "9/21/2016": [41.7, 0.07197943444730089], "9/22/2016": [40.25, -0.03477218225419671], "9/23/2016": [40.55, 0.007453416149068253], "9/26/2016": [39.8, -0.018495684340320593], "9/29/2016": [39.9, 0.002512562814070388], "9/30/2016": [39.45, -0.011278195488721698], "10/3/2016": [40.1, 0.016476552598225565], "10/4/2016": [40.0, -0.0024937655860349482], "10/5/2016": [39.25, -0.01875], "10/6/2016": [39.4, 0.0038216560509553776], "10/7/2016": [39.35, -0.0012690355329948518], "10/11/2016": [39.25, -0.0025412960609911416], "10/12/2016": [39.0, -0.006369426751592357], "10/13/2016": [39.1, 0.0025641025641026005], "10/14/2016": [39.6, 0.01278772378516624], "10/17/2016": [39.6, 0.0], "10/18/2016": [39.7, 0.002525252525252561], "10/19/2016": [39.95, 0.006297229219143576], "10/20/2016": [39.0, -0.023779724655819845], "10/21/2016": [38.8, -0.005128205128205201], "10/24/2016": [38.75, -0.0012886597938143599], "10/25/2016": [38.75, 0.0], "10/26/2016": [39.0, 0.0064516129032258064],