{"1/4/2016": [8.2, ""], "1/5/2016": [8.15, -0.006097560975609627], "1/6/2016": [8.05, -0.012269938650306704], "1/7/2016": [7.92, -0.016149068322981464], "1/8/2016": [8.0, 0.01010101010101011], "1/11/2016": [7.96, -0.0050000000000000044], "1/12/2016": [7.95, -0.001256281407035149], "1/13/2016": [7.88, -0.008805031446540917], "1/14/2016": [7.85, -0.0038071065989848034], "1/15/2016": [7.84, -0.0012738853503184442], "1/18/2016": [7.8, -0.005102040816326535], "1/19/2016": [7.8, 0.0], "1/20/2016": [7.75, -0.0064102564102563875], "1/21/2016": [7.69, -0.007741935483870917], "1/22/2016": [7.79, 0.013003901170351058], "1/25/2016": [7.84, 0.006418485237483931], "1/26/2016": [7.93, 0.011479591836734675], "1/27/2016": [8.1, 0.021437578814627985], "1/28/2016": [8.1, 0.0], "1/29/2016": [8.03, -0.008641975308642011], "1/30/2016": [8.09, 0.007471980074719864], "2/1/2016": [7.98, -0.013597033374536395], "2/2/2016": [8.08, 0.01253132832080196], "2/3/2016": [8.09, 0.0012376237623762112], "2/15/2016": [8.21, 0.014833127317676267], "2/16/2016": [9.03, 0.09987819732034085], "2/17/2016": [8.82, -0.02325581395348827], "2/18/2016": [9.05, 0.026077097505668983], "2/19/2016": [8.93, -0.013259668508287402], "2/22/2016": [9.12, 0.021276595744680795], "2/23/2016": [10.0, 0.09649122807017553], "2/24/2016": [9.69, -0.03100000000000005], "2/25/2016": [9.79, 0.010319917440660438], "2/26/2016": [9.98, 0.019407558733401564], "3/1/2016": [9.99, 0.0010020040080160107], "3/2/2016": [9.96, -0.003003003003002939], "3/3/2016": [10.2, 0.024096385542168516], "3/4/2016": [10.3, 0.009803921568627591], "3/7/2016": [10.9, 0.05825242718446598], "3/8/2016": [10.8, -0.009174311926605472], "3/9/2016": [10.2, -0.055555555555555684], "3/10/2016": [10.2, 0.0], "3/11/2016": [10.1, -0.009803921568627416], "3/14/2016": [10.0, -0.009900990099009866], "3/15/2016": [9.65, -0.03499999999999996], "3/16/2016": [9.65, 0.0], "3/17/2016": [9.55, -0.010362694300518097], "3/18/2016": [9.58, 0.0031413612565444355], "3/21/2016": [9.66, 0.00835073068893529], "3/22/2016": [9.74, 0.00828157349896481], "3/23/2016": [9.67, -0.007186858316221795], "3/24/2016": [9.53, -0.014477766287487133], "3/25/2016": [9.45, -0.008394543546694656], "3/28/2016": [9.36, -0.009523809523809509], "3/29/2016": [9.29, -0.007478632478632509], "3/30/2016": [9.33, 0.004305705059203545], "3/31/2016": [9.37, 0.004287245444801624], "4/1/2016": [9.26, -0.011739594450373474], "4/6/2016": [9.16, -0.010799136069114432], "4/7/2016": [9.13, -0.003275109170305607], "4/8/2016": [9.2, 0.0076670317634171415], "4/11/2016": [9.17, -0.003260869565217322], "4/12/2016": [10.05, 0.09596510359869147], "4/13/2016": [10.95, 0.08955223880597], "4/14/2016": [11.35, 0.036529680365296836], "4/15/2016": [11.05, -0.026431718061673916], "4/18/2016": [11.6, 0.0497737556561085], "4/19/2016": [11.3, -0.02586206896551715], "4/20/2016": [10.95, -0.030973451327433753], "4/21/2016": [11.1, 0.013698630136986335], "4/22/2016": [11.0, -0.009009009009008978], "4/25/2016": [10.8, -0.01818181818181812], "4/26/2016": [10.85, 0.0046296296296295305], "4/27/2016": [10.65, -0.018433179723502238], "4/28/2016": [10.4, -0.023474178403755867], "4/29/2016": [10.3, -0.009615384615384581], "5/3/2016": [10.45, 0.014563106796116367], "5/4/2016": [10.1, -0.033492822966507144], "5/5/2016": [9.94, -0.015841584158415856], "5/6/2016": [10.05, 0.011066398390342175], "5/9/2016": [9.8, -0.02487562189054726], "5/10/2016": [9.51, -0.02959183673469397], "5/11/2016": [9.39, -0.012618296529968372], "5/12/2016": [9.4, 0.0010649627263045567], "5/13/2016": [9.25, -0.015957446808510675], "5/16/2016": [9.15, -0.010810810810810773], "5/17/2016": [9.15, 0.0], "5/18/2016": [9.1, -0.005464480874317017], "5/19/2016": [9.15, 0.005494505494505573], "5/20/2016": [9.15, 0.0], "5/23/2016": [9.35, 0.02185792349726768], "5/24/2016": [9.3, -0.005347593582887587], "5/25/2016": [9.38, 0.008602150537634416], "5/26/2016": [9.4, 0.0021321961620468627], "5/27/2016": [9.4, 0.0], "5/30/2016": [9.39, -0.0010638297872340198], "5/31/2016": [9.32, -0.007454739084132085], "6/1/2016": [9.43, 0.011802575107296076], "6/2/2016": [9.35, -0.008483563096500538], "6/3/2016": [9.35, 0.0], "6/4/2016": [9.31, -0.0042780748663100695], "6/6/2016": [9.28, -0.003222341568206352], "6/7/2016": [9.18, -0.01077586206896548], "6/8/2016": [9.18, 0.0], "6/13/2016": [9.2, 0.0021786492374727207], "6/14/2016": [9.21, 0.0010869565217393005], "6/15/2016": [9.23, 0.0021715526601519624], "6/16/2016": [9.1, -0.014084507042253605], "6/17/2016": [9.16, 0.006593406593406648], "6/20/2016": [9.31, 0.016375545851528422], "6/21/2016": [9.35, 0.004296455424274881], "6/22/2016": [9.37, 0.0021390374331550347], "6/23/2016": [9.29, -0.00853788687299894], "6/24/2016": [9.15, -0.015069967707211928], "6/27/2016": [9.05, -0.01092896174863384], "6/28/2016": [9.07, 0.0022099447513811684], "6/29/2016": [9.25, 0.01984564498346193], "6/30/2016": [9.22, -0.003243243243243174], "7/1/2016": [9.22, 0.0], "7/4/2016": [10.1, 0.09544468546637733], "7/5/2016": [10.5, 0.03960396039603964], "7/6/2016": [10.8, 0.02857142857142864], "7/7/2016": [10.6, -0.018518518518518615], "7/11/2016": [9.95, -0.06132075471698117], "7/12/2016": [10.25, 0.030150753768844296], "7/13/2016": [10.6, 0.0341463414634146], "7/14/2016": [10.6, 0.0], "7/15/2016": [10.35, -0.02358490566037736], "7/18/2016": [10.25, -0.009661835748792237], "7/19/2016": [10.25, 0.0], "7/20/2016": [10.25, 0.0], "7/21/2016": [10.25, 0.0], "7/22/2016": [10.3, 0.004878048780487874], "7/25/2016": [10.15, -0.014563106796116538], "7/26/2016": [10.1, -0.004926108374384306], "7/27/2016": [10.1, 0.0], "7/28/2016": [10.05, -0.004950495049504845], "7/29/2016": [10.15, 0.009950248756218869], "8/1/2016": [10.25, 0.009852216748768438], "8/2/2016": [10.15, -0.009756097560975575], "8/3/2016": [10.05, -0.009852216748768438], "8/4/2016": [10.0, -0.004975124378109523], "8/5/2016": [10.0, 0.0], "8/8/2016": [10.05, 0.005000000000000071], "8/9/2016": [10.5, 0.044776119402985], "8/10/2016": [10.6, 0.00952380952380949], "8/11/2016": [10.4, -0.01886792452830182], "8/12/2016": [10.55, 0.014423076923076957], "8/15/2016": [10.2, -0.0331753554502371], "8/16/2016": [10.05, -0.014705882352941037], "8/17/2016": [10.45, 0.039800995024875475], "8/18/2016": [10.5, 0.004784688995215379], "8/19/2016": [10.25, -0.023809523809523808], "8/22/2016": [10.25, 0.0], "8/23/2016": [10.2, -0.004878048780487874], "8/24/2016": [10.2, 0.0], "8/25/2016": [10.4, 0.01960784313725501], "8/26/2016": [10.2, -0.019230769230769332], "8/29/2016": [10.2, 0.0], "8/30/2016": [10.1, -0.009803921568627416], "8/31/2016": [10.05, -0.004950495049504845], "9/1/2016": [10.0, -0.004975124378109523], "9/2/2016": [9.96, -0.003999999999999915], "9/5/2016": [10.0, 0.004016064257028026], "9/6/2016": [10.15, 0.015000000000000036], "9/7/2016": [10.1, -0.004926108374384306], "9/8/2016": [10.0, -0.009900990099009866], "9/9/2016": [10.05, 0.005000000000000071], "9/10/2016": [9.97, -0.00796019900497513], "9/12/2016": [9.9, -0.007021063189568734], "9/13/2016": [9.9, 0.0], "9/14/2016": [9.81, -0.009090909090909077], "9/19/2016": [9.78, -0.003058103975535284], "9/20/2016": [9.79, 0.0010224948875255406], "9/21/2016": [9.93, 0.014300306435137956], "9/22/2016": [10.05, 0.012084592145015206], "9/23/2016": [10.05, 0.0], "9/26/2016": [9.91, -0.013930348258706524], "9/29/2016": [10.0, 0.009081735620585252], "9/30/2016": [9.94, -0.0060000000000000496], "10/3/2016": [9.96, 0.002012072434607782], "10/4/2016": [9.96, 0.0], "10/5/2016": [9.86, -0.010040160642570423], "10/6/2016": [9.83, -0.0030425963488843167], "10/7/2016": [9.8, -0.003051881993896171], "10/11/2016": [9.72, -0.008163265306122455], "10/12/2016": [9.62, -0.010288065843621545], "10/13/2016": [9.67, 0.0051975051975052715], "10/14/2016": [9.72, 0.005170630816959743], "10/17/2016": [9.72, 0.0], "10/18/2016": [9.76, 0.0041152263374484715], "10/19/2016": [9.77, 0.0010245901639344044], "10/20/2016": [9.96, 0.019447287615148544], "10/21/2016": [9.81, -0.015060240963855456],