{"1/4/2016": [25.6, ""], "1/5/2016": [25.5, -0.0039062500000000555], "1/6/2016": [23.9, -0.06274509803921574], "1/7/2016": [22.55, -0.056485355648535476], "1/8/2016": [22.5, -0.0022172949002217607], "1/11/2016": [21.5, -0.044444444444444446], "1/12/2016": [19.6, -0.08837209302325574], "1/13/2016": [19.6, 0.0], "1/14/2016": [20.4, 0.040816326530612096], "1/15/2016": [20.85, 0.022058823529411905], "1/18/2016": [21.5, 0.0311750599520383], "1/19/2016": [21.75, 0.011627906976744186], "1/20/2016": [21.6, -0.006896551724137866], "1/21/2016": [21.6, 0.0], "1/22/2016": [21.55, -0.0023148148148148476], "1/25/2016": [21.15, -0.018561484918793603], "1/26/2016": [21.15, 0.0], "1/27/2016": [21.0, -0.007092198581560217], "1/28/2016": [21.05, 0.002380952380952415], "1/29/2016": [21.25, 0.009501187648456023], "1/30/2016": [21.95, 0.0329411764705882], "2/1/2016": [22.5, 0.02505694760820049], "2/2/2016": [22.6, 0.004444444444444508], "2/3/2016": [22.4, -0.008849557522124019], "2/15/2016": [22.05, -0.015624999999999906], "2/16/2016": [22.05, 0.0], "2/17/2016": [22.5, 0.02040816326530609], "2/18/2016": [22.35, -0.006666666666666604], "2/19/2016": [22.55, 0.008948545861297506], "2/22/2016": [23.7, 0.05099778270509971], "2/23/2016": [25.7, 0.08438818565400844], "2/24/2016": [25.45, -0.009727626459143969], "2/25/2016": [25.5, 0.0019646365422397137], "2/26/2016": [25.7, 0.007843137254901933], "3/1/2016": [26.5, 0.03112840466926073], "3/2/2016": [25.65, -0.03207547169811326], "3/3/2016": [25.65, 0.0], "3/4/2016": [25.5, -0.005847953216374214], "3/7/2016": [25.45, -0.001960784313725518], "3/8/2016": [25.5, 0.0019646365422397137], "3/9/2016": [25.5, 0.0], "3/10/2016": [25.3, -0.007843137254901933], "3/11/2016": [25.3, 0.0], "3/14/2016": [24.6, -0.027667984189723292], "3/15/2016": [24.9, 0.012195121951219396], "3/16/2016": [24.8, -0.004016064257028027], "3/17/2016": [24.5, -0.012096774193548416], "3/18/2016": [25.15, 0.026530612244897903], "3/21/2016": [24.75, -0.01590457256461227], "3/22/2016": [24.75, 0.0], "3/23/2016": [24.6, -0.006060606060606003], "3/24/2016": [24.35, -0.01016260162601626], "3/25/2016": [22.6, -0.07186858316221766], "3/28/2016": [23.55, 0.042035398230088464], "3/29/2016": [23.55, 0.0], "3/30/2016": [23.25, -0.012738853503184744], "3/31/2016": [23.8, 0.023655913978494654], "4/1/2016": [24.2, 0.01680672268907557], "4/6/2016": [24.3, 0.004132231404958737], "4/7/2016": [24.6, 0.012345679012345708], "4/8/2016": [23.4, -0.04878048780487816], "4/11/2016": [23.65, 0.010683760683760684], "4/12/2016": [23.8, 0.006342494714587829], "4/13/2016": [23.6, -0.008403361344537785], "4/14/2016": [24.15, 0.02330508474576259], "4/15/2016": [24.0, -0.006211180124223544], "4/18/2016": [23.75, -0.010416666666666666], "4/19/2016": [23.85, 0.0042105263157895334], "4/20/2016": [23.35, -0.020964360587002094], "4/21/2016": [23.3, -0.002141327623126369], "4/22/2016": [23.3, 0.0], "4/25/2016": [23.3, 0.0], "4/26/2016": [23.6, 0.012875536480686725], "4/27/2016": [23.4, -0.00847457627118656], "4/28/2016": [23.4, 0.0], "4/29/2016": [23.0, -0.017094017094017033], "5/3/2016": [23.4, 0.017391304347826025], "5/4/2016": [22.65, -0.032051282051282055], "5/5/2016": [23.3, 0.028697571743929454], "5/6/2016": [23.15, -0.006437768240343439], "5/9/2016": [22.65, -0.021598272138228944], "5/10/2016": [22.75, 0.004415011037527657], "5/11/2016": [21.95, -0.0351648351648352], "5/12/2016": [21.6, -0.015945330296127467], "5/13/2016": [21.0, -0.027777777777777842], "5/16/2016": [22.25, 0.05952380952380952], "5/17/2016": [22.0, -0.011235955056179775], "5/18/2016": [21.9, -0.00454545454545461], "5/19/2016": [22.0, 0.004566210045662165], "5/20/2016": [22.0, 0.0], "5/23/2016": [21.9, -0.00454545454545461], "5/24/2016": [21.6, -0.013698630136986172], "5/25/2016": [21.45, -0.006944444444444543], "5/26/2016": [21.6, 0.006993006993007093], "5/27/2016": [21.6, 0.0], "5/30/2016": [23.2, 0.07407407407407397], "5/31/2016": [22.7, -0.021551724137931036], "6/1/2016": [22.5, -0.00881057268722464], "6/2/2016": [22.9, 0.017777777777777715], "6/3/2016": [23.1, 0.008733624454148596], "6/4/2016": [22.5, -0.025974025974026035], "6/6/2016": [22.55, 0.002222222222222254], "6/7/2016": [21.85, -0.03104212860310418], "6/8/2016": [21.05, -0.03661327231121284], "6/13/2016": [20.2, -0.04038004750593831], "6/14/2016": [20.35, 0.007425742574257531], "6/15/2016": [20.5, 0.007371007371007301], "6/16/2016": [20.25, -0.012195121951219513], "6/17/2016": [20.1, -0.0074074074074073374], "6/20/2016": [20.4, 0.014925373134328216], "6/21/2016": [20.6, 0.009803921568627591], "6/22/2016": [20.4, -0.009708737864077808], "6/23/2016": [20.5, 0.004901960784313796], "6/24/2016": [20.5, 0.0], "6/27/2016": [20.8, 0.014634146341463448], "6/28/2016": [20.4, -0.019230769230769332], "6/29/2016": [20.2, -0.009803921568627416], "6/30/2016": [20.3, 0.004950495049505021], "7/1/2016": [20.6, 0.014778325123152743], "7/4/2016": [20.6, 0.0], "7/5/2016": [20.4, -0.009708737864077808], "7/6/2016": [20.25, -0.007352941176470519], "7/7/2016": [19.95, -0.01481481481481485], "7/11/2016": [20.15, 0.010025062656641569], "7/12/2016": [20.0, -0.007444168734491245], "7/13/2016": [20.05, 0.0025000000000000356], "7/14/2016": [19.9, -0.007481296758104844], "7/15/2016": [20.0, 0.005025125628140776], "7/18/2016": [20.1, 0.005000000000000071], "7/19/2016": [20.7, 0.02985074626865661], "7/20/2016": [20.2, -0.024154589371980676], "7/21/2016": [20.35, 0.007425742574257531], "7/22/2016": [20.25, -0.004914004914004983], "7/25/2016": [20.0, -0.012345679012345678], "7/26/2016": [20.05, 0.0025000000000000356], "7/27/2016": [20.05, 0.0], "7/28/2016": [20.0, -0.0024937655860349482], "7/29/2016": [19.7, -0.015000000000000036], "8/1/2016": [19.9, 0.010152284263959355], "8/2/2016": [20.0, 0.005025125628140776], "8/3/2016": [20.0, 0.0], "8/4/2016": [20.0, 0.0], "8/5/2016": [19.95, -0.0025000000000000356], "8/8/2016": [20.05, 0.005012531328320874], "8/9/2016": [19.9, -0.007481296758104844], "8/10/2016": [19.9, 0.0], "8/11/2016": [19.8, -0.005025125628140597], "8/12/2016": [19.5, -0.015151515151515187], "8/15/2016": [20.0, 0.02564102564102564], "8/16/2016": [20.0, 0.0], "8/17/2016": [19.95, -0.0025000000000000356], "8/18/2016": [20.0, 0.002506265664160437], "8/19/2016": [20.1, 0.005000000000000071], "8/22/2016": [20.3, 0.009950248756218869], "8/23/2016": [22.3, 0.09852216748768472], "8/24/2016": [24.5, 0.09865470852017934], "8/25/2016": [24.3, -0.00816326530612242], "8/26/2016": [24.45, 0.006172839506172781], "8/29/2016": [23.75, -0.02862985685071572], "8/30/2016": [24.25, 0.021052631578947368], "8/31/2016": [23.65, -0.02474226804123717], "9/1/2016": [23.8, 0.006342494714587829], "9/2/2016": [22.9, -0.037815126050420256], "9/5/2016": [22.8, -0.004366812227074143], "9/6/2016": [22.6, -0.008771929824561372], "9/7/2016": [23.2, 0.026548672566371584], "9/8/2016": [23.45, 0.010775862068965518], "9/9/2016": [23.05, -0.017057569296375207], "9/10/2016": [22.6, -0.01952277657266808], "9/12/2016": [22.7, 0.004424778761061852], "9/13/2016": [22.95, 0.011013215859030838], "9/14/2016": [23.05, 0.004357298474945596], "9/19/2016": [22.85, -0.008676789587852464], "9/20/2016": [23.2, 0.01531728665207868], "9/21/2016": [23.2, 0.0], "9/22/2016": [23.2, 0.0], "9/23/2016": [23.6, 0.01724137931034492], "9/26/2016": [24.5, 0.03813559322033892], "9/29/2016": [25.2, 0.028571428571428543], "9/30/2016": [24.45, -0.029761904761904764], "10/3/2016": [24.5, 0.002044989775051154], "10/4/2016": [24.2, -0.012244897959183702], "10/5/2016": [24.7, 0.02066115702479339], "10/6/2016": [24.7, 0.0], "10/7/2016": [24.0, -0.02834008097165989], "10/11/2016": [23.15, -0.03541666666666673], "10/12/2016": [22.7, -0.01943844492440602], "10/13/2016": [22.6, -0.004405286343612241], "10/14/2016": [22.3, -0.013274336283185872], "10/17/2016": [22.4, 0.0044843049327353305], "10/18/2016": [22.4, 0.0], "10/19/2016": [22.5, 0.004464285714285778], "10/20/2016": [22.9, 0.017777777777777715], "10/21/2016": [22.9, 0.0],