{"1/4/2016": [6.3, ""], "1/5/2016": [6.31, 0.0015873015873015535], "1/6/2016": [6.3, -0.001584786053882692], "1/7/2016": [6.1, -0.03174603174603177], "1/8/2016": [6.47, 0.060655737704918056], "1/11/2016": [6.47, 0.0], "1/12/2016": [6.47, 0.0], "1/13/2016": [6.71, 0.03709428129829988], "1/14/2016": [6.66, -0.007451564828613983], "1/15/2016": [6.66, 0.0], "1/18/2016": [6.7, 0.006006006006006011], "1/19/2016": [6.7, 0.0], "1/20/2016": [6.7, 0.0], "1/21/2016": [6.7, 0.0], "1/22/2016": [6.7, 0.0], "1/25/2016": [6.7, 0.0], "1/26/2016": [6.7, 0.0], "1/27/2016": [6.7, 0.0], "1/28/2016": [6.7, 0.0], "1/29/2016": [6.67, -0.004477611940298544], "1/30/2016": [6.72, 0.007496251874062942], "2/1/2016": [6.67, -0.007440476190476164], "2/2/2016": [6.72, 0.007496251874062942], "2/3/2016": [6.72, 0.0], "2/15/2016": [6.69, -0.0044642857142856195], "2/16/2016": [6.7, 0.0014947683109117766], "2/17/2016": [6.76, 0.008955223880596956], "2/18/2016": [6.76, 0.0], "2/19/2016": [6.96, 0.029585798816568074], "2/22/2016": [6.98, 0.002873563218390871], "2/23/2016": [6.98, 0.0], "2/24/2016": [6.98, 0.0], "2/25/2016": [6.98, 0.0], "2/26/2016": [6.98, 0.0], "3/1/2016": [6.98, 0.0], "3/2/2016": [7.07, 0.012893982808022902], "3/3/2016": [6.85, -0.031117397454031206], "3/4/2016": [6.82, -0.004379562043795527], "3/7/2016": [6.82, 0.0], "3/8/2016": [6.82, 0.0], "3/9/2016": [6.82, 0.0], "3/10/2016": [6.85, 0.004398826979472047], "3/11/2016": [6.85, 0.0], "3/14/2016": [6.84, -0.001459854014598509], "3/15/2016": [6.8, -0.005847953216374275], "3/16/2016": [6.8, 0.0], "3/17/2016": [6.9, 0.014705882352941256], "3/18/2016": [6.91, 0.0014492753623188096], "3/21/2016": [6.91, 0.0], "3/22/2016": [6.83, -0.011577424023154858], "3/23/2016": [6.89, 0.008784773060029226], "3/24/2016": [6.89, 0.0], "3/25/2016": [6.89, 0.0], "3/28/2016": [6.95, 0.008708272859216328], "3/29/2016": [6.95, 0.0], "3/30/2016": [6.95, 0.0], "3/31/2016": [6.86, -0.012949640287769763], "4/1/2016": [6.87, 0.0014577259475218346], "4/6/2016": [6.86, -0.0014556040756913808], "4/7/2016": [6.87, 0.0014577259475218346], "4/8/2016": [7.03, 0.023289665211062613], "4/11/2016": [7.0, -0.004267425320056934], "4/12/2016": [7.0, 0.0], "4/13/2016": [7.1, 0.014285714285714235], "4/14/2016": [7.1, 0.0], "4/15/2016": [7.0, -0.014084507042253471], "4/18/2016": [7.17, 0.024285714285714275], "4/19/2016": [7.13, -0.005578800557880061], "4/20/2016": [7.28, 0.0210378681626929], "4/21/2016": [7.09, -0.026098901098901152], "4/22/2016": [7.15, 0.00846262341325818], "4/25/2016": [7.23, 0.011188811188811197], "4/26/2016": [7.23, 0.0], "4/27/2016": [7.23, 0.0], "4/28/2016": [7.08, -0.020746887966805027], "4/29/2016": [7.08, 0.0], "5/3/2016": [7.1, 0.0028248587570620866], "5/4/2016": [7.2, 0.014084507042253596], "5/5/2016": [7.2, 0.0], "5/6/2016": [7.08, -0.01666666666666668], "5/9/2016": [7.08, 0.0], "5/10/2016": [7.08, 0.0], "5/11/2016": [7.1, 0.0028248587570620866], "5/12/2016": [7.05, -0.007042253521126736], "5/13/2016": [7.09, 0.0056737588652482325], "5/16/2016": [7.07, -0.0028208744710859768], "5/17/2016": [6.75, -0.0452616690240453], "5/18/2016": [6.93, 0.026666666666666623], "5/19/2016": [7.0, 0.010101010101010142], "5/20/2016": [7.0, 0.0], "5/23/2016": [7.0, 0.0], "5/24/2016": [7.0, 0.0], "5/25/2016": [7.0, 0.0], "5/26/2016": [7.05, 0.0071428571428571175], "5/27/2016": [7.1, 0.007092198581560258], "5/30/2016": [6.93, -0.02394366197183098], "5/31/2016": [7.06, 0.018759018759018746], "6/1/2016": [7.14, 0.01133144475920681], "6/2/2016": [7.14, 0.0], "6/3/2016": [7.1, -0.005602240896358549], "6/4/2016": [7.13, 0.0042253521126760915], "6/6/2016": [7.13, 0.0], "6/7/2016": [7.12, -0.0014025245441794932], "6/8/2016": [7.15, 0.00421348314606745], "6/13/2016": [7.16, 0.0013986013986013687], "6/14/2016": [7.24, 0.011173184357541908], "6/15/2016": [9.95, 0.3743093922651932], "6/16/2016": [9.43, -0.052261306532663275], "6/17/2016": [8.6, -0.08801696712619302], "6/20/2016": [8.2, -0.046511627906976785], "6/21/2016": [8.62, 0.05121951219512195], "6/22/2016": [8.15, -0.05452436194895579], "6/23/2016": [8.12, -0.0036809815950921638], "6/24/2016": [8.3, 0.02216748768472925], "6/27/2016": [8.47, 0.020481927710843364], "6/28/2016": [8.85, 0.04486422668240838], "6/29/2016": [9.28, 0.048587570621468894], "6/30/2016": [9.25, -0.0032327586206895866], "7/1/2016": [9.39, 0.015135135135135197], "7/4/2016": [9.57, 0.019169329073482396], "7/5/2016": [9.37, -0.020898641588296872], "7/6/2016": [9.3, -0.007470651013873907], "7/7/2016": [9.25, -0.005376344086021581], "7/11/2016": [9.45, 0.021621621621621546], "7/12/2016": [9.07, -0.04021164021164011], "7/13/2016": [9.13, 0.006615214994487376], "7/14/2016": [9.49, 0.03943044906900322], "7/15/2016": [9.15, -0.035827186512118005], "7/18/2016": [9.08, -0.007650273224043746], "7/19/2016": [9.05, -0.0033039647577091805], "7/20/2016": [9.1, 0.0055248618784529205], "7/21/2016": [9.12, 0.002197802197802151], "7/22/2016": [9.29, 0.018640350877192978], "7/25/2016": [9.23, -0.00645855758880503], "7/26/2016": [9.15, -0.008667388949079096], "7/27/2016": [9.48, 0.03606557377049181], "7/28/2016": [9.48, 0.0], "7/29/2016": [9.2, -0.02953586497890307], "8/1/2016": [9.14, -0.006521739130434644], "8/2/2016": [9.1, -0.00437636761487975], "8/3/2016": [9.3, 0.021978021978022098], "8/4/2016": [9.3, 0.0], "8/5/2016": [9.17, -0.013978494623655998], "8/8/2016": [9.18, 0.0010905125408941971], "8/9/2016": [9.23, 0.005446623093681995], "8/10/2016": [9.26, 0.0032502708559045894], "8/11/2016": [9.25, -0.0010799136069114242], "8/12/2016": [9.11, -0.015135135135135197], "8/15/2016": [9.15, 0.004390779363337094], "8/16/2016": [9.1, -0.005464480874317017], "8/17/2016": [9.1, 0.0], "8/18/2016": [9.18, 0.0087912087912088], "8/19/2016": [9.18, 0.0], "8/22/2016": [7.02, -0.23529411764705885], "8/23/2016": [7.3, 0.03988603988603993], "8/24/2016": [7.1, -0.02739726027397263], "8/25/2016": [7.11, 0.0014084507042254472], "8/26/2016": [7.45, 0.04781997187060476], "8/29/2016": [7.21, -0.03221476510067117], "8/30/2016": [7.14, -0.009708737864077709], "8/31/2016": [7.07, -0.009803921568627368], "9/1/2016": [7.2, 0.01838755304101837], "9/2/2016": [7.33, 0.01805555555555554], "9/5/2016": [7.3, -0.004092769440654877], "9/6/2016": [7.3, 0.0], "9/7/2016": [7.4, 0.013698630136986375], "9/8/2016": [8.2, 0.10810810810810796], "9/9/2016": [8.7, 0.06097560975609757], "9/10/2016": [9.19, 0.0563218390804598], "9/12/2016": [9.0, -0.02067464635473335], "9/13/2016": [8.58, -0.04666666666666666], "9/14/2016": [8.7, 0.013986013986013894], "9/19/2016": [8.44, -0.029885057471264347], "9/20/2016": [8.44, 0.0], "9/21/2016": [8.44, 0.0], "9/22/2016": [8.44, 0.0], "9/23/2016": [8.14, -0.03554502369668234], "9/26/2016": [8.14, 0.0], "9/29/2016": [8.14, 0.0], "9/30/2016": [8.14, 0.0], "10/3/2016": [8.1, -0.0049140049140050275], "10/4/2016": [8.15, 0.006172839506172928], "10/5/2016": [8.15, 0.0], "10/6/2016": [7.98, -0.020858895705521463], "10/7/2016": [7.98, 0.0], "10/11/2016": [7.98, 0.0], "10/12/2016": [7.97, -0.001253132832080285], "10/13/2016": [7.97, 0.0], "10/14/2016": [7.87, -0.012547051442910871], "10/17/2016": [7.87, 0.0], "10/18/2016": [8.0, 0.01651842439644217], "10/19/2016": [8.0, 0.0], "10/20/2016": [8.0, 0.0], "10/21/2016": [8.0, 0.0], "10/24/2016": [8.0, 0.0], "10/25/2016": [8.0, 0.0], "10/26/2016": [8.0, 0.0], "10/27/2016": [8.0, 0.0], "10/28/2016": [8.0, 0.0], "10/31/2016": [8.0, 0.0], "11/1/2016": [8.0, 0.0], "11/2/2016": [8.0, 0.0], "11/3/2016": [8.0, 0.0], "11/4/2016": [8.1, 0.012499999999999956], "11/7/2016": [8.0, -0.012345679012345635], "11/8/2016": [8.0, 0.0], "11/9/2016": [8.0, 0.0], "11/10/2016": [8.03, 0.00374999999999992], "11/11/2016": [8.03, 0.0], "11/14/2016": [7.75, -0.03486924034869233], "11/15/2016": [7.75, 0.0], "11/16/2016": [7.7, -0.006451612903225784], "11/17/2016": [7.7, 0.0], "11/18/2016": [7.6, -0.012987012987013056], "11/21/2016": [7.6, 0.0], "11/22/2016": [7.6, 0.0], "11/23/2016": [7.85, 0.03289473684210526], "11/24/2016": [7.85, 0.0],