{"1/4/2016": [60.6, ""], "1/5/2016": [59.3, -0.02145214521452152], "1/6/2016": [55.7, -0.06070826306913987], "1/7/2016": [51.7, -0.0718132854578097], "1/8/2016": [53.2, 0.029013539651837523], "1/11/2016": [51.9, -0.024436090225563988], "1/12/2016": [51.4, -0.009633911368015415], "1/13/2016": [52.4, 0.019455252918287938], "1/14/2016": [52.0, -0.007633587786259515], "1/15/2016": [51.7, -0.005769230769230715], "1/18/2016": [54.1, 0.046421663442940006], "1/19/2016": [53.6, -0.009242144177449167], "1/20/2016": [52.5, -0.020522388059701517], "1/21/2016": [52.7, 0.0038095238095238637], "1/22/2016": [53.4, 0.013282732447817755], "1/25/2016": [54.4, 0.018726591760299626], "1/26/2016": [53.8, -0.011029411764705909], "1/27/2016": [53.5, -0.005576208178438609], "1/28/2016": [54.0, 0.009345794392523364], "1/29/2016": [58.0, 0.07407407407407407], "1/30/2016": [63.8, 0.09999999999999995], "2/1/2016": [62.8, -0.015673981191222573], "2/2/2016": [63.0, 0.0031847133757962236], "2/3/2016": [62.0, -0.015873015873015872], "2/15/2016": [61.9, -0.0016129032258064746], "2/16/2016": [63.4, 0.024232633279483037], "2/17/2016": [62.6, -0.01261829652996841], "2/18/2016": [63.2, 0.009584664536741236], "2/19/2016": [64.2, 0.01582278481012658], "2/22/2016": [65.8, 0.024922118380062214], "2/23/2016": [72.3, 0.09878419452887538], "2/24/2016": [73.5, 0.016597510373444025], "2/25/2016": [77.2, 0.05034013605442181], "2/26/2016": [78.0, 0.010362694300518097], "3/1/2016": [80.1, 0.02692307692307685], "3/2/2016": [81.8, 0.021223470661672947], "3/3/2016": [81.4, -0.004889975550122145], "3/4/2016": [80.8, -0.007371007371007475], "3/7/2016": [80.2, -0.007425742574257356], "3/8/2016": [83.4, 0.03990024937655864], "3/9/2016": [81.2, -0.02637889688249404], "3/10/2016": [80.1, -0.013546798029556755], "3/11/2016": [82.5, 0.029962546816479474], "3/14/2016": [90.7, 0.09939393939393942], "3/15/2016": [85.0, -0.06284454244762958], "3/16/2016": [86.1, 0.012941176470588168], "3/17/2016": [86.6, 0.005807200929152149], "3/18/2016": [88.0, 0.016166281755196372], "3/21/2016": [87.8, -0.002272727272727305], "3/22/2016": [85.6, -0.02505694760820049], "3/23/2016": [83.9, -0.019859813084112016], "3/24/2016": [81.6, -0.027413587604290957], "3/25/2016": [81.2, -0.004901960784313621], "3/28/2016": [79.6, -0.01970443349753705], "3/29/2016": [73.4, -0.07788944723618077], "3/30/2016": [77.9, 0.061307901907356945], "3/31/2016": [78.7, 0.010269576379974289], "4/1/2016": [78.1, -0.007623888182973424], "4/6/2016": [78.2, 0.0012804097311140657], "4/7/2016": [80.8, 0.03324808184143215], "4/8/2016": [79.2, -0.019801980198019733], "4/11/2016": [76.5, -0.03409090909090912], "4/12/2016": [74.2, -0.030065359477124146], "4/13/2016": [74.8, 0.00808625336927216], "4/14/2016": [72.6, -0.02941176470588239], "4/15/2016": [75.3, 0.03719008264462814], "4/18/2016": [78.7, 0.045152722443559175], "4/19/2016": [78.6, -0.001270648030495661], "4/20/2016": [76.1, -0.031806615776081425], "4/21/2016": [76.2, 0.001314060446780664], "4/22/2016": [74.7, -0.01968503937007874], "4/25/2016": [69.6, -0.06827309236947803], "4/26/2016": [72.0, 0.03448275862068974], "4/27/2016": [70.5, -0.020833333333333332], "4/28/2016": [70.3, -0.002836879432624154], "4/29/2016": [70.0, -0.004267425320056859], "5/3/2016": [69.6, -0.005714285714285796], "5/4/2016": [70.8, 0.01724137931034487], "5/5/2016": [71.5, 0.009887005649717555], "5/6/2016": [71.9, 0.005594405594405674], "5/9/2016": [72.5, 0.008344923504867792], "5/10/2016": [72.1, -0.005517241379310423], "5/11/2016": [70.2, -0.026352288488210703], "5/12/2016": [70.6, 0.005698005698005576], "5/13/2016": [72.5, 0.02691218130311623], "5/16/2016": [75.5, 0.041379310344827586], "5/17/2016": [75.5, 0.0], "5/18/2016": [75.4, -0.001324503311258203], "5/19/2016": [72.9, -0.03315649867374005], "5/20/2016": [71.6, -0.017832647462277248], "5/23/2016": [73.7, 0.029329608938547608], "5/24/2016": [73.3, -0.005427408412483116], "5/25/2016": [80.6, 0.09959072305593449], "5/26/2016": [79.5, -0.013647642679900675], "5/27/2016": [81.3, 0.022641509433962228], "5/30/2016": [83.0, 0.020910209102091057], "5/31/2016": [81.5, -0.018072289156626505], "6/1/2016": [81.1, -0.004907975460122769], "6/2/2016": [81.2, 0.0012330456226881446], "6/3/2016": [82.5, 0.01600985221674873], "6/4/2016": [82.0, -0.006060606060606061], "6/6/2016": [81.7, -0.003658536585365819], "6/7/2016": [81.7, 0.0], "6/8/2016": [82.5, 0.009791921664626647], "6/13/2016": [80.1, -0.02909090909090916], "6/14/2016": [79.9, -0.0024968789013731416], "6/15/2016": [78.9, -0.012515644555694618], "6/16/2016": [77.5, -0.017743979721166103], "6/17/2016": [77.0, -0.0064516129032258064], "6/20/2016": [79.7, 0.035064935064935104], "6/21/2016": [79.3, -0.005018820577164437], "6/22/2016": [79.2, -0.0012610340479192223], "6/23/2016": [79.3, 0.0012626262626261907], "6/24/2016": [82.5, 0.04035308953341744], "6/27/2016": [87.5, 0.06060606060606061], "6/28/2016": [87.9, 0.004571428571428637], "6/29/2016": [85.6, -0.026166097838452914], "6/30/2016": [84.4, -0.014018691588784915], "7/1/2016": [85.0, 0.007109004739336425], "7/4/2016": [85.3, 0.003529411764705849], "7/5/2016": [87.5, 0.025791324736225123], "7/6/2016": [85.8, -0.01942857142857146], "7/7/2016": [86.1, 0.0034965034965034635], "7/11/2016": [83.5, -0.03019744483159111], "7/12/2016": [83.3, -0.0023952095808383576], "7/13/2016": [82.6, -0.00840336134453785], "7/14/2016": [82.7, 0.0012106537530267377], "7/15/2016": [83.0, 0.0036275695284159267], "7/18/2016": [85.8, 0.03373493975903611], "7/19/2016": [86.1, 0.0034965034965034635], "7/20/2016": [84.4, -0.019744483159117174], "7/21/2016": [84.4, 0.0], "7/22/2016": [82.8, -0.01895734597156408], "7/25/2016": [84.6, 0.021739130434782573], "7/26/2016": [85.5, 0.010638297872340493], "7/27/2016": [85.2, -0.003508771929824528], "7/28/2016": [87.0, 0.021126760563380247], "7/29/2016": [87.5, 0.005747126436781609], "8/1/2016": [90.8, 0.03771428571428568], "8/2/2016": [90.8, 0.0], "8/3/2016": [88.8, -0.022026431718061675], "8/4/2016": [89.5, 0.007882882882882915], "8/5/2016": [89.1, -0.004469273743016824], "8/8/2016": [87.2, -0.021324354657687897], "8/9/2016": [87.9, 0.008027522935779848], "8/10/2016": [87.0, -0.010238907849829415], "8/11/2016": [87.6, 0.006896551724137866], "8/12/2016": [89.5, 0.021689497716895042], "8/15/2016": [88.7, -0.008938547486033488], "8/16/2016": [86.8, -0.021420518602029377], "8/17/2016": [85.6, -0.013824884792626762], "8/18/2016": [83.2, -0.028037383177569996], "8/19/2016": [83.3, 0.0012019230769230085], "8/22/2016": [80.8, -0.030012004801920768], "8/23/2016": [81.8, 0.012376237623762377], "8/24/2016": [81.4, -0.004889975550122145], "8/25/2016": [82.2, 0.009828009828009793], "8/26/2016": [81.8, -0.004866180048661869], "8/29/2016": [83.0, 0.014669926650366783], "8/30/2016": [81.8, -0.01445783132530124], "8/31/2016": [81.2, -0.007334963325183305], "9/1/2016": [81.3, 0.001231527093595989], "9/2/2016": [80.0, -0.015990159901598983], "9/5/2016": [80.6, 0.007499999999999929], "9/6/2016": [82.3, 0.021091811414392096], "9/7/2016": [85.5, 0.03888213851761851], "9/8/2016": [86.2, 0.00818713450292401], "9/9/2016": [85.4, -0.009280742459396718], "9/10/2016": [83.2, -0.02576112412177989], "9/12/2016": [83.5, 0.0036057692307691963], "9/13/2016": [82.2, -0.015568862275449067], "9/14/2016": [81.8, -0.004866180048661869], "9/19/2016": [83.4, 0.0195599022004891], "9/20/2016": [88.1, 0.05635491606714614], "9/21/2016": [88.8, 0.00794551645856984], "9/22/2016": [88.1, -0.007882882882882915], "9/23/2016": [88.5, 0.004540295119182812], "9/26/2016": [86.7, -0.020338983050847425], "9/29/2016": [87.2, 0.0057670126874279125], "9/30/2016": [87.0, -0.002293577981651409], "10/3/2016": [86.0, -0.011494252873563218], "10/4/2016": [87.2, 0.013953488372093056], "10/5/2016": [85.7, -0.017201834862385322], "10/6/2016": [84.1, -0.01866977829638283], "10/7/2016": [82.7, -0.016646848989298354], "10/11/2016": [82.1, -0.007255139056832025], "10/12/2016": [82.3, 0.002436053593179085],