{"1/4/2016": [22.6, ""], "1/5/2016": [22.3, -0.013274336283185872], "1/6/2016": [22.3, 0.0], "1/7/2016": [22.2, -0.004484304932735489], "1/8/2016": [22.4, 0.009009009009008978], "1/11/2016": [21.95, -0.020089285714285685], "1/12/2016": [21.0, -0.04328018223234621], "1/13/2016": [21.0, 0.0], "1/14/2016": [20.55, -0.021428571428571394], "1/15/2016": [20.7, 0.007299270072992631], "1/18/2016": [21.35, 0.031400966183574984], "1/19/2016": [22.75, 0.06557377049180321], "1/20/2016": [24.3, 0.06813186813186817], "1/21/2016": [23.55, -0.030864197530864196], "1/22/2016": [24.15, 0.025477707006369334], "1/25/2016": [24.9, 0.031055900621118016], "1/26/2016": [25.5, 0.02409638554216873], "1/27/2016": [25.5, 0.0], "1/28/2016": [25.55, 0.001960784313725518], "1/29/2016": [24.9, -0.02544031311154607], "1/30/2016": [25.0, 0.004016064257028169], "2/1/2016": [24.8, -0.007999999999999972], "2/2/2016": [24.65, -0.006048387096774279], "2/3/2016": [24.55, -0.004056795131845756], "2/15/2016": [26.0, 0.05906313645621178], "2/16/2016": [25.5, -0.019230769230769232], "2/17/2016": [25.7, 0.007843137254901933], "2/18/2016": [26.0, 0.01167315175097279], "2/19/2016": [25.9, -0.003846153846153901], "2/22/2016": [25.85, -0.0019305019305018208], "2/23/2016": [25.5, -0.013539651837524232], "2/24/2016": [25.3, -0.007843137254901933], "2/25/2016": [25.3, 0.0], "2/26/2016": [24.9, -0.01581027667984198], "3/1/2016": [24.75, -0.006024096385542112], "3/2/2016": [24.9, 0.006060606060606003], "3/3/2016": [25.0, 0.004016064257028169], "3/4/2016": [24.8, -0.007999999999999972], "3/7/2016": [25.2, 0.016129032258064457], "3/8/2016": [25.8, 0.023809523809523867], "3/9/2016": [25.55, -0.009689922480620155], "3/10/2016": [25.35, -0.00782778864970643], "3/11/2016": [25.1, -0.009861932938856016], "3/14/2016": [25.1, 0.0], "3/15/2016": [24.7, -0.015936254980079764], "3/16/2016": [24.65, -0.002024291497975737], "3/17/2016": [24.6, -0.0020283975659228055], "3/18/2016": [24.55, -0.002032520325203281], "3/21/2016": [24.8, 0.010183299389002037], "3/22/2016": [24.95, 0.006048387096774136], "3/23/2016": [24.9, -0.0020040080160320926], "3/24/2016": [24.65, -0.010040160642570281], "3/25/2016": [24.5, -0.006085192697768705], "3/28/2016": [24.5, 0.0], "3/29/2016": [24.25, -0.01020408163265306], "3/30/2016": [24.4, 0.00618556701030922], "3/31/2016": [24.5, 0.004098360655737763], "4/1/2016": [24.4, -0.004081632653061282], "4/6/2016": [24.3, -0.0040983606557376175], "4/7/2016": [24.05, -0.0102880658436214], "4/8/2016": [24.0, -0.0020790020790021086], "4/11/2016": [23.65, -0.014583333333333393], "4/12/2016": [23.65, 0.0], "4/13/2016": [24.0, 0.014799154334038117], "4/14/2016": [23.7, -0.01250000000000003], "4/15/2016": [23.55, -0.006329113924050573], "4/18/2016": [23.55, 0.0], "4/19/2016": [23.95, 0.016985138004246225], "4/20/2016": [23.6, -0.014613778705636654], "4/21/2016": [23.4, -0.00847457627118656], "4/22/2016": [23.0, -0.017094017094017033], "4/25/2016": [22.95, -0.0021739130434782917], "4/26/2016": [22.9, -0.002178649237472798], "4/27/2016": [22.25, -0.028384279475982474], "4/28/2016": [22.0, -0.011235955056179775], "4/29/2016": [21.65, -0.015909090909090973], "5/3/2016": [21.3, -0.01616628175519621], "5/4/2016": [20.55, -0.035211267605633804], "5/5/2016": [20.65, 0.0048661800486616965], "5/6/2016": [20.55, -0.0048426150121064345], "5/9/2016": [20.5, -0.0024330900243309346], "5/10/2016": [20.2, -0.014634146341463448], "5/11/2016": [20.1, -0.004950495049504845], "5/12/2016": [20.2, 0.004975124378109346], "5/13/2016": [20.3, 0.004950495049505021], "5/16/2016": [20.2, -0.004926108374384306], "5/17/2016": [20.3, 0.004950495049505021], "5/18/2016": [20.3, 0.0], "5/19/2016": [20.3, 0.0], "5/20/2016": [20.3, 0.0], "5/23/2016": [20.75, 0.022167487684729027], "5/24/2016": [21.0, 0.012048192771084338], "5/25/2016": [21.2, 0.00952380952380949], "5/26/2016": [21.4, 0.00943396226415091], "5/27/2016": [21.7, 0.014018691588785081], "5/30/2016": [22.2, 0.02304147465437788], "5/31/2016": [21.85, -0.01576576576576567], "6/1/2016": [21.75, -0.004576659038901667], "6/2/2016": [22.2, 0.02068965517241376], "6/3/2016": [22.5, 0.013513513513513545], "6/4/2016": [22.0, -0.022222222222222223], "6/6/2016": [21.85, -0.006818181818181754], "6/7/2016": [22.25, 0.01830663615560634], "6/8/2016": [22.3, 0.002247191011235987], "6/13/2016": [21.85, -0.020179372197309385], "6/14/2016": [21.8, -0.0022883295194508334], "6/15/2016": [21.95, 0.006880733944954063], "6/16/2016": [22.05, 0.004555808656036511], "6/17/2016": [21.9, -0.00680272108843547], "6/20/2016": [22.1, 0.00913242009132433], "6/21/2016": [22.05, -0.002262443438914059], "6/22/2016": [22.2, 0.00680272108843531], "6/23/2016": [22.3, 0.004504504504504569], "6/24/2016": [21.8, -0.02242152466367713], "6/27/2016": [21.85, 0.002293577981651409], "6/28/2016": [21.9, 0.002288329519450671], "6/29/2016": [22.1, 0.00913242009132433], "6/30/2016": [22.4, 0.013574660633484033], "7/1/2016": [21.35, -0.046874999999999875], "7/4/2016": [21.7, 0.01639344262295072], "7/5/2016": [21.75, 0.002304147465437821], "7/6/2016": [21.5, -0.011494252873563218], "7/7/2016": [21.5, 0.0], "7/11/2016": [21.7, 0.009302325581395316], "7/12/2016": [22.1, 0.0184331797235024], "7/13/2016": [22.4, 0.013574660633484033], "7/14/2016": [22.7, 0.013392857142857175], "7/15/2016": [23.3, 0.026431718061674072], "7/18/2016": [24.0, 0.03004291845493559], "7/19/2016": [23.75, -0.010416666666666666], "7/20/2016": [23.45, -0.01263157894736845], "7/21/2016": [23.6, 0.006396588486140816], "7/22/2016": [23.5, -0.00423728813559328], "7/25/2016": [23.3, -0.00851063829787231], "7/26/2016": [23.3, 0.0], "7/27/2016": [24.05, 0.032188841201716736], "7/28/2016": [24.25, 0.008316008316008287], "7/29/2016": [24.5, 0.010309278350515464], "8/1/2016": [24.55, 0.002040816326530641], "8/2/2016": [24.0, -0.02240325865580451], "8/3/2016": [24.0, 0.0], "8/4/2016": [23.95, -0.002083333333333363], "8/5/2016": [24.4, 0.018789144050104355], "8/8/2016": [24.4, 0.0], "8/9/2016": [24.3, -0.0040983606557376175], "8/10/2016": [24.7, 0.01646090534979418], "8/11/2016": [25.15, 0.018218623481781347], "8/12/2016": [27.65, 0.09940357852882704], "8/15/2016": [27.1, -0.019891500904159032], "8/16/2016": [28.1, 0.03690036900369004], "8/17/2016": [28.55, 0.016014234875444813], "8/18/2016": [28.3, -0.008756567425569177], "8/19/2016": [27.55, -0.026501766784452298], "8/22/2016": [27.5, -0.0018148820326679023], "8/23/2016": [27.65, 0.005454545454545403], "8/24/2016": [28.1, 0.016274864376130304], "8/25/2016": [27.75, -0.012455516014234926], "8/26/2016": [29.25, 0.05405405405405406], "8/29/2016": [30.55, 0.04444444444444447], "8/30/2016": [30.2, -0.01145662847790512], "8/31/2016": [29.8, -0.013245033112582735], "9/1/2016": [29.8, 0.0], "9/2/2016": [28.75, -0.035234899328859086], "9/5/2016": [29.5, 0.02608695652173913], "9/6/2016": [29.45, -0.0016949152542373122], "9/7/2016": [29.6, 0.0050933786078099196], "9/8/2016": [29.8, 0.006756756756756733], "9/9/2016": [30.05, 0.008389261744966443], "9/10/2016": [29.55, -0.016638935108153077], "9/12/2016": [29.25, -0.010152284263959414], "9/13/2016": [28.8, -0.015384615384615361], "9/14/2016": [28.45, -0.012152777777777827], "9/19/2016": [28.8, 0.012302284710017625], "9/20/2016": [29.5, 0.02430555555555553], "9/21/2016": [29.55, 0.0016949152542373122], "9/22/2016": [29.15, -0.013536379018612594], "9/23/2016": [29.1, -0.001715265866209165], "9/26/2016": [28.8, -0.010309278350515488], "9/29/2016": [29.2, 0.01388888888888884], "9/30/2016": [29.5, 0.010273972602739751], "10/3/2016": [29.6, 0.0033898305084746243], "10/4/2016": [30.7, 0.03716216216216209], "10/5/2016": [32.8, 0.0684039087947882], "10/6/2016": [33.2, 0.012195121951219686], "10/7/2016": [32.7, -0.01506024096385542], "10/11/2016": [30.3, -0.0733944954128441], "10/12/2016": [30.4, 0.00330033003300323], "10/13/2016": [30.25, -0.004934210526315743], "10/14/2016": [30.6, 0.011570247933884344], "10/17/2016": [30.9, 0.009803921568627357], "10/18/2016": [31.1, 0.0064724919093852055],