{"1/4/2016": [22.99, ""], "1/5/2016": [22.58, -0.017833840800347986], "1/6/2016": [21.7, -0.03897254207263061], "1/7/2016": [21.0, -0.032258064516129004], "1/8/2016": [20.5, -0.023809523809523808], "1/11/2016": [20.99, 0.023902439024390168], "1/12/2016": [21.09, 0.004764173415912407], "1/13/2016": [21.0, -0.0042674253200568925], "1/14/2016": [21.41, 0.01952380952380953], "1/15/2016": [21.41, 0.0], "1/18/2016": [21.4, -0.00046707146193374885], "1/19/2016": [21.99, 0.02757009345794392], "1/20/2016": [21.49, -0.02273760800363802], "1/21/2016": [20.5, -0.04606793857608183], "1/22/2016": [20.49, -0.00048780487804885676], "1/25/2016": [20.8, 0.015129331381161654], "1/26/2016": [20.29, -0.024519230769230845], "1/27/2016": [20.38, 0.00443568260226712], "1/28/2016": [20.18, -0.009813542688910663], "1/29/2016": [20.15, -0.001486620416253773], "1/30/2016": [20.29, 0.006947890818858589], "2/1/2016": [20.34, 0.002464268112370661], "2/2/2016": [20.27, -0.003441494591937084], "2/3/2016": [20.47, 0.009866798223976285], "2/15/2016": [20.58, 0.005373717635564213], "2/16/2016": [20.59, 0.0004859086491740313], "2/17/2016": [20.5, -0.004371053909664879], "2/18/2016": [20.79, 0.014146341463414593], "2/19/2016": [22.08, 0.06204906204906201], "2/22/2016": [23.87, 0.08106884057971027], "2/23/2016": [24.26, 0.016338500209467973], "2/24/2016": [23.98, -0.011541632316570533], "2/25/2016": [22.59, -0.05796497080900753], "2/26/2016": [23.09, 0.02213368747233289], "3/1/2016": [23.07, -0.0008661758336942215], "3/2/2016": [23.15, 0.003467706978760221], "3/3/2016": [23.11, -0.0017278617710582787], "3/4/2016": [23.0, -0.004759844223279941], "3/7/2016": [22.99, -0.0004347826086957201], "3/8/2016": [23.09, 0.004349717268377617], "3/9/2016": [23.16, 0.0030316154179298523], "3/10/2016": [23.13, -0.001295336787564816], "3/11/2016": [22.9, -0.009943795936013853], "3/14/2016": [22.51, -0.01703056768558939], "3/15/2016": [21.9, -0.02709906708129733], "3/16/2016": [22.0, 0.004566210045662165], "3/17/2016": [22.2, 0.00909090909090906], "3/18/2016": [22.71, 0.022972972972973044], "3/21/2016": [22.55, -0.007045354469396747], "3/22/2016": [22.78, 0.010199556541019974], "3/23/2016": [23.75, 0.0425812115891132], "3/24/2016": [24.14, 0.01642105263157897], "3/25/2016": [24.49, 0.014498757249378536], "3/28/2016": [24.19, -0.012249897917517238], "3/29/2016": [24.19, 0.0], "3/30/2016": [24.14, -0.0020669698222406246], "3/31/2016": [23.78, -0.014913007456503704], "4/1/2016": [23.98, 0.008410428931875496], "4/6/2016": [24.13, 0.006255212677230966], "4/7/2016": [23.79, -0.01409034397016162], "4/8/2016": [23.99, 0.008406893652795263], "4/11/2016": [24.17, 0.007503126302626231], "4/12/2016": [24.12, -0.0020686801820438854], "4/13/2016": [24.06, -0.0024875621890548204], "4/14/2016": [23.8, -0.01080631753948454], "4/15/2016": [23.98, 0.0075630252100840215], "4/18/2016": [23.89, -0.0037531276063386097], "4/19/2016": [23.99, 0.004185851820845452], "4/20/2016": [23.36, -0.02626094205919129], "4/21/2016": [22.99, -0.015839041095890453], "4/22/2016": [23.0, 0.0004349717268378236], "4/25/2016": [23.01, 0.0004347826086957201], "4/26/2016": [22.48, -0.02303346371142986], "4/27/2016": [22.0, -0.021352313167259804], "4/28/2016": [22.19, 0.008636363636363694], "4/29/2016": [22.1, -0.004055881027489854], "5/3/2016": [21.89, -0.009502262443438951], "5/4/2016": [21.58, -0.014161717679305722], "5/5/2016": [21.6, 0.0009267840593143248], "5/6/2016": [21.89, 0.013425925925925886], "5/9/2016": [22.49, 0.027409776153494648], "5/10/2016": [22.69, 0.008892841262783587], "5/11/2016": [22.46, -0.010136624063464099], "5/12/2016": [22.37, -0.004007123775601062], "5/13/2016": [22.1, -0.01206973625391147], "5/16/2016": [21.89, -0.009502262443438951], "5/17/2016": [21.58, -0.014161717679305722], "5/18/2016": [21.3, -0.012974976830398405], "5/19/2016": [21.19, -0.005164319248826264], "5/20/2016": [21.3, 0.0051911278905143665], "5/23/2016": [21.5, 0.009389671361502313], "5/24/2016": [21.64, 0.0065116279069767705], "5/25/2016": [21.7, 0.0027726432532346914], "5/26/2016": [21.67, -0.0013824884792625616], "5/27/2016": [21.79, 0.005537609598523186], "5/30/2016": [21.69, -0.00458926112895814], "5/31/2016": [21.66, -0.0013831258644537176], "6/1/2016": [21.6, -0.002770083102493016], "6/2/2016": [21.69, 0.00416666666666666], "6/3/2016": [21.76, 0.003227293683725232], "6/4/2016": [21.6, -0.007352941176470594], "6/6/2016": [21.75, 0.006944444444444378], "6/7/2016": [22.19, 0.020229885057471322], "6/8/2016": [22.37, 0.008111762054979708], "6/13/2016": [22.91, 0.02413947250782294], "6/14/2016": [23.39, 0.020951549541684874], "6/15/2016": [23.1, -0.012398460880718219], "6/16/2016": [23.09, -0.00043290043290050055], "6/17/2016": [22.91, -0.007795582503248147], "6/20/2016": [22.97, 0.0026189436927105507], "6/21/2016": [22.98, 0.00043535045711804804], "6/22/2016": [22.89, -0.0039164490861618734], "6/23/2016": [22.59, -0.013106159895150751], "6/24/2016": [22.28, -0.013722886232846336], "6/27/2016": [21.98, -0.013464991023339349], "6/28/2016": [22.09, 0.005004549590536826], "6/29/2016": [22.29, 0.009053870529651394], "6/30/2016": [22.07, -0.009869896814715068], "7/1/2016": [22.21, 0.006343452650657026], "7/4/2016": [22.79, 0.0261143628995947], "7/5/2016": [22.92, 0.0057042562527425435], "7/6/2016": [22.7, -0.00959860383944164], "7/7/2016": [22.69, -0.00044052863436114584], "7/11/2016": [22.99, 0.01322168356103998], "7/12/2016": [23.89, 0.039147455415398096], "7/13/2016": [23.59, -0.012557555462536656], "7/14/2016": [23.59, 0.0], "7/15/2016": [22.55, -0.04408647732089865], "7/18/2016": [22.28, -0.01197339246119732], "7/19/2016": [22.27, -0.00044883303411138076], "7/20/2016": [22.0, -0.012123933542882784], "7/21/2016": [22.16, 0.007272727272727279], "7/22/2016": [22.08, -0.003610108303249181], "7/25/2016": [21.98, -0.004528985507246281], "7/26/2016": [21.77, -0.009554140127388573], "7/27/2016": [21.74, -0.0013780431786863177], "7/28/2016": [22.08, 0.015639374425022994], "7/29/2016": [21.4, -0.030797101449275353], "8/1/2016": [21.63, 0.01074766355140189], "8/2/2016": [21.63, 0.0], "8/3/2016": [21.21, -0.019417475728155255], "8/4/2016": [21.25, 0.0018859028760018456], "8/5/2016": [21.06, -0.008941176470588296], "8/8/2016": [21.0, -0.0028490028490027884], "8/9/2016": [20.9, -0.00476190476190483], "8/10/2016": [20.6, -0.014354066985645798], "8/11/2016": [20.49, -0.005339805825242863], "8/12/2016": [20.75, 0.012689116642264596], "8/15/2016": [20.49, -0.012530120481927786], "8/16/2016": [20.56, 0.003416300634455846], "8/17/2016": [20.53, -0.0014591439688714778], "8/18/2016": [20.89, 0.017535314174378928], "8/19/2016": [20.86, -0.0014360938247966078], "8/22/2016": [20.67, -0.009108341323106315], "8/23/2016": [20.59, -0.0038703434929850916], "8/24/2016": [20.4, -0.009227780475959266], "8/25/2016": [20.5, 0.004901960784313796], "8/26/2016": [20.3, -0.009756097560975575], "8/29/2016": [20.47, 0.008374384236453111], "8/30/2016": [20.54, 0.0034196384953590763], "8/31/2016": [20.43, -0.0053554040895812775], "9/1/2016": [20.3, -0.006363191385217768], "9/2/2016": [20.51, 0.010344827586206938], "9/5/2016": [20.19, -0.015602145294978073], "9/6/2016": [20.12, -0.0034670629024269577], "9/7/2016": [20.29, 0.008449304174950207], "9/8/2016": [20.3, 0.0004928536224742023], "9/9/2016": [20.23, -0.0034482758620689793], "9/10/2016": [20.11, -0.00593178447849733], "9/12/2016": [20.08, -0.0014917951268026424], "9/13/2016": [20.07, -0.000498007968127391], "9/14/2016": [20.06, -0.0004982561036373474], "9/19/2016": [20.5, 0.021934197407776735], "9/20/2016": [20.08, -0.020487804878048865], "9/21/2016": [20.08, 0.0], "9/22/2016": [20.1, 0.0009960159362551358], "9/23/2016": [19.96, -0.006965174129353262], "9/26/2016": [19.95, -0.0005010020040080944], "9/29/2016": [20.01, 0.0030075187969925954], "9/30/2016": [19.96, -0.0024987506246876914], "10/3/2016": [19.96, 0.0], "10/4/2016": [19.7, -0.013026052104208494], "10/5/2016": [19.35, -0.017766497461928828],