{"1/4/2016": [13.2, ""], "1/5/2016": [13.2, 0.0], "1/6/2016": [13.2, 0.0], "1/7/2016": [13.0, -0.015151515151515098], "1/8/2016": [13.0, 0.0], "1/11/2016": [13.3, 0.02307692307692313], "1/12/2016": [12.8, -0.03759398496240601], "1/13/2016": [13.0, 0.015624999999999944], "1/14/2016": [12.75, -0.019230769230769232], "1/15/2016": [12.75, 0.0], "1/18/2016": [12.7, -0.003921568627451036], "1/19/2016": [13.0, 0.023622047244094547], "1/20/2016": [13.0, 0.0], "1/21/2016": [12.7, -0.02307692307692313], "1/22/2016": [12.7, 0.0], "1/25/2016": [12.7, 0.0], "1/26/2016": [12.7, 0.0], "1/27/2016": [12.9, 0.01574803149606308], "1/28/2016": [13.05, 0.011627906976744214], "1/29/2016": [12.8, -0.019157088122605363], "1/30/2016": [13.2, 0.03124999999999989], "2/1/2016": [13.1, -0.007575757575757549], "2/2/2016": [13.1, 0.0], "2/3/2016": [12.8, -0.022900763358778546], "2/15/2016": [12.8, 0.0], "2/16/2016": [13.1, 0.023437499999999917], "2/17/2016": [12.9, -0.01526717557251903], "2/18/2016": [13.0, 0.007751937984496096], "2/19/2016": [12.8, -0.01538461538461533], "2/22/2016": [12.7, -0.007812500000000111], "2/23/2016": [12.8, 0.007874015748031609], "2/24/2016": [12.6, -0.015625000000000083], "2/25/2016": [12.6, 0.0], "2/26/2016": [12.7, 0.007936507936507908], "3/1/2016": [12.6, -0.007874015748031468], "3/2/2016": [12.7, 0.007936507936507908], "3/3/2016": [12.85, 0.011811023622047273], "3/4/2016": [12.7, -0.01167315175097279], "3/7/2016": [12.7, 0.0], "3/8/2016": [12.35, -0.027559055118110208], "3/9/2016": [13.25, 0.07287449392712554], "3/10/2016": [12.95, -0.022641509433962318], "3/11/2016": [13.1, 0.011583011583011612], "3/14/2016": [13.0, -0.007633587786259515], "3/15/2016": [13.0, 0.0], "3/16/2016": [13.0, 0.0], "3/17/2016": [12.55, -0.03461538461538456], "3/18/2016": [12.6, 0.003984063745019835], "3/21/2016": [13.45, 0.06746031746031743], "3/22/2016": [13.95, 0.03717472118959108], "3/23/2016": [13.85, -0.007168458781361982], "3/24/2016": [13.5, -0.025270758122743656], "3/25/2016": [13.65, 0.011111111111111138], "3/28/2016": [13.7, 0.003663003663003585], "3/29/2016": [13.15, -0.04014598540145978], "3/30/2016": [13.2, 0.0038022813688212117], "3/31/2016": [13.0, -0.015151515151515098], "4/1/2016": [12.9, -0.007692307692307665], "4/6/2016": [12.85, -0.003875968992248117], "4/7/2016": [13.1, 0.019455252918287938], "4/8/2016": [13.1, 0.0], "4/11/2016": [14.4, 0.0992366412213741], "4/12/2016": [14.05, -0.02430555555555553], "4/13/2016": [13.6, -0.03202846975088976], "4/14/2016": [13.7, 0.007352941176470562], "4/15/2016": [13.55, -0.010948905109488948], "4/18/2016": [13.65, 0.007380073800737981], "4/19/2016": [13.55, -0.0073260073260073], "4/20/2016": [13.25, -0.022140221402214073], "4/21/2016": [13.3, 0.003773584905660431], "4/22/2016": [13.15, -0.01127819548872183], "4/25/2016": [12.85, -0.02281368821292781], "4/26/2016": [12.8, -0.0038910505836575048], "4/27/2016": [12.85, 0.0039062499999999167], "4/28/2016": [12.7, -0.01167315175097279], "4/29/2016": [12.75, 0.003937007874015804], "5/3/2016": [12.45, -0.023529411764705938], "5/4/2016": [11.85, -0.048192771084337324], "5/5/2016": [12.05, 0.016877637130801777], "5/6/2016": [11.9, -0.012448132780083016], "5/9/2016": [11.9, 0.0], "5/10/2016": [11.9, 0.0], "5/11/2016": [11.9, 0.0], "5/12/2016": [12.0, 0.008403361344537785], "5/13/2016": [12.05, 0.004166666666666726], "5/16/2016": [11.95, -0.00829875518672211], "5/17/2016": [11.65, -0.025104602510460164], "5/18/2016": [11.95, 0.025751072961373297], "5/19/2016": [11.8, -0.012552301255230007], "5/20/2016": [11.9, 0.00847457627118641], "5/23/2016": [12.0, 0.008403361344537785], "5/24/2016": [12.9, 0.07500000000000002], "5/25/2016": [12.3, -0.046511627906976716], "5/26/2016": [12.0, -0.02439024390243908], "5/27/2016": [11.95, -0.004166666666666726], "5/30/2016": [11.85, -0.008368200836820055], "5/31/2016": [11.9, 0.004219409282700482], "6/1/2016": [11.9, 0.0], "6/2/2016": [11.9, 0.0], "6/3/2016": [11.95, 0.004201680672268818], "6/4/2016": [12.05, 0.008368200836820203], "6/6/2016": [11.9, -0.012448132780083016], "6/7/2016": [12.05, 0.012605042016806753], "6/8/2016": [12.65, 0.04979253112033192], "6/13/2016": [12.95, 0.02371541501976276], "6/14/2016": [14.2, 0.09652509652509653], "6/15/2016": [15.6, 0.09859154929577468], "6/16/2016": [17.15, 0.0993589743589743], "6/17/2016": [18.85, 0.09912536443148705], "6/20/2016": [18.4, -0.023872679045092986], "6/21/2016": [18.4, 0.0], "6/22/2016": [18.1, -0.016304347826086803], "6/23/2016": [18.2, 0.0055248618784529205], "6/24/2016": [17.35, -0.046703296703296586], "6/27/2016": [18.0, 0.03746397694524487], "6/28/2016": [18.3, 0.016666666666666705], "6/29/2016": [18.65, 0.019125683060109172], "6/30/2016": [18.8, 0.008042895442359364], "7/1/2016": [19.25, 0.02393617021276592], "7/4/2016": [19.05, -0.010389610389610353], "7/5/2016": [18.8, -0.013123359580052493], "7/6/2016": [18.55, -0.013297872340425532], "7/7/2016": [20.4, 0.09973045822102414], "7/11/2016": [22.4, 0.09803921568627452], "7/12/2016": [22.0, -0.017857142857142794], "7/13/2016": [21.8, -0.00909090909090906], "7/14/2016": [21.9, 0.0045871559633026545], "7/15/2016": [21.55, -0.015981735159817254], "7/18/2016": [22.0, 0.02088167053364266], "7/19/2016": [24.2, 0.09999999999999996], "7/20/2016": [24.0, -0.008264462809917326], "7/21/2016": [23.95, -0.002083333333333363], "7/22/2016": [26.2, 0.09394572025052192], "7/25/2016": [25.8, -0.01526717557251903], "7/26/2016": [26.5, 0.027131782945736406], "7/27/2016": [25.65, -0.03207547169811326], "7/28/2016": [25.2, -0.017543859649122782], "7/29/2016": [24.65, -0.021825396825396855], "8/1/2016": [25.5, 0.03448275862068972], "8/2/2016": [27.0, 0.058823529411764705], "8/3/2016": [28.7, 0.06296296296296294], "8/4/2016": [30.45, 0.06097560975609756], "8/5/2016": [27.45, -0.09852216748768473], "8/8/2016": [24.75, -0.09836065573770489], "8/9/2016": [22.3, -0.09898989898989896], "8/10/2016": [20.1, -0.09865470852017934], "8/11/2016": [18.3, -0.08955223880597017], "8/12/2016": [17.5, -0.043715846994535554], "8/15/2016": [17.5, 0.0], "8/16/2016": [15.75, -0.1], "8/17/2016": [15.4, -0.0222222222222222], "8/18/2016": [14.35, -0.06818181818181823], "8/19/2016": [13.5, -0.059233449477351895], "8/22/2016": [13.8, 0.022222222222222275], "8/23/2016": [13.5, -0.02173913043478266], "8/24/2016": [14.45, 0.07037037037037032], "8/25/2016": [14.2, -0.01730103806228374], "8/26/2016": [14.2, 0.0], "8/29/2016": [14.05, -0.010563380281690042], "8/30/2016": [14.15, 0.007117437722419903], "8/31/2016": [14.2, 0.003533568904593564], "9/1/2016": [12.8, -0.09859154929577456], "9/2/2016": [13.3, 0.0390625], "9/5/2016": [13.65, 0.02631578947368418], "9/6/2016": [13.55, -0.0073260073260073], "9/7/2016": [13.25, -0.022140221402214073], "9/8/2016": [13.25, 0.0], "9/9/2016": [13.2, -0.003773584905660431], "9/10/2016": [13.65, 0.03409090909090917], "9/12/2016": [13.55, -0.0073260073260073], "9/13/2016": [13.15, -0.029520295202952053], "9/14/2016": [12.95, -0.015209125475285253], "9/19/2016": [12.85, -0.007722007722007695], "9/20/2016": [12.6, -0.019455252918287938], "9/21/2016": [12.95, 0.027777777777777752], "9/22/2016": [13.05, 0.007722007722007832], "9/23/2016": [13.0, -0.0038314176245211272], "9/26/2016": [12.8, -0.01538461538461533], "9/29/2016": [12.7, -0.007812500000000111], "9/30/2016": [13.95, 0.0984251968503937], "10/3/2016": [15.3, 0.0967741935483872], "10/4/2016": [15.0, -0.019607843137254947], "10/5/2016": [14.85, -0.010000000000000024], "10/6/2016": [16.3, 0.09764309764309771], "10/7/2016": [16.5, 0.012269938650306704], "10/11/2016": [16.7, 0.012121212121212078], "10/12/2016": [15.4, -0.07784431137724544], "10/13/2016": [15.5, 0.0064935064935064705], "10/14/2016": [15.2, -0.019354838709677465], "10/17/2016": [14.4, -0.052631578947368356], "10/18/2016": [14.0, -0.0277777777777778], "10/19/2016": [15.4, 0.10000000000000002], "10/20/2016": [15.45, 0.0032467532467531776], "10/21/2016": [15.55, 0.0064724919093852055], "10/24/2016": [15.55, 0.0],