{"1/4/2016": [10.95, ""], "1/5/2016": [10.95, 0.0], "1/6/2016": [10.8, -0.013698630136986172], "1/7/2016": [10.85, 0.0046296296296295305], "1/8/2016": [11.15, 0.027649769585253524], "1/11/2016": [10.9, -0.02242152466367713], "1/12/2016": [10.9, 0.0], "1/13/2016": [10.95, 0.0045871559633026545], "1/14/2016": [10.9, -0.004566210045662003], "1/15/2016": [10.9, 0.0], "1/18/2016": [11.2, 0.027522935779816415], "1/19/2016": [11.1, -0.008928571428571397], "1/20/2016": [11.1, 0.0], "1/21/2016": [10.7, -0.03603603603603607], "1/22/2016": [10.95, 0.023364485981308414], "1/25/2016": [11.15, 0.0182648401826485], "1/26/2016": [11.15, 0.0], "1/27/2016": [11.0, -0.01345291479820631], "1/28/2016": [10.85, -0.013636363636363669], "1/29/2016": [10.8, -0.004608294930875478], "1/30/2016": [11.05, 0.023148148148148147], "2/1/2016": [10.85, -0.018099547511312312], "2/2/2016": [10.8, -0.004608294930875478], "2/3/2016": [10.65, -0.013888888888888921], "2/15/2016": [10.5, -0.014084507042253554], "2/16/2016": [10.7, 0.01904761904761898], "2/17/2016": [10.8, 0.009345794392523497], "2/18/2016": [10.55, -0.023148148148148147], "2/19/2016": [10.55, 0.0], "2/22/2016": [10.5, -0.004739336492891062], "2/23/2016": [10.65, 0.01428571428571432], "2/24/2016": [10.7, 0.004694835680751073], "2/25/2016": [10.65, -0.004672897196261583], "2/26/2016": [10.6, -0.004694835680751241], "3/1/2016": [10.65, 0.004716981132075539], "3/2/2016": [10.65, 0.0], "3/3/2016": [10.65, 0.0], "3/4/2016": [10.9, 0.023474178403755867], "3/7/2016": [10.9, 0.0], "3/8/2016": [11.15, 0.02293577981651376], "3/9/2016": [11.1, -0.004484304932735489], "3/10/2016": [11.1, 0.0], "3/11/2016": [10.95, -0.013513513513513545], "3/14/2016": [10.95, 0.0], "3/15/2016": [10.85, -0.00913242009132417], "3/16/2016": [11.05, 0.0184331797235024], "3/17/2016": [11.05, 0.0], "3/18/2016": [10.95, -0.009049773755656236], "3/21/2016": [10.95, 0.0], "3/22/2016": [10.9, -0.004566210045662003], "3/23/2016": [10.9, 0.0], "3/24/2016": [11.0, 0.009174311926605472], "3/25/2016": [11.0, 0.0], "3/28/2016": [10.9, -0.00909090909090906], "3/29/2016": [10.95, 0.0045871559633026545], "3/30/2016": [11.1, 0.013698630136986335], "3/31/2016": [11.05, -0.004504504504504409], "4/1/2016": [11.1, 0.0045248868778279576], "4/6/2016": [11.3, 0.018018018018018115], "4/7/2016": [10.9, -0.0353982300884956], "4/8/2016": [11.35, 0.041284403669724704], "4/11/2016": [11.05, -0.026431718061673916], "4/12/2016": [11.05, 0.0], "4/13/2016": [11.2, 0.013574660633484033], "4/14/2016": [11.25, 0.004464285714285778], "4/15/2016": [11.25, 0.0], "4/18/2016": [11.25, 0.0], "4/19/2016": [10.95, -0.02666666666666673], "4/20/2016": [11.2, 0.022831050228310504], "4/21/2016": [11.2, 0.0], "4/22/2016": [11.15, -0.0044642857142856195], "4/25/2016": [11.1, -0.004484304932735489], "4/26/2016": [10.9, -0.018018018018017955], "4/27/2016": [10.8, -0.009174311926605472], "4/28/2016": [11.0, 0.01851851851851845], "4/29/2016": [10.95, -0.00454545454545461], "5/3/2016": [10.95, 0.0], "5/4/2016": [10.95, 0.0], "5/5/2016": [10.95, 0.0], "5/6/2016": [10.9, -0.004566210045662003], "5/9/2016": [10.9, 0.0], "5/10/2016": [10.85, -0.004587155963302818], "5/11/2016": [10.85, 0.0], "5/12/2016": [10.55, -0.027649769585253357], "5/13/2016": [10.45, -0.009478672985782125], "5/16/2016": [11.2, 0.07177033492822966], "5/17/2016": [10.9, -0.02678571428571419], "5/18/2016": [10.7, -0.018348623853211107], "5/19/2016": [10.85, 0.014018691588785081], "5/20/2016": [10.55, -0.027649769585253357], "5/23/2016": [10.5, -0.004739336492891062], "5/24/2016": [10.5, 0.0], "5/25/2016": [10.5, 0.0], "5/26/2016": [10.65, 0.01428571428571432], "5/27/2016": [10.75, 0.009389671361502313], "5/30/2016": [10.55, -0.01860465116279063], "5/31/2016": [10.5, -0.004739336492891062], "6/1/2016": [10.8, 0.02857142857142864], "6/2/2016": [10.6, -0.018518518518518615], "6/3/2016": [10.55, -0.004716981132075371], "6/4/2016": [10.55, 0.0], "6/6/2016": [10.45, -0.009478672985782125], "6/7/2016": [10.5, 0.004784688995215379], "6/8/2016": [10.4, -0.00952380952380949], "6/13/2016": [10.05, -0.03365384615384612], "6/14/2016": [10.1, 0.004975124378109346], "6/15/2016": [10.45, 0.03465346534653462], "6/16/2016": [10.4, -0.004784688995215209], "6/17/2016": [10.5, 0.009615384615384581], "6/20/2016": [10.25, -0.023809523809523808], "6/21/2016": [10.3, 0.004878048780487874], "6/22/2016": [10.3, 0.0], "6/23/2016": [10.2, -0.009708737864077808], "6/24/2016": [10.45, 0.02450980392156863], "6/27/2016": [10.3, -0.014354066985645798], "6/28/2016": [10.4, 0.009708737864077634], "6/29/2016": [10.35, -0.004807692307692376], "6/30/2016": [10.35, 0.0], "7/1/2016": [10.5, 0.01449275362318844], "7/4/2016": [10.25, -0.023809523809523808], "7/5/2016": [10.4, 0.014634146341463448], "7/6/2016": [10.2, -0.019230769230769332], "7/7/2016": [10.25, 0.004901960784313796], "7/11/2016": [10.4, 0.014634146341463448], "7/12/2016": [10.25, -0.014423076923076957], "7/13/2016": [10.35, 0.009756097560975575], "7/14/2016": [10.35, 0.0], "7/15/2016": [10.4, 0.004830917874396204], "7/18/2016": [10.5, 0.009615384615384581], "7/19/2016": [10.4, -0.00952380952380949], "7/20/2016": [10.35, -0.004807692307692376], "7/21/2016": [10.4, 0.004830917874396204], "7/22/2016": [10.6, 0.019230769230769162], "7/25/2016": [10.3, -0.02830188679245273], "7/26/2016": [10.3, 0.0], "7/27/2016": [10.3, 0.0], "7/28/2016": [10.1, -0.019417475728155442], "7/29/2016": [10.2, 0.009900990099009866], "8/1/2016": [10.3, 0.009803921568627591], "8/2/2016": [10.3, 0.0], "8/3/2016": [10.2, -0.009708737864077808], "8/4/2016": [10.25, 0.004901960784313796], "8/5/2016": [10.25, 0.0], "8/8/2016": [10.35, 0.009756097560975575], "8/9/2016": [10.35, 0.0], "8/10/2016": [10.0, -0.03381642512077292], "8/11/2016": [9.96, -0.003999999999999915], "8/12/2016": [10.05, 0.009036144578313239], "8/15/2016": [9.97, -0.00796019900497513], "8/16/2016": [10.25, 0.02808425275827476], "8/17/2016": [10.0, -0.024390243902439025], "8/18/2016": [10.05, 0.005000000000000071], "8/19/2016": [10.0, -0.004975124378109523], "8/22/2016": [10.0, 0.0], "8/23/2016": [10.0, 0.0], "8/24/2016": [10.05, 0.005000000000000071], "8/25/2016": [10.05, 0.0], "8/26/2016": [10.0, -0.004975124378109523], "8/29/2016": [10.0, 0.0], "8/30/2016": [10.1, 0.009999999999999964], "8/31/2016": [10.05, -0.004950495049504845], "9/1/2016": [10.15, 0.009950248756218869], "9/2/2016": [10.2, 0.0049261083743841316], "9/5/2016": [10.25, 0.004901960784313796], "9/6/2016": [10.25, 0.0], "9/7/2016": [10.25, 0.0], "9/8/2016": [10.3, 0.004878048780487874], "9/9/2016": [10.15, -0.014563106796116538], "9/10/2016": [10.15, 0.0], "9/12/2016": [10.05, -0.009852216748768438], "9/13/2016": [10.4, 0.03482587064676613], "9/14/2016": [10.4, 0.0], "9/19/2016": [10.35, -0.004807692307692376], "9/20/2016": [10.35, 0.0], "9/21/2016": [10.35, 0.0], "9/22/2016": [10.1, -0.024154589371980676], "9/23/2016": [10.15, 0.004950495049505021], "9/26/2016": [10.2, 0.0049261083743841316], "9/29/2016": [10.2, 0.0], "9/30/2016": [10.0, -0.019607843137254832], "10/3/2016": [10.15, 0.015000000000000036], "10/4/2016": [10.05, -0.009852216748768438], "10/5/2016": [10.2, 0.014925373134328216], "10/6/2016": [10.1, -0.009803921568627416], "10/7/2016": [10.2, 0.009900990099009866], "10/11/2016": [10.0, -0.019607843137254832], "10/12/2016": [10.05, 0.005000000000000071], "10/13/2016": [10.15, 0.009950248756218869], "10/14/2016": [10.1, -0.004926108374384306], "10/17/2016": [10.1, 0.0], "10/18/2016": [10.2, 0.009900990099009866], "10/19/2016": [10.1, -0.009803921568627416], "10/20/2016": [10.3, 0.01980198019801991], "10/21/2016": [10.1, -0.019417475728155442], "10/24/2016": [10.1, 0.0], "10/25/2016": [10.1, 0.0], "10/26/2016": [10.15, 0.004950495049505021], "10/27/2016": [10.1, -0.004926108374384306], "10/28/2016": [10.15, 0.004950495049505021], "10/31/2016": [10.15, 0.0], "11/1/2016": [10.15, 0.0], "11/2/2016": [10.1, -0.004926108374384306], "11/3/2016": [10.1, 0.0], "11/4/2016": [10.2, 0.009900990099009866],