{"1/4/2016": [60.5, ""], "1/5/2016": [58.0, -0.04132231404958678], "1/6/2016": [55.5, -0.04310344827586207], "1/7/2016": [56.6, 0.019819819819819846], "1/8/2016": [57.5, 0.015901060070671352], "1/11/2016": [55.2, -0.03999999999999995], "1/12/2016": [55.0, -0.0036231884057971527], "1/13/2016": [55.3, 0.005454545454545403], "1/14/2016": [54.9, -0.007233273056057841], "1/15/2016": [53.7, -0.021857923497267683], "1/18/2016": [54.7, 0.018621973929236497], "1/19/2016": [55.2, 0.009140767824497258], "1/20/2016": [54.6, -0.01086956521739133], "1/21/2016": [55.0, 0.0073260073260073], "1/22/2016": [55.1, 0.001818181818181844], "1/25/2016": [55.3, 0.003629764065335676], "1/26/2016": [54.5, -0.014466546112115682], "1/27/2016": [54.9, 0.007339449541284377], "1/28/2016": [54.8, -0.0018214936247723393], "1/29/2016": [55.2, 0.007299270072992805], "1/30/2016": [55.5, 0.0054347826086956], "2/1/2016": [57.0, 0.02702702702702703], "2/2/2016": [56.2, -0.014035087719298196], "2/3/2016": [55.1, -0.019572953736654828], "2/15/2016": [55.7, 0.010889292196007285], "2/16/2016": [56.1, 0.007181328545780944], "2/17/2016": [57.7, 0.02852049910873443], "2/18/2016": [58.0, 0.005199306759098737], "2/19/2016": [58.8, 0.013793103448275813], "2/22/2016": [58.2, -0.010204081632652965], "2/23/2016": [58.6, 0.0068728522336769515], "2/24/2016": [58.1, -0.008532423208191127], "2/25/2016": [58.3, 0.0034423407917383085], "2/26/2016": [58.3, 0.0], "3/1/2016": [58.9, 0.0102915951972556], "3/2/2016": [59.2, 0.0050933786078099196], "3/3/2016": [58.0, -0.020270270270270316], "3/4/2016": [59.0, 0.017241379310344827], "3/7/2016": [58.7, -0.005084745762711816], "3/8/2016": [59.9, 0.020442930153321902], "3/9/2016": [63.0, 0.05175292153589318], "3/10/2016": [62.0, -0.015873015873015872], "3/11/2016": [61.2, -0.012903225806451568], "3/14/2016": [61.0, -0.003267973856209197], "3/15/2016": [57.0, -0.06557377049180328], "3/16/2016": [57.5, 0.008771929824561403], "3/17/2016": [57.0, -0.008695652173913044], "3/18/2016": [57.5, 0.008771929824561403], "3/21/2016": [57.8, 0.005217391304347777], "3/22/2016": [57.2, -0.010380622837370145], "3/23/2016": [56.0, -0.02097902097902103], "3/24/2016": [55.8, -0.003571428571428622], "3/25/2016": [55.2, -0.01075268817204291], "3/28/2016": [55.3, 0.0018115942028984477], "3/29/2016": [55.0, -0.0054249547920433485], "3/30/2016": [56.3, 0.023636363636363584], "3/31/2016": [56.3, 0.0], "4/1/2016": [56.0, -0.005328596802841868], "4/6/2016": [56.9, 0.016071428571428546], "4/7/2016": [58.2, 0.022847100175747], "4/8/2016": [57.7, -0.008591065292096219], "4/11/2016": [58.3, 0.010398613518197474], "4/12/2016": [56.9, -0.024013722126929652], "4/13/2016": [57.3, 0.007029876977152875], "4/14/2016": [58.5, 0.0209424083769634], "4/15/2016": [59.4, 0.015384615384615361], "4/18/2016": [59.2, -0.0033670033670032953], "4/19/2016": [58.7, -0.008445945945945945], "4/20/2016": [59.0, 0.005110732538330445], "4/21/2016": [58.7, -0.005084745762711816], "4/22/2016": [57.2, -0.02555366269165247], "4/25/2016": [55.8, -0.024475524475524573], "4/26/2016": [56.1, 0.005376344086021582], "4/27/2016": [56.5, 0.007130124777183575], "4/28/2016": [55.6, -0.015929203539822984], "4/29/2016": [55.5, -0.0017985611510791622], "5/3/2016": [54.8, -0.012612612612612664], "5/4/2016": [53.9, -0.016423357664233553], "5/5/2016": [53.9, 0.0], "5/6/2016": [53.9, 0.0], "5/9/2016": [54.1, 0.0037105751391466207], "5/10/2016": [48.7, -0.09981515711645099], "5/11/2016": [47.4, -0.026694045174538075], "5/12/2016": [46.0, -0.029535864978902926], "5/13/2016": [43.7, -0.04999999999999994], "5/16/2016": [43.15, -0.012585812356979502], "5/17/2016": [43.45, 0.006952491309385962], "5/18/2016": [44.1, 0.01495972382048328], "5/19/2016": [43.65, -0.010204081632653125], "5/20/2016": [44.05, 0.009163802978235935], "5/23/2016": [44.4, 0.00794551645856984], "5/24/2016": [44.55, 0.0033783783783783465], "5/25/2016": [45.0, 0.010101010101010166], "5/26/2016": [45.45, 0.010000000000000063], "5/27/2016": [45.3, -0.0033003300330034253], "5/30/2016": [45.35, 0.0011037527593819926], "5/31/2016": [44.3, -0.023153252480705717], "6/1/2016": [44.7, 0.009029345372460626], "6/2/2016": [44.0, -0.015659955257270756], "6/3/2016": [44.05, 0.0011363636363635717], "6/4/2016": [44.6, 0.01248581157775265], "6/6/2016": [44.6, 0.0], "6/7/2016": [44.7, 0.0022421524663677446], "6/8/2016": [44.7, 0.0], "6/13/2016": [43.95, -0.016778523489932886], "6/14/2016": [44.1, 0.003412969283276418], "6/15/2016": [44.2, 0.002267573696145157], "6/16/2016": [44.15, -0.00113122171945711], "6/17/2016": [44.3, 0.0033975084937712023], "6/20/2016": [44.65, 0.007900677200902968], "6/21/2016": [44.55, -0.0022396416573348585], "6/22/2016": [44.65, 0.00224466891133561], "6/23/2016": [44.8, 0.003359462486002208], "6/24/2016": [43.6, -0.02678571428571419], "6/27/2016": [44.6, 0.02293577981651376], "6/28/2016": [45.15, 0.012331838565022358], "6/29/2016": [44.4, -0.016611295681063124], "6/30/2016": [44.15, -0.005630630630630631], "7/1/2016": [44.15, 0.0], "7/4/2016": [44.9, 0.016987542468856174], "7/5/2016": [44.8, -0.0022271714922049313], "7/6/2016": [44.8, 0.0], "7/7/2016": [44.6, -0.0044642857142856195], "7/11/2016": [44.35, -0.005605381165919282], "7/12/2016": [44.35, 0.0], "7/13/2016": [44.4, 0.0011273957158962156], "7/14/2016": [45.9, 0.033783783783783786], "7/15/2016": [45.55, -0.007625272331154715], "7/18/2016": [47.9, 0.051591657519209695], "7/19/2016": [47.25, -0.013569937369519804], "7/20/2016": [46.85, -0.008465608465608435], "7/21/2016": [47.9, 0.022411953041622138], "7/22/2016": [47.6, -0.006263048016701403], "7/25/2016": [46.25, -0.028361344537815154], "7/26/2016": [46.7, 0.009729729729729792], "7/27/2016": [46.0, -0.014989293361884428], "7/28/2016": [45.9, -0.0021739130434782917], "7/29/2016": [46.0, 0.002178649237472798], "8/1/2016": [46.4, 0.008695652173913012], "8/2/2016": [46.7, 0.006465517241379402], "8/3/2016": [46.25, -0.009635974304068583], "8/4/2016": [46.7, 0.009729729729729792], "8/5/2016": [46.5, -0.004282655246252738], "8/8/2016": [47.95, 0.031182795698924792], "8/9/2016": [47.25, -0.01459854014598546], "8/10/2016": [47.0, -0.005291005291005291], "8/11/2016": [47.0, 0.0], "8/12/2016": [46.75, -0.005319148936170213], "8/15/2016": [47.95, 0.025668449197861022], "8/16/2016": [48.85, 0.018769551616266915], "8/17/2016": [48.4, -0.009211873080859833], "8/18/2016": [48.2, -0.004132231404958589], "8/19/2016": [47.8, -0.00829875518672211], "8/22/2016": [46.9, -0.01882845188284516], "8/23/2016": [46.8, -0.0021321961620469386], "8/24/2016": [45.15, -0.03525641025641023], "8/25/2016": [44.55, -0.01328903654485053], "8/26/2016": [44.45, -0.0022446689113354507], "8/29/2016": [44.5, 0.001124859392575864], "8/30/2016": [44.35, -0.0033707865168539006], "8/31/2016": [43.65, -0.01578354002254798], "9/1/2016": [43.8, 0.0034364261168384554], "9/2/2016": [43.2, -0.013698630136986172], "9/5/2016": [43.4, 0.0046296296296295305], "9/6/2016": [43.8, 0.009216589861751119], "9/7/2016": [44.15, 0.007990867579908708], "9/8/2016": [44.2, 0.0011325028312571747], "9/9/2016": [44.05, -0.003393665158371169], "9/10/2016": [43.6, -0.010215664018161085], "9/12/2016": [43.8, 0.0045871559633026545], "9/13/2016": [43.1, -0.015981735159817254], "9/14/2016": [42.7, -0.009280742459396718], "9/19/2016": [43.2, 0.011709601873536299], "9/20/2016": [43.3, 0.0023148148148146833], "9/21/2016": [43.65, 0.008083140877598186], "9/22/2016": [43.65, 0.0], "9/23/2016": [43.7, 0.0011454753722795936], "9/26/2016": [43.2, -0.011441647597254004], "9/29/2016": [42.9, -0.006944444444444543], "9/30/2016": [42.7, -0.004662004662004563], "10/3/2016": [41.85, -0.019906323185011742], "10/4/2016": [41.85, 0.0], "10/5/2016": [42.0, 0.0035842293906809693], "10/6/2016": [42.6, 0.01428571428571432], "10/7/2016": [42.3, -0.0070422535211268605], "10/11/2016": [40.25, -0.04846335697399521], "10/12/2016": [40.45, 0.004968944099378952], "10/13/2016": [40.15, -0.007416563658838177], "10/14/2016": [39.4, -0.018679950186799504],