{"1/4/2016": [32.0, ""], "1/5/2016": [31.99, -0.00031250000000004885], "1/6/2016": [31.99, 0.0], "1/7/2016": [30.4, -0.04970303219756174], "1/8/2016": [31.0, 0.019736842105263205], "1/11/2016": [30.0, -0.03225806451612903], "1/12/2016": [30.0, 0.0], "1/13/2016": [30.48, 0.016000000000000014], "1/14/2016": [29.0, -0.04855643044619424], "1/15/2016": [29.9, 0.03103448275862064], "1/18/2016": [30.0, 0.003344481605351218], "1/19/2016": [30.0, 0.0], "1/20/2016": [30.18, 0.005999999999999991], "1/21/2016": [30.18, 0.0], "1/22/2016": [30.12, -0.0019880715705764985], "1/25/2016": [30.12, 0.0], "1/26/2016": [30.12, 0.0], "1/27/2016": [30.12, 0.0], "1/28/2016": [30.12, 0.0], "1/29/2016": [30.12, 0.0], "1/30/2016": [30.15, 0.0009960159362548998], "2/1/2016": [30.15, 0.0], "2/2/2016": [30.15, 0.0], "2/3/2016": [30.0, -0.004975124378109406], "2/15/2016": [31.0, 0.03333333333333333], "2/16/2016": [31.0, 0.0], "2/17/2016": [31.7, 0.0225806451612903], "2/18/2016": [31.94, 0.007570977917981135], "2/19/2016": [31.94, 0.0], "2/22/2016": [31.94, 0.0], "2/23/2016": [31.94, 0.0], "2/24/2016": [31.94, 0.0], "2/25/2016": [31.5, -0.013775829680651261], "2/26/2016": [31.47, -0.0009523809523809885], "3/1/2016": [31.69, 0.006990784874483712], "3/2/2016": [31.0, -0.021773430104133837], "3/3/2016": [30.4, -0.019354838709677465], "3/4/2016": [30.4, 0.0], "3/7/2016": [30.4, 0.0], "3/8/2016": [30.4, 0.0], "3/9/2016": [30.99, 0.019407894736842103], "3/10/2016": [31.48, 0.015811552113585092], "3/11/2016": [31.7, 0.006988564167725504], "3/14/2016": [33.98, 0.07192429022082011], "3/15/2016": [32.3, -0.049440847557386695], "3/16/2016": [32.19, -0.0034055727554179395], "3/17/2016": [32.49, 0.009319664492078418], "3/18/2016": [38.74, 0.19236688211757463], "3/21/2016": [40.3, 0.0402684563758388], "3/22/2016": [38.52, -0.04416873449131499], "3/23/2016": [39.6, 0.028037383177570048], "3/24/2016": [39.15, -0.011363636363636435], "3/25/2016": [39.0, -0.0038314176245210366], "3/28/2016": [39.0, 0.0], "3/29/2016": [38.0, -0.02564102564102564], "3/30/2016": [37.83, -0.004473684210526361], "3/31/2016": [37.83, 0.0], "4/1/2016": [38.0, 0.004493787998942684], "4/6/2016": [38.2, 0.005263157894736917], "4/7/2016": [37.9, -0.007853403141361367], "4/8/2016": [37.5, -0.010554089709762496], "4/11/2016": [37.2, -0.007999999999999924], "4/12/2016": [37.2, 0.0], "4/13/2016": [38.0, 0.021505376344085943], "4/14/2016": [37.9, -0.0026315789473684583], "4/15/2016": [37.06, -0.022163588390501223], "4/18/2016": [37.66, 0.016189962223421325], "4/19/2016": [37.2, -0.012214551248008331], "4/20/2016": [37.49, 0.007795698924731159], "4/21/2016": [37.99, 0.013336889837289943], "4/22/2016": [37.2, -0.020794946038431142], "4/25/2016": [37.15, -0.001344086021505491], "4/26/2016": [38.29, 0.030686406460296113], "4/27/2016": [37.89, -0.0104465917994254], "4/28/2016": [37.8, -0.002375296912114104], "4/29/2016": [36.59, -0.03201058201058185], "5/3/2016": [36.99, 0.010931948619841448], "5/4/2016": [35.87, -0.030278453636117992], "5/5/2016": [36.5, 0.017563423473654936], "5/6/2016": [36.5, 0.0], "5/9/2016": [36.0, -0.0136986301369863], "5/10/2016": [35.8, -0.005555555555555635], "5/11/2016": [35.65, -0.004189944134078173], "5/12/2016": [36.5, 0.023842917251051934], "5/13/2016": [35.5, -0.0273972602739726], "5/16/2016": [35.3, -0.0056338028169014885], "5/17/2016": [35.78, 0.013597733711048273], "5/18/2016": [36.79, 0.02822806036892113], "5/19/2016": [36.79, 0.0], "5/20/2016": [36.79, 0.0], "5/23/2016": [37.5, 0.019298722478934518], "5/24/2016": [38.0, 0.013333333333333334], "5/25/2016": [38.99, 0.02605263157894742], "5/26/2016": [38.99, 0.0], "5/27/2016": [38.99, 0.0], "5/30/2016": [38.19, -0.020518081559374308], "5/31/2016": [38.15, -0.0010473946059177573], "6/1/2016": [38.18, 0.0007863695937090731], "6/2/2016": [38.18, 0.0], "6/3/2016": [38.15, -0.0007857517024620517], "6/4/2016": [38.16, 0.00026212319790296226], "6/6/2016": [38.14, -0.0005241090146749481], "6/7/2016": [38.15, 0.0002621919244886736], "6/8/2016": [39.12, 0.02542595019659237], "6/13/2016": [37.81, -0.03348670756646205], "6/14/2016": [38.7, 0.02353874636339594], "6/15/2016": [38.98, 0.007235142118862894], "6/16/2016": [38.2, -0.02001026167265249], "6/17/2016": [39.17, 0.02539267015706803], "6/20/2016": [38.18, -0.025274444728108296], "6/21/2016": [38.47, 0.0075955997904661905], "6/22/2016": [38.15, -0.008318170002599436], "6/23/2016": [38.2, 0.001310615989515184], "6/24/2016": [37.5, -0.018324607329843003], "6/27/2016": [38.98, 0.03946666666666658], "6/28/2016": [38.8, -0.004617752693689065], "6/29/2016": [38.81, 0.0002577319587630185], "6/30/2016": [33.49, -0.13707807266168512], "7/1/2016": [32.8, -0.02060316512391773], "7/4/2016": [33.4, 0.018292682926829312], "7/5/2016": [33.59, 0.005688622754491163], "7/6/2016": [33.59, 0.0], "7/7/2016": [32.59, -0.02977076510866329], "7/11/2016": [32.05, -0.016569499846578895], "7/12/2016": [32.0, -0.0015600624024960112], "7/13/2016": [32.5, 0.015625], "7/14/2016": [32.5, 0.0], "7/15/2016": [31.5, -0.03076923076923077], "7/18/2016": [32.48, 0.031111111111111013], "7/19/2016": [32.48, 0.0], "7/20/2016": [33.0, 0.016009852216748867], "7/21/2016": [33.3, 0.009090909090909005], "7/22/2016": [33.5, 0.006006006006006092], "7/25/2016": [34.19, 0.020597014925373067], "7/26/2016": [34.19, 0.0], "7/27/2016": [34.99, 0.023398654577361927], "7/28/2016": [34.03, -0.0274364104029723], "7/29/2016": [34.2, 0.004995592124595995], "8/1/2016": [34.0, -0.005847953216374352], "8/2/2016": [34.79, 0.023235294117647035], "8/3/2016": [34.7, -0.002586950273066867], "8/4/2016": [34.6, -0.002881844380403499], "8/5/2016": [35.0, 0.011560693641618455], "8/8/2016": [35.69, 0.01971428571428565], "8/9/2016": [35.26, -0.01204819277108433], "8/10/2016": [35.3, 0.001134429948950628], "8/11/2016": [34.5, -0.02266288951841352], "8/12/2016": [34.0, -0.014492753623188406], "8/15/2016": [35.19, 0.034999999999999934], "8/16/2016": [34.9, -0.008240977550440442], "8/17/2016": [35.03, 0.003724928366762251], "8/18/2016": [35.03, 0.0], "8/19/2016": [35.18, 0.004282043962317973], "8/22/2016": [35.19, 0.0002842524161454807], "8/23/2016": [35.19, 0.0], "8/24/2016": [35.0, -0.005399261153736793], "8/25/2016": [35.29, 0.00828571428571426], "8/26/2016": [35.0, -0.008217625389628766], "8/29/2016": [35.0, 0.0], "8/30/2016": [34.8, -0.005714285714285796], "8/31/2016": [34.8, 0.0], "9/1/2016": [34.8, 0.0], "9/2/2016": [34.79, -0.0002873563218390233], "9/5/2016": [34.79, 0.0], "9/6/2016": [35.19, 0.011497556769186507], "9/7/2016": [33.61, -0.04489911906791698], "9/8/2016": [35.19, 0.04700981850639686], "9/9/2016": [35.3, 0.003125888036373954], "9/10/2016": [35.3, 0.0], "9/12/2016": [35.0, -0.008498583569405018], "9/13/2016": [35.0, 0.0], "9/14/2016": [35.0, 0.0], "9/19/2016": [35.19, 0.005428571428571363], "9/20/2016": [35.19, 0.0], "9/21/2016": [34.85, -0.009661835748792166], "9/22/2016": [34.85, 0.0], "9/23/2016": [34.85, 0.0], "9/26/2016": [34.99, 0.004017216642754679], "9/29/2016": [35.0, 0.00028579594169757103], "9/30/2016": [35.19, 0.005428571428571363], "10/3/2016": [35.19, 0.0], "10/4/2016": [35.18, -0.00028417163967030436], "10/5/2016": [35.3, 0.0034110289937463742], "10/6/2016": [35.5, 0.00566572237960348], "10/7/2016": [35.5, 0.0], "10/11/2016": [35.06, -0.012394366197183034], "10/12/2016": [35.0, -0.001711351968054828], "10/13/2016": [35.15, 0.004285714285714245], "10/14/2016": [35.15, 0.0], "10/17/2016": [35.15, 0.0], "10/18/2016": [35.19, 0.0011379800853484822], "10/19/2016": [35.19, 0.0], "10/20/2016": [35.19, 0.0], "10/21/2016": [34.52, -0.01903949985791403], "10/24/2016": [34.52, 0.0], "10/25/2016": [34.52, 0.0], "10/26/2016": [35.29, 0.022305909617612862], "10/27/2016": [35.19, -0.0028336639274582436], "10/28/2016": [35.19, 0.0], "10/31/2016": [35.19, 0.0], "11/1/2016": [35.17, -0.0005683432793406087], "11/2/2016": [34.7, -0.013363662212112564], "11/3/2016": [34.7, 0.0], "11/4/2016": [34.5, -0.005763688760806998], "11/7/2016": [35.2, 0.02028985507246385],