{"1/4/2016": [24.15, ""], "1/5/2016": [25.4, 0.051759834368530024], "1/6/2016": [25.4, 0.0], "1/7/2016": [24.6, -0.03149606299212587], "1/8/2016": [26.65, 0.08333333333333322], "1/11/2016": [26.7, 0.0018761726078799516], "1/12/2016": [25.85, -0.03183520599250928], "1/13/2016": [27.2, 0.05222437137330746], "1/14/2016": [27.25, 0.0018382352941176733], "1/15/2016": [26.85, -0.014678899082568754], "1/18/2016": [29.5, 0.09869646182495338], "1/19/2016": [29.5, 0.0], "1/20/2016": [28.75, -0.025423728813559324], "1/21/2016": [27.35, -0.048695652173912994], "1/22/2016": [27.9, 0.02010968921389386], "1/25/2016": [28.1, 0.0071684587813621095], "1/26/2016": [27.8, -0.010676156583629918], "1/27/2016": [27.3, -0.017985611510791366], "1/28/2016": [27.6, 0.010989010989011014], "1/29/2016": [27.95, 0.012681159420289778], "1/30/2016": [27.95, 0.0], "2/1/2016": [27.5, -0.01610017889087654], "2/2/2016": [27.7, 0.007272727272727247], "2/3/2016": [26.45, -0.04512635379061372], "2/15/2016": [25.5, -0.03591682419659733], "2/16/2016": [26.0, 0.0196078431372549], "2/17/2016": [26.0, 0.0], "2/18/2016": [25.9, -0.003846153846153901], "2/19/2016": [25.75, -0.0057915057915057366], "2/22/2016": [25.45, -0.011650485436893232], "2/23/2016": [26.35, 0.03536345776031442], "2/24/2016": [25.9, -0.017077798861480184], "2/25/2016": [25.5, -0.01544401544401539], "2/26/2016": [26.55, 0.04117647058823532], "3/1/2016": [26.65, 0.003766478342749449], "3/2/2016": [26.65, 0.0], "3/3/2016": [26.45, -0.007504690431519674], "3/4/2016": [26.8, 0.013232514177693815], "3/7/2016": [27.8, 0.03731343283582089], "3/8/2016": [27.15, -0.023381294964028854], "3/9/2016": [26.55, -0.022099447513812077], "3/10/2016": [26.3, -0.009416195856873822], "3/11/2016": [27.05, 0.028517110266159697], "3/14/2016": [26.35, -0.025878003696857645], "3/15/2016": [23.75, -0.09867172675521826], "3/16/2016": [23.8, 0.0021052631578947667], "3/17/2016": [23.55, -0.010504201680672268], "3/18/2016": [23.3, -0.010615711252653927], "3/21/2016": [24.05, 0.032188841201716736], "3/22/2016": [23.7, -0.014553014553014611], "3/23/2016": [23.4, -0.012658227848101297], "3/24/2016": [23.0, -0.017094017094017033], "3/25/2016": [23.1, 0.004347826086956583], "3/28/2016": [22.95, -0.006493506493506585], "3/29/2016": [22.65, -0.013071895424836633], "3/30/2016": [23.15, 0.02207505518763797], "3/31/2016": [23.25, 0.00431965442764585], "4/1/2016": [23.2, -0.0021505376344086325], "4/6/2016": [23.0, -0.008620689655172384], "4/7/2016": [22.85, -0.006521739130434721], "4/8/2016": [22.8, -0.002188183807439856], "4/11/2016": [23.5, 0.03070175438596488], "4/12/2016": [22.85, -0.027659574468085046], "4/13/2016": [23.35, 0.02188183807439825], "4/14/2016": [23.1, -0.010706638115631691], "4/15/2016": [22.5, -0.025974025974026035], "4/18/2016": [22.65, 0.006666666666666604], "4/19/2016": [22.85, 0.008830022075055314], "4/20/2016": [22.35, -0.02188183807439825], "4/21/2016": [22.0, -0.015659955257270756], "4/22/2016": [21.4, -0.027272727272727337], "4/25/2016": [21.9, 0.023364485981308414], "4/26/2016": [21.95, 0.0022831050228310826], "4/27/2016": [21.45, -0.022779043280182234], "4/28/2016": [20.85, -0.027972027972027875], "4/29/2016": [20.75, -0.004796163069544433], "5/3/2016": [20.55, -0.009638554216867436], "5/4/2016": [20.0, -0.026763990267639936], "5/5/2016": [19.6, -0.019999999999999928], "5/6/2016": [19.05, -0.028061224489795953], "5/9/2016": [19.3, 0.013123359580052493], "5/10/2016": [19.3, 0.0], "5/11/2016": [19.1, -0.010362694300518097], "5/12/2016": [18.0, -0.05759162303664928], "5/13/2016": [17.3, -0.03888888888888885], "5/16/2016": [17.05, -0.014450867052023121], "5/17/2016": [17.65, 0.035190615835777], "5/18/2016": [18.9, 0.0708215297450425], "5/19/2016": [19.0, 0.005291005291005366], "5/20/2016": [18.65, -0.018421052631579022], "5/23/2016": [18.85, 0.010723860589812485], "5/24/2016": [19.1, 0.01326259946949602], "5/25/2016": [19.1, 0.0], "5/26/2016": [18.95, -0.007853403141361367], "5/27/2016": [19.8, 0.04485488126649084], "5/30/2016": [19.6, -0.010101010101010065], "5/31/2016": [20.2, 0.030612244897959072], "6/1/2016": [20.05, -0.007425742574257356], "6/2/2016": [19.35, -0.03491271820448874], "6/3/2016": [19.85, 0.025839793281653745], "6/4/2016": [19.8, -0.0025188916876574662], "6/6/2016": [19.6, -0.010101010101010065], "6/7/2016": [19.65, 0.0025510204081631203], "6/8/2016": [19.15, -0.025445292620865142], "6/13/2016": [18.4, -0.0391644908616188], "6/14/2016": [18.85, 0.024456521739130592], "6/15/2016": [19.0, 0.007957559681697536], "6/16/2016": [18.35, -0.0342105263157894], "6/17/2016": [18.4, 0.0027247956403268206], "6/20/2016": [20.2, 0.09782608695652178], "6/21/2016": [20.1, -0.004950495049504845], "6/22/2016": [21.0, 0.044776119402985], "6/23/2016": [20.8, -0.00952380952380949], "6/24/2016": [19.95, -0.040865384615384685], "6/27/2016": [21.6, 0.08270676691729334], "6/28/2016": [22.15, 0.02546296296296283], "6/29/2016": [22.65, 0.022573363431151242], "6/30/2016": [22.75, 0.004415011037527657], "7/1/2016": [22.55, -0.00879120879120876], "7/4/2016": [22.8, 0.011086474501108647], "7/5/2016": [22.55, -0.010964912280701754], "7/6/2016": [21.7, -0.037694013303769466], "7/7/2016": [22.1, 0.0184331797235024], "7/11/2016": [21.8, -0.013574660633484194], "7/12/2016": [21.85, 0.002293577981651409], "7/13/2016": [22.55, 0.03203661327231118], "7/14/2016": [22.3, -0.011086474501108647], "7/15/2016": [22.35, 0.0022421524663677446], "7/18/2016": [23.05, 0.03131991051454135], "7/19/2016": [22.9, -0.0065075921908894635], "7/20/2016": [24.6, 0.07423580786026214], "7/21/2016": [25.4, 0.03252032520325192], "7/22/2016": [25.6, 0.007874015748031609], "7/25/2016": [25.15, -0.01757812500000011], "7/26/2016": [25.65, 0.019880715705765408], "7/27/2016": [25.3, -0.013645224171539879], "7/28/2016": [25.3, 0.0], "7/29/2016": [24.6, -0.027667984189723292], "8/1/2016": [24.95, 0.014227642276422677], "8/2/2016": [25.15, 0.008016032064128228], "8/3/2016": [25.65, 0.019880715705765408], "8/4/2016": [25.4, -0.009746588693957116], "8/5/2016": [25.65, 0.00984251968503937], "8/8/2016": [25.55, -0.003898635477582763], "8/9/2016": [24.5, -0.04109589041095893], "8/10/2016": [22.85, -0.06734693877551015], "8/11/2016": [23.7, 0.03719912472647693], "8/12/2016": [22.5, -0.050632911392405035], "8/15/2016": [22.3, -0.008888888888888858], "8/16/2016": [22.4, 0.0044843049327353305], "8/17/2016": [21.3, -0.049107142857142766], "8/18/2016": [21.3, 0.0], "8/19/2016": [21.65, 0.01643192488262901], "8/22/2016": [21.4, -0.011547344110854504], "8/23/2016": [21.4, 0.0], "8/24/2016": [21.0, -0.018691588785046665], "8/25/2016": [21.1, 0.00476190476190483], "8/26/2016": [21.6, 0.023696682464454975], "8/29/2016": [21.25, -0.01620370370370377], "8/30/2016": [21.35, 0.004705882352941244], "8/31/2016": [23.0, 0.07728337236533951], "9/1/2016": [23.75, 0.03260869565217391], "9/2/2016": [24.15, 0.016842105263157835], "9/5/2016": [24.05, -0.0041407867494823135], "9/6/2016": [23.85, -0.008316008316008287], "9/7/2016": [23.85, 0.0], "9/8/2016": [25.0, 0.04821802935010476], "9/9/2016": [25.1, 0.0040000000000000565], "9/10/2016": [24.35, -0.0298804780876494], "9/12/2016": [23.65, -0.028747433264887177], "9/13/2016": [24.0, 0.014799154334038117], "9/14/2016": [23.9, -0.004166666666666726], "9/19/2016": [24.45, 0.023012552301255262], "9/20/2016": [24.55, 0.004089979550102308], "9/21/2016": [24.2, -0.01425661914460291], "9/22/2016": [24.6, 0.016528925619834798], "9/23/2016": [25.0, 0.01626016260162596], "9/26/2016": [24.3, -0.027999999999999973], "9/29/2016": [24.1, -0.00823045267489709], "9/30/2016": [23.7, -0.01659751037344407], "10/3/2016": [23.9, 0.008438818565400814], "10/4/2016": [23.9, 0.0], "10/5/2016": [23.0, -0.03765690376569032], "10/6/2016": [23.05, 0.0021739130434782917], "10/7/2016": [22.2, -0.03687635574837316], "10/11/2016": [22.05, -0.006756756756756693], "10/12/2016": [22.1, 0.002267573696145157], "10/13/2016": [22.0, -0.004524886877828118], "10/14/2016": [21.3, -0.03181818181818179],