{"1/4/2016": [39.1, ""], "1/5/2016": [38.9, -0.005115089514066569], "1/6/2016": [38.85, -0.0012853470437017265], "1/7/2016": [37.05, -0.04633204633204644], "1/8/2016": [37.25, 0.005398110661268633], "1/11/2016": [36.2, -0.02818791946308717], "1/12/2016": [36.2, 0.0], "1/13/2016": [36.5, 0.00828729281767948], "1/14/2016": [36.2, -0.008219178082191704], "1/15/2016": [36.7, 0.013812154696132596], "1/18/2016": [36.45, -0.006811989100817438], "1/19/2016": [37.3, 0.023319615912208345], "1/20/2016": [37.3, 0.0], "1/21/2016": [37.3, 0.0], "1/22/2016": [36.4, -0.024128686327077712], "1/25/2016": [37.55, 0.03159340659340656], "1/26/2016": [37.1, -0.01198402130492665], "1/27/2016": [37.0, -0.0026954177897574507], "1/28/2016": [38.3, 0.03513513513513506], "1/29/2016": [38.5, 0.005221932114882581], "1/30/2016": [38.75, 0.006493506493506494], "2/1/2016": [38.4, -0.009032258064516166], "2/2/2016": [38.4, 0.0], "2/3/2016": [39.5, 0.02864583333333337], "2/15/2016": [38.3, -0.03037974683544311], "2/16/2016": [39.2, 0.023498694516971428], "2/17/2016": [39.2, 0.0], "2/18/2016": [40.0, 0.020408163265306048], "2/19/2016": [39.4, -0.015000000000000036], "2/22/2016": [39.95, 0.013959390862944272], "2/23/2016": [39.45, -0.012515644555694618], "2/24/2016": [40.45, 0.025348542458808618], "2/25/2016": [40.05, -0.009888751545117569], "2/26/2016": [39.65, -0.009987515605493099], "3/1/2016": [39.4, -0.006305170239596469], "3/2/2016": [39.15, -0.006345177664974619], "3/3/2016": [39.15, 0.0], "3/4/2016": [39.0, -0.0038314176245210366], "3/7/2016": [39.0, 0.0], "3/8/2016": [39.0, 0.0], "3/9/2016": [39.4, 0.01025641025641022], "3/10/2016": [42.2, 0.07106598984771585], "3/11/2016": [42.65, 0.010663507109004638], "3/14/2016": [41.45, -0.02813599062133636], "3/15/2016": [40.2, -0.030156815440289503], "3/16/2016": [41.25, 0.026119402985074553], "3/17/2016": [41.1, -0.003636363636363602], "3/18/2016": [41.3, 0.0048661800486616965], "3/21/2016": [41.15, -0.003631961259079869], "3/22/2016": [40.6, -0.013365735115431281], "3/23/2016": [40.65, 0.001231527093595989], "3/24/2016": [40.85, 0.004920049200492075], "3/25/2016": [40.6, -0.006119951040391676], "3/28/2016": [40.6, 0.0], "3/29/2016": [40.15, -0.011083743842364602], "3/30/2016": [40.85, 0.01743462017434627], "3/31/2016": [40.45, -0.009791921664626647], "4/1/2016": [40.8, 0.00865265760197761], "4/6/2016": [40.5, -0.007352941176470519], "4/7/2016": [40.6, 0.002469135802469171], "4/8/2016": [41.2, 0.014778325123152743], "4/11/2016": [40.15, -0.025485436893203987], "4/12/2016": [40.3, 0.003735990037359865], "4/13/2016": [39.9, -0.009925558312655052], "4/14/2016": [39.55, -0.00877192982456144], "4/15/2016": [39.8, 0.006321112515802782], "4/18/2016": [39.9, 0.002512562814070388], "4/19/2016": [39.25, -0.01629072681704257], "4/20/2016": [39.6, 0.008917197452229336], "4/21/2016": [40.35, 0.01893939393939394], "4/22/2016": [40.35, 0.0], "4/25/2016": [39.75, -0.014869888475836465], "4/26/2016": [39.7, -0.0012578616352200544], "4/27/2016": [39.7, 0.0], "4/28/2016": [39.7, 0.0], "4/29/2016": [39.35, -0.008816120906801042], "5/3/2016": [38.4, -0.024142312579415574], "5/4/2016": [38.15, -0.006510416666666667], "5/5/2016": [37.85, -0.007863695937090359], "5/6/2016": [37.85, 0.0], "5/9/2016": [38.4, 0.014531043593130703], "5/10/2016": [37.0, -0.0364583333333333], "5/11/2016": [38.55, 0.04189189189189182], "5/12/2016": [38.4, -0.003891050583657551], "5/13/2016": [38.4, 0.0], "5/16/2016": [37.15, -0.032552083333333336], "5/17/2016": [36.4, -0.02018842530282638], "5/18/2016": [37.6, 0.032967032967033044], "5/19/2016": [36.1, -0.03989361702127659], "5/20/2016": [36.9, 0.02216066481994452], "5/23/2016": [36.0, -0.024390243902438987], "5/24/2016": [36.0, 0.0], "5/25/2016": [36.0, 0.0], "5/26/2016": [35.85, -0.004166666666666628], "5/27/2016": [36.0, 0.0041841004184100025], "5/30/2016": [36.4, 0.011111111111111072], "5/31/2016": [36.3, -0.0027472527472527865], "6/1/2016": [36.15, -0.004132231404958639], "6/2/2016": [36.0, -0.004149377593360957], "6/3/2016": [35.85, -0.004166666666666628], "6/4/2016": [35.35, -0.01394700139470014], "6/6/2016": [34.4, -0.026874115983026952], "6/7/2016": [34.2, -0.005813953488371969], "6/8/2016": [35.0, 0.02339181286549699], "6/13/2016": [34.0, -0.02857142857142857], "6/14/2016": [35.2, 0.035294117647058906], "6/15/2016": [35.2, 0.0], "6/16/2016": [35.0, -0.005681818181818262], "6/17/2016": [34.9, -0.002857142857142898], "6/20/2016": [34.4, -0.014326647564469915], "6/21/2016": [34.4, 0.0], "6/22/2016": [34.4, 0.0], "6/23/2016": [34.35, -0.0014534883720929406], "6/24/2016": [33.8, -0.016011644832605653], "6/27/2016": [33.7, -0.002958579881656637], "6/28/2016": [34.0, 0.008902077151335227], "6/29/2016": [34.8, 0.0235294117647058], "6/30/2016": [35.2, 0.011494252873563383], "7/1/2016": [35.2, 0.0], "7/4/2016": [35.4, 0.0056818181818180605], "7/5/2016": [33.45, -0.055084745762711745], "7/6/2016": [32.95, -0.014947683109118086], "7/7/2016": [33.45, 0.015174506828528072], "7/11/2016": [33.0, -0.013452914798206362], "7/12/2016": [32.5, -0.015151515151515152], "7/13/2016": [32.75, 0.007692307692307693], "7/14/2016": [32.25, -0.015267175572519083], "7/15/2016": [33.0, 0.023255813953488372], "7/18/2016": [33.45, 0.013636363636363722], "7/19/2016": [32.65, -0.023916292974589064], "7/20/2016": [32.75, 0.003062787136294071], "7/21/2016": [32.95, 0.00610687022900772], "7/22/2016": [32.8, -0.004552352048558594], "7/25/2016": [32.3, -0.015243902439024392], "7/26/2016": [32.2, -0.0030959752321979665], "7/27/2016": [31.8, -0.01242236024844727], "7/28/2016": [31.95, 0.004716981132075427], "7/29/2016": [32.3, 0.01095461658841934], "8/1/2016": [33.05, 0.02321981424148607], "8/2/2016": [32.9, -0.004538577912254118], "8/3/2016": [32.9, 0.0], "8/4/2016": [33.0, 0.0030395136778115935], "8/5/2016": [32.9, -0.0030303030303030732], "8/8/2016": [32.9, 0.0], "8/9/2016": [32.9, 0.0], "8/10/2016": [31.9, -0.030395136778115502], "8/11/2016": [31.8, -0.0031347962382444476], "8/12/2016": [31.7, -0.003144654088050359], "8/15/2016": [31.4, -0.009463722397476363], "8/16/2016": [31.5, 0.0031847133757962236], "8/17/2016": [31.4, -0.0031746031746032197], "8/18/2016": [31.65, 0.007961783439490446], "8/19/2016": [31.5, -0.0047393364928909505], "8/22/2016": [31.0, -0.015873015873015872], "8/23/2016": [30.8, -0.006451612903225784], "8/24/2016": [30.75, -0.0016233766233766465], "8/25/2016": [30.85, 0.0032520325203252497], "8/26/2016": [30.85, 0.0], "8/29/2016": [30.85, 0.0], "8/30/2016": [30.65, -0.006482982171799119], "8/31/2016": [30.7, 0.0016313213703099743], "9/1/2016": [30.6, -0.003257328990227944], "9/2/2016": [31.0, 0.013071895424836555], "9/5/2016": [30.5, -0.016129032258064516], "9/6/2016": [30.6, 0.0032786885245902103], "9/7/2016": [30.85, 0.008169934640522876], "9/8/2016": [31.0, 0.004862236628849224], "9/9/2016": [30.6, -0.012903225806451568], "9/10/2016": [31.65, 0.034313725490195984], "9/12/2016": [33.0, 0.042654028436019], "9/13/2016": [31.7, -0.03939393939393942], "9/14/2016": [32.4, 0.022082018927444772], "9/19/2016": [31.85, -0.01697530864197522], "9/20/2016": [31.5, -0.010989010989011033], "9/21/2016": [32.3, 0.025396825396825307], "9/22/2016": [31.3, -0.030959752321981317], "9/23/2016": [31.2, -0.0031948881789137834], "9/26/2016": [31.35, 0.0048076923076923765], "9/29/2016": [31.35, 0.0], "9/30/2016": [31.05, -0.009569377990430644], "10/3/2016": [31.5, 0.014492753623188383], "10/4/2016": [31.5, 0.0], "10/5/2016": [31.3, -0.006349206349206327], "10/6/2016": [31.15, -0.004792332268370675], "10/7/2016": [31.0, -0.004815409309791287], "10/11/2016": [31.0, 0.0], "10/12/2016": [31.35, 0.011290322580645207], "10/13/2016": [31.05, -0.009569377990430644], "10/14/2016": [30.9, -0.0048309178743962036], "10/17/2016": [30.85, -0.0016181229773461865], "10/18/2016": [30.8, -0.0016207455429497798], "10/19/2016": [30.6, -0.0064935064935064705], "10/20/2016": [30.6, 0.0], "10/21/2016": [30.6, 0.0], "10/24/2016": [30.1, -0.016339869281045753],