{"1/4/2016": [61.8, ""], "1/5/2016": [61.6, -0.003236245954692488], "1/6/2016": [60.3, -0.021103896103896173], "1/7/2016": [57.9, -0.0398009950248756], "1/8/2016": [59.3, 0.02417962003454229], "1/11/2016": [58.0, -0.021922428330522718], "1/12/2016": [56.6, -0.024137931034482734], "1/13/2016": [56.9, 0.005300353356890409], "1/14/2016": [55.6, -0.022847100175746874], "1/15/2016": [58.0, 0.043165467625899255], "1/18/2016": [60.0, 0.034482758620689655], "1/19/2016": [60.0, 0.0], "1/20/2016": [57.4, -0.043333333333333356], "1/21/2016": [57.3, -0.0017421602787456693], "1/22/2016": [57.3, 0.0], "1/25/2016": [57.6, 0.005235602094240913], "1/26/2016": [57.4, -0.0034722222222222715], "1/27/2016": [57.2, -0.003484320557491215], "1/28/2016": [57.9, 0.012237762237762163], "1/29/2016": [59.0, 0.01899827288428327], "1/30/2016": [60.4, 0.02372881355932201], "2/1/2016": [60.8, 0.006622516556291367], "2/2/2016": [60.7, -0.0016447368421051698], "2/3/2016": [60.2, -0.008237232289950576], "2/15/2016": [60.9, 0.011627906976744115], "2/16/2016": [61.3, 0.006568144499178959], "2/17/2016": [62.5, 0.01957585644371946], "2/18/2016": [64.4, 0.03040000000000009], "2/19/2016": [63.3, -0.017080745341615036], "2/22/2016": [62.3, -0.015797788309636653], "2/23/2016": [62.8, 0.008025682182985555], "2/24/2016": [63.1, 0.004777070063694336], "2/25/2016": [61.7, -0.022187004754358138], "2/26/2016": [62.1, 0.006482982171799004], "3/1/2016": [62.0, -0.0016103059581320679], "3/2/2016": [63.1, 0.017741935483870992], "3/3/2016": [63.1, 0.0], "3/4/2016": [63.5, 0.006339144215530881], "3/7/2016": [62.7, -0.012598425196850348], "3/8/2016": [63.1, 0.006379585326953725], "3/9/2016": [63.4, 0.004754358161648133], "3/10/2016": [64.8, 0.022082018927444772], "3/11/2016": [64.3, -0.00771604938271605], "3/14/2016": [64.2, -0.0015552099533436131], "3/15/2016": [63.5, -0.010903426791277303], "3/16/2016": [64.6, 0.0173228346456692], "3/17/2016": [66.7, 0.03250773993808063], "3/18/2016": [66.6, -0.0014992503748127214], "3/21/2016": [67.6, 0.015015015015015017], "3/22/2016": [68.1, 0.007396449704142012], "3/23/2016": [66.2, -0.027900146842877997], "3/24/2016": [64.7, -0.022658610271903322], "3/25/2016": [64.7, 0.0], "3/28/2016": [64.0, -0.010819165378670831], "3/29/2016": [62.5, -0.0234375], "3/30/2016": [63.3, 0.012799999999999954], "3/31/2016": [64.3, 0.015797788309636653], "4/1/2016": [64.5, 0.003110419906687447], "4/6/2016": [63.8, -0.010852713178294617], "4/7/2016": [64.2, 0.006269592476489117], "4/8/2016": [64.8, 0.009345794392523275], "4/11/2016": [65.0, 0.003086419753086464], "4/12/2016": [63.0, -0.03076923076923077], "4/13/2016": [63.0, 0.0], "4/14/2016": [63.3, 0.004761904761904716], "4/15/2016": [64.0, 0.011058451816745701], "4/18/2016": [64.4, 0.006250000000000089], "4/19/2016": [64.9, 0.007763975155279502], "4/20/2016": [64.2, -0.010785824345146421], "4/21/2016": [64.2, 0.0], "4/22/2016": [63.0, -0.018691588785046773], "4/25/2016": [62.5, -0.007936507936507936], "4/26/2016": [63.3, 0.012799999999999954], "4/27/2016": [64.0, 0.011058451816745701], "4/28/2016": [64.0, 0.0], "4/29/2016": [63.3, -0.010937500000000044], "5/3/2016": [63.0, -0.0047393364928909505], "5/4/2016": [62.9, -0.0015873015873016099], "5/5/2016": [62.8, -0.0015898251192369066], "5/6/2016": [62.8, 0.0], "5/9/2016": [62.3, -0.007961783439490446], "5/10/2016": [62.0, -0.004815409309791287], "5/11/2016": [60.6, -0.0225806451612903], "5/12/2016": [60.0, -0.009900990099009924], "5/13/2016": [59.9, -0.0016666666666666904], "5/16/2016": [61.3, 0.023372287145242046], "5/17/2016": [62.9, 0.026101141924959242], "5/18/2016": [61.7, -0.01907790143084254], "5/19/2016": [61.5, -0.0032414910858995596], "5/20/2016": [62.8, 0.021138211382113775], "5/23/2016": [63.1, 0.004777070063694336], "5/24/2016": [63.4, 0.004754358161648133], "5/25/2016": [63.3, -0.0015772870662460793], "5/26/2016": [62.4, -0.014218009478672964], "5/27/2016": [62.9, 0.008012820512820514], "5/30/2016": [66.0, 0.04928457869634342], "5/31/2016": [64.6, -0.021212121212121297], "6/1/2016": [68.0, 0.052631578947368515], "6/2/2016": [67.5, -0.007352941176470588], "6/3/2016": [67.6, 0.0014814814814813973], "6/4/2016": [67.7, 0.0014792899408285285], "6/6/2016": [65.5, -0.03249630723781392], "6/7/2016": [65.5, 0.0], "6/8/2016": [64.4, -0.016793893129770907], "6/13/2016": [62.9, -0.02329192546583862], "6/14/2016": [63.3, 0.006359300476947514], "6/15/2016": [63.1, -0.003159557661927263], "6/16/2016": [63.3, 0.003169572107765384], "6/17/2016": [63.0, -0.0047393364928909505], "6/20/2016": [63.4, 0.006349206349206327], "6/21/2016": [63.7, 0.004731861198738238], "6/22/2016": [63.7, 0.0], "6/23/2016": [63.5, -0.0031397174254317556], "6/24/2016": [62.1, -0.022047244094488168], "6/27/2016": [62.0, -0.0016103059581320679], "6/28/2016": [62.9, 0.014516129032258041], "6/29/2016": [62.8, -0.0015898251192369066], "6/30/2016": [63.4, 0.009554140127388559], "7/1/2016": [64.0, 0.009463722397476363], "7/4/2016": [63.7, -0.004687499999999956], "7/5/2016": [63.9, 0.003139717425431644], "7/6/2016": [63.3, -0.00938967136150237], "7/7/2016": [63.5, 0.0031595576619273752], "7/11/2016": [63.8, 0.0047244094488188525], "7/12/2016": [63.8, 0.0], "7/13/2016": [64.2, 0.006269592476489117], "7/14/2016": [65.2, 0.01557632398753894], "7/15/2016": [66.0, 0.012269938650306704], "7/18/2016": [68.0, 0.030303030303030304], "7/19/2016": [66.9, -0.01617647058823521], "7/20/2016": [67.1, 0.002989536621823447], "7/21/2016": [67.1, 0.0], "7/22/2016": [66.5, -0.008941877794336727], "7/25/2016": [65.9, -0.009022556390977357], "7/26/2016": [66.4, 0.007587253414264036], "7/27/2016": [66.4, 0.0], "7/28/2016": [66.5, 0.0015060240963854564], "7/29/2016": [66.5, 0.0], "8/1/2016": [66.9, 0.006015037593985048], "8/2/2016": [62.2, -0.07025411061285504], "8/3/2016": [61.6, -0.00964630225080388], "8/4/2016": [61.3, -0.004870129870129939], "8/5/2016": [61.7, 0.006525285481239897], "8/8/2016": [61.2, -0.008103727714748784], "8/9/2016": [60.7, -0.008169934640522876], "8/10/2016": [60.1, -0.009884678747940715], "8/11/2016": [60.2, 0.0016638935108153315], "8/12/2016": [60.3, 0.0016611295681062178], "8/15/2016": [60.2, -0.0016583747927030566], "8/16/2016": [60.6, 0.006644518272425225], "8/17/2016": [60.2, -0.006600660066006577], "8/18/2016": [60.5, 0.00498338870431889], "8/19/2016": [60.3, -0.0033057851239669893], "8/22/2016": [59.5, -0.01326699834162516], "8/23/2016": [60.8, 0.021848739495798273], "8/24/2016": [59.8, -0.01644736842105263], "8/25/2016": [60.2, 0.006688963210702436], "8/26/2016": [59.6, -0.009966777408637897], "8/29/2016": [59.6, 0.0], "8/30/2016": [59.7, 0.0016778523489933124], "8/31/2016": [59.5, -0.0033500837520938497], "9/1/2016": [59.3, -0.003361344537815174], "9/2/2016": [58.0, -0.021922428330522718], "9/5/2016": [58.3, 0.0051724137931034], "9/6/2016": [58.5, 0.003430531732418574], "9/7/2016": [58.5, 0.0], "9/8/2016": [58.9, 0.006837606837606813], "9/9/2016": [58.9, 0.0], "9/10/2016": [58.0, -0.015280135823429518], "9/12/2016": [57.9, -0.0017241379310345072], "9/13/2016": [57.4, -0.008635578583765112], "9/14/2016": [57.1, -0.005226480836236885], "9/19/2016": [57.5, 0.007005253940455316], "9/20/2016": [57.5, 0.0], "9/21/2016": [58.0, 0.008695652173913044], "9/22/2016": [57.5, -0.008620689655172414], "9/23/2016": [57.8, 0.005217391304347777], "9/26/2016": [57.6, -0.003460207612456674], "9/29/2016": [57.8, 0.0034722222222221483], "9/30/2016": [57.8, 0.0], "10/3/2016": [57.6, -0.003460207612456674], "10/4/2016": [57.2, -0.00694444444444442], "10/5/2016": [56.9, -0.005244755244755319], "10/6/2016": [56.9, 0.0], "10/7/2016": [56.8, -0.00175746924428825], "10/11/2016": [55.2, -0.028169014084506942], "10/12/2016": [54.8, -0.007246376811594305], "10/13/2016": [53.9, -0.016423357664233553], "10/14/2016": [52.8, -0.02040816326530615], "10/17/2016": [52.9, 0.0018939393939394209], "10/18/2016": [52.9, 0.0], "10/19/2016": [53.7, 0.015122873345935808], "10/20/2016": [53.2, -0.009310986964618248],