{"1/4/2016": [43.0, ""], "1/5/2016": [43.0, 0.0], "1/6/2016": [42.95, -0.0011627906976743525], "1/7/2016": [41.2, -0.04074505238649592], "1/8/2016": [42.0, 0.01941747572815527], "1/11/2016": [41.3, -0.016666666666666736], "1/12/2016": [39.2, -0.05084745762711851], "1/13/2016": [40.2, 0.02551020408163265], "1/14/2016": [39.8, -0.009950248756219046], "1/15/2016": [40.5, 0.017587939698492535], "1/18/2016": [41.35, 0.02098765432098769], "1/19/2016": [41.3, -0.0012091898428054236], "1/20/2016": [39.8, -0.036319612590799036], "1/21/2016": [39.15, -0.016331658291457253], "1/22/2016": [38.3, -0.021711366538952784], "1/25/2016": [39.1, 0.020887728459530137], "1/26/2016": [38.5, -0.015345268542199524], "1/27/2016": [38.7, 0.0051948051948052685], "1/28/2016": [38.9, 0.0051679586563306385], "1/29/2016": [39.45, 0.014138817480719905], "1/30/2016": [40.8, 0.03422053231939149], "2/1/2016": [40.5, -0.007352941176470519], "2/2/2016": [40.3, -0.004938271604938342], "2/3/2016": [40.0, -0.007444168734491245], "2/15/2016": [40.1, 0.0025000000000000356], "2/16/2016": [40.9, 0.019950124688279232], "2/17/2016": [41.7, 0.0195599022004891], "2/18/2016": [42.0, 0.007194244604316478], "2/19/2016": [41.45, -0.013095238095238028], "2/22/2016": [38.9, -0.06151990349819069], "2/23/2016": [40.3, 0.03598971722365035], "2/24/2016": [42.15, 0.045905707196029814], "2/25/2016": [41.3, -0.0201660735468565], "2/26/2016": [41.7, 0.009685230024213213], "3/1/2016": [41.0, -0.01678657074340534], "3/2/2016": [41.0, 0.0], "3/3/2016": [40.65, -0.008536585365853694], "3/4/2016": [40.65, 0.0], "3/7/2016": [40.05, -0.01476014760147605], "3/8/2016": [39.5, -0.013732833957552988], "3/9/2016": [41.1, 0.040506329113924086], "3/10/2016": [41.1, 0.0], "3/11/2016": [41.8, 0.017031630170316198], "3/14/2016": [42.2, 0.009569377990430759], "3/15/2016": [40.5, -0.04028436018957352], "3/16/2016": [41.0, 0.012345679012345678], "3/17/2016": [40.2, -0.01951219512195115], "3/18/2016": [39.7, -0.01243781094527363], "3/21/2016": [40.5, 0.020151133501259372], "3/22/2016": [40.5, 0.0], "3/23/2016": [39.65, -0.02098765432098769], "3/24/2016": [39.15, -0.012610340479192938], "3/25/2016": [39.7, 0.01404853128991071], "3/28/2016": [39.4, -0.007556675062972399], "3/29/2016": [38.1, -0.03299492385786795], "3/30/2016": [38.8, 0.01837270341207338], "3/31/2016": [42.65, 0.09922680412371139], "4/1/2016": [44.15, 0.035169988276670575], "4/6/2016": [40.65, -0.07927519818799547], "4/7/2016": [40.0, -0.015990159901598983], "4/8/2016": [40.6, 0.015000000000000036], "4/11/2016": [40.65, 0.001231527093595989], "4/12/2016": [39.0, -0.040590405904059004], "4/13/2016": [39.15, 0.0038461538461538095], "4/14/2016": [39.0, -0.0038314176245210366], "4/15/2016": [39.1, 0.0025641025641026005], "4/18/2016": [39.1, 0.0], "4/19/2016": [39.0, -0.0025575447570332843], "4/20/2016": [38.15, -0.021794871794871832], "4/21/2016": [38.8, 0.0170380078636959], "4/22/2016": [37.8, -0.025773195876288662], "4/25/2016": [38.4, 0.01587301587301591], "4/26/2016": [38.05, -0.00911458333333337], "4/27/2016": [37.8, -0.00657030223390276], "4/28/2016": [37.4, -0.010582010582010545], "4/29/2016": [37.5, 0.0026737967914438883], "5/3/2016": [36.3, -0.03200000000000008], "5/4/2016": [36.2, -0.002754820936638962], "5/5/2016": [36.6, 0.011049723756906037], "5/6/2016": [37.2, 0.01639344262295086], "5/9/2016": [37.0, -0.005376344086021581], "5/10/2016": [37.35, 0.009459459459459498], "5/11/2016": [37.0, -0.0093708165997323], "5/12/2016": [35.45, -0.04189189189189182], "5/13/2016": [35.5, 0.001410437235542938], "5/16/2016": [35.55, 0.001408450704225272], "5/17/2016": [36.2, 0.01828410689170199], "5/18/2016": [36.55, 0.00966850828729266], "5/19/2016": [36.45, -0.0027359781121749473], "5/20/2016": [36.0, -0.012345679012345756], "5/23/2016": [36.4, 0.011111111111111072], "5/24/2016": [35.8, -0.016483516483516522], "5/25/2016": [35.15, -0.018156424581005547], "5/26/2016": [35.2, 0.0014224751066857543], "5/27/2016": [35.2, 0.0], "5/30/2016": [37.6, 0.06818181818181814], "5/31/2016": [36.75, -0.02260638297872344], "6/1/2016": [36.4, -0.009523809523809563], "6/2/2016": [35.9, -0.013736263736263736], "6/3/2016": [36.5, 0.01671309192200561], "6/4/2016": [36.0, -0.0136986301369863], "6/6/2016": [35.7, -0.008333333333333255], "6/7/2016": [35.3, -0.011204481792717245], "6/8/2016": [35.2, -0.002832861189801539], "6/13/2016": [34.8, -0.011363636363636524], "6/14/2016": [34.4, -0.011494252873563178], "6/15/2016": [34.9, 0.014534883720930232], "6/16/2016": [34.25, -0.018624641833810848], "6/17/2016": [34.3, 0.0014598540145984572], "6/20/2016": [34.15, -0.004373177842565556], "6/21/2016": [34.4, 0.007320644216691069], "6/22/2016": [34.3, -0.002906976744186088], "6/23/2016": [34.3, 0.0], "6/24/2016": [32.5, -0.05247813411078709], "6/27/2016": [32.55, 0.001538461538461451], "6/28/2016": [32.85, 0.009216589861751284], "6/29/2016": [33.65, 0.024353120243531114], "6/30/2016": [33.65, 0.0], "7/1/2016": [33.8, 0.004457652303120315], "7/4/2016": [33.7, -0.002958579881656637], "7/5/2016": [35.45, 0.05192878338278931], "7/6/2016": [34.8, -0.018335684062059397], "7/7/2016": [34.0, -0.022988505747126357], "7/11/2016": [33.2, -0.0235294117647058], "7/12/2016": [32.6, -0.018072289156626547], "7/13/2016": [32.85, 0.007668711656441718], "7/14/2016": [33.1, 0.0076103500761035], "7/15/2016": [33.1, 0.0], "7/18/2016": [36.4, 0.09969788519637453], "7/19/2016": [35.35, -0.028846153846153768], "7/20/2016": [35.25, -0.002828854314002869], "7/21/2016": [35.5, 0.0070921985815602835], "7/22/2016": [34.4, -0.030985915492957785], "7/25/2016": [33.7, -0.020348837209302202], "7/26/2016": [33.8, 0.002967359050444935], "7/27/2016": [33.9, 0.002958579881656847], "7/28/2016": [34.0, 0.0029498525073746733], "7/29/2016": [34.1, 0.002941176470588277], "8/1/2016": [33.85, -0.007331378299120234], "8/2/2016": [33.35, -0.014771048744460856], "8/3/2016": [32.9, -0.013493253373313427], "8/4/2016": [32.65, -0.007598784194528876], "8/5/2016": [32.7, 0.0015313935681471444], "8/8/2016": [32.7, 0.0], "8/9/2016": [32.75, 0.001529051987767497], "8/10/2016": [32.7, -0.0015267175572518216], "8/11/2016": [32.2, -0.015290519877675839], "8/12/2016": [32.8, 0.01863354037267063], "8/15/2016": [32.7, -0.003048780487804705], "8/16/2016": [32.5, -0.006116207951070423], "8/17/2016": [31.65, -0.026153846153846198], "8/18/2016": [32.2, 0.01737756714060045], "8/19/2016": [32.45, 0.007763975155279502], "8/22/2016": [32.9, 0.013867488443759497], "8/23/2016": [32.8, -0.0030395136778115935], "8/24/2016": [31.8, -0.030487804878048676], "8/25/2016": [31.6, -0.006289308176100607], "8/26/2016": [31.8, 0.00632911392405061], "8/29/2016": [31.35, -0.014150943396226393], "8/30/2016": [31.2, -0.0047846889952153785], "8/31/2016": [30.5, -0.022435897435897415], "9/1/2016": [31.0, 0.01639344262295082], "9/2/2016": [30.75, -0.008064516129032258], "9/5/2016": [30.6, -0.004878048780487759], "9/6/2016": [30.8, 0.006535947712418277], "9/7/2016": [31.0, 0.0064935064935064705], "9/8/2016": [30.7, -0.009677419354838733], "9/9/2016": [31.1, 0.013029315960912122], "9/10/2016": [30.95, -0.004823151125401997], "9/12/2016": [30.9, -0.0016155088852988922], "9/13/2016": [30.8, -0.003236245954692488], "9/14/2016": [30.8, 0.0], "9/19/2016": [30.5, -0.009740259740259763], "9/20/2016": [30.65, 0.0049180327868851995], "9/21/2016": [30.5, -0.004893964110929807], "9/22/2016": [30.3, -0.0065573770491803044], "9/23/2016": [30.8, 0.0165016501650165], "9/26/2016": [30.9, 0.0032467532467531776], "9/29/2016": [30.2, -0.022653721682847874], "9/30/2016": [30.1, -0.0033112582781456247], "10/3/2016": [29.95, -0.004983388704319008], "10/4/2016": [29.6, -0.011686143572620964], "10/5/2016": [29.35, -0.008445945945945945], "10/6/2016": [29.3, -0.0017035775127768554], "10/7/2016": [29.65, 0.011945392491467503], "10/11/2016": [28.35, -0.043844856661045435], "10/12/2016": [28.2, -0.005291005291005366], "10/13/2016": [28.4, 0.007092198581560258], "10/14/2016": [28.2, -0.007042253521126736],