{"1/4/2016": [17.5, ""], "1/5/2016": [17.65, 0.00857142857142849], "1/6/2016": [17.75, 0.00566572237960348], "1/7/2016": [17.7, -0.0028169014084507443], "1/8/2016": [17.95, 0.014124293785310734], "1/11/2016": [17.8, -0.008356545961002706], "1/12/2016": [17.1, -0.03932584269662917], "1/13/2016": [17.15, 0.0029239766081869682], "1/14/2016": [17.05, -0.005830903790087339], "1/15/2016": [16.95, -0.005865102639296271], "1/18/2016": [16.85, -0.005899705014749137], "1/19/2016": [16.55, -0.017804154302670665], "1/20/2016": [16.85, 0.018126888217522702], "1/21/2016": [16.9, 0.002967359050444935], "1/22/2016": [16.7, -0.011834319526627177], "1/25/2016": [17.0, 0.01796407185628747], "1/26/2016": [16.9, -0.005882352941176554], "1/27/2016": [16.5, -0.023668639053254354], "1/28/2016": [16.7, 0.012121212121212078], "1/29/2016": [17.0, 0.01796407185628747], "1/30/2016": [17.5, 0.029411764705882353], "2/1/2016": [17.6, 0.005714285714285796], "2/2/2016": [17.2, -0.022727272727272846], "2/3/2016": [16.9, -0.01744186046511632], "2/15/2016": [17.0, 0.005917159763313694], "2/16/2016": [17.45, 0.026470588235294076], "2/17/2016": [17.25, -0.011461318051575891], "2/18/2016": [17.25, 0.0], "2/19/2016": [17.3, 0.0028985507246377224], "2/22/2016": [17.4, 0.005780346820809125], "2/23/2016": [17.85, 0.025862068965517408], "2/24/2016": [18.25, 0.02240896358543409], "2/25/2016": [18.4, 0.008219178082191704], "2/26/2016": [18.5, 0.00543478260869573], "3/1/2016": [18.25, -0.013513513513513514], "3/2/2016": [18.25, 0.0], "3/3/2016": [18.45, 0.010958904109589003], "3/4/2016": [18.8, 0.018970189701897098], "3/7/2016": [18.8, 0.0], "3/8/2016": [19.1, 0.015957446808510675], "3/9/2016": [18.9, -0.010471204188481823], "3/10/2016": [18.2, -0.037037037037037], "3/11/2016": [19.15, 0.05219780219780216], "3/14/2016": [18.85, -0.015665796344647372], "3/15/2016": [18.75, -0.005305039787798484], "3/16/2016": [18.65, -0.0053333333333334095], "3/17/2016": [18.8, 0.008042895442359364], "3/18/2016": [18.9, 0.005319148936170099], "3/21/2016": [18.65, -0.013227513227513229], "3/22/2016": [18.9, 0.013404825737265416], "3/23/2016": [18.7, -0.010582010582010545], "3/24/2016": [18.7, 0.0], "3/25/2016": [18.55, -0.008021390374331475], "3/28/2016": [18.2, -0.018867924528301962], "3/29/2016": [18.15, -0.0027472527472527865], "3/30/2016": [18.1, -0.002754820936638962], "3/31/2016": [17.85, -0.013812154696132596], "4/1/2016": [17.75, -0.005602240896358622], "4/6/2016": [17.8, 0.0028169014084507443], "4/7/2016": [17.95, 0.008426966292134751], "4/8/2016": [18.0, 0.0027855153203343017], "4/11/2016": [17.9, -0.005555555555555635], "4/12/2016": [17.7, -0.01117318435754186], "4/13/2016": [17.85, 0.008474576271186562], "4/14/2016": [18.85, 0.05602240896358543], "4/15/2016": [18.55, -0.015915119363395264], "4/18/2016": [18.45, -0.005390835579514901], "4/19/2016": [19.3, 0.04607046070460712], "4/20/2016": [18.4, -0.046632124352331716], "4/21/2016": [18.25, -0.008152173913043402], "4/22/2016": [18.25, 0.0], "4/25/2016": [18.45, 0.010958904109589003], "4/26/2016": [18.5, 0.0027100271002710413], "4/27/2016": [18.1, -0.021621621621621546], "4/28/2016": [17.95, -0.008287292817679676], "4/29/2016": [18.0, 0.0027855153203343017], "5/3/2016": [18.0, 0.0], "5/4/2016": [17.55, -0.02499999999999996], "5/5/2016": [17.4, -0.008547008547008668], "5/6/2016": [17.25, -0.008620689655172332], "5/9/2016": [17.4, 0.00869565217391296], "5/10/2016": [17.7, 0.01724137931034487], "5/11/2016": [17.65, -0.002824858757062187], "5/12/2016": [17.6, -0.002832861189801539], "5/13/2016": [17.8, 0.011363636363636322], "5/16/2016": [17.6, -0.011235955056179735], "5/17/2016": [17.7, 0.0056818181818180605], "5/18/2016": [17.9, 0.011299435028248548], "5/19/2016": [17.5, -0.02234636871508372], "5/20/2016": [17.75, 0.014285714285714285], "5/23/2016": [18.0, 0.014084507042253521], "5/24/2016": [17.95, -0.0027777777777778173], "5/25/2016": [18.15, 0.011142061281337007], "5/26/2016": [18.05, -0.00550964187327812], "5/27/2016": [18.35, 0.016620498614958488], "5/30/2016": [18.2, -0.008174386920981042], "5/31/2016": [18.3, 0.005494505494505573], "6/1/2016": [18.5, 0.01092896174863384], "6/2/2016": [18.2, -0.016216216216216255], "6/3/2016": [18.2, 0.0], "6/4/2016": [18.35, 0.00824175824175836], "6/6/2016": [18.2, -0.008174386920981042], "6/7/2016": [18.2, 0.0], "6/8/2016": [18.05, -0.008241758241758164], "6/13/2016": [17.4, -0.036011080332410086], "6/14/2016": [17.5, 0.0057471264367816915], "6/15/2016": [17.55, 0.002857142857142898], "6/16/2016": [17.4, -0.008547008547008668], "6/17/2016": [17.5, 0.0057471264367816915], "6/20/2016": [17.25, -0.014285714285714285], "6/21/2016": [17.5, 0.014492753623188406], "6/22/2016": [17.35, -0.00857142857142849], "6/23/2016": [17.55, 0.01152737752161379], "6/24/2016": [17.4, -0.008547008547008668], "6/27/2016": [17.3, -0.005747126436781487], "6/28/2016": [17.5, 0.011560693641618455], "6/29/2016": [17.5, 0.0], "6/30/2016": [17.55, 0.002857142857142898], "7/1/2016": [17.65, 0.005698005698005576], "7/4/2016": [17.75, 0.00566572237960348], "7/5/2016": [17.55, -0.011267605633802778], "7/6/2016": [17.6, 0.0028490028490028895], "7/7/2016": [17.8, 0.011363636363636322], "7/11/2016": [17.85, 0.0028089887640449836], "7/12/2016": [17.65, -0.011204481792717245], "7/13/2016": [17.65, 0.0], "7/14/2016": [17.7, 0.00283286118980174], "7/15/2016": [17.75, 0.002824858757062187], "7/18/2016": [17.75, 0.0], "7/19/2016": [17.85, 0.0056338028169014885], "7/20/2016": [17.95, 0.005602240896358424], "7/21/2016": [19.7, 0.09749303621169916], "7/22/2016": [20.5, 0.0406091370558376], "7/25/2016": [19.55, -0.04634146341463411], "7/26/2016": [19.65, 0.005115089514066387], "7/27/2016": [19.35, -0.015267175572518941], "7/28/2016": [19.05, -0.015503875968992284], "7/29/2016": [18.85, -0.010498687664041956], "8/1/2016": [18.85, 0.0], "8/2/2016": [19.05, 0.010610079575596778], "8/3/2016": [19.0, -0.002624671916010536], "8/4/2016": [18.7, -0.015789473684210565], "8/5/2016": [18.8, 0.0053475935828877766], "8/8/2016": [19.05, 0.013297872340425532], "8/9/2016": [18.8, -0.013123359580052493], "8/10/2016": [18.6, -0.010638297872340387], "8/11/2016": [18.55, -0.0026881720430107906], "8/12/2016": [17.7, -0.04582210242587609], "8/15/2016": [17.25, -0.025423728813559282], "8/16/2016": [17.4, 0.00869565217391296], "8/17/2016": [17.4, 0.0], "8/18/2016": [17.6, 0.011494252873563383], "8/19/2016": [17.55, -0.002840909090909131], "8/22/2016": [17.35, -0.011396011396011355], "8/23/2016": [17.3, -0.002881844380403499], "8/24/2016": [17.5, 0.011560693641618455], "8/25/2016": [17.5, 0.0], "8/26/2016": [17.45, -0.002857142857142898], "8/29/2016": [17.45, 0.0], "8/30/2016": [17.4, -0.0028653295128940235], "8/31/2016": [17.9, 0.02873563218390805], "9/1/2016": [17.9, 0.0], "9/2/2016": [17.5, -0.02234636871508372], "9/5/2016": [17.65, 0.00857142857142849], "9/6/2016": [17.7, 0.00283286118980174], "9/7/2016": [17.6, -0.005649717514124173], "9/8/2016": [17.8, 0.011363636363636322], "9/9/2016": [17.9, 0.005617977528089768], "9/10/2016": [17.8, -0.005586592178770831], "9/12/2016": [17.7, -0.005617977528089967], "9/13/2016": [18.1, 0.022598870056497296], "9/14/2016": [17.35, -0.04143646408839779], "9/19/2016": [17.55, 0.01152737752161379], "9/20/2016": [17.7, 0.008547008547008466], "9/21/2016": [17.7, 0.0], "9/22/2016": [18.15, 0.025423728813559282], "9/23/2016": [18.25, 0.005509641873278316], "9/26/2016": [18.05, -0.010958904109589003], "9/29/2016": [18.15, 0.005540166204986032], "9/30/2016": [17.7, -0.02479338842975203], "10/3/2016": [18.05, 0.01977401129943511], "10/4/2016": [18.15, 0.005540166204986032], "10/5/2016": [18.0, -0.008264462809917278], "10/6/2016": [18.3, 0.016666666666666705], "10/7/2016": [18.2, -0.005464480874317017], "10/11/2016": [17.4, -0.043956043956043994], "10/12/2016": [17.3, -0.005747126436781487], "10/13/2016": [17.35, 0.0028901734104046653], "10/14/2016": [17.35, 0.0], "10/17/2016": [17.2, -0.008645533141210497], "10/18/2016": [17.35, 0.008720930232558264],