{"1/4/2016": [16.85, ""], "1/5/2016": [16.7, -0.008902077151335437], "1/6/2016": [16.75, 0.002994011976047947], "1/7/2016": [16.5, -0.014925373134328358], "1/8/2016": [16.7, 0.012121212121212078], "1/11/2016": [16.4, -0.01796407185628747], "1/12/2016": [16.4, 0.0], "1/13/2016": [16.55, 0.009146341463414765], "1/14/2016": [16.4, -0.009063444108761459], "1/15/2016": [16.3, -0.006097560975609627], "1/18/2016": [16.45, 0.009202453987729974], "1/19/2016": [16.55, 0.006079027355623187], "1/20/2016": [16.4, -0.009063444108761459], "1/21/2016": [16.35, -0.003048780487804705], "1/22/2016": [16.6, 0.015290519877675839], "1/25/2016": [16.7, 0.00602409638554204], "1/26/2016": [16.55, -0.008982035928143627], "1/27/2016": [16.65, 0.006042296072507424], "1/28/2016": [16.65, 0.0], "1/29/2016": [16.85, 0.012012012012012184], "1/30/2016": [17.1, 0.014836795252225518], "2/1/2016": [17.25, 0.00877192982456132], "2/2/2016": [17.85, 0.03478260869565226], "2/3/2016": [17.75, -0.005602240896358622], "2/15/2016": [19.0, 0.07042253521126761], "2/16/2016": [19.05, 0.0026315789473684583], "2/17/2016": [18.9, -0.007874015748031607], "2/18/2016": [18.9, 0.0], "2/19/2016": [18.9, 0.0], "2/22/2016": [19.35, 0.02380952380952396], "2/23/2016": [19.85, 0.025839793281653745], "2/24/2016": [19.5, -0.017632241813602085], "2/25/2016": [19.75, 0.01282051282051282], "2/26/2016": [20.15, 0.020253164556961953], "3/1/2016": [20.0, -0.007444168734491245], "3/2/2016": [19.9, -0.005000000000000071], "3/3/2016": [20.15, 0.01256281407035176], "3/4/2016": [20.2, 0.0024813895781638073], "3/7/2016": [20.6, 0.01980198019801991], "3/8/2016": [20.3, -0.014563106796116538], "3/9/2016": [19.7, -0.029556650246305487], "3/10/2016": [19.65, -0.002538071065989884], "3/11/2016": [19.7, 0.00254452926208655], "3/14/2016": [19.7, 0.0], "3/15/2016": [19.4, -0.015228426395939123], "3/16/2016": [19.9, 0.025773195876288662], "3/17/2016": [19.8, -0.005025125628140597], "3/18/2016": [19.6, -0.010101010101010065], "3/21/2016": [19.6, 0.0], "3/22/2016": [19.7, 0.005102040816326422], "3/23/2016": [19.6, -0.0050761421319795875], "3/24/2016": [19.35, -0.012755102040816325], "3/25/2016": [19.15, -0.010335917312661645], "3/28/2016": [19.0, -0.007832898172323686], "3/29/2016": [19.5, 0.02631578947368421], "3/30/2016": [19.55, 0.0025641025641026005], "3/31/2016": [19.55, 0.0], "4/1/2016": [19.35, -0.010230179028132955], "4/6/2016": [19.35, 0.0], "4/7/2016": [19.3, -0.002583979328165411], "4/8/2016": [19.6, 0.015544041450777238], "4/11/2016": [19.6, 0.0], "4/12/2016": [19.9, 0.015306122448979446], "4/13/2016": [20.05, 0.0075376884422111625], "4/14/2016": [21.5, 0.07231920199501243], "4/15/2016": [21.1, -0.01860465116279063], "4/18/2016": [21.1, 0.0], "4/19/2016": [21.0, -0.004739336492891062], "4/20/2016": [20.7, -0.01428571428571432], "4/21/2016": [21.05, 0.01690821256038654], "4/22/2016": [20.9, -0.007125890736342144], "4/25/2016": [20.7, -0.009569377990430589], "4/26/2016": [20.75, 0.002415458937198102], "4/27/2016": [20.95, 0.009638554216867436], "4/28/2016": [20.8, -0.007159904534606138], "4/29/2016": [20.7, -0.004807692307692376], "5/3/2016": [20.35, -0.01690821256038637], "5/4/2016": [19.95, -0.01965601965601976], "5/5/2016": [19.75, -0.010025062656641569], "5/6/2016": [19.75, 0.0], "5/9/2016": [19.4, -0.017721518987341846], "5/10/2016": [19.3, -0.005154639175257623], "5/11/2016": [18.9, -0.020725388601036378], "5/12/2016": [19.2, 0.01587301587301591], "5/13/2016": [18.65, -0.02864583333333337], "5/16/2016": [18.25, -0.02144772117962459], "5/17/2016": [18.35, 0.005479452054794599], "5/18/2016": [18.2, -0.008174386920981042], "5/19/2016": [18.1, -0.005494505494505378], "5/20/2016": [18.25, 0.00828729281767948], "5/23/2016": [18.55, 0.0164383561643836], "5/24/2016": [18.35, -0.01078167115902961], "5/25/2016": [18.6, 0.013623978201634876], "5/26/2016": [18.95, 0.01881720430107515], "5/27/2016": [18.8, -0.007915567282321826], "5/30/2016": [18.85, 0.002659574468085144], "5/31/2016": [18.8, -0.002652519893899242], "6/1/2016": [18.95, 0.007978723404255244], "6/2/2016": [18.8, -0.007915567282321826], "6/3/2016": [18.8, 0.0], "6/4/2016": [18.8, 0.0], "6/6/2016": [18.75, -0.002659574468085144], "6/7/2016": [19.05, 0.01600000000000004], "6/8/2016": [19.0, -0.002624671916010536], "6/13/2016": [18.55, -0.023684210526315752], "6/14/2016": [18.8, 0.013477088948787061], "6/15/2016": [18.7, -0.005319148936170288], "6/16/2016": [18.7, 0.0], "6/17/2016": [18.95, 0.013368983957219251], "6/20/2016": [18.9, -0.002638522427440671], "6/21/2016": [19.1, 0.010582010582010732], "6/22/2016": [19.2, 0.005235602094240726], "6/23/2016": [19.25, 0.002604166666666704], "6/24/2016": [18.9, -0.018181818181818257], "6/27/2016": [19.0, 0.005291005291005366], "6/28/2016": [18.9, -0.005263157894736917], "6/29/2016": [19.05, 0.00793650793650805], "6/30/2016": [19.05, 0.0], "7/1/2016": [19.15, 0.005249343832020885], "7/4/2016": [19.55, 0.020887728459530137], "7/5/2016": [19.55, 0.0], "7/6/2016": [19.45, -0.005115089514066569], "7/7/2016": [19.7, 0.012853470437017995], "7/11/2016": [19.65, -0.002538071065989884], "7/12/2016": [19.6, -0.0025445292620863693], "7/13/2016": [19.85, 0.012755102040816325], "7/14/2016": [20.2, 0.017632241813601908], "7/15/2016": [19.95, -0.012376237623762377], "7/18/2016": [20.0, 0.002506265664160437], "7/19/2016": [18.85, -0.057499999999999926], "7/20/2016": [18.7, -0.007957559681697726], "7/21/2016": [18.65, -0.0026737967914438883], "7/22/2016": [18.5, -0.008042895442359173], "7/25/2016": [18.4, -0.005405405405405482], "7/26/2016": [18.35, -0.0027173913043476716], "7/27/2016": [18.3, -0.002724795640327014], "7/28/2016": [18.3, 0.0], "7/29/2016": [18.25, -0.0027322404371585085], "8/1/2016": [18.3, 0.0027397260273972993], "8/2/2016": [18.05, -0.01366120218579235], "8/3/2016": [18.05, 0.0], "8/4/2016": [18.1, 0.0027700831024931143], "8/5/2016": [17.95, -0.008287292817679676], "8/8/2016": [17.95, 0.0], "8/9/2016": [18.95, 0.05571030640668524], "8/10/2016": [18.7, -0.013192612137203167], "8/11/2016": [18.5, -0.010695187165775364], "8/12/2016": [18.8, 0.016216216216216255], "8/15/2016": [18.55, -0.013297872340425532], "8/16/2016": [18.8, 0.013477088948787061], "8/17/2016": [18.75, -0.002659574468085144], "8/18/2016": [18.9, 0.007999999999999924], "8/19/2016": [18.8, -0.005291005291005179], "8/22/2016": [18.7, -0.005319148936170288], "8/23/2016": [18.65, -0.0026737967914438883], "8/24/2016": [18.55, -0.005361930294906053], "8/25/2016": [18.6, 0.0026954177897574507], "8/26/2016": [18.5, -0.005376344086021581], "8/29/2016": [18.45, -0.002702702702702741], "8/30/2016": [18.55, 0.005420054200542083], "8/31/2016": [18.5, -0.0026954177897574507], "9/1/2016": [18.3, -0.010810810810810773], "9/2/2016": [18.35, 0.0027322404371585085], "9/5/2016": [18.6, 0.013623978201634876], "9/6/2016": [18.7, 0.0053763440860213904], "9/7/2016": [18.8, 0.0053475935828877766], "9/8/2016": [18.95, 0.007978723404255244], "9/9/2016": [18.85, -0.005277044854881154], "9/10/2016": [18.65, -0.010610079575596967], "9/12/2016": [18.6, -0.002680965147452931], "9/13/2016": [18.5, -0.005376344086021581], "9/14/2016": [18.45, -0.002702702702702741], "9/19/2016": [18.6, 0.008130081300813123], "9/20/2016": [18.6, 0.0], "9/21/2016": [18.6, 0.0], "9/22/2016": [18.6, 0.0], "9/23/2016": [18.6, 0.0], "9/26/2016": [18.6, 0.0], "9/29/2016": [18.7, 0.0053763440860213904], "9/30/2016": [18.6, -0.005347593582887587], "10/3/2016": [18.7, 0.0053763440860213904], "10/4/2016": [18.85, 0.008021390374331664], "10/5/2016": [19.0, 0.007957559681697536], "10/6/2016": [19.0, 0.0], "10/7/2016": [19.1, 0.005263157894736917], "10/11/2016": [19.1, 0.0], "10/12/2016": [19.1, 0.0], "10/13/2016": [19.3, 0.010471204188481638], "10/14/2016": [19.15, -0.007772020725388711], "10/17/2016": [19.05, -0.005221932114882396], "10/18/2016": [19.05, 0.0], "10/19/2016": [19.1, 0.002624671916010536], "10/20/2016": [19.45, 0.01832460732984282], "10/21/2016": [19.9, 0.023136246786632356],