{"1/4/2016": [16.52, ""], "1/5/2016": [16.43, -0.0054479418886198465], "1/6/2016": [16.4, -0.0018259281801583163], "1/7/2016": [16.79, 0.023780487804878084], "1/8/2016": [17.26, 0.027992852888624326], "1/11/2016": [17.36, 0.005793742757821429], "1/12/2016": [17.02, -0.01958525345622119], "1/13/2016": [17.02, 0.0], "1/14/2016": [17.02, 0.0], "1/15/2016": [16.96, -0.0035252643948295373], "1/18/2016": [16.96, 0.0], "1/19/2016": [16.96, 0.0], "1/20/2016": [16.71, -0.014740566037735848], "1/21/2016": [16.9, 0.011370436864153064], "1/22/2016": [16.8, -0.0059171597633134836], "1/25/2016": [16.61, -0.011309523809523886], "1/26/2016": [16.99, 0.02287778446718838], "1/27/2016": [16.6, -0.022954679223072223], "1/28/2016": [16.6, 0.0], "1/29/2016": [16.86, 0.01566265060240952], "1/30/2016": [17.02, 0.009489916963226581], "2/1/2016": [17.02, 0.0], "2/2/2016": [17.1, 0.004700352526439591], "2/3/2016": [17.02, -0.004678362573099523], "2/15/2016": [16.9, -0.007050528789659283], "2/16/2016": [16.85, -0.002958579881656637], "2/17/2016": [17.48, 0.037388724035608244], "2/18/2016": [17.35, -0.007437070938215046], "2/19/2016": [17.35, 0.0], "2/22/2016": [17.3, -0.002881844380403499], "2/23/2016": [17.2, -0.005780346820809331], "2/24/2016": [17.2, 0.0], "2/25/2016": [17.49, 0.01686046511627902], "2/26/2016": [17.49, 0.0], "3/1/2016": [17.5, 0.0005717552887365102], "3/2/2016": [17.01, -0.02799999999999991], "3/3/2016": [17.34, 0.019400352733685965], "3/4/2016": [17.34, 0.0], "3/7/2016": [17.59, 0.01441753171856978], "3/8/2016": [17.59, 0.0], "3/9/2016": [17.59, 0.0], "3/10/2016": [17.1, -0.02785673678226256], "3/11/2016": [16.0, -0.06432748538011704], "3/14/2016": [16.09, 0.005624999999999991], "3/15/2016": [15.95, -0.008701056556867655], "3/16/2016": [15.95, 0.0], "3/17/2016": [15.95, 0.0], "3/18/2016": [16.06, 0.006896551724137895], "3/21/2016": [15.89, -0.010585305105852937], "3/22/2016": [15.88, -0.0006293266205160344], "3/23/2016": [15.6, -0.017632241813602085], "3/24/2016": [15.36, -0.0153846153846154], "3/25/2016": [15.44, 0.005208333333333338], "3/28/2016": [15.35, -0.005829015544041442], "3/29/2016": [15.3, -0.003257328990227944], "3/30/2016": [15.3, 0.0], "3/31/2016": [15.3, 0.0], "4/1/2016": [15.3, 0.0], "4/6/2016": [15.5, 0.013071895424836555], "4/7/2016": [15.85, 0.0225806451612903], "4/8/2016": [15.85, 0.0], "4/11/2016": [15.91, 0.0037854889589905676], "4/12/2016": [15.51, -0.02514142049025772], "4/13/2016": [15.99, 0.03094777562862672], "4/14/2016": [15.99, 0.0], "4/15/2016": [16.11, 0.007504690431519651], "4/18/2016": [16.0, -0.006828057107386681], "4/19/2016": [16.0, 0.0], "4/20/2016": [16.0, 0.0], "4/21/2016": [16.2, 0.012499999999999956], "4/22/2016": [16.2, 0.0], "4/25/2016": [15.5, -0.04320987654320983], "4/26/2016": [15.59, 0.005806451612903217], "4/27/2016": [15.7, 0.007055805003207147], "4/28/2016": [15.7, 0.0], "4/29/2016": [15.7, 0.0], "5/3/2016": [15.4, -0.019108280254777003], "5/4/2016": [15.66, 0.016883116883116868], "5/5/2016": [15.8, 0.008939974457215873], "5/6/2016": [15.8, 0.0], "5/9/2016": [15.7, -0.006329113924050722], "5/10/2016": [15.75, 0.0031847133757962236], "5/11/2016": [15.74, -0.0006349206349206214], "5/12/2016": [15.74, 0.0], "5/13/2016": [15.74, 0.0], "5/16/2016": [15.6, -0.008894536213468906], "5/17/2016": [15.6, 0.0], "5/18/2016": [15.55, -0.003205128205128137], "5/19/2016": [15.55, 0.0], "5/20/2016": [15.55, 0.0], "5/23/2016": [15.55, 0.0], "5/24/2016": [15.55, 0.0], "5/25/2016": [15.55, 0.0], "5/26/2016": [15.5, -0.0032154340836013317], "5/27/2016": [15.5, 0.0], "5/30/2016": [15.5, 0.0], "5/31/2016": [15.49, -0.0006451612903225669], "6/1/2016": [15.5, 0.0006455777921239371], "6/2/2016": [15.5, 0.0], "6/3/2016": [15.5, 0.0], "6/4/2016": [15.5, 0.0], "6/6/2016": [15.01, -0.03161290322580647], "6/7/2016": [15.0, -0.0006662225183211051], "6/8/2016": [15.0, 0.0], "6/13/2016": [15.0, 0.0], "6/14/2016": [14.85, -0.010000000000000024], "6/15/2016": [14.85, 0.0], "6/16/2016": [14.85, 0.0], "6/17/2016": [14.85, 0.0], "6/20/2016": [14.85, 0.0], "6/21/2016": [14.85, 0.0], "6/22/2016": [14.85, 0.0], "6/23/2016": [14.6, -0.016835016835016835], "6/24/2016": [14.51, -0.006164383561643826], "6/27/2016": [14.74, 0.015851137146795344], "6/28/2016": [14.85, 0.007462686567164141], "6/29/2016": [14.85, 0.0], "6/30/2016": [14.82, -0.0020202020202019773], "7/1/2016": [14.82, 0.0], "7/4/2016": [14.8, -0.00134952766531711], "7/5/2016": [14.8, 0.0], "7/6/2016": [14.6, -0.013513513513513585], "7/7/2016": [14.6, 0.0], "7/11/2016": [14.6, 0.0], "7/12/2016": [14.54, -0.004109589041095925], "7/13/2016": [14.48, -0.004126547455295648], "7/14/2016": [14.4, -0.005524861878453044], "7/15/2016": [14.4, 0.0], "7/18/2016": [14.3, -0.00694444444444442], "7/19/2016": [14.2, -0.006993006993007092], "7/20/2016": [14.2, 0.0], "7/21/2016": [14.06, -0.00985915492957738], "7/22/2016": [14.1, 0.0028449502133712054], "7/25/2016": [14.01, -0.0063829787234042454], "7/26/2016": [14.01, 0.0], "7/27/2016": [14.07, 0.0042826552462527125], "7/28/2016": [14.05, -0.0014214641080312418], "7/29/2016": [14.05, 0.0], "8/1/2016": [14.08, 0.002135231316725933], "8/2/2016": [14.02, -0.004261363636363672], "8/3/2016": [14.0, -0.0014265335235377728], "8/4/2016": [14.01, 0.0007142857142856991], "8/5/2016": [14.04, 0.002141327623126293], "8/8/2016": [14.05, 0.0007122507122508236], "8/9/2016": [14.06, 0.0007117437722419776], "8/10/2016": [14.32, 0.018492176386913212], "8/11/2016": [14.1, -0.015363128491620156], "8/12/2016": [14.06, -0.002836879432624053], "8/15/2016": [13.88, -0.012802275960170676], "8/16/2016": [13.96, 0.005763688760806921], "8/17/2016": [13.98, 0.0014326647564469608], "8/18/2016": [13.98, 0.0], "8/19/2016": [14.0, 0.0014306151645207133], "8/22/2016": [13.98, -0.0014285714285713982], "8/23/2016": [13.92, -0.004291845493562267], "8/24/2016": [13.81, -0.007902298850574672], "8/25/2016": [13.9, 0.006517016654598107], "8/26/2016": [13.97, 0.005035971223021603], "8/29/2016": [14.0, 0.0021474588403721804], "8/30/2016": [14.0, 0.0], "8/31/2016": [14.04, 0.0028571428571427964], "9/1/2016": [13.91, -0.00925925925925919], "9/2/2016": [13.91, 0.0], "9/5/2016": [14.09, 0.012940330697340022], "9/6/2016": [14.0, -0.006387508871540089], "9/7/2016": [13.3, -0.04999999999999995], "9/8/2016": [13.5, 0.015037593984962351], "9/9/2016": [13.4, -0.007407407407407381], "9/10/2016": [13.0, -0.029850746268656744], "9/12/2016": [12.9, -0.007692307692307665], "9/13/2016": [12.9, 0.0], "9/14/2016": [12.93, 0.0023255813953487877], "9/19/2016": [12.93, 0.0], "9/20/2016": [12.75, -0.013921113689095106], "9/21/2016": [12.75, 0.0], "9/22/2016": [12.75, 0.0], "9/23/2016": [12.75, 0.0], "9/26/2016": [12.75, 0.0], "9/29/2016": [12.5, -0.0196078431372549], "9/30/2016": [12.5, 0.0], "10/3/2016": [12.5, 0.0], "10/4/2016": [12.35, -0.012000000000000028], "10/5/2016": [12.01, -0.027530364372469626], "10/6/2016": [12.01, 0.0], "10/7/2016": [12.01, 0.0], "10/11/2016": [12.01, 0.0], "10/12/2016": [12.01, 0.0], "10/13/2016": [12.01, 0.0], "10/14/2016": [12.05, 0.003330557868443041], "10/17/2016": [12.05, 0.0], "10/18/2016": [12.28, 0.019087136929460468], "10/19/2016": [11.97, -0.025244299674266998], "10/20/2016": [11.61, -0.03007518796992491], "10/21/2016": [11.61, 0.0], "10/24/2016": [11.78, 0.01464254952627045], "10/25/2016": [11.97, 0.016129032258064627], "10/26/2016": [11.9, -0.005847953216374292], "10/27/2016": [11.9, 0.0], "10/28/2016": [11.85, -0.004201680672268967], "10/31/2016": [11.75, -0.008438818565400814], "11/1/2016": [11.74, -0.0008510638297872159], "11/2/2016": [11.6, -0.011925042589437867], "11/3/2016": [11.45, -0.012931034482758652], "11/4/2016": [11.45, 0.0], "11/7/2016": [11.44, -0.0008733624454148286], "11/8/2016": [11.3, -0.012237762237762132], "11/9/2016": [11.3, 0.0], "11/10/2016": [11.3, 0.0], "11/11/2016": [11.3, 0.0], "11/14/2016": [11.3, 0.0], "11/15/2016": [11.3, 0.0], "11/16/2016": [11.3, 0.0], "11/17/2016": [11.3, 0.0], "11/18/2016": [11.49, 0.016814159292035353],