{"1/4/2016": [73.3, ""], "1/5/2016": [73.7, 0.005457025920873202], "1/6/2016": [72.7, -0.013568521031207597], "1/7/2016": [69.5, -0.04401650618982122], "1/8/2016": [72.1, 0.037410071942445965], "1/11/2016": [70.2, -0.026352288488210703], "1/12/2016": [66.4, -0.05413105413105409], "1/13/2016": [68.1, 0.025602409638554043], "1/14/2016": [67.4, -0.010279001468428615], "1/15/2016": [70.5, 0.04599406528189902], "1/18/2016": [71.6, 0.015602836879432544], "1/19/2016": [71.8, 0.002793296089385515], "1/20/2016": [68.5, -0.045961002785515286], "1/21/2016": [69.6, 0.01605839416058386], "1/22/2016": [69.0, -0.008620689655172332], "1/25/2016": [69.4, 0.005797101449275445], "1/26/2016": [68.9, -0.007204610951008645], "1/27/2016": [67.6, -0.01886792452830205], "1/28/2016": [67.6, 0.0], "1/29/2016": [69.0, 0.020710059171597718], "1/30/2016": [71.2, 0.03188405797101453], "2/1/2016": [71.2, 0.0], "2/2/2016": [71.3, 0.001404494382022392], "2/3/2016": [70.7, -0.008415147265077059], "2/15/2016": [69.3, -0.019801980198019882], "2/16/2016": [70.7, 0.020202020202020284], "2/17/2016": [71.4, 0.009900990099009941], "2/18/2016": [74.1, 0.037815126050420006], "2/19/2016": [78.1, 0.05398110661268556], "2/22/2016": [73.0, -0.06530089628681171], "2/23/2016": [80.3, 0.09999999999999996], "2/24/2016": [83.2, 0.03611457036114578], "2/25/2016": [81.1, -0.025240384615384717], "2/26/2016": [85.4, 0.053020961775585844], "3/1/2016": [86.8, 0.01639344262295072], "3/2/2016": [85.9, -0.010368663594469947], "3/3/2016": [86.3, 0.0046565774155994345], "3/4/2016": [84.5, -0.02085747392815756], "3/7/2016": [83.3, -0.014201183431952697], "3/8/2016": [81.3, -0.024009603841536616], "3/9/2016": [83.0, 0.020910209102091057], "3/10/2016": [83.1, 0.0012048192771083653], "3/11/2016": [85.9, 0.03369434416365838], "3/14/2016": [87.2, 0.015133876600698452], "3/15/2016": [85.2, -0.02293577981651376], "3/16/2016": [89.8, 0.05399061032863843], "3/17/2016": [87.2, -0.028953229398663634], "3/18/2016": [87.2, 0.0], "3/21/2016": [89.7, 0.0286697247706422], "3/22/2016": [88.4, -0.014492753623188373], "3/23/2016": [86.5, -0.02149321266968332], "3/24/2016": [85.2, -0.015028901734104013], "3/25/2016": [87.0, 0.021126760563380247], "3/28/2016": [89.1, 0.024137931034482692], "3/29/2016": [86.5, -0.02918069584736245], "3/30/2016": [95.1, 0.09942196531791901], "3/31/2016": [104.5, 0.09884332281808629], "4/1/2016": [114.5, 0.09569377990430622], "4/6/2016": [103.5, -0.09606986899563319], "4/7/2016": [99.9, -0.03478260869565212], "4/8/2016": [102.0, 0.021021021021020964], "4/11/2016": [101.5, -0.004901960784313725], "4/12/2016": [103.0, 0.014778325123152709], "4/13/2016": [99.9, -0.03009708737864072], "4/14/2016": [101.0, 0.011011011011010954], "4/15/2016": [103.0, 0.019801980198019802], "4/18/2016": [101.5, -0.014563106796116505], "4/19/2016": [101.5, 0.0], "4/20/2016": [101.5, 0.0], "4/21/2016": [100.0, -0.014778325123152709], "4/22/2016": [90.0, -0.1], "4/25/2016": [89.7, -0.003333333333333302], "4/26/2016": [94.8, 0.056856187290969834], "4/27/2016": [91.8, -0.03164556962025317], "4/28/2016": [89.6, -0.023965141612200466], "4/29/2016": [90.2, 0.006696428571428667], "5/3/2016": [87.9, -0.025498891352549857], "5/4/2016": [87.1, -0.009101251422070663], "5/5/2016": [87.1, 0.0], "5/6/2016": [87.1, 0.0], "5/9/2016": [85.5, -0.01836969001148099], "5/10/2016": [88.0, 0.029239766081871343], "5/11/2016": [86.1, -0.021590909090909157], "5/12/2016": [84.6, -0.01742160278745645], "5/13/2016": [84.9, 0.0035460992907802766], "5/16/2016": [89.8, 0.05771495877502934], "5/17/2016": [89.3, -0.005567928730512249], "5/18/2016": [89.4, 0.0011198208286675086], "5/19/2016": [91.9, 0.02796420581655481], "5/20/2016": [91.5, -0.004352557127312358], "5/23/2016": [92.9, 0.015300546448087494], "5/24/2016": [92.2, -0.0075349838536060585], "5/25/2016": [91.4, -0.008676789587852464], "5/26/2016": [88.5, -0.031728665207877524], "5/27/2016": [89.3, 0.009039548022598837], "5/30/2016": [98.2, 0.09966405375139985], "5/31/2016": [99.8, 0.0162932790224032], "6/1/2016": [98.2, -0.016032064128256456], "6/2/2016": [98.0, -0.002036659877800436], "6/3/2016": [98.5, 0.00510204081632653], "6/4/2016": [98.4, -0.0010152284263958815], "6/6/2016": [94.0, -0.0447154471544716], "6/7/2016": [94.5, 0.005319148936170213], "6/8/2016": [94.9, 0.004232804232804293], "6/13/2016": [93.3, -0.01685985247629092], "6/14/2016": [93.2, -0.0010718113612003678], "6/15/2016": [95.8, 0.027896995708154446], "6/16/2016": [95.1, -0.007306889352818402], "6/17/2016": [96.3, 0.012618296529968485], "6/20/2016": [100.5, 0.04361370716510907], "6/21/2016": [100.0, -0.004975124378109453], "6/22/2016": [98.6, -0.014000000000000058], "6/23/2016": [98.7, 0.001014198782961547], "6/24/2016": [93.9, -0.048632218844984774], "6/27/2016": [95.9, 0.021299254526091587], "6/28/2016": [99.2, 0.0344108446298227], "6/29/2016": [103.5, 0.043346774193548356], "6/30/2016": [103.5, 0.0], "7/1/2016": [104.0, 0.004830917874396135], "7/4/2016": [99.1, -0.04711538461538467], "7/5/2016": [99.5, 0.004036326942482398], "7/6/2016": [95.0, -0.04522613065326633], "7/7/2016": [96.1, 0.011578947368420993], "7/11/2016": [95.9, -0.0020811654526533678], "7/12/2016": [96.5, 0.006256517205422255], "7/13/2016": [96.2, -0.0031088082901554108], "7/14/2016": [96.6, 0.004158004158004069], "7/15/2016": [97.2, 0.006211180124223691], "7/18/2016": [96.8, -0.004115226337448618], "7/19/2016": [95.5, -0.013429752066115673], "7/20/2016": [94.0, -0.015706806282722512], "7/21/2016": [93.6, -0.004255319148936231], "7/22/2016": [93.6, 0.0], "7/25/2016": [91.0, -0.027777777777777717], "7/26/2016": [90.6, -0.004395604395604458], "7/27/2016": [89.2, -0.015452538631346486], "7/28/2016": [89.9, 0.007847533632287027], "7/29/2016": [90.1, 0.0022246941045604963], "8/1/2016": [91.2, 0.012208657047724846], "8/2/2016": [90.6, -0.006578947368421146], "8/3/2016": [89.5, -0.012141280353200822], "8/4/2016": [90.2, 0.007821229050279361], "8/5/2016": [90.0, -0.0022172949002217607], "8/8/2016": [90.5, 0.005555555555555556], "8/9/2016": [88.7, -0.019889502762430906], "8/10/2016": [86.6, -0.023675310033821968], "8/11/2016": [87.4, 0.009237875288683734], "8/12/2016": [89.7, 0.026315789473684178], "8/15/2016": [89.8, 0.0011148272017836602], "8/16/2016": [89.3, -0.005567928730512249], "8/17/2016": [88.2, -0.012318029115341482], "8/18/2016": [88.4, 0.002267573696145157], "8/19/2016": [88.0, -0.004524886877828118], "8/22/2016": [86.0, -0.022727272727272728], "8/23/2016": [86.0, 0.0], "8/24/2016": [86.1, 0.0011627906976743525], "8/25/2016": [86.4, 0.0034843205574914215], "8/26/2016": [86.5, 0.0011574074074073416], "8/29/2016": [85.6, -0.010404624277456713], "8/30/2016": [85.3, -0.0035046728971962287], "8/31/2016": [84.7, -0.0070339976553340485], "9/1/2016": [86.2, 0.017709563164108617], "9/2/2016": [85.0, -0.01392111368909516], "9/5/2016": [84.4, -0.007058823529411698], "9/6/2016": [83.9, -0.005924170616113744], "9/7/2016": [84.8, 0.01072705601907022], "9/8/2016": [85.3, 0.00589622641509434], "9/9/2016": [85.5, 0.002344665885111405], "9/10/2016": [85.3, -0.002339181286549741], "9/12/2016": [84.6, -0.008206330597889834], "9/13/2016": [83.6, -0.011820330969267141], "9/14/2016": [80.8, -0.033492822966507144], "9/19/2016": [81.3, 0.006188118811881188], "9/20/2016": [82.1, 0.009840098400983975], "9/21/2016": [82.5, 0.00487210718635817], "9/22/2016": [81.1, -0.016969696969697037], "9/23/2016": [82.4, 0.016029593094944655], "9/26/2016": [82.2, -0.002427184466019452], "9/29/2016": [83.1, 0.010948905109488948], "9/30/2016": [84.3, 0.014440433212996425], "10/3/2016": [85.6, 0.015421115065243145], "10/4/2016": [83.8, -0.021028037383177538], "10/5/2016": [83.4, -0.004773269689737369], "10/6/2016": [84.5, 0.013189448441246933], "10/7/2016": [83.7, -0.009467455621301742], "10/11/2016": [81.7, -0.02389486260454002], "10/12/2016": [81.6, -0.0012239902080784398], "10/13/2016": [81.4, -0.0024509803921567235], "10/14/2016": [79.5, -0.02334152334152341],