{"1/4/2016": [59.4, ""], "1/5/2016": [58.7, -0.011784511784511714], "1/6/2016": [55.6, -0.05281090289608179], "1/7/2016": [51.0, -0.08273381294964031], "1/8/2016": [53.5, 0.049019607843137254], "1/11/2016": [50.8, -0.05046728971962622], "1/12/2016": [48.45, -0.04625984251968493], "1/13/2016": [49.7, 0.025799793601651185], "1/14/2016": [49.75, 0.0010060362173037658], "1/15/2016": [49.1, -0.013065326633165801], "1/18/2016": [51.4, 0.04684317718940931], "1/19/2016": [51.6, 0.003891050583657643], "1/20/2016": [49.5, -0.040697674418604675], "1/21/2016": [49.05, -0.009090909090909148], "1/22/2016": [49.25, 0.004077471967380283], "1/25/2016": [50.3, 0.021319796954314664], "1/26/2016": [50.1, -0.003976143141152997], "1/27/2016": [49.8, -0.005988023952095893], "1/28/2016": [50.0, 0.004016064257028169], "1/29/2016": [51.1, 0.02200000000000003], "1/30/2016": [53.5, 0.04696673189823872], "2/1/2016": [52.6, -0.01682242990654203], "2/2/2016": [52.0, -0.011406844106463905], "2/3/2016": [50.7, -0.024999999999999946], "2/15/2016": [52.5, 0.0355029585798816], "2/16/2016": [53.7, 0.022857142857142913], "2/17/2016": [54.3, 0.011173184357541792], "2/18/2016": [54.4, 0.0018416206261510392], "2/19/2016": [54.3, -0.0018382352941176733], "2/22/2016": [53.5, -0.014732965009208052], "2/23/2016": [54.4, 0.01682242990654203], "2/24/2016": [53.6, -0.014705882352941124], "2/25/2016": [53.1, -0.009328358208955223], "2/26/2016": [53.7, 0.011299435028248614], "3/1/2016": [59.0, 0.09869646182495338], "3/2/2016": [62.1, 0.05254237288135596], "3/3/2016": [61.8, -0.0048309178743962036], "3/4/2016": [63.7, 0.03074433656957938], "3/7/2016": [66.4, 0.04238618524332814], "3/8/2016": [64.2, -0.033132530120481965], "3/9/2016": [64.3, 0.0015576323987538056], "3/10/2016": [62.3, -0.03110419906687403], "3/11/2016": [62.1, -0.0032102728731941534], "3/14/2016": [63.3, 0.01932367149758447], "3/15/2016": [60.0, -0.0521327014218009], "3/16/2016": [60.2, 0.003333333333333381], "3/17/2016": [58.1, -0.03488372093023258], "3/18/2016": [57.2, -0.015490533562822695], "3/21/2016": [58.5, 0.022727272727272676], "3/22/2016": [57.5, -0.017094017094017096], "3/23/2016": [57.7, 0.003478260869565267], "3/24/2016": [56.8, -0.015597920277296458], "3/25/2016": [55.7, -0.019366197183098493], "3/28/2016": [54.1, -0.028725314183123903], "3/29/2016": [51.6, -0.04621072088724584], "3/30/2016": [52.8, 0.02325581395348829], "3/31/2016": [52.4, -0.007575757575757549], "4/1/2016": [52.4, 0.0], "4/6/2016": [54.8, 0.045801526717557224], "4/7/2016": [53.1, -0.031021897810218902], "4/8/2016": [52.4, -0.013182674199623405], "4/11/2016": [52.4, 0.0], "4/12/2016": [49.6, -0.053435114503816744], "4/13/2016": [50.0, 0.008064516129032228], "4/14/2016": [51.0, 0.02], "4/15/2016": [50.5, -0.00980392156862745], "4/18/2016": [50.5, 0.0], "4/19/2016": [50.4, -0.0019801980198020084], "4/20/2016": [49.8, -0.011904761904761934], "4/21/2016": [49.9, 0.0020080321285140847], "4/22/2016": [48.3, -0.03206412825651306], "4/25/2016": [49.4, 0.02277432712215324], "4/26/2016": [50.7, 0.0263157894736843], "4/27/2016": [49.8, -0.01775147928994094], "4/28/2016": [49.25, -0.011044176706827252], "4/29/2016": [48.5, -0.015228426395939087], "5/3/2016": [48.4, -0.002061855670103122], "5/4/2016": [48.35, -0.0010330578512396107], "5/5/2016": [48.1, -0.005170630816959669], "5/6/2016": [47.7, -0.008316008316008287], "5/9/2016": [42.95, -0.09958071278825995], "5/10/2016": [40.8, -0.050058207217695126], "5/11/2016": [39.35, -0.035539215686274404], "5/12/2016": [36.0, -0.08513341804320207], "5/13/2016": [37.0, 0.027777777777777776], "5/16/2016": [37.1, 0.002702702702702741], "5/17/2016": [37.6, 0.013477088948787061], "5/18/2016": [37.85, 0.006648936170212766], "5/19/2016": [37.5, -0.00924702774108326], "5/20/2016": [41.25, 0.1], "5/23/2016": [41.3, 0.0012121212121211432], "5/24/2016": [43.5, 0.05326876513317198], "5/25/2016": [44.3, 0.018390804597701083], "5/26/2016": [43.3, -0.022573363431151242], "5/27/2016": [43.35, 0.0011547344110855488], "5/30/2016": [43.2, -0.0034602076124567146], "5/31/2016": [43.2, 0.0], "6/1/2016": [43.2, 0.0], "6/2/2016": [41.8, -0.03240740740740754], "6/3/2016": [42.0, 0.004784688995215379], "6/4/2016": [41.5, -0.011904761904761904], "6/6/2016": [41.9, 0.009638554216867436], "6/7/2016": [41.05, -0.020286396181384284], "6/8/2016": [41.2, 0.0036540803897687135], "6/13/2016": [39.45, -0.0424757281553398], "6/14/2016": [40.4, 0.024081115335868077], "6/15/2016": [39.95, -0.011138613861386034], "6/16/2016": [39.35, -0.015018773466833576], "6/17/2016": [39.4, 0.0012706480304954804], "6/20/2016": [39.65, 0.006345177664974619], "6/21/2016": [43.6, 0.09962168978562429], "6/22/2016": [42.4, -0.027522935779816578], "6/23/2016": [41.4, -0.02358490566037736], "6/24/2016": [40.0, -0.03381642512077292], "6/27/2016": [40.0, 0.0], "6/28/2016": [40.9, 0.022499999999999964], "6/29/2016": [41.25, 0.00855745721271397], "6/30/2016": [40.9, -0.008484848484848519], "7/1/2016": [41.55, 0.015892420537897276], "7/4/2016": [41.2, -0.008423586040914425], "7/5/2016": [41.05, -0.003640776699029264], "7/6/2016": [41.15, 0.002436053593179085], "7/7/2016": [41.2, 0.0012150668286756807], "7/11/2016": [42.4, 0.029126213592232903], "7/12/2016": [43.3, 0.02122641509433959], "7/13/2016": [43.0, -0.0069284064665126365], "7/14/2016": [42.8, -0.00465116279069774], "7/15/2016": [44.1, 0.030373831775701035], "7/18/2016": [44.9, 0.018140589569160932], "7/19/2016": [44.7, -0.004454342984409705], "7/20/2016": [43.3, -0.03131991051454151], "7/21/2016": [43.45, 0.0034642032332564826], "7/22/2016": [43.2, -0.00575373993095512], "7/25/2016": [42.0, -0.027777777777777842], "7/26/2016": [43.65, 0.03928571428571425], "7/27/2016": [44.2, 0.012600229095074553], "7/28/2016": [43.6, -0.013574660633484194], "7/29/2016": [43.5, -0.002293577981651409], "8/1/2016": [44.25, 0.017241379310344827], "8/2/2016": [44.1, -0.003389830508474544], "8/3/2016": [46.4, 0.0521541950113378], "8/4/2016": [46.7, 0.006465517241379402], "8/5/2016": [46.8, 0.0021413276231262166], "8/8/2016": [44.3, -0.05341880341880342], "8/9/2016": [43.0, -0.029345372460496552], "8/10/2016": [42.1, -0.020930232558139503], "8/11/2016": [42.5, 0.009501187648456023], "8/12/2016": [42.8, 0.007058823529411698], "8/15/2016": [43.0, 0.004672897196261749], "8/16/2016": [42.5, -0.011627906976744186], "8/17/2016": [41.65, -0.020000000000000035], "8/18/2016": [41.95, 0.007202881152461087], "8/19/2016": [41.6, -0.008343265792610284], "8/22/2016": [41.5, -0.002403846153846188], "8/23/2016": [41.5, 0.0], "8/24/2016": [41.4, -0.0024096385542169015], "8/25/2016": [41.65, 0.006038647342995169], "8/26/2016": [42.0, 0.00840336134453785], "8/29/2016": [41.6, -0.00952380952380949], "8/30/2016": [42.0, 0.009615384615384581], "8/31/2016": [41.8, -0.00476190476190483], "9/1/2016": [41.05, -0.017942583732057416], "9/2/2016": [39.9, -0.028014616321559042], "9/5/2016": [40.6, 0.01754385964912288], "9/6/2016": [41.2, 0.014778325123152743], "9/7/2016": [41.35, 0.0036407766990290916], "9/8/2016": [45.45, 0.09915356711003631], "9/9/2016": [49.95, 0.099009900990099], "9/10/2016": [49.9, -0.0010010010010010862], "9/12/2016": [53.4, 0.07014028056112225], "9/13/2016": [55.9, 0.04681647940074907], "9/14/2016": [53.7, -0.03935599284436486], "9/19/2016": [57.2, 0.06517690875232775], "9/20/2016": [56.0, -0.02097902097902103], "9/21/2016": [55.0, -0.017857142857142856], "9/22/2016": [54.3, -0.01272727272727278], "9/23/2016": [55.3, 0.01841620626151013], "9/26/2016": [52.4, -0.05244122965641951], "9/29/2016": [51.2, -0.022900763358778546], "9/30/2016": [52.0, 0.015624999999999944], "10/3/2016": [54.6, 0.05000000000000003], "10/4/2016": [54.0, -0.010989010989011014], "10/5/2016": [54.5, 0.009259259259259259], "10/6/2016": [53.6, -0.01651376146788988], "10/7/2016": [53.7, 0.0018656716417910712], "10/11/2016": [51.9, -0.033519553072625774], "10/12/2016": [52.0, 0.0019267822736031104], "10/13/2016": [52.2, 0.003846153846153901], "10/14/2016": [49.3, -0.055555555555555663],