{"1/4/2016": [72.0, ""], "1/5/2016": [73.0, 0.013888888888888888], "1/6/2016": [72.0, -0.0136986301369863], "1/7/2016": [71.6, -0.005555555555555635], "1/8/2016": [71.1, -0.006983240223463688], "1/11/2016": [70.0, -0.015471167369901468], "1/12/2016": [70.0, 0.0], "1/13/2016": [68.8, -0.017142857142857182], "1/14/2016": [62.0, -0.09883720930232555], "1/15/2016": [60.0, -0.03225806451612903], "1/18/2016": [61.0, 0.016666666666666666], "1/19/2016": [64.5, 0.05737704918032787], "1/20/2016": [62.0, -0.03875968992248062], "1/21/2016": [62.0, 0.0], "1/22/2016": [62.4, 0.006451612903225784], "1/25/2016": [63.0, 0.009615384615384638], "1/26/2016": [63.6, 0.009523809523809547], "1/27/2016": [63.6, 0.0], "1/28/2016": [63.9, 0.004716981132075427], "1/29/2016": [64.0, 0.0015649452269170803], "1/30/2016": [64.4, 0.006250000000000089], "2/1/2016": [65.0, 0.009316770186335315], "2/2/2016": [63.3, -0.026153846153846198], "2/3/2016": [61.0, -0.036334913112164254], "2/15/2016": [61.6, 0.009836065573770515], "2/16/2016": [63.7, 0.034090909090909116], "2/17/2016": [70.0, 0.09890109890109886], "2/18/2016": [71.8, 0.025714285714285672], "2/19/2016": [71.8, 0.0], "2/22/2016": [71.8, 0.0], "2/23/2016": [73.4, 0.022284122562674213], "2/24/2016": [72.3, -0.01498637602179848], "2/25/2016": [72.4, 0.0013831258644537833], "2/26/2016": [70.8, -0.022099447513812272], "3/1/2016": [71.0, 0.002824858757062187], "3/2/2016": [71.6, 0.008450704225352032], "3/3/2016": [71.3, -0.004189944134078173], "3/4/2016": [71.0, -0.004207573632538529], "3/7/2016": [70.9, -0.001408450704225272], "3/8/2016": [70.5, -0.005641748942172153], "3/9/2016": [69.9, -0.008510638297872259], "3/10/2016": [69.4, -0.007153075822603719], "3/11/2016": [69.5, 0.001440922190201647], "3/14/2016": [70.6, 0.01582733812949632], "3/15/2016": [70.3, -0.004249291784702509], "3/16/2016": [70.9, 0.00853485064011392], "3/17/2016": [70.9, 0.0], "3/18/2016": [70.9, 0.0], "3/21/2016": [70.8, -0.0014104372355431384], "3/22/2016": [68.0, -0.03954802259887002], "3/23/2016": [68.9, 0.013235294117647142], "3/24/2016": [69.4, 0.007256894049346879], "3/25/2016": [68.5, -0.012968299711815642], "3/28/2016": [67.9, -0.008759124087591158], "3/29/2016": [64.0, -0.05743740795287195], "3/30/2016": [65.7, 0.026562500000000044], "3/31/2016": [65.7, 0.0], "4/1/2016": [65.0, -0.010654490106544944], "4/6/2016": [65.0, 0.0], "4/7/2016": [63.9, -0.016923076923076943], "4/8/2016": [64.1, 0.003129890453834049], "4/11/2016": [65.8, 0.026521060842433743], "4/12/2016": [66.3, 0.007598784194528876], "4/13/2016": [67.0, 0.010558069381598837], "4/14/2016": [68.0, 0.014925373134328358], "4/15/2016": [68.4, 0.005882352941176554], "4/18/2016": [69.9, 0.021929824561403508], "4/19/2016": [69.9, 0.0], "4/20/2016": [69.9, 0.0], "4/21/2016": [69.9, 0.0], "4/22/2016": [70.6, 0.010014306151645044], "4/25/2016": [73.1, 0.03541076487252125], "4/26/2016": [73.4, 0.00410396716826281], "4/27/2016": [73.5, 0.0013623978201634103], "4/28/2016": [70.9, -0.035374149659863866], "4/29/2016": [69.8, -0.015514809590973322], "5/3/2016": [70.0, 0.0028653295128940235], "5/4/2016": [69.3, -0.01000000000000004], "5/5/2016": [68.8, -0.007215007215007215], "5/6/2016": [68.8, 0.0], "5/9/2016": [67.5, -0.018895348837209263], "5/10/2016": [66.0, -0.022222222222222223], "5/11/2016": [65.3, -0.010606060606060648], "5/12/2016": [64.2, -0.016845329249617066], "5/13/2016": [61.8, -0.037383177570093545], "5/16/2016": [66.7, 0.07928802588996774], "5/17/2016": [65.6, -0.016491754122938657], "5/18/2016": [65.7, 0.0015243902439025692], "5/19/2016": [65.3, -0.006088280060882887], "5/20/2016": [65.8, 0.007656967840735069], "5/23/2016": [66.8, 0.015197568389057751], "5/24/2016": [67.7, 0.013473053892215654], "5/25/2016": [68.5, 0.011816838995568643], "5/26/2016": [68.8, 0.004379562043795579], "5/27/2016": [68.9, 0.0014534883720931473], "5/30/2016": [69.2, 0.004354136429608086], "5/31/2016": [70.0, 0.011560693641618455], "6/1/2016": [70.0, 0.0], "6/2/2016": [69.8, -0.002857142857142898], "6/3/2016": [69.8, 0.0], "6/4/2016": [70.0, 0.0028653295128940235], "6/6/2016": [69.7, -0.004285714285714245], "6/7/2016": [69.8, 0.001434720229555155], "6/8/2016": [69.0, -0.011461318051575891], "6/13/2016": [68.7, -0.00434782608695648], "6/14/2016": [69.0, 0.004366812227074194], "6/15/2016": [70.0, 0.014492753623188406], "6/16/2016": [74.2, 0.06000000000000004], "6/17/2016": [74.1, -0.001347708894878821], "6/20/2016": [76.6, 0.033738191632928474], "6/21/2016": [76.3, -0.003916449086161843], "6/22/2016": [75.4, -0.011795543905635537], "6/23/2016": [75.8, 0.005305039787798295], "6/24/2016": [73.0, -0.03693931398416883], "6/27/2016": [74.7, 0.023287671232876752], "6/28/2016": [75.6, 0.012048192771084223], "6/29/2016": [75.2, -0.005291005291005179], "6/30/2016": [74.4, -0.010638297872340387], "7/1/2016": [73.0, -0.018817204301075342], "7/4/2016": [74.4, 0.0191780821917809], "7/5/2016": [75.0, 0.008064516129032182], "7/6/2016": [73.7, -0.017333333333333294], "7/7/2016": [74.8, 0.01492537313432828], "7/11/2016": [78.8, 0.053475935828877004], "7/12/2016": [78.1, -0.008883248730964504], "7/13/2016": [78.9, 0.010243277848911799], "7/14/2016": [79.2, 0.0038022813688212563], "7/15/2016": [79.4, 0.002525252525252561], "7/18/2016": [78.7, -0.008816120906801042], "7/19/2016": [78.0, -0.008894536213468906], "7/20/2016": [75.4, -0.033333333333333263], "7/21/2016": [76.9, 0.01989389920424403], "7/22/2016": [75.6, -0.016905071521456583], "7/25/2016": [75.5, -0.0013227513227512477], "7/26/2016": [77.4, 0.02516556291390736], "7/27/2016": [76.2, -0.015503875968992284], "7/28/2016": [76.4, 0.002624671916010536], "7/29/2016": [76.5, 0.001308900523560135], "8/1/2016": [77.4, 0.011764705882353016], "8/2/2016": [77.7, 0.003875968992248025], "8/3/2016": [79.7, 0.02574002574002574], "8/4/2016": [83.3, 0.045169385194479224], "8/5/2016": [82.8, -0.006002400960384154], "8/8/2016": [82.8, 0.0], "8/9/2016": [86.9, 0.04951690821256049], "8/10/2016": [82.6, -0.04948216340621417], "8/11/2016": [80.2, -0.029055690072639122], "8/12/2016": [82.0, 0.022443890274314177], "8/15/2016": [78.3, -0.04512195121951223], "8/16/2016": [78.3, 0.0], "8/17/2016": [78.0, -0.0038314176245210366], "8/18/2016": [83.1, 0.0653846153846153], "8/19/2016": [85.8, 0.032490974729241916], "8/22/2016": [94.3, 0.09906759906759907], "8/23/2016": [98.3, 0.042417815482502653], "8/24/2016": [90.8, -0.0762970498474059], "8/25/2016": [99.8, 0.09911894273127754], "8/26/2016": [99.0, -0.008016032064128228], "8/29/2016": [101.0, 0.020202020202020204], "8/30/2016": [98.8, -0.021782178217821812], "8/31/2016": [97.4, -0.014170040485829873], "9/1/2016": [94.5, -0.029774127310061658], "9/2/2016": [92.5, -0.021164021164021163], "9/5/2016": [94.3, 0.019459459459459427], "9/6/2016": [92.8, -0.015906680805938496], "9/7/2016": [92.5, -0.0032327586206896248], "9/8/2016": [91.7, -0.008648648648648618], "9/9/2016": [92.7, 0.010905125408942203], "9/10/2016": [89.0, -0.03991370010787489], "9/12/2016": [88.0, -0.011235955056179775], "9/13/2016": [88.8, 0.00909090909090906], "9/14/2016": [87.2, -0.018018018018017955], "9/19/2016": [86.0, -0.013761467889908289], "9/20/2016": [90.7, 0.054651162790697705], "9/21/2016": [90.0, -0.007717750826901905], "9/22/2016": [88.8, -0.013333333333333365], "9/23/2016": [87.7, -0.012387387387387323], "9/26/2016": [87.6, -0.0011402508551882386], "9/29/2016": [86.6, -0.011415525114155252], "9/30/2016": [83.9, -0.03117782909930703], "10/3/2016": [84.9, 0.011918951132300357], "10/4/2016": [84.2, -0.008244994110718525], "10/5/2016": [83.0, -0.014251781472684119], "10/6/2016": [81.5, -0.018072289156626505], "10/7/2016": [82.2, 0.00858895705521476], "10/11/2016": [81.6, -0.007299270072992805], "10/12/2016": [82.0, 0.004901960784313796], "10/13/2016": [82.0, 0.0], "10/14/2016": [80.6, -0.017073170731707388], "10/17/2016": [81.8, 0.014888337468982667], "10/18/2016": [81.0, -0.009779951100244464], "10/19/2016": [81.7, 0.008641975308642011], "10/20/2016": [82.0, 0.003671970624234971],