{"1/4/2016": [17.75, ""], "1/5/2016": [17.5, -0.014084507042253521], "1/6/2016": [17.4, -0.005714285714285796], "1/7/2016": [17.5, 0.0057471264367816915], "1/8/2016": [17.25, -0.014285714285714285], "1/11/2016": [16.5, -0.043478260869565216], "1/12/2016": [16.45, -0.0030303030303030732], "1/13/2016": [16.5, 0.0030395136778115935], "1/14/2016": [16.0, -0.030303030303030304], "1/15/2016": [16.3, 0.018750000000000044], "1/18/2016": [16.7, 0.024539877300613407], "1/19/2016": [16.8, 0.005988023952095894], "1/20/2016": [16.6, -0.011904761904761862], "1/21/2016": [16.4, -0.012048192771084508], "1/22/2016": [16.7, 0.018292682926829312], "1/25/2016": [16.6, -0.005988023952095681], "1/26/2016": [16.85, 0.01506024096385542], "1/27/2016": [17.0, 0.008902077151335227], "1/28/2016": [17.05, 0.002941176470588277], "1/29/2016": [17.05, 0.0], "1/30/2016": [17.1, 0.0029325513196481355], "2/1/2016": [17.0, -0.005847953216374352], "2/2/2016": [17.05, 0.002941176470588277], "2/3/2016": [17.65, 0.035190615835777], "2/15/2016": [17.65, 0.0], "2/16/2016": [18.0, 0.01983002832861198], "2/17/2016": [17.6, -0.022222222222222143], "2/18/2016": [17.7, 0.0056818181818180605], "2/19/2016": [17.55, -0.00847457627118636], "2/22/2016": [17.9, 0.01994301994301982], "2/23/2016": [17.75, -0.008379888268156346], "2/24/2016": [17.6, -0.008450704225352032], "2/25/2016": [17.6, 0.0], "2/26/2016": [17.9, 0.01704545454545438], "3/1/2016": [17.75, -0.008379888268156346], "3/2/2016": [19.0, 0.07042253521126761], "3/3/2016": [18.7, -0.015789473684210565], "3/4/2016": [18.95, 0.013368983957219251], "3/7/2016": [19.25, 0.01583113456464384], "3/8/2016": [19.35, 0.0051948051948052685], "3/9/2016": [19.1, -0.012919896640826873], "3/10/2016": [19.8, 0.036649214659685826], "3/11/2016": [19.9, 0.0050505050505049425], "3/14/2016": [20.2, 0.015075376884422148], "3/15/2016": [20.35, 0.007425742574257531], "3/16/2016": [20.1, -0.012285012285012284], "3/17/2016": [19.8, -0.014925373134328393], "3/18/2016": [19.7, -0.005050505050505122], "3/21/2016": [19.75, 0.002538071065989884], "3/22/2016": [19.6, -0.007594936708860687], "3/23/2016": [20.0, 0.020408163265306048], "3/24/2016": [19.8, -0.009999999999999964], "3/25/2016": [19.9, 0.0050505050505049425], "3/28/2016": [19.9, 0.0], "3/29/2016": [19.25, -0.032663316582914506], "3/30/2016": [19.5, 0.012987012987012988], "3/31/2016": [19.5, 0.0], "4/1/2016": [19.6, 0.005128205128205201], "4/6/2016": [19.7, 0.005102040816326422], "4/7/2016": [19.7, 0.0], "4/8/2016": [19.5, -0.010152284263959355], "4/11/2016": [20.7, 0.0615384615384615], "4/12/2016": [20.5, -0.009661835748792237], "4/13/2016": [20.7, 0.009756097560975575], "4/14/2016": [20.7, 0.0], "4/15/2016": [20.7, 0.0], "4/18/2016": [20.65, -0.002415458937198102], "4/19/2016": [20.55, -0.0048426150121064345], "4/20/2016": [21.1, 0.026763990267639936], "4/21/2016": [23.2, 0.09952606635071079], "4/22/2016": [23.7, 0.021551724137931036], "4/25/2016": [23.5, -0.008438818565400814], "4/26/2016": [23.45, -0.0021276595744681155], "4/27/2016": [23.1, -0.014925373134328268], "4/28/2016": [22.0, -0.04761904761904768], "4/29/2016": [22.0, 0.0], "5/3/2016": [22.2, 0.00909090909090906], "5/4/2016": [22.1, -0.004504504504504409], "5/5/2016": [22.0, -0.004524886877828118], "5/6/2016": [22.4, 0.01818181818181812], "5/9/2016": [22.6, 0.008928571428571556], "5/10/2016": [21.1, -0.0663716814159292], "5/11/2016": [20.1, -0.04739336492890995], "5/12/2016": [19.15, -0.04726368159203994], "5/13/2016": [18.2, -0.049608355091383775], "5/16/2016": [18.4, 0.01098901098901095], "5/17/2016": [18.6, 0.01086956521739146], "5/18/2016": [18.5, -0.005376344086021581], "5/19/2016": [18.4, -0.005405405405405482], "5/20/2016": [18.5, 0.00543478260869573], "5/23/2016": [18.75, 0.013513513513513514], "5/24/2016": [19.0, 0.013333333333333334], "5/25/2016": [19.1, 0.005263157894736917], "5/26/2016": [18.9, -0.010471204188481823], "5/27/2016": [19.0, 0.005291005291005366], "5/30/2016": [19.0, 0.0], "5/31/2016": [19.25, 0.013157894736842105], "6/1/2016": [19.2, -0.0025974025974026343], "6/2/2016": [19.0, -0.01041666666666663], "6/3/2016": [19.0, 0.0], "6/4/2016": [19.0, 0.0], "6/6/2016": [20.9, 0.09999999999999992], "6/7/2016": [20.4, -0.023923444976076555], "6/8/2016": [20.4, 0.0], "6/13/2016": [19.6, -0.039215686274509665], "6/14/2016": [20.2, 0.030612244897959072], "6/15/2016": [20.3, 0.004950495049505021], "6/16/2016": [20.5, 0.009852216748768438], "6/17/2016": [20.4, -0.004878048780487874], "6/20/2016": [20.05, -0.017156862745097937], "6/21/2016": [20.15, 0.004987531172069719], "6/22/2016": [20.15, 0.0], "6/23/2016": [20.2, 0.0024813895781638073], "6/24/2016": [19.5, -0.03465346534653462], "6/27/2016": [19.65, 0.007692307692307619], "6/28/2016": [20.4, 0.03816793893129771], "6/29/2016": [20.3, -0.004901960784313621], "6/30/2016": [20.45, 0.007389162561576284], "7/1/2016": [20.45, 0.0], "7/4/2016": [20.3, -0.007334963325183305], "7/5/2016": [20.15, -0.007389162561576459], "7/6/2016": [20.1, -0.0024813895781636308], "7/7/2016": [20.4, 0.014925373134328216], "7/11/2016": [20.2, -0.009803921568627416], "7/12/2016": [20.25, 0.0024752475247525104], "7/13/2016": [20.5, 0.012345679012345678], "7/14/2016": [20.5, 0.0], "7/15/2016": [20.35, -0.007317073170731638], "7/18/2016": [20.25, -0.004914004914004983], "7/19/2016": [20.7, 0.02222222222222219], "7/20/2016": [22.75, 0.09903381642512081], "7/21/2016": [22.1, -0.028571428571428508], "7/22/2016": [22.2, 0.0045248868778279576], "7/25/2016": [21.3, -0.04054054054054048], "7/26/2016": [21.5, 0.009389671361502313], "7/27/2016": [21.6, 0.00465116279069774], "7/28/2016": [21.65, 0.0023148148148146833], "7/29/2016": [21.4, -0.011547344110854504], "8/1/2016": [21.25, -0.007009345794392457], "8/2/2016": [21.3, 0.002352941176470622], "8/3/2016": [21.8, 0.023474178403755867], "8/4/2016": [21.65, -0.006880733944954226], "8/5/2016": [21.55, -0.004618937644341703], "8/8/2016": [21.7, 0.006960556844547498], "8/9/2016": [22.2, 0.02304147465437788], "8/10/2016": [22.0, -0.009009009009008978], "8/11/2016": [21.6, -0.01818181818181812], "8/12/2016": [22.0, 0.01851851851851845], "8/15/2016": [23.7, 0.07727272727272724], "8/16/2016": [23.6, -0.004219409282700332], "8/17/2016": [23.35, -0.01059322033898305], "8/18/2016": [23.5, 0.006423982869378953], "8/19/2016": [22.9, -0.025531914893617082], "8/22/2016": [23.2, 0.01310043668122274], "8/23/2016": [23.15, -0.002155172413793134], "8/24/2016": [22.55, -0.02591792656587464], "8/25/2016": [22.5, -0.0022172949002217607], "8/26/2016": [22.95, 0.01999999999999997], "8/29/2016": [23.0, 0.002178649237472798], "8/30/2016": [23.3, 0.013043478260869596], "8/31/2016": [23.5, 0.008583690987124432], "9/1/2016": [23.35, -0.006382978723404195], "9/2/2016": [23.75, 0.017130620985010645], "9/5/2016": [23.65, -0.0042105263157895334], "9/6/2016": [23.85, 0.008456659619450437], "9/7/2016": [24.0, 0.0062893081761005686], "9/8/2016": [23.4, -0.02500000000000006], "9/9/2016": [25.7, 0.09829059829059833], "9/10/2016": [28.25, 0.09922178988326852], "9/12/2016": [30.7, 0.08672566371681413], "9/13/2016": [28.8, -0.061889250814332206], "9/14/2016": [30.2, 0.04861111111111106], "9/19/2016": [33.2, 0.09933774834437098], "9/20/2016": [32.8, -0.012048192771084508], "9/21/2016": [32.75, -0.0015243902439023526], "9/22/2016": [31.75, -0.030534351145038167], "9/23/2016": [31.4, -0.01102362204724414], "9/26/2016": [30.65, -0.02388535031847134], "9/29/2016": [29.55, -0.03588907014681886], "9/30/2016": [29.85, 0.010152284263959414], "10/3/2016": [28.8, -0.035175879396984945], "10/4/2016": [31.65, 0.09895833333333326], "10/5/2016": [30.75, -0.02843601895734593], "10/6/2016": [30.3, -0.014634146341463391], "10/7/2016": [29.8, -0.0165016501650165], "10/11/2016": [27.3, -0.08389261744966443], "10/12/2016": [27.3, 0.0], "10/13/2016": [27.2, -0.003663003663003715], "10/14/2016": [25.5, -0.06249999999999997], "10/17/2016": [26.05, 0.02156862745098042], "10/18/2016": [26.45, 0.01535508637236079],