{"1/25/2016": [35.87, ""], "1/26/2016": [33.8, -0.05770839141343743], "1/27/2016": [31.9, -0.05621301775147925], "1/28/2016": [31.8, -0.0031347962382444476], "1/29/2016": [32.2, 0.012578616352201324], "1/30/2016": [31.8, -0.01242236024844727], "2/1/2016": [33.6, 0.05660377358490568], "2/2/2016": [33.2, -0.011904761904761862], "2/3/2016": [33.65, 0.01355421686746975], "2/15/2016": [34.51, 0.02555720653789003], "2/16/2016": [42.58, 0.2338452622428282], "2/17/2016": [44.0, 0.03334899013621423], "2/18/2016": [42.88, -0.025454545454545396], "2/19/2016": [44.5, 0.03777985074626859], "2/22/2016": [43.5, -0.02247191011235955], "2/23/2016": [42.7, -0.018390804597701083], "2/24/2016": [42.0, -0.016393442622950886], "2/25/2016": [43.1, 0.026190476190476226], "2/26/2016": [43.75, 0.015081206496519688], "3/1/2016": [42.2, -0.035428571428571365], "3/2/2016": [44.0, 0.042654028436018884], "3/3/2016": [45.5, 0.03409090909090909], "3/4/2016": [53.89, 0.1843956043956044], "3/7/2016": [56.3, 0.04472072740768225], "3/8/2016": [57.35, 0.018650088809946792], "3/9/2016": [57.35, 0.0], "3/10/2016": [54.5, -0.049694856146469076], "3/11/2016": [56.5, 0.03669724770642202], "3/14/2016": [55.72, -0.013805309734513294], "3/15/2016": [55.0, -0.012921751615218932], "3/16/2016": [62.5, 0.13636363636363635], "3/17/2016": [64.99, 0.03983999999999992], "3/18/2016": [66.0, 0.015540852438836824], "3/21/2016": [64.61, -0.021060606060606068], "3/22/2016": [67.0, 0.036991177836248265], "3/23/2016": [66.0, -0.014925373134328358], "3/24/2016": [63.5, -0.03787878787878788], "3/25/2016": [60.3, -0.05039370078740162], "3/28/2016": [58.5, -0.02985074626865667], "3/29/2016": [57.5, -0.017094017094017096], "3/30/2016": [56.5, -0.017391304347826087], "3/31/2016": [57.0, 0.008849557522123894], "4/1/2016": [58.0, 0.017543859649122806], "4/6/2016": [56.9, -0.018965517241379334], "4/7/2016": [59.97, 0.053954305799648515], "4/8/2016": [57.8, -0.03618475904618979], "4/11/2016": [54.3, -0.060553633217993084], "4/12/2016": [52.19, -0.038858195211786364], "4/13/2016": [51.61, -0.011113240084307306], "4/14/2016": [54.5, 0.055996899825615204], "4/15/2016": [55.0, 0.009174311926605505], "4/18/2016": [58.45, 0.06272727272727278], "4/19/2016": [57.8, -0.01112061591103517], "4/20/2016": [56.0, -0.03114186851211068], "4/21/2016": [54.3, -0.03035714285714291], "4/22/2016": [54.65, 0.006445672191528572], "4/25/2016": [53.82, -0.015187557182067673], "4/26/2016": [55.19, 0.02545522110739497], "4/27/2016": [54.8, -0.007066497553904703], "4/28/2016": [55.69, 0.016240875912408772], "4/29/2016": [62.0, 0.11330579996408696], "5/3/2016": [53.83, -0.13177419354838713], "5/4/2016": [54.0, 0.003158090284228157], "5/5/2016": [53.79, -0.003888888888888905], "5/6/2016": [53.5, -0.005391336679680222], "5/9/2016": [53.66, 0.0029906542056074127], "5/10/2016": [52.0, -0.0309355199403652], "5/11/2016": [52.0, 0.0], "5/12/2016": [47.8, -0.08076923076923083], "5/13/2016": [45.02, -0.05815899581589946], "5/16/2016": [44.95, -0.0015548645046645998], "5/17/2016": [45.18, 0.005116796440489363], "5/18/2016": [49.0, 0.08455068614431165], "5/19/2016": [49.65, 0.013265306122448951], "5/20/2016": [47.85, -0.03625377643504526], "5/23/2016": [47.8, -0.001044932079414927], "5/24/2016": [48.01, 0.004393305439330562], "5/25/2016": [49.7, 0.03520099979171016], "5/26/2016": [49.01, -0.013883299798792853], "5/27/2016": [49.14, 0.0026525198938992566], "5/30/2016": [48.9, -0.004884004884004925], "5/31/2016": [53.0, 0.08384458077709614], "6/1/2016": [49.49, -0.06622641509433959], "6/2/2016": [47.87, -0.0327338856334614], "6/3/2016": [47.75, -0.0025067892208062974], "6/4/2016": [47.64, -0.002303664921465957], "6/6/2016": [47.02, -0.013014273719563338], "6/7/2016": [47.8, 0.016588685665674053], "6/8/2016": [47.79, -0.00020920502092046047], "6/13/2016": [46.99, -0.016739903745553404], "6/14/2016": [47.2, 0.004469035965098975], "6/15/2016": [47.2, 0.0], "6/16/2016": [47.0, -0.00423728813559328], "6/17/2016": [47.11, 0.0023404255319148816], "6/20/2016": [47.11, 0.0], "6/21/2016": [46.9, -0.004457652303120375], "6/22/2016": [48.0, 0.023454157782516024], "6/23/2016": [47.1, -0.01874999999999997], "6/24/2016": [46.0, -0.02335456475583867], "6/27/2016": [46.7, 0.015217391304347887], "6/28/2016": [49.0, 0.049250535331905716], "6/29/2016": [50.0, 0.02040816326530612], "6/30/2016": [50.1, 0.0020000000000000282], "7/1/2016": [50.0, -0.0019960079840319646], "7/4/2016": [51.0, 0.02], "7/5/2016": [52.2, 0.023529411764705938], "7/6/2016": [50.16, -0.03908045977011506], "7/7/2016": [50.0, -0.0031897926634768064], "7/11/2016": [49.86, -0.0028000000000000112], "7/12/2016": [50.3, 0.00882470918571997], "7/13/2016": [50.17, -0.0025844930417494127], "7/14/2016": [49.86, -0.006178991429140966], "7/15/2016": [48.5, -0.027276373846770948], "7/18/2016": [48.9, 0.008247422680412342], "7/19/2016": [48.2, -0.014314928425357787], "7/20/2016": [48.0, -0.004149377593361055], "7/21/2016": [47.65, -0.007291666666666696], "7/22/2016": [47.8, 0.0031479538300104633], "7/25/2016": [48.1, 0.006276150627615152], "7/26/2016": [48.0, -0.0020790020790021086], "7/27/2016": [47.9, -0.002083333333333363], "7/28/2016": [47.4, -0.010438413361169102], "7/29/2016": [47.9, 0.010548523206751054], "8/1/2016": [48.0, 0.00208768267223385], "8/2/2016": [48.0, 0.0], "8/3/2016": [48.19, 0.003958333333333286], "8/4/2016": [48.15, -0.0008300477277443277], "8/5/2016": [48.06, -0.0018691588785045962], "8/8/2016": [48.5, 0.009155222638368658], "8/9/2016": [48.35, -0.00309278350515461], "8/10/2016": [48.65, 0.0062047569803515435], "8/11/2016": [48.15, -0.010277492291880781], "8/12/2016": [47.35, -0.016614745586708144], "8/15/2016": [47.5, 0.003167898627243898], "8/16/2016": [48.19, 0.014526315789473635], "8/17/2016": [48.0, -0.003942726706785593], "8/18/2016": [48.0, 0.0], "8/19/2016": [47.4, -0.01250000000000003], "8/22/2016": [46.34, -0.022362869198312135], "8/23/2016": [45.09, -0.026974536037980144], "8/24/2016": [44.51, -0.012863162563761485], "8/25/2016": [45.0, 0.011008762075938037], "8/26/2016": [44.92, -0.00177777777777774], "8/29/2016": [43.8, -0.02493321460374008], "8/30/2016": [43.99, 0.004337899543379106], "8/31/2016": [43.0, -0.022505114798817956], "9/1/2016": [45.49, 0.057906976744186094], "9/2/2016": [45.13, -0.007913827214772465], "9/5/2016": [45.1, -0.0006647462884999144], "9/6/2016": [45.14, 0.0008869179600886728], "9/7/2016": [44.0, -0.025254762959681005], "9/8/2016": [45.0, 0.022727272727272728], "9/9/2016": [43.96, -0.023111111111111093], "9/10/2016": [43.96, 0.0], "9/12/2016": [43.0, -0.0218380345768881], "9/13/2016": [43.34, 0.007906976744186126], "9/14/2016": [42.02, -0.030456852791878177], "9/19/2016": [42.0, -0.0004759638267492414], "9/20/2016": [40.81, -0.02833333333333328], "9/21/2016": [40.0, -0.01984807645185009], "9/22/2016": [37.3, -0.06750000000000007], "9/23/2016": [37.0, -0.008042895442359173], "9/26/2016": [37.0, 0.0], "9/29/2016": [38.1, 0.02972972972972977], "9/30/2016": [38.0, -0.002624671916010536], "10/3/2016": [37.0, -0.02631578947368421], "10/4/2016": [36.51, -0.013243243243243297], "10/5/2016": [36.8, 0.007943029307039145], "10/6/2016": [37.15, 0.00951086956521743], "10/7/2016": [37.53, 0.0102288021534321], "10/11/2016": [37.2, -0.008792965627497956], "10/12/2016": [37.5, 0.008064516129032182], "10/13/2016": [37.3, -0.0053333333333334095], "10/14/2016": [37.1, -0.005361930294906053], "10/17/2016": [36.81, -0.007816711590296472], "10/18/2016": [36.62, -0.005161640858462505], "10/19/2016": [37.0, 0.010376843255051955], "10/20/2016": [36.47, -0.014324324324324355], "10/21/2016": [36.0, -0.012887304633945678], "10/24/2016": [36.0, 0.0], "10/25/2016": [36.83, 0.02305555555555551], "10/26/2016": [36.3, -0.014390442573988627], "10/27/2016": [36.3, 0.0], "10/28/2016": [36.48, 0.004958677685950406], "10/31/2016": [40.5, 0.11019736842105272], "11/1/2016": [37.15, -0.08271604938271608], "11/2/2016": [36.62, -0.014266487213997339], "11/3/2016": [35.5, -0.030584380120152854],