{"1/4/2016": [4.6, ""], "1/5/2016": [4.97, 0.08043478260869569], "1/6/2016": [4.99, 0.004024144869215385], "1/7/2016": [4.51, -0.09619238476953916], "1/8/2016": [4.96, 0.09977827050997787], "1/11/2016": [4.95, -0.0020161290322580215], "1/12/2016": [4.9, -0.010101010101010065], "1/13/2016": [4.46, -0.08979591836734702], "1/14/2016": [4.46, 0.0], "1/15/2016": [4.07, -0.08744394618834074], "1/18/2016": [4.47, 0.09828009828009814], "1/19/2016": [4.85, 0.0850111856823266], "1/20/2016": [4.89, 0.008247422680412378], "1/21/2016": [5.1, 0.042944785276073615], "1/22/2016": [5.0, -0.019607843137254832], "1/25/2016": [4.99, -0.0019999999999999575], "1/26/2016": [5.48, 0.09819639278557118], "1/27/2016": [5.47, -0.0018248175182482983], "1/28/2016": [5.46, -0.0018281535648994127], "1/29/2016": [5.4, -0.010989010989010917], "1/30/2016": [5.2, -0.03703703703703707], "2/1/2016": [5.4, 0.03846153846153849], "2/2/2016": [5.3, -0.018518518518518615], "2/3/2016": [5.4, 0.018867924528301987], "2/15/2016": [5.4, 0.0], "2/16/2016": [5.4, 0.0], "2/17/2016": [5.3, -0.018518518518518615], "2/18/2016": [5.13, -0.032075471698113193], "2/19/2016": [5.05, -0.015594541910331399], "2/22/2016": [4.7, -0.06930693069306924], "2/23/2016": [4.66, -0.008510638297872348], "2/24/2016": [4.2, -0.09871244635193133], "2/25/2016": [3.78, -0.10000000000000009], "2/26/2016": [3.88, 0.02645502645502648], "3/1/2016": [3.55, -0.0850515463917526], "3/2/2016": [3.2, -0.09859154929577456], "3/3/2016": [2.88, -0.10000000000000009], "3/4/2016": [3.16, 0.09722222222222231], "3/7/2016": [3.47, 0.09810126582278482], "3/8/2016": [3.14, -0.09510086455331414], "3/9/2016": [3.05, -0.0286624203821657], "3/10/2016": [3.08, 0.009836065573770574], "3/11/2016": [2.94, -0.04545454545454549], "3/14/2016": [2.95, 0.003401360544217766], "3/15/2016": [3.24, 0.09830508474576272], "3/16/2016": [3.01, -0.07098765432098778], "3/17/2016": [3.0, -0.003322259136212554], "3/18/2016": [3.0, 0.0], "3/21/2016": [3.0, 0.0], "3/22/2016": [2.86, -0.04666666666666671], "3/23/2016": [2.85, -0.003496503496503422], "3/24/2016": [2.9, 0.017543859649122744], "3/25/2016": [2.9, 0.0], "3/28/2016": [2.9, 0.0], "3/29/2016": [2.81, -0.03103448275862064], "3/30/2016": [2.7, -0.039145907473309566], "3/31/2016": [2.51, -0.07037037037037051], "4/1/2016": [2.67, 0.0637450199203188], "4/6/2016": [2.53, -0.052434456928838996], "4/7/2016": [2.5, -0.011857707509881346], "4/8/2016": [2.5, 0.0], "4/11/2016": [2.7, 0.08000000000000007], "4/12/2016": [2.7, 0.0], "4/13/2016": [2.7, 0.0], "4/14/2016": [2.53, -0.0629629629629631], "4/15/2016": [2.53, 0.0], "4/18/2016": [2.51, -0.007905138339920957], "4/19/2016": [2.37, -0.05577689243027876], "4/20/2016": [2.4, 0.012658227848101182], "4/21/2016": [2.4, 0.0], "4/22/2016": [2.45, 0.020833333333333447], "4/25/2016": [2.3, -0.061224489795918505], "4/26/2016": [2.18, -0.05217391304347812], "4/27/2016": [2.39, 0.09633027522935778], "4/28/2016": [2.62, 0.09623430962343095], "4/29/2016": [2.41, -0.08015267175572517], "5/3/2016": [2.55, 0.058091286307053805], "5/4/2016": [2.55, 0.0], "5/5/2016": [2.8, 0.09803921568627452], "5/6/2016": [2.62, -0.06428571428571418], "5/9/2016": [2.85, 0.08778625954198473], "5/10/2016": [3.1, 0.08771929824561403], "5/11/2016": [3.38, 0.09032258064516123], "5/12/2016": [3.05, -0.09763313609467458], "5/13/2016": [3.05, 0.0], "5/16/2016": [2.91, -0.045901639344262196], "5/17/2016": [2.8, -0.037800687285223476], "5/18/2016": [2.82, 0.00714285714285715], "5/19/2016": [2.65, -0.06028368794326239], "5/20/2016": [2.65, 0.0], "5/23/2016": [2.88, 0.08679245283018867], "5/24/2016": [3.05, 0.059027777777777755], "5/25/2016": [2.87, -0.05901639344262286], "5/26/2016": [2.87, 0.0], "5/27/2016": [2.8, -0.024390243902439122], "5/30/2016": [2.8, 0.0], "5/31/2016": [3.03, 0.08214285714285714], "6/1/2016": [3.0, -0.009900990099009837], "6/2/2016": [2.7, -0.09999999999999994], "6/3/2016": [2.97, 0.1], "6/4/2016": [3.09, 0.04040404040404029], "6/6/2016": [3.24, 0.04854368932038847], "6/7/2016": [3.02, -0.06790123456790129], "6/8/2016": [3.32, 0.0993377483443708], "6/13/2016": [3.65, 0.09939759036144581], "6/14/2016": [4.01, 0.09863013698630134], "6/15/2016": [4.41, 0.0997506234413966], "6/16/2016": [4.85, 0.09977324263038537], "6/17/2016": [4.85, 0.0], "6/20/2016": [5.0, 0.030927835051546466], "6/21/2016": [4.5, -0.1], "6/22/2016": [4.39, -0.024444444444444515], "6/23/2016": [4.6, 0.04783599088838268], "6/24/2016": [4.6, 0.0], "6/27/2016": [4.6, 0.0], "6/28/2016": [4.6, 0.0], "6/29/2016": [4.6, 0.0], "6/30/2016": [4.5, -0.021739130434782532], "7/1/2016": [4.4, -0.022222222222222143], "7/4/2016": [3.97, -0.09772727272727276], "7/5/2016": [3.58, -0.09823677581863982], "7/6/2016": [3.75, 0.04748603351955305], "7/7/2016": [4.1, 0.09333333333333324], "7/11/2016": [3.8, -0.07317073170731704], "7/12/2016": [3.85, 0.013157894736842176], "7/13/2016": [3.85, 0.0], "7/14/2016": [3.9, 0.012987012987012941], "7/15/2016": [3.85, -0.012820512820512775], "7/18/2016": [4.1, 0.06493506493506482], "7/19/2016": [4.09, -0.002439024390243851], "7/20/2016": [3.79, -0.0733496332518337], "7/21/2016": [3.8, 0.0026385224274405768], "7/22/2016": [3.8, 0.0], "7/25/2016": [3.79, -0.002631578947368365], "7/26/2016": [4.15, 0.09498680738786289], "7/27/2016": [4.35, 0.04819277108433717], "7/28/2016": [4.78, 0.09885057471264383], "7/29/2016": [4.9, 0.02510460251046027], "8/1/2016": [4.8, -0.02040816326530623], "8/2/2016": [4.5, -0.062499999999999965], "8/3/2016": [4.5, 0.0], "8/4/2016": [4.7, 0.04444444444444448], "8/5/2016": [4.92, 0.046808510638297815], "8/8/2016": [4.92, 0.0], "8/9/2016": [4.43, -0.09959349593495939], "8/10/2016": [4.4, -0.006772009029345228], "8/11/2016": [4.4, 0.0], "8/12/2016": [4.64, 0.05454545454545439], "8/15/2016": [4.93, 0.06250000000000001], "8/16/2016": [4.85, -0.01622718052738338], "8/17/2016": [4.4, -0.09278350515463904], "8/18/2016": [4.4, 0.0], "8/19/2016": [4.5, 0.022727272727272645], "8/22/2016": [4.7, 0.04444444444444448], "8/23/2016": [4.7, 0.0], "8/24/2016": [4.4, -0.0638297872340425], "8/25/2016": [4.5, 0.022727272727272645], "8/26/2016": [4.3, -0.04444444444444448], "8/29/2016": [4.1, -0.046511627906976785], "8/30/2016": [4.3, 0.0487804878048781], "8/31/2016": [4.39, 0.020930232558139503], "9/1/2016": [4.48, 0.02050113895216418], "9/2/2016": [4.1, -0.08482142857142874], "9/5/2016": [3.9, -0.04878048780487799], "9/6/2016": [4.0, 0.025641025641025664], "9/7/2016": [4.0, 0.0], "9/8/2016": [4.15, 0.03750000000000009], "9/9/2016": [3.95, -0.04819277108433739], "9/10/2016": [3.95, 0.0], "9/12/2016": [4.3, 0.08860759493670876], "9/13/2016": [4.6, 0.06976744186046507], "9/14/2016": [4.6, 0.0], "9/19/2016": [4.74, 0.03043478260869578], "9/20/2016": [4.69, -0.010548523206751016], "9/21/2016": [4.23, -0.09808102345415777], "9/22/2016": [4.6, 0.08747044917257664], "9/23/2016": [4.5, -0.021739130434782532], "9/26/2016": [4.23, -0.05999999999999991], "9/29/2016": [4.1, -0.030732860520094746], "9/30/2016": [4.1, 0.0], "10/3/2016": [4.01, -0.02195121951219509], "10/4/2016": [4.0, -0.0024937655860348597], "10/5/2016": [4.2, 0.050000000000000044], "10/6/2016": [4.0, -0.04761904761904766], "10/7/2016": [4.0, 0.0], "10/11/2016": [4.0, 0.0], "10/12/2016": [3.7, -0.07499999999999996], "10/13/2016": [3.8, 0.02702702702702693], "10/14/2016": [3.7, -0.02631578947368412], "10/17/2016": [3.78, 0.02162162162162152], "10/18/2016": [3.7, -0.021164021164021066], "10/19/2016": [3.81, 0.029729729729729693], "10/20/2016": [3.88, 0.01837270341207345], "10/21/2016": [3.8, -0.020618556701030948], "10/24/2016": [3.54, -0.0684210526315789], "10/25/2016": [3.71, 0.04802259887005648], "10/26/2016": [3.97, 0.07008086253369279], "10/27/2016": [4.0, 0.0075566750629722425], "10/28/2016": [4.2, 0.050000000000000044], "10/31/2016": [4.15, -0.011904761904761862], "11/1/2016": [4.2, 0.012048192771084293], "11/2/2016": [3.8, -0.09523809523809532], "11/3/2016": [3.7, -0.02631578947368412], "11/4/2016": [4.0, 0.08108108108108103],