{"1/4/2016": [13.6, ""], "1/5/2016": [13.35, -0.01838235294117647], "1/6/2016": [12.05, -0.09737827715355797], "1/7/2016": [10.85, -0.09958506224066398], "1/8/2016": [11.0, 0.013824884792626762], "1/11/2016": [9.9, -0.09999999999999996], "1/12/2016": [10.0, 0.010101010101010065], "1/13/2016": [9.91, -0.008999999999999985], "1/14/2016": [9.38, -0.05348133198789096], "1/15/2016": [9.39, 0.0010660980810234314], "1/18/2016": [9.5, 0.011714589989350311], "1/19/2016": [9.58, 0.008421052631578954], "1/20/2016": [9.48, -0.010438413361169066], "1/21/2016": [9.04, -0.046413502109704775], "1/22/2016": [9.05, 0.0011061946902656597], "1/25/2016": [9.32, 0.02983425414364636], "1/26/2016": [9.27, -0.005364806866952866], "1/27/2016": [9.48, 0.022653721682847988], "1/28/2016": [9.5, 0.0021097046413501657], "1/29/2016": [9.44, -0.006315789473684263], "1/30/2016": [9.45, 0.0010593220338982825], "2/1/2016": [9.56, 0.011640211640211768], "2/2/2016": [9.53, -0.00313807531380765], "2/3/2016": [9.5, -0.0031479538300104265], "2/15/2016": [9.01, -0.05157894736842108], "2/16/2016": [9.25, 0.02663706992230857], "2/17/2016": [9.24, -0.0010810810810810581], "2/18/2016": [9.42, 0.01948051948051945], "2/19/2016": [9.72, 0.03184713375796186], "2/22/2016": [9.52, -0.020576131687242906], "2/23/2016": [10.45, 0.09768907563025207], "2/24/2016": [10.05, -0.038277511961722355], "2/25/2016": [10.15, 0.009950248756218869], "2/26/2016": [10.1, -0.004926108374384306], "3/1/2016": [10.15, 0.004950495049505021], "3/2/2016": [10.2, 0.0049261083743841316], "3/3/2016": [11.2, 0.09803921568627452], "3/4/2016": [12.3, 0.09821428571428585], "3/7/2016": [13.5, 0.09756097560975603], "3/8/2016": [14.85, 0.09999999999999998], "3/9/2016": [14.55, -0.02020202020202013], "3/10/2016": [14.95, 0.027491408934707806], "3/11/2016": [13.85, -0.07357859531772573], "3/14/2016": [14.05, 0.014440433212996467], "3/15/2016": [13.8, -0.01779359430604982], "3/16/2016": [13.75, -0.0036231884057971527], "3/17/2016": [13.65, -0.007272727272727247], "3/18/2016": [13.65, 0.0], "3/21/2016": [14.1, 0.03296703296703291], "3/22/2016": [13.95, -0.010638297872340451], "3/23/2016": [14.15, 0.01433691756272409], "3/24/2016": [14.0, -0.010600706713780944], "3/25/2016": [15.4, 0.10000000000000002], "3/28/2016": [14.65, -0.048701298701298704], "3/29/2016": [14.65, 0.0], "3/30/2016": [16.1, 0.09897610921501714], "3/31/2016": [15.65, -0.027950310559006274], "4/1/2016": [15.95, 0.019169329073482358], "4/6/2016": [17.5, 0.09717868338557999], "4/7/2016": [17.3, -0.011428571428571389], "4/8/2016": [17.9, 0.03468208092485537], "4/11/2016": [19.65, 0.09776536312849163], "4/12/2016": [19.35, -0.015267175572518941], "4/13/2016": [20.6, 0.06459948320413436], "4/14/2016": [21.25, 0.03155339805825236], "4/15/2016": [22.2, 0.044705882352941144], "4/18/2016": [23.0, 0.03603603603603607], "4/19/2016": [22.75, -0.010869565217391304], "4/20/2016": [22.1, -0.028571428571428508], "4/21/2016": [23.4, 0.05882352941176457], "4/22/2016": [22.6, -0.03418803418803407], "4/25/2016": [21.05, -0.0685840707964602], "4/26/2016": [21.2, 0.007125890736341975], "4/27/2016": [21.05, -0.007075471698113141], "4/28/2016": [20.95, -0.0047505938242280955], "4/29/2016": [21.05, 0.004773269689737538], "5/3/2016": [20.5, -0.02612826603325419], "5/4/2016": [20.05, -0.021951219512195086], "5/5/2016": [18.05, -0.0997506234413965], "5/6/2016": [16.25, -0.09972299168975073], "5/9/2016": [15.75, -0.03076923076923077], "5/10/2016": [16.35, 0.03809523809523819], "5/11/2016": [15.9, -0.027522935779816578], "5/12/2016": [14.95, -0.05974842767295604], "5/13/2016": [14.05, -0.060200668896320975], "5/16/2016": [14.25, 0.014234875444839807], "5/17/2016": [14.45, 0.014035087719298196], "5/18/2016": [14.45, 0.0], "5/19/2016": [14.3, -0.010380622837370145], "5/20/2016": [14.2, -0.006993006993007092], "5/23/2016": [13.95, -0.017605633802816902], "5/24/2016": [13.7, -0.01792114695340502], "5/25/2016": [14.4, 0.05109489051094899], "5/26/2016": [14.3, -0.00694444444444442], "5/27/2016": [15.7, 0.09790209790209779], "5/30/2016": [17.25, 0.09872611464968158], "5/31/2016": [18.95, 0.09855072463768112], "6/1/2016": [18.7, -0.013192612137203167], "6/2/2016": [18.2, -0.026737967914438502], "6/3/2016": [19.2, 0.054945054945054944], "6/4/2016": [21.1, 0.09895833333333345], "6/6/2016": [23.0, 0.09004739336492884], "6/7/2016": [24.7, 0.07391304347826085], "6/8/2016": [23.9, -0.032388663967611364], "6/13/2016": [21.6, -0.09623430962343085], "6/14/2016": [23.0, 0.06481481481481474], "6/15/2016": [22.6, -0.017391304347826025], "6/16/2016": [23.0, 0.017699115044247725], "6/17/2016": [23.05, 0.0021739130434782917], "6/20/2016": [23.3, 0.010845986984815618], "6/21/2016": [23.5, 0.008583690987124432], "6/22/2016": [23.2, -0.012765957446808541], "6/23/2016": [23.5, 0.012931034482758652], "6/24/2016": [23.5, 0.0], "6/27/2016": [23.75, 0.010638297872340425], "6/28/2016": [26.1, 0.09894736842105269], "6/29/2016": [23.5, -0.09961685823754794], "6/30/2016": [23.0, -0.02127659574468085], "7/1/2016": [21.85, -0.04999999999999994], "7/4/2016": [21.45, -0.018306636155606505], "7/5/2016": [22.0, 0.025641025641025675], "7/6/2016": [21.5, -0.022727272727272728], "7/7/2016": [21.5, 0.0], "7/11/2016": [21.2, -0.013953488372093056], "7/12/2016": [20.75, -0.02122641509433959], "7/13/2016": [20.5, -0.012048192771084338], "7/14/2016": [22.55, 0.10000000000000003], "7/15/2016": [21.8, -0.03325942350332594], "7/18/2016": [21.8, 0.0], "7/19/2016": [21.6, -0.009174311926605472], "7/20/2016": [21.65, 0.0023148148148146833], "7/21/2016": [21.75, 0.004618937644341867], "7/22/2016": [21.5, -0.011494252873563218], "7/25/2016": [21.1, -0.01860465116279063], "7/26/2016": [20.9, -0.009478672985782125], "7/27/2016": [21.35, 0.021531100478469036], "7/28/2016": [21.55, 0.009367681498829005], "7/29/2016": [21.6, 0.002320185614849221], "8/1/2016": [21.2, -0.018518518518518615], "8/2/2016": [21.55, 0.01650943396226422], "8/3/2016": [21.25, -0.01392111368909516], "8/4/2016": [21.25, 0.0], "8/5/2016": [21.05, -0.00941176470588232], "8/8/2016": [20.6, -0.021377672209026095], "8/9/2016": [20.5, -0.004854368932038904], "8/10/2016": [20.4, -0.004878048780487874], "8/11/2016": [20.1, -0.014705882352941037], "8/12/2016": [20.1, 0.0], "8/15/2016": [19.0, -0.05472636815920405], "8/16/2016": [20.05, 0.05526315789473688], "8/17/2016": [19.95, -0.0049875311720698964], "8/18/2016": [20.05, 0.005012531328320874], "8/19/2016": [19.75, -0.01496259351620951], "8/22/2016": [19.05, -0.03544303797468351], "8/23/2016": [19.0, -0.002624671916010536], "8/24/2016": [18.6, -0.021052631578947295], "8/25/2016": [19.6, 0.05376344086021505], "8/26/2016": [19.15, -0.02295918367346953], "8/29/2016": [19.0, -0.007832898172323686], "8/30/2016": [18.95, -0.0026315789473684583], "8/31/2016": [18.55, -0.021108179419524992], "9/1/2016": [18.75, 0.01078167115902961], "9/2/2016": [18.3, -0.023999999999999962], "9/5/2016": [18.15, -0.008196721311475526], "9/6/2016": [18.3, 0.008264462809917474], "9/7/2016": [18.0, -0.01639344262295086], "9/8/2016": [17.95, -0.0027777777777778173], "9/9/2016": [17.7, -0.01392757660167131], "9/10/2016": [18.1, 0.022598870056497296], "9/12/2016": [18.05, -0.0027624309392265583], "9/13/2016": [18.1, 0.0027700831024931143], "9/14/2016": [16.85, -0.06906077348066297], "9/19/2016": [17.1, 0.014836795252225518], "9/20/2016": [16.95, -0.008771929824561528], "9/21/2016": [17.0, 0.0029498525073746733], "9/22/2016": [16.95, -0.002941176470588277], "9/23/2016": [17.35, 0.023598820058997178], "9/26/2016": [17.55, 0.01152737752161379], "9/29/2016": [17.35, -0.011396011396011355], "9/30/2016": [17.3, -0.002881844380403499], "10/3/2016": [17.2, -0.005780346820809331], "10/4/2016": [17.35, 0.008720930232558264], "10/5/2016": [17.2, -0.008645533141210497], "10/6/2016": [17.25, 0.002906976744186088], "10/7/2016": [17.05, -0.011594202898550683], "10/11/2016": [16.75, -0.017595307917888603], "10/12/2016": [16.7, -0.002985074626865714],