{"1/4/2016": [22.6, ""], "1/5/2016": [21.9, -0.030973451327433753], "1/6/2016": [21.4, -0.022831050228310504], "1/7/2016": [20.7, -0.032710280373831745], "1/8/2016": [21.15, 0.021739130434782573], "1/11/2016": [20.7, -0.02127659574468082], "1/12/2016": [21.0, 0.01449275362318844], "1/13/2016": [20.8, -0.00952380952380949], "1/14/2016": [21.0, 0.009615384615384581], "1/15/2016": [20.9, -0.00476190476190483], "1/18/2016": [21.2, 0.014354066985645968], "1/19/2016": [21.55, 0.01650943396226422], "1/20/2016": [20.6, -0.044083526682134534], "1/21/2016": [20.5, -0.004854368932038904], "1/22/2016": [20.3, -0.009756097560975575], "1/25/2016": [20.8, 0.02463054187192118], "1/26/2016": [20.6, -0.009615384615384581], "1/27/2016": [21.0, 0.01941747572815527], "1/28/2016": [21.5, 0.023809523809523808], "1/29/2016": [21.5, 0.0], "1/30/2016": [21.55, 0.00232558139534887], "2/1/2016": [21.3, -0.01160092807424594], "2/2/2016": [21.4, 0.004694835680751073], "2/3/2016": [21.45, 0.0023364485981308743], "2/15/2016": [21.25, -0.009324009324009291], "2/16/2016": [21.6, 0.016470588235294185], "2/17/2016": [22.1, 0.023148148148148147], "2/18/2016": [22.1, 0.0], "2/19/2016": [22.3, 0.009049773755656076], "2/22/2016": [22.15, -0.006726457399103235], "2/23/2016": [22.15, 0.0], "2/24/2016": [21.65, -0.022573363431151242], "2/25/2016": [21.8, 0.006928406466512801], "2/26/2016": [22.1, 0.013761467889908289], "3/1/2016": [22.45, 0.015837104072398092], "3/2/2016": [23.2, 0.0334075723830735], "3/3/2016": [22.95, -0.010775862068965518], "3/4/2016": [23.4, 0.01960784313725487], "3/7/2016": [22.85, -0.023504273504273383], "3/8/2016": [22.5, -0.015317286652078837], "3/9/2016": [22.4, -0.004444444444444508], "3/10/2016": [22.65, 0.011160714285714286], "3/11/2016": [22.55, -0.0044150110375275], "3/14/2016": [23.05, 0.022172949002217293], "3/15/2016": [22.3, -0.03253796095444685], "3/16/2016": [22.55, 0.011210762331838564], "3/17/2016": [22.3, -0.011086474501108647], "3/18/2016": [22.45, 0.006726457399103075], "3/21/2016": [22.35, -0.004454342984409705], "3/22/2016": [22.25, -0.004474272930648833], "3/23/2016": [21.95, -0.013483146067415762], "3/24/2016": [21.65, -0.013667425968109373], "3/25/2016": [21.65, 0.0], "3/28/2016": [21.95, 0.013856812933025438], "3/29/2016": [21.8, -0.006833712984054605], "3/30/2016": [22.1, 0.013761467889908289], "3/31/2016": [22.0, -0.004524886877828118], "4/1/2016": [21.65, -0.015909090909090973], "4/6/2016": [21.5, -0.0069284064665126365], "4/7/2016": [21.35, -0.006976744186046446], "4/8/2016": [21.3, -0.002341920374707293], "4/11/2016": [21.15, -0.0070422535211268605], "4/12/2016": [21.05, -0.004728132387706755], "4/13/2016": [21.35, 0.014251781472684119], "4/14/2016": [21.45, 0.00468384074941442], "4/15/2016": [21.25, -0.009324009324009291], "4/18/2016": [21.15, -0.004705882352941244], "4/19/2016": [21.15, 0.0], "4/20/2016": [20.85, -0.014184397163120433], "4/21/2016": [20.9, 0.002398081534772046], "4/22/2016": [20.7, -0.009569377990430589], "4/25/2016": [20.5, -0.009661835748792237], "4/26/2016": [20.7, 0.009756097560975575], "4/27/2016": [20.4, -0.01449275362318844], "4/28/2016": [20.2, -0.009803921568627416], "4/29/2016": [20.15, -0.0024752475247525104], "5/3/2016": [20.2, 0.0024813895781638073], "5/4/2016": [19.9, -0.014851485148514887], "5/5/2016": [19.8, -0.005025125628140597], "5/6/2016": [19.3, -0.025252525252525252], "5/9/2016": [19.05, -0.012953367875647668], "5/10/2016": [18.65, -0.0209973753280841], "5/11/2016": [18.45, -0.010723860589812294], "5/12/2016": [17.9, -0.02981029810298107], "5/13/2016": [17.55, -0.019553072625698206], "5/16/2016": [17.85, 0.017094017094017134], "5/17/2016": [18.35, 0.028011204481792715], "5/18/2016": [18.3, -0.002724795640327014], "5/19/2016": [18.2, -0.005464480874317017], "5/20/2016": [18.1, -0.005494505494505378], "5/23/2016": [19.15, 0.058011049723756744], "5/24/2016": [19.0, -0.007832898172323686], "5/25/2016": [19.15, 0.007894736842105189], "5/26/2016": [19.0, -0.007832898172323686], "5/27/2016": [19.05, 0.0026315789473684583], "5/30/2016": [18.9, -0.007874015748031607], "5/31/2016": [19.05, 0.00793650793650805], "6/1/2016": [19.15, 0.005249343832020885], "6/2/2016": [18.85, -0.015665796344647372], "6/3/2016": [18.55, -0.015915119363395264], "6/4/2016": [18.45, -0.005390835579514901], "6/6/2016": [18.75, 0.016260162601626056], "6/7/2016": [19.1, 0.01866666666666674], "6/8/2016": [18.85, -0.013089005235602092], "6/13/2016": [18.65, -0.010610079575596967], "6/14/2016": [18.7, 0.0026809651474531213], "6/15/2016": [18.65, -0.0026737967914438883], "6/16/2016": [18.5, -0.008042895442359173], "6/17/2016": [18.6, 0.005405405405405482], "6/20/2016": [18.55, -0.0026881720430107906], "6/21/2016": [18.85, 0.016172506738544513], "6/22/2016": [19.05, 0.010610079575596778], "6/23/2016": [19.15, 0.005249343832020885], "6/24/2016": [18.6, -0.028720626631853638], "6/27/2016": [18.55, -0.0026881720430107906], "6/28/2016": [18.6, 0.0026954177897574507], "6/29/2016": [18.7, 0.0053763440860213904], "6/30/2016": [18.9, 0.010695187165775364], "7/1/2016": [19.0, 0.005291005291005366], "7/4/2016": [19.1, 0.005263157894736917], "7/5/2016": [19.25, 0.007853403141361182], "7/6/2016": [19.05, -0.010389610389610353], "7/7/2016": [19.3, 0.013123359580052493], "7/11/2016": [19.75, 0.023316062176165765], "7/12/2016": [19.95, 0.010126582278480976], "7/13/2016": [19.85, -0.005012531328320695], "7/14/2016": [19.95, 0.005037783375314754], "7/15/2016": [20.0, 0.002506265664160437], "7/18/2016": [19.85, -0.007499999999999929], "7/19/2016": [19.9, 0.0025188916876572875], "7/20/2016": [19.95, 0.002512562814070388], "7/21/2016": [20.05, 0.005012531328320874], "7/22/2016": [20.15, 0.004987531172069719], "7/25/2016": [21.25, 0.05459057071960305], "7/26/2016": [21.1, -0.007058823529411698], "7/27/2016": [20.9, -0.009478672985782125], "7/28/2016": [20.75, -0.007177033492822899], "7/29/2016": [20.9, 0.007228915662650534], "8/1/2016": [21.7, 0.03827751196172252], "8/2/2016": [21.9, 0.009216589861751119], "8/3/2016": [22.05, 0.006849315068493248], "8/4/2016": [22.25, 0.009070294784580466], "8/5/2016": [22.0, -0.011235955056179775], "8/8/2016": [21.95, -0.002272727272727305], "8/9/2016": [22.2, 0.011389521640091117], "8/10/2016": [22.35, 0.006756756756756853], "8/11/2016": [22.15, -0.008948545861297666], "8/12/2016": [22.2, 0.0022573363431151565], "8/15/2016": [22.9, 0.0315315315315315], "8/16/2016": [22.85, -0.0021834061135369938], "8/17/2016": [22.55, -0.01312910284463898], "8/18/2016": [22.9, 0.015521064301552012], "8/19/2016": [22.8, -0.004366812227074143], "8/22/2016": [22.8, 0.0], "8/23/2016": [21.9, -0.03947368421052641], "8/24/2016": [22.3, 0.0182648401826485], "8/25/2016": [22.65, 0.015695067264573894], "8/26/2016": [22.8, 0.006622516556291485], "8/29/2016": [23.5, 0.03070175438596488], "8/30/2016": [24.1, 0.025531914893617082], "8/31/2016": [23.9, -0.00829875518672211], "9/1/2016": [23.65, -0.010460251046025106], "9/2/2016": [23.35, -0.012684989429175356], "9/5/2016": [23.95, 0.025695931477515966], "9/6/2016": [24.0, 0.00208768267223385], "9/7/2016": [23.95, -0.002083333333333363], "9/8/2016": [23.85, -0.004175365344467552], "9/9/2016": [23.6, -0.010482180293501047], "9/10/2016": [23.15, -0.01906779661016961], "9/12/2016": [22.8, -0.015118790496760168], "9/13/2016": [23.3, 0.021929824561403508], "9/14/2016": [23.55, 0.01072961373390558], "9/19/2016": [23.85, 0.012738853503184744], "9/20/2016": [24.0, 0.0062893081761005686], "9/21/2016": [23.85, -0.0062499999999999405], "9/22/2016": [23.95, 0.004192872117400329], "9/23/2016": [24.1, 0.006263048016701551], "9/26/2016": [23.8, -0.012448132780083016], "9/29/2016": [24.05, 0.010504201680672268], "9/30/2016": [23.9, -0.006237006237006326], "10/3/2016": [23.65, -0.010460251046025106], "10/4/2016": [24.4, 0.031712473572938694], "10/5/2016": [24.75, 0.014344262295082027], "10/6/2016": [24.9, 0.006060606060606003], "10/7/2016": [24.5, -0.016064257028112393], "10/11/2016": [23.55, -0.038775510204081605],