{"1/4/2016": [37.2, ""], "1/5/2016": [37.2, 0.0], "1/6/2016": [37.5, 0.008064516129032182], "1/7/2016": [37.5, 0.0], "1/8/2016": [37.5, 0.0], "1/11/2016": [37.5, 0.0], "1/12/2016": [37.5, 0.0], "1/13/2016": [37.5, 0.0], "1/14/2016": [37.1, -0.010666666666666628], "1/15/2016": [37.1, 0.0], "1/18/2016": [38.1, 0.026954177897574122], "1/19/2016": [37.9, -0.005249343832021072], "1/20/2016": [37.6, -0.007915567282321826], "1/21/2016": [37.6, 0.0], "1/22/2016": [37.2, -0.010638297872340387], "1/25/2016": [37.2, 0.0], "1/26/2016": [37.28, 0.002150537634408556], "1/27/2016": [37.0, -0.007510729613733936], "1/28/2016": [38.5, 0.04054054054054054], "1/29/2016": [37.1, -0.03636363636363633], "1/30/2016": [37.5, 0.01078167115902961], "2/1/2016": [37.5, 0.0], "2/2/2016": [36.51, -0.026400000000000052], "2/3/2016": [36.5, -0.00027389756231164093], "2/15/2016": [35.5, -0.0273972602739726], "2/16/2016": [35.5, 0.0], "2/17/2016": [35.98, 0.013521126760563293], "2/18/2016": [35.5, -0.0133407448582545], "2/19/2016": [35.5, 0.0], "2/22/2016": [35.5, 0.0], "2/23/2016": [35.5, 0.0], "2/24/2016": [35.5, 0.0], "2/25/2016": [35.5, 0.0], "2/26/2016": [35.5, 0.0], "3/1/2016": [35.0, -0.014084507042253521], "3/2/2016": [35.0, 0.0], "3/3/2016": [34.86, -0.0040000000000000166], "3/4/2016": [34.99, 0.0037292025243833207], "3/7/2016": [34.99, 0.0], "3/8/2016": [34.99, 0.0], "3/9/2016": [34.0, -0.028293798228065218], "3/10/2016": [32.0, -0.058823529411764705], "3/11/2016": [32.0, 0.0], "3/14/2016": [31.93, -0.002187500000000009], "3/15/2016": [31.3, -0.01973066082054491], "3/16/2016": [30.8, -0.01597444089456869], "3/17/2016": [30.8, 0.0], "3/18/2016": [30.9, 0.0032467532467531776], "3/21/2016": [30.91, 0.00032362459546930625], "3/22/2016": [32.63, 0.05564542219346497], "3/23/2016": [32.5, -0.003984063745019998], "3/24/2016": [32.5, 0.0], "3/25/2016": [31.51, -0.030461538461538415], "3/28/2016": [32.29, 0.024754046334496908], "3/29/2016": [32.0, -0.008981108702384614], "3/30/2016": [32.0, 0.0], "3/31/2016": [31.6, -0.012499999999999956], "4/1/2016": [31.59, -0.0003164556962025811], "4/6/2016": [31.35, -0.007597340930674215], "4/7/2016": [31.0, -0.011164274322169104], "4/8/2016": [31.4, 0.012903225806451568], "4/11/2016": [31.4, 0.0], "4/12/2016": [30.8, -0.019108280254777003], "4/13/2016": [30.1, -0.022727272727272704], "4/14/2016": [29.93, -0.005647840531561518], "4/15/2016": [29.0, -0.031072502505846967], "4/18/2016": [29.1, 0.0034482758620690145], "4/19/2016": [28.77, -0.011340206185567074], "4/20/2016": [28.4, -0.012860618700034793], "4/21/2016": [29.0, 0.021126760563380333], "4/22/2016": [28.1, -0.03103448275862064], "4/25/2016": [28.1, 0.0], "4/26/2016": [28.2, 0.0035587188612098883], "4/27/2016": [28.49, 0.010283687943262381], "4/28/2016": [28.3, -0.00666900666900659], "4/29/2016": [28.5, 0.007067137809187254], "5/3/2016": [28.5, 0.0], "5/4/2016": [28.69, 0.006666666666666711], "5/5/2016": [29.57, 0.030672708260717985], "5/6/2016": [30.1, 0.017923571187013904], "5/9/2016": [28.5, -0.053156146179402036], "5/10/2016": [28.8, 0.01052631578947371], "5/11/2016": [28.5, -0.01041666666666669], "5/12/2016": [28.43, -0.002456140350877203], "5/13/2016": [28.1, -0.011607456911712919], "5/16/2016": [27.7, -0.014234875444839933], "5/17/2016": [26.9, -0.028880866425992805], "5/18/2016": [26.88, -0.0007434944237918057], "5/19/2016": [26.88, 0.0], "5/20/2016": [26.4, -0.017857142857142873], "5/23/2016": [26.4, 0.0], "5/24/2016": [26.2, -0.007575757575757549], "5/25/2016": [26.4, 0.007633587786259515], "5/26/2016": [26.4, 0.0], "5/27/2016": [26.2, -0.007575757575757549], "5/30/2016": [26.05, -0.005725190839694603], "5/31/2016": [26.0, -0.0019193857965451328], "6/1/2016": [25.91, -0.003461538461538456], "6/2/2016": [25.99, 0.003087610961018846], "6/3/2016": [25.99, 0.0], "6/4/2016": [26.1, 0.004232397075798499], "6/6/2016": [26.9, 0.030651340996168473], "6/7/2016": [26.85, -0.0018587360594794484], "6/8/2016": [26.75, -0.0037243947858473527], "6/13/2016": [27.5, 0.028037383177570093], "6/14/2016": [27.3, -0.007272727272727247], "6/15/2016": [27.3, 0.0], "6/16/2016": [27.8, 0.018315018315018316], "6/17/2016": [27.93, 0.0046762589928057196], "6/20/2016": [27.9, -0.001074113856068784], "6/21/2016": [27.55, -0.012544802867383437], "6/22/2016": [27.55, 0.0], "6/23/2016": [27.5, -0.0018148820326679023], "6/24/2016": [27.55, 0.001818181818181844], "6/27/2016": [27.0, -0.019963702359346667], "6/28/2016": [27.0, 0.0], "6/29/2016": [27.0, 0.0], "6/30/2016": [27.0, 0.0], "7/1/2016": [27.0, 0.0], "7/4/2016": [27.0, 0.0], "7/5/2016": [27.0, 0.0], "7/6/2016": [26.9, -0.0037037037037037563], "7/7/2016": [26.9, 0.0], "7/11/2016": [26.9, 0.0], "7/12/2016": [26.1, -0.029739776951672757], "7/13/2016": [26.09, -0.00038314176245216714], "7/14/2016": [26.0, -0.00344959754695285], "7/15/2016": [26.19, 0.007307692307692357], "7/18/2016": [26.0, -0.0072546773577701895], "7/19/2016": [26.01, 0.00038461538461544473], "7/20/2016": [24.6, -0.05420991926182238], "7/21/2016": [24.69, 0.003658536585365848], "7/22/2016": [24.0, -0.027946537059538326], "7/25/2016": [23.8, -0.008333333333333304], "7/26/2016": [23.61, -0.007983193277310978], "7/27/2016": [23.61, 0.0], "7/28/2016": [23.4, -0.008894536213468906], "7/29/2016": [23.5, 0.004273504273504335], "8/1/2016": [23.0, -0.02127659574468085], "8/2/2016": [23.0, 0.0], "8/3/2016": [23.0, 0.0], "8/4/2016": [22.9, -0.004347826086956583], "8/5/2016": [22.9, 0.0], "8/8/2016": [22.9, 0.0], "8/9/2016": [22.7, -0.008733624454148442], "8/10/2016": [22.7, 0.0], "8/11/2016": [22.7, 0.0], "8/12/2016": [22.7, 0.0], "8/15/2016": [21.9, -0.03524229074889871], "8/16/2016": [20.04, -0.08493150684931505], "8/17/2016": [20.09, 0.0024950099800399557], "8/18/2016": [19.51, -0.028870084619213456], "8/19/2016": [19.15, -0.018452075858534235], "8/22/2016": [19.15, 0.0], "8/23/2016": [19.07, -0.004177545691905917], "8/24/2016": [19.07, 0.0], "8/25/2016": [19.09, 0.0010487676979548807], "8/26/2016": [19.09, 0.0], "8/29/2016": [19.09, 0.0], "8/30/2016": [19.0, -0.0047145102147721244], "8/31/2016": [18.97, -0.0015789473684211124], "9/1/2016": [18.55, -0.022140221402213927], "9/2/2016": [18.53, -0.0010781671159029419], "9/5/2016": [18.53, 0.0], "9/6/2016": [18.53, 0.0], "9/7/2016": [18.53, 0.0], "9/8/2016": [18.0, -0.028602266594711337], "9/9/2016": [18.0, 0.0], "9/10/2016": [17.99, -0.0005555555555556424], "9/12/2016": [14.6, -0.18843802112284597], "9/13/2016": [14.7, 0.006849315068493127], "9/14/2016": [14.7, 0.0], "9/19/2016": [14.85, 0.010204081632653086], "9/20/2016": [14.5, -0.023569023569023545], "9/21/2016": [14.5, 0.0], "9/22/2016": [15.0, 0.034482758620689655], "9/23/2016": [15.0, 0.0], "9/26/2016": [15.78, 0.051999999999999956], "9/29/2016": [15.9, 0.007604562737642649], "9/30/2016": [15.9, 0.0], "10/3/2016": [15.8, -0.006289308176100607], "10/4/2016": [15.7, -0.006329113924050722], "10/5/2016": [15.8, 0.006369426751592447], "10/6/2016": [15.5, -0.018987341772151944], "10/7/2016": [14.82, -0.04387096774193547], "10/11/2016": [13.38, -0.09716599190283397], "10/12/2016": [13.38, 0.0], "10/13/2016": [13.38, 0.0], "10/14/2016": [12.9, -0.035874439461883435], "10/17/2016": [12.8, -0.007751937984496096], "10/18/2016": [12.85, 0.0039062499999999167], "10/19/2016": [12.8, -0.0038910505836575048], "10/20/2016": [12.8, 0.0], "10/21/2016": [12.8, 0.0], "10/24/2016": [13.3, 0.0390625], "10/25/2016": [13.3, 0.0], "10/26/2016": [13.2, -0.007518796992481309], "10/27/2016": [13.2, 0.0], "10/28/2016": [13.2, 0.0], "10/31/2016": [13.2, 0.0], "11/1/2016": [13.05, -0.011363636363636256], "11/2/2016": [13.19, 0.010727969348658911], "11/3/2016": [13.21, 0.0015163002274451364], "11/4/2016": [13.63, 0.03179409538228614], "11/7/2016": [13.63, 0.0], "11/8/2016": [13.4, -0.016874541452677947], "11/9/2016": [13.7, 0.022388059701492456], "11/10/2016": [13.6, -0.007299270072992675], "11/11/2016": [13.64, 0.0029411764705883033], "11/14/2016": [13.64, 0.0], "11/15/2016": [13.4, -0.01759530791788858],