{"1/4/2016": [442.2, ""], "1/5/2016": [442.2, 0.0], "1/6/2016": [442.2, 0.0], "1/7/2016": [421.5, -0.04681139755766619], "1/8/2016": [425.0, 0.00830367734282325], "1/11/2016": [418.0, -0.01647058823529412], "1/12/2016": [420.0, 0.004784688995215311], "1/13/2016": [418.0, -0.004761904761904762], "1/14/2016": [418.0, 0.0], "1/15/2016": [410.0, -0.019138755980861243], "1/18/2016": [414.0, 0.00975609756097561], "1/19/2016": [414.0, 0.0], "1/20/2016": [403.11, -0.026304347826086923], "1/21/2016": [403.11, 0.0], "1/22/2016": [403.11, 0.0], "1/25/2016": [412.0, 0.022053533774900116], "1/26/2016": [412.0, 0.0], "1/27/2016": [412.0, 0.0], "1/28/2016": [412.0, 0.0], "1/29/2016": [412.0, 0.0], "1/30/2016": [412.0, 0.0], "2/1/2016": [412.0, 0.0], "2/2/2016": [412.0, 0.0], "2/3/2016": [400.01, -0.029101941747572836], "2/15/2016": [402.5, 0.00622484437889055], "2/16/2016": [401.0, -0.0037267080745341614], "2/17/2016": [402.01, 0.0025187032418952393], "2/18/2016": [402.5, 0.0012188751523594167], "2/19/2016": [402.99, 0.0012173913043478487], "2/22/2016": [400.99, -0.004962902305268121], "2/23/2016": [402.43, 0.0035911119978054257], "2/24/2016": [402.43, 0.0], "2/25/2016": [396.0, -0.015977934050642364], "2/26/2016": [393.0, -0.007575757575757576], "3/1/2016": [391.0, -0.005089058524173028], "3/2/2016": [393.0, 0.005115089514066497], "3/3/2016": [384.0, -0.022900763358778626], "3/4/2016": [384.0, 0.0], "3/7/2016": [383.8, -0.0005208333333333037], "3/8/2016": [383.8, 0.0], "3/9/2016": [387.93, 0.01076081292339759], "3/10/2016": [389.0, 0.002758229577501078], "3/11/2016": [389.01, 2.570694087401261e-05], "3/14/2016": [396.08, 0.018174339991259846], "3/15/2016": [396.0, -0.00020197939810135348], "3/16/2016": [390.0, -0.015151515151515152], "3/17/2016": [391.39, 0.003564102564102529], "3/18/2016": [388.0, -0.008661437440915676], "3/21/2016": [388.0, 0.0], "3/22/2016": [388.0, 0.0], "3/23/2016": [389.0, 0.002577319587628866], "3/24/2016": [389.99, 0.0025449871465295865], "3/25/2016": [383.0, -0.017923536500935946], "3/28/2016": [385.0, 0.005221932114882507], "3/29/2016": [380.0, -0.012987012987012988], "3/30/2016": [381.0, 0.002631578947368421], "3/31/2016": [384.0, 0.007874015748031496], "4/1/2016": [384.0, 0.0], "4/6/2016": [383.99, -2.6041666666642982e-05], "4/7/2016": [390.0, 0.01565144925649103], "4/8/2016": [416.0, 0.06666666666666667], "4/11/2016": [400.0, -0.038461538461538464], "4/12/2016": [398.0, -0.005], "4/13/2016": [396.0, -0.005025125628140704], "4/14/2016": [394.13, -0.0047222222222222335], "4/15/2016": [421.0, 0.06817547509704922], "4/18/2016": [408.0, -0.030878859857482184], "4/19/2016": [405.0, -0.007352941176470588], "4/20/2016": [400.0, -0.012345679012345678], "4/21/2016": [404.0, 0.01], "4/22/2016": [399.0, -0.012376237623762377], "4/25/2016": [401.49, 0.0062406015037594215], "4/26/2016": [396.0, -0.013674064111185855], "4/27/2016": [398.0, 0.005050505050505051], "4/28/2016": [397.0, -0.002512562814070352], "4/29/2016": [387.0, -0.02518891687657431], "5/3/2016": [390.0, 0.007751937984496124], "5/4/2016": [394.0, 0.010256410256410256], "5/5/2016": [388.0, -0.015228426395939087], "5/6/2016": [392.0, 0.010309278350515464], "5/9/2016": [392.0, 0.0], "5/10/2016": [406.0, 0.03571428571428571], "5/11/2016": [400.0, -0.014778325123152709], "5/12/2016": [398.0, -0.005], "5/13/2016": [395.0, -0.007537688442211055], "5/16/2016": [400.0, 0.012658227848101266], "5/17/2016": [405.0, 0.0125], "5/18/2016": [401.5, -0.008641975308641974], "5/19/2016": [406.0, 0.0112079701120797], "5/20/2016": [427.99, 0.054162561576354705], "5/23/2016": [459.9, 0.07455781677141982], "5/24/2016": [544.0, 0.18286584040008702], "5/25/2016": [546.99, 0.005496323529411782], "5/26/2016": [522.0, -0.045686392804256036], "5/27/2016": [499.99, -0.04216475095785439], "5/30/2016": [529.99, 0.06000120002400048], "5/31/2016": [540.0, 0.018887148814128552], "6/1/2016": [539.99, -1.8518518518501676e-05], "6/2/2016": [524.0, -0.029611659475175484], "6/3/2016": [517.94, -0.011564885496183102], "6/4/2016": [539.75, 0.042109124609027965], "6/6/2016": [560.0, 0.03751736915238536], "6/7/2016": [538.58, -0.03824999999999993], "6/8/2016": [539.88, 0.0024137546882542138], "6/13/2016": [518.5, -0.039601392902126394], "6/14/2016": [523.0, 0.008678881388621022], "6/15/2016": [512.75, -0.01959847036328872], "6/16/2016": [510.94, -0.0035299853729887903], "6/17/2016": [515.0, 0.007946138489842255], "6/20/2016": [510.0, -0.009708737864077669], "6/21/2016": [510.0, 0.0], "6/22/2016": [513.7, 0.007254901960784403], "6/23/2016": [515.0, 0.002530659918240129], "6/24/2016": [505.0, -0.019417475728155338], "6/27/2016": [511.79, 0.013445544554455485], "6/28/2016": [509.86, -0.003771077981203241], "6/29/2016": [509.04, -0.0016082846271525382], "6/30/2016": [511.67, 0.0051665880873801575], "7/1/2016": [491.0, -0.04039713096331623], "7/4/2016": [490.8, -0.00040733197556005833], "7/5/2016": [495.0, 0.008557457212713913], "7/6/2016": [492.0, -0.006060606060606061], "7/7/2016": [499.91, 0.016077235772357774], "7/11/2016": [446.99, -0.1058590546298334], "7/12/2016": [420.0, -0.06038166401932931], "7/13/2016": [440.0, 0.047619047619047616], "7/14/2016": [438.99, -0.0022954545454545246], "7/15/2016": [458.0, 0.04330394769812522], "7/18/2016": [455.99, -0.004388646288209587], "7/19/2016": [449.98, -0.013180113598982414], "7/20/2016": [436.97, -0.028912396106493602], "7/21/2016": [435.11, -0.004256585120260003], "7/22/2016": [440.0, 0.011238537381351811], "7/25/2016": [441.99, 0.004522727272727294], "7/26/2016": [440.0, -0.004502364306884792], "7/27/2016": [436.0, -0.00909090909090909], "7/28/2016": [440.0, 0.009174311926605505], "7/29/2016": [445.0, 0.011363636363636364], "8/1/2016": [442.0, -0.006741573033707865], "8/2/2016": [435.0, -0.01583710407239819], "8/3/2016": [432.0, -0.006896551724137931], "8/4/2016": [410.65, -0.04942129629629635], "8/5/2016": [418.0, 0.01789845367100943], "8/8/2016": [425.99, 0.01911483253588519], "8/9/2016": [419.9, -0.014296110237329589], "8/10/2016": [448.5, 0.06811145510835918], "8/11/2016": [460.0, 0.02564102564102564], "8/12/2016": [492.0, 0.06956521739130435], "8/15/2016": [510.0, 0.036585365853658534], "8/16/2016": [492.92, -0.033490196078431345], "8/17/2016": [506.0, 0.02653574616570637], "8/18/2016": [500.0, -0.011857707509881422], "8/19/2016": [480.01, -0.039980000000000016], "8/22/2016": [497.0, 0.035395095935501365], "8/23/2016": [498.0, 0.002012072434607646], "8/24/2016": [493.0, -0.010040160642570281], "8/25/2016": [489.0, -0.008113590263691683], "8/26/2016": [497.0, 0.016359918200409], "8/29/2016": [493.0, -0.008048289738430584], "8/30/2016": [486.0, -0.014198782961460446], "8/31/2016": [492.0, 0.012345679012345678], "9/1/2016": [490.0, -0.0040650406504065045], "9/2/2016": [490.0, 0.0], "9/5/2016": [500.0, 0.02040816326530612], "9/6/2016": [522.0, 0.044], "9/7/2016": [532.0, 0.019157088122605363], "9/8/2016": [532.0, 0.0], "9/9/2016": [504.75, -0.051221804511278196], "9/10/2016": [487.5, -0.03417533432392273], "9/12/2016": [492.0, 0.009230769230769232], "9/13/2016": [492.0, 0.0], "9/14/2016": [490.0, -0.0040650406504065045], "9/19/2016": [494.5, 0.009183673469387756], "9/20/2016": [492.0, -0.005055611729019211], "9/21/2016": [488.8, -0.006504065040650383], "9/22/2016": [482.0, -0.013911620294599041], "9/23/2016": [472.12, -0.02049792531120331], "9/26/2016": [475.48, 0.007116834703041628], "9/29/2016": [474.0, -0.003112644064944936], "9/30/2016": [473.2, -0.0016877637130801927], "10/3/2016": [481.9, 0.01838546069315298], "10/4/2016": [485.0, 0.0064328698900187236], "10/5/2016": [475.0, -0.020618556701030927], "10/6/2016": [476.6, 0.003368421052631627], "10/7/2016": [478.0, 0.002937473772555554], "10/11/2016": [474.0, -0.008368200836820083], "10/12/2016": [470.12, -0.00818565400843881], "10/13/2016": [472.5, 0.005062537224538406], "10/14/2016": [451.5, -0.044444444444444446], "10/17/2016": [455.0, 0.007751937984496124], "10/18/2016": [453.32, -0.0036923076923077074],