{"1/4/2016": [12.3, ""], "1/5/2016": [12.1, -0.0162601626016261], "1/6/2016": [11.45, -0.05371900826446284], "1/7/2016": [11.4, -0.004366812227074143], "1/8/2016": [11.65, 0.021929824561403508], "1/11/2016": [11.05, -0.051502145922746746], "1/12/2016": [10.45, -0.05429864253393678], "1/13/2016": [10.4, -0.004784688995215209], "1/14/2016": [10.2, -0.019230769230769332], "1/15/2016": [10.1, -0.009803921568627416], "1/18/2016": [11.1, 0.09900990099009901], "1/19/2016": [11.1, 0.0], "1/20/2016": [10.95, -0.013513513513513545], "1/21/2016": [10.95, 0.0], "1/22/2016": [10.95, 0.0], "1/25/2016": [11.15, 0.0182648401826485], "1/26/2016": [11.1, -0.004484304932735489], "1/27/2016": [10.95, -0.013513513513513545], "1/28/2016": [11.0, 0.004566210045662165], "1/29/2016": [11.3, 0.027272727272727337], "1/30/2016": [11.95, 0.05752212389380518], "2/1/2016": [11.85, -0.008368200836820055], "2/2/2016": [11.7, -0.012658227848101297], "2/3/2016": [11.3, -0.03418803418803407], "2/15/2016": [11.0, -0.026548672566371743], "2/16/2016": [11.2, 0.01818181818181812], "2/17/2016": [11.15, -0.0044642857142856195], "2/18/2016": [11.3, 0.01345291479820631], "2/19/2016": [11.3, 0.0], "2/22/2016": [12.25, 0.08407079646017693], "2/23/2016": [12.25, 0.0], "2/24/2016": [11.9, -0.028571428571428543], "2/25/2016": [12.25, 0.02941176470588232], "2/26/2016": [12.0, -0.02040816326530612], "3/1/2016": [12.1, 0.008333333333333304], "3/2/2016": [12.3, 0.016528925619834798], "3/3/2016": [12.2, -0.008130081300813123], "3/4/2016": [12.95, 0.06147540983606558], "3/7/2016": [12.9, -0.003861003861003779], "3/8/2016": [13.45, 0.0426356589147286], "3/9/2016": [13.05, -0.029739776951672757], "3/10/2016": [13.0, -0.0038314176245211272], "3/11/2016": [13.1, 0.007692307692307665], "3/14/2016": [13.35, 0.019083969465648856], "3/15/2016": [12.75, -0.04494382022471908], "3/16/2016": [13.1, 0.027450980392156835], "3/17/2016": [12.65, -0.034351145038167885], "3/18/2016": [12.55, -0.00790513833992092], "3/21/2016": [12.2, -0.027888446215139553], "3/22/2016": [12.1, -0.00819672131147538], "3/23/2016": [11.85, -0.02066115702479339], "3/24/2016": [11.6, -0.02109704641350211], "3/25/2016": [11.65, 0.004310344827586268], "3/28/2016": [12.3, 0.055793991416309044], "3/29/2016": [11.9, -0.03252032520325206], "3/30/2016": [11.7, -0.01680672268907572], "3/31/2016": [11.25, -0.0384615384615384], "4/1/2016": [11.5, 0.022222222222222223], "4/6/2016": [11.4, -0.008695652173913012], "4/7/2016": [11.0, -0.03508771929824565], "4/8/2016": [10.8, -0.01818181818181812], "4/11/2016": [10.35, -0.04166666666666676], "4/12/2016": [10.95, 0.05797101449275359], "4/13/2016": [10.65, -0.027397260273972508], "4/14/2016": [11.0, 0.032863849765258184], "4/15/2016": [11.1, 0.00909090909090906], "4/18/2016": [10.95, -0.013513513513513545], "4/19/2016": [11.05, 0.00913242009132433], "4/20/2016": [10.85, -0.018099547511312312], "4/21/2016": [10.7, -0.013824884792626762], "4/22/2016": [10.7, 0.0], "4/25/2016": [10.4, -0.028037383177569996], "4/26/2016": [10.2, -0.019230769230769332], "4/27/2016": [10.1, -0.009803921568627416], "4/28/2016": [9.84, -0.025742574257425724], "4/29/2016": [9.36, -0.04878048780487809], "5/3/2016": [8.45, -0.09722222222222224], "5/4/2016": [8.72, 0.031952662721893656], "5/5/2016": [9.13, 0.04701834862385322], "5/6/2016": [9.0, -0.014238773274917937], "5/9/2016": [8.9, -0.011111111111111072], "5/10/2016": [8.83, -0.007865168539325874], "5/11/2016": [8.71, -0.01359003397508485], "5/12/2016": [8.45, -0.029850746268656893], "5/13/2016": [8.0, -0.0532544378698224], "5/16/2016": [7.87, -0.016249999999999987], "5/17/2016": [8.09, 0.02795425667090213], "5/18/2016": [8.23, 0.017305315203955573], "5/19/2016": [8.08, -0.0182260024301337], "5/20/2016": [8.12, 0.004950495049504845], "5/23/2016": [8.57, 0.055418719211822794], "5/24/2016": [8.6, 0.003500583430571687], "5/25/2016": [9.09, 0.05697674418604654], "5/26/2016": [9.06, -0.00330033003300323], "5/27/2016": [9.0, -0.006622516556291445], "5/30/2016": [8.99, -0.0011111111111110875], "5/31/2016": [9.01, 0.0022246941045605756], "6/1/2016": [8.95, -0.006659267480577192], "6/2/2016": [8.93, -0.0022346368715083324], "6/3/2016": [9.05, 0.01343784994400907], "6/4/2016": [9.0, -0.0055248618784531165], "6/6/2016": [8.89, -0.012222222222222159], "6/7/2016": [8.93, 0.004499437570303616], "6/8/2016": [9.82, 0.09966405375139985], "6/13/2016": [10.8, 0.09979633401222], "6/14/2016": [10.85, 0.0046296296296295305], "6/15/2016": [11.15, 0.027649769585253524], "6/16/2016": [10.9, -0.02242152466367713], "6/17/2016": [10.9, 0.0], "6/20/2016": [10.65, -0.02293577981651376], "6/21/2016": [10.65, 0.0], "6/22/2016": [10.8, 0.014084507042253554], "6/23/2016": [10.9, 0.009259259259259226], "6/24/2016": [10.5, -0.03669724770642205], "6/27/2016": [10.9, 0.038095238095238126], "6/28/2016": [11.95, 0.09633027522935769], "6/29/2016": [11.65, -0.025104602510460164], "6/30/2016": [11.6, -0.0042918454935622925], "7/1/2016": [11.9, 0.025862068965517303], "7/4/2016": [12.55, 0.054621848739495826], "7/5/2016": [12.7, 0.011952191235059646], "7/6/2016": [12.2, -0.03937007874015748], "7/7/2016": [12.05, -0.012295081967212998], "7/11/2016": [12.1, 0.004149377593360907], "7/12/2016": [12.1, 0.0], "7/13/2016": [12.2, 0.008264462809917326], "7/14/2016": [12.1, -0.00819672131147538], "7/15/2016": [11.85, -0.02066115702479339], "7/18/2016": [11.85, 0.0], "7/19/2016": [11.85, 0.0], "7/20/2016": [12.3, 0.03797468354430389], "7/21/2016": [12.25, -0.004065040650406562], "7/22/2016": [12.25, 0.0], "7/25/2016": [12.0, -0.02040816326530612], "7/26/2016": [12.0, 0.0], "7/27/2016": [12.35, 0.029166666666666636], "7/28/2016": [12.35, 0.0], "7/29/2016": [12.5, 0.01214574898785428], "8/1/2016": [12.6, 0.007999999999999972], "8/2/2016": [13.1, 0.03968253968253968], "8/3/2016": [12.9, -0.01526717557251903], "8/4/2016": [12.85, -0.003875968992248117], "8/5/2016": [12.85, 0.0], "8/8/2016": [13.05, 0.015564202334630434], "8/9/2016": [12.85, -0.015325670498084372], "8/10/2016": [12.75, -0.0077821011673151474], "8/11/2016": [12.75, 0.0], "8/12/2016": [12.1, -0.05098039215686277], "8/15/2016": [13.05, 0.07851239669421496], "8/16/2016": [12.85, -0.015325670498084372], "8/17/2016": [12.4, -0.03501945525291823], "8/18/2016": [12.3, -0.008064516129032228], "8/19/2016": [12.2, -0.008130081300813123], "8/22/2016": [11.75, -0.03688524590163929], "8/23/2016": [11.8, 0.004255319148936231], "8/24/2016": [11.85, 0.00423728813559313], "8/25/2016": [12.5, 0.054852320675105516], "8/26/2016": [12.3, -0.015999999999999945], "8/29/2016": [12.3, 0.0], "8/30/2016": [12.1, -0.0162601626016261], "8/31/2016": [12.0, -0.008264462809917326], "9/1/2016": [12.45, 0.03749999999999994], "9/2/2016": [12.1, -0.02811244979919676], "9/5/2016": [12.05, -0.004132231404958589], "9/6/2016": [12.05, 0.0], "9/7/2016": [12.35, 0.024896265560165887], "9/8/2016": [12.25, -0.008097165991902806], "9/9/2016": [12.25, 0.0], "9/10/2016": [12.1, -0.012244897959183702], "9/12/2016": [11.85, -0.02066115702479339], "9/13/2016": [11.55, -0.02531645569620244], "9/14/2016": [11.8, 0.021645021645021644], "9/19/2016": [12.5, 0.059322033898305024], "9/20/2016": [12.45, -0.0040000000000000565], "9/21/2016": [12.1, -0.02811244979919676], "9/22/2016": [12.0, -0.008264462809917326], "9/23/2016": [11.75, -0.020833333333333332], "9/26/2016": [11.45, -0.025531914893617082], "9/29/2016": [11.45, 0.0], "9/30/2016": [11.45, 0.0], "10/3/2016": [11.45, 0.0], "10/4/2016": [11.45, 0.0], "10/5/2016": [11.45, 0.0], "10/6/2016": [11.45, 0.0], "10/7/2016": [11.45, 0.0], "10/11/2016": [18.2, 0.5895196506550219], "10/12/2016": [16.9, -0.07142857142857147], "10/13/2016": [15.6, -0.07692307692307687], "10/14/2016": [14.2, -0.08974358974358977], "10/17/2016": [14.0, -0.014084507042253471], "10/18/2016": [14.35, 0.024999999999999974], "10/19/2016": [14.25, -0.006968641114982554], "10/20/2016": [14.2, -0.0035087719298246113], "10/21/2016": [15.05, 0.059859154929577565], "10/24/2016": [16.55, 0.09966777408637874],