{"1/4/2016": [71.5, ""], "1/5/2016": [70.2, -0.018181818181818143], "1/6/2016": [69.6, -0.008547008547008668], "1/7/2016": [68.1, -0.021551724137931036], "1/8/2016": [68.4, 0.004405286343612502], "1/11/2016": [67.9, -0.007309941520467836], "1/12/2016": [67.0, -0.013254786450662822], "1/13/2016": [67.2, 0.002985074626865714], "1/14/2016": [66.3, -0.013392857142857227], "1/15/2016": [66.8, 0.007541478129713424], "1/18/2016": [68.3, 0.02245508982035928], "1/19/2016": [71.8, 0.05124450951683748], "1/20/2016": [70.0, -0.025069637883008318], "1/21/2016": [69.6, -0.005714285714285796], "1/22/2016": [70.5, 0.012931034482758704], "1/25/2016": [70.0, -0.0070921985815602835], "1/26/2016": [69.7, -0.004285714285714245], "1/27/2016": [69.7, 0.0], "1/28/2016": [69.6, -0.001434720229555359], "1/29/2016": [70.3, 0.010057471264367858], "1/30/2016": [69.0, -0.018492176386913188], "2/1/2016": [69.6, 0.00869565217391296], "2/2/2016": [69.2, -0.005747126436781487], "2/3/2016": [69.1, -0.0014450867052024352], "2/15/2016": [70.0, 0.013024602026049287], "2/16/2016": [71.0, 0.014285714285714285], "2/17/2016": [71.4, 0.0056338028169014885], "2/18/2016": [72.4, 0.014005602240896357], "2/19/2016": [72.3, -0.0013812154696133774], "2/22/2016": [72.3, 0.0], "2/23/2016": [73.2, 0.012448132780083066], "2/24/2016": [72.5, -0.009562841530054683], "2/25/2016": [72.5, 0.0], "2/26/2016": [72.1, -0.005517241379310423], "3/1/2016": [73.0, 0.01248266296809994], "3/2/2016": [73.9, 0.012328767123287749], "3/3/2016": [75.6, 0.023004059539918655], "3/4/2016": [75.2, -0.005291005291005179], "3/7/2016": [76.0, 0.010638297872340387], "3/8/2016": [75.5, -0.006578947368421052], "3/9/2016": [74.5, -0.013245033112582781], "3/10/2016": [76.2, 0.022818791946308762], "3/11/2016": [76.0, -0.002624671916010536], "3/14/2016": [76.0, 0.0], "3/15/2016": [74.1, -0.025000000000000074], "3/16/2016": [75.0, 0.01214574898785433], "3/17/2016": [74.9, -0.0013333333333332576], "3/18/2016": [74.1, -0.01068090787716971], "3/21/2016": [74.3, 0.0026990553306343165], "3/22/2016": [73.6, -0.009421265141319015], "3/23/2016": [73.6, 0.0], "3/24/2016": [71.5, -0.0285326086956521], "3/25/2016": [71.6, 0.001398601398601319], "3/28/2016": [71.2, -0.005586592178770831], "3/29/2016": [69.7, -0.021067415730337078], "3/30/2016": [68.8, -0.012912482065997212], "3/31/2016": [68.9, 0.0014534883720931473], "4/1/2016": [69.2, 0.004354136429608086], "4/6/2016": [69.0, -0.0028901734104046653], "4/7/2016": [68.0, -0.014492753623188406], "4/8/2016": [69.5, 0.022058823529411766], "4/11/2016": [69.1, -0.005755395683453319], "4/12/2016": [69.0, -0.001447178002894274], "4/13/2016": [70.6, 0.023188405797101366], "4/14/2016": [70.4, -0.002832861189801539], "4/15/2016": [70.0, -0.005681818181818262], "4/18/2016": [70.6, 0.00857142857142849], "4/19/2016": [73.7, 0.04390934844192647], "4/20/2016": [73.4, -0.004070556309362241], "4/21/2016": [74.0, 0.008174386920980848], "4/22/2016": [74.1, 0.0013513513513512744], "4/25/2016": [74.1, 0.0], "4/26/2016": [74.1, 0.0], "4/27/2016": [73.9, -0.002699055330634125], "4/28/2016": [73.5, -0.005412719891745679], "4/29/2016": [71.9, -0.02176870748299312], "5/3/2016": [71.6, -0.004172461752434094], "5/4/2016": [71.4, -0.0027932960893853162], "5/5/2016": [70.8, -0.008403361344537934], "5/6/2016": [70.8, 0.0], "5/9/2016": [70.7, -0.0014124293785309932], "5/10/2016": [71.7, 0.014144271570014143], "5/11/2016": [71.0, -0.009762900976290137], "5/12/2016": [67.0, -0.056338028169014086], "5/13/2016": [67.0, 0.0], "5/16/2016": [67.8, 0.011940298507462643], "5/17/2016": [68.6, 0.011799410029498483], "5/18/2016": [69.0, 0.005830903790087547], "5/19/2016": [67.8, -0.01739130434782613], "5/20/2016": [69.0, 0.01769911504424783], "5/23/2016": [69.5, 0.007246376811594203], "5/24/2016": [70.0, 0.007194244604316547], "5/25/2016": [70.2, 0.002857142857142898], "5/26/2016": [69.5, -0.009971509971510011], "5/27/2016": [69.8, 0.004316546762589887], "5/30/2016": [70.9, 0.015759312320917027], "5/31/2016": [71.2, 0.004231311706629015], "6/1/2016": [71.2, 0.0], "6/2/2016": [70.9, -0.004213483146067376], "6/3/2016": [71.0, 0.001410437235542938], "6/4/2016": [71.0, 0.0], "6/6/2016": [70.9, -0.001408450704225272], "6/7/2016": [70.9, 0.0], "6/8/2016": [71.3, 0.005641748942171953], "6/13/2016": [70.7, -0.008415147265077059], "6/14/2016": [70.6, -0.001414427157001535], "6/15/2016": [70.3, -0.004249291784702509], "6/16/2016": [70.0, -0.004267425320056859], "6/17/2016": [70.0, 0.0], "6/20/2016": [70.2, 0.002857142857142898], "6/21/2016": [71.0, 0.011396011396011355], "6/22/2016": [71.4, 0.0056338028169014885], "6/23/2016": [70.7, -0.00980392156862749], "6/24/2016": [69.8, -0.01272984441301281], "6/27/2016": [69.0, -0.011461318051575891], "6/28/2016": [70.0, 0.014492753623188406], "6/29/2016": [69.8, -0.002857142857142898], "6/30/2016": [69.8, 0.0], "7/1/2016": [70.0, 0.0028653295128940235], "7/4/2016": [70.0, 0.0], "7/5/2016": [69.8, -0.002857142857142898], "7/6/2016": [69.1, -0.01002865329512898], "7/7/2016": [68.8, -0.004341534008683028], "7/11/2016": [66.0, -0.04069767441860461], "7/12/2016": [65.8, -0.0030303030303030732], "7/13/2016": [65.6, -0.0030395136778115935], "7/14/2016": [64.6, -0.015243902439024392], "7/15/2016": [64.5, -0.0015479876160989833], "7/18/2016": [64.6, 0.0015503875968991367], "7/19/2016": [64.5, -0.0015479876160989833], "7/20/2016": [64.3, -0.003100775193798494], "7/21/2016": [64.6, 0.00466562986003106], "7/22/2016": [64.2, -0.006191950464396153], "7/25/2016": [63.7, -0.00778816199376947], "7/26/2016": [63.5, -0.0031397174254317556], "7/27/2016": [64.1, 0.009448818897637705], "7/28/2016": [64.0, -0.0015600624024960112], "7/29/2016": [63.5, -0.0078125], "8/1/2016": [63.4, -0.0015748031496063215], "8/2/2016": [63.2, -0.0031545741324920462], "8/3/2016": [63.4, 0.0031645569620252488], "8/4/2016": [63.6, 0.0031545741324921586], "8/5/2016": [63.8, 0.0031446540880502474], "8/8/2016": [64.5, 0.010971786833855844], "8/9/2016": [64.1, -0.006201550387596988], "8/10/2016": [64.2, 0.001560062402496233], "8/11/2016": [62.2, -0.03115264797507788], "8/12/2016": [61.9, -0.004823151125401997], "8/15/2016": [62.2, 0.004846526655896677], "8/16/2016": [62.3, 0.0016077170418005516], "8/17/2016": [62.5, 0.0032102728731942675], "8/18/2016": [63.0, 0.008], "8/19/2016": [62.9, -0.0015873015873016099], "8/22/2016": [61.9, -0.01589825119236884], "8/23/2016": [62.4, 0.008077544426494346], "8/24/2016": [62.3, -0.0016025641025641253], "8/25/2016": [62.2, -0.0016051364365970197], "8/26/2016": [62.2, 0.0], "8/29/2016": [62.1, -0.0016077170418006658], "8/30/2016": [61.6, -0.008051529790660225], "8/31/2016": [62.3, 0.011363636363636295], "9/1/2016": [62.3, 0.0], "9/2/2016": [62.3, 0.0], "9/5/2016": [62.1, -0.0032102728731941534], "9/6/2016": [62.4, 0.004830917874396089], "9/7/2016": [64.4, 0.032051282051282166], "9/8/2016": [64.0, -0.0062111801242236905], "9/9/2016": [63.0, -0.015625], "9/10/2016": [62.1, -0.014285714285714263], "9/12/2016": [61.9, -0.0032206119162641357], "9/13/2016": [61.9, 0.0], "9/14/2016": [61.6, -0.004846526655896561], "9/19/2016": [61.6, 0.0], "9/20/2016": [61.6, 0.0], "9/21/2016": [62.6, 0.016233766233766232], "9/22/2016": [61.2, -0.022364217252396144], "9/23/2016": [61.2, 0.0], "9/26/2016": [61.0, -0.003267973856209197], "9/29/2016": [60.5, -0.00819672131147541], "9/30/2016": [59.8, -0.011570247933884344], "10/3/2016": [59.1, -0.011705685618729027], "10/4/2016": [58.5, -0.010152284263959414], "10/5/2016": [57.0, -0.02564102564102564], "10/6/2016": [56.8, -0.0035087719298246113], "10/7/2016": [56.5, -0.005281690140845021], "10/11/2016": [54.4, -0.03716814159292038], "10/12/2016": [54.4, 0.0], "10/13/2016": [54.0, -0.007352941176470562], "10/14/2016": [54.0, 0.0], "10/17/2016": [53.1, -0.01666666666666664], "10/18/2016": [53.2, 0.0018832391713747914], "10/19/2016": [54.0, 0.015037593984962351], "10/20/2016": [53.6, -0.007407407407407381], "10/21/2016": [53.6, 0.0], "10/24/2016": [53.7, 0.0018656716417910712],