{"1/4/2016": [9.11, ""], "1/5/2016": [9.06, -0.005488474204171124], "1/6/2016": [9.04, -0.0022075055187639457], "1/7/2016": [8.75, -0.032079646017699026], "1/8/2016": [8.83, 0.00914285714285715], "1/11/2016": [8.54, -0.03284258210645537], "1/12/2016": [8.53, -0.001170960187353605], "1/13/2016": [8.7, 0.019929660023446653], "1/14/2016": [8.49, -0.024137931034482654], "1/15/2016": [8.34, -0.01766784452296824], "1/18/2016": [8.37, 0.003597122302158197], "1/19/2016": [8.43, 0.007168458781362067], "1/20/2016": [8.21, -0.02609727164887294], "1/21/2016": [8.08, -0.015834348355663917], "1/22/2016": [8.05, -0.0037128712871286338], "1/25/2016": [8.46, 0.050931677018633555], "1/26/2016": [8.3, -0.018912529550827437], "1/27/2016": [8.24, -0.007228915662650662], "1/28/2016": [8.37, 0.015776699029126092], "1/29/2016": [8.9, 0.06332138590203121], "1/30/2016": [9.14, 0.026966292134831482], "2/1/2016": [9.06, -0.008752735229759306], "2/2/2016": [9.0, -0.006622516556291445], "2/3/2016": [8.88, -0.013333333333333246], "2/15/2016": [8.9, 0.002252252252252204], "2/16/2016": [9.21, 0.034831460674157357], "2/17/2016": [9.12, -0.009771986970684215], "2/18/2016": [9.15, 0.0032894736842106515], "2/19/2016": [9.08, -0.007650273224043746], "2/22/2016": [9.02, -0.006607929515418557], "2/23/2016": [9.06, 0.004434589800443561], "2/24/2016": [8.98, -0.008830022075055195], "2/25/2016": [9.06, 0.008908685968819607], "2/26/2016": [9.12, 0.006622516556291249], "3/1/2016": [9.1, -0.0021929824561403044], "3/2/2016": [9.22, 0.013186813186813296], "3/3/2016": [9.52, 0.032537960954446735], "3/4/2016": [9.49, -0.0031512605042016135], "3/7/2016": [9.6, 0.011591148577449887], "3/8/2016": [9.6, 0.0], "3/9/2016": [9.51, -0.009374999999999986], "3/10/2016": [9.59, 0.008412197686645645], "3/11/2016": [9.65, 0.006256517205422367], "3/14/2016": [9.8, 0.015544041450777238], "3/15/2016": [9.46, -0.034693877551020394], "3/16/2016": [9.59, 0.013742071881606659], "3/17/2016": [9.73, 0.014598540145985462], "3/18/2016": [9.84, 0.0113052415210688], "3/21/2016": [9.7, -0.014227642276422823], "3/22/2016": [9.71, 0.0010309278350517075], "3/23/2016": [9.72, 0.0010298661174047154], "3/24/2016": [9.81, 0.009259259259259245], "3/25/2016": [9.79, -0.0020387359836902498], "3/28/2016": [9.74, -0.005107252298263426], "3/29/2016": [9.73, -0.0010266940451745161], "3/30/2016": [9.81, 0.008221993833504632], "3/31/2016": [9.95, 0.014271151885830662], "4/1/2016": [9.79, -0.016080402010050267], "4/6/2016": [9.61, -0.018386108273748696], "4/7/2016": [9.52, -0.009365244536940672], "4/8/2016": [9.67, 0.01575630252100844], "4/11/2016": [9.7, 0.0031023784901757353], "4/12/2016": [9.61, -0.009278350515463904], "4/13/2016": [9.71, 0.010405827263267579], "4/14/2016": [9.83, 0.012358393408856767], "4/15/2016": [9.88, 0.005086469989827132], "4/18/2016": [9.87, -0.0010121457489880123], "4/19/2016": [9.87, 0.0], "4/20/2016": [9.7, -0.01722391084093211], "4/21/2016": [9.69, -0.0010309278350515245], "4/22/2016": [9.69, 0.0], "4/25/2016": [9.73, 0.004127966976264286], "4/26/2016": [9.73, 0.0], "4/27/2016": [9.77, 0.004110996916752225], "4/28/2016": [9.58, -0.019447287615148363], "4/29/2016": [9.56, -0.002087682672233776], "5/3/2016": [9.53, -0.00313807531380765], "5/4/2016": [9.38, -0.01573976915005232], "5/5/2016": [9.25, -0.013859275053304986], "5/6/2016": [9.23, -0.0021621621621621162], "5/9/2016": [9.15, -0.008667388949079096], "5/10/2016": [9.18, 0.003278688524590094], "5/11/2016": [9.13, -0.005446623093681801], "5/12/2016": [9.15, 0.002190580503833469], "5/13/2016": [9.12, -0.003278688524590288], "5/16/2016": [9.08, -0.004385964912280609], "5/17/2016": [9.18, 0.011013215859030798], "5/18/2016": [9.12, -0.006535947712418355], "5/19/2016": [9.09, -0.0032894736842104563], "5/20/2016": [9.23, 0.015401540154015464], "5/23/2016": [9.37, 0.015167930660888276], "5/24/2016": [9.3, -0.007470651013873907], "5/25/2016": [9.37, 0.007526881720429947], "5/26/2016": [9.41, 0.0042689434364995655], "5/27/2016": [9.55, 0.01487778958554735], "5/30/2016": [9.55, 0.0], "5/31/2016": [9.58, 0.0031413612565444355], "6/1/2016": [9.57, -0.001043841336116888], "6/2/2016": [9.6, 0.003134796238244447], "6/3/2016": [9.6, 0.0], "6/4/2016": [9.6, 0.0], "6/6/2016": [9.6, 0.0], "6/7/2016": [9.64, 0.004166666666666763], "6/8/2016": [9.72, 0.008298755186721999], "6/13/2016": [9.5, -0.02263374485596714], "6/14/2016": [9.55, 0.005263157894736917], "6/15/2016": [9.55, 0.0], "6/16/2016": [9.44, -0.01151832460732997], "6/17/2016": [9.5, 0.006355932203389884], "6/20/2016": [9.59, 0.0094736842105263], "6/21/2016": [9.62, 0.0031282586027110908], "6/22/2016": [9.65, 0.003118503118503237], "6/23/2016": [9.62, -0.0031088082901555582], "6/24/2016": [9.37, -0.02598752598752599], "6/27/2016": [9.39, 0.0021344717182498773], "6/28/2016": [9.39, 0.0], "6/29/2016": [9.45, 0.00638977635782734], "6/30/2016": [9.51, 0.006349206349206402], "7/1/2016": [9.64, 0.013669821240799242], "7/4/2016": [9.66, 0.0020746887966804537], "7/5/2016": [9.7, 0.0041407867494823135], "7/6/2016": [9.5, -0.020618556701030855], "7/7/2016": [9.56, 0.006315789473684263], "7/11/2016": [9.66, 0.010460251046025068], "7/12/2016": [9.73, 0.0072463768115942325], "7/13/2016": [9.85, 0.012332990750256857], "7/14/2016": [9.9, 0.005076142131979768], "7/15/2016": [10.15, 0.025252525252525252], "7/18/2016": [10.2, 0.0049261083743841316], "7/19/2016": [10.3, 0.009803921568627591], "7/20/2016": [10.2, -0.009708737864077808], "7/21/2016": [10.25, 0.004901960784313796], "7/22/2016": [10.2, -0.004878048780487874], "7/25/2016": [10.25, 0.004901960784313796], "7/26/2016": [10.3, 0.004878048780487874], "7/27/2016": [10.3, 0.0], "7/28/2016": [10.4, 0.009708737864077634], "7/29/2016": [10.3, -0.009615384615384581], "8/1/2016": [10.35, 0.004854368932038731], "8/2/2016": [10.3, -0.004830917874396033], "8/3/2016": [10.25, -0.004854368932038904], "8/4/2016": [10.3, 0.004878048780487874], "8/5/2016": [10.35, 0.004854368932038731], "8/8/2016": [10.45, 0.009661835748792237], "8/9/2016": [10.45, 0.0], "8/10/2016": [10.7, 0.023923444976076555], "8/11/2016": [9.76, -0.08785046728971958], "8/12/2016": [9.48, -0.02868852459016387], "8/15/2016": [9.43, -0.005274261603375602], "8/16/2016": [9.44, 0.0010604453870625436], "8/17/2016": [9.42, -0.002118644067796565], "8/18/2016": [9.48, 0.00636942675159241], "8/19/2016": [9.37, -0.011603375527426288], "8/22/2016": [9.26, -0.011739594450373474], "8/23/2016": [9.37, 0.011879049676025856], "8/24/2016": [9.27, -0.01067235859124863], "8/25/2016": [9.37, 0.010787486515641818], "8/26/2016": [9.34, -0.0032017075773745317], "8/29/2016": [9.41, 0.007494646680942215], "8/30/2016": [9.43, 0.0021253985122209962], "8/31/2016": [9.28, -0.01590668080593853], "9/1/2016": [9.22, -0.006465517241379173], "9/2/2016": [9.25, 0.003253796095444616], "9/5/2016": [9.34, 0.009729729729729714], "9/6/2016": [9.45, 0.0117773019271948], "9/7/2016": [9.46, 0.0010582010582012237], "9/8/2016": [9.44, -0.0021141649048627216], "9/9/2016": [9.36, -0.00847457627118645], "9/10/2016": [9.27, -0.0096153846153846], "9/12/2016": [9.21, -0.006472491909384976], "9/13/2016": [9.16, -0.005428881650380099], "9/14/2016": [9.11, -0.0054585152838428725], "9/19/2016": [9.26, 0.016465422612513762], "9/20/2016": [9.27, 0.0010799136069114242], "9/21/2016": [9.27, 0.0], "9/22/2016": [9.31, 0.004314994606256842], "9/23/2016": [9.36, 0.005370569280343602], "9/26/2016": [9.27, -0.0096153846153846], "9/29/2016": [9.36, 0.009708737864077655], "9/30/2016": [9.25, -0.011752136752136691], "10/3/2016": [9.23, -0.0021621621621621162], "10/4/2016": [9.35, 0.01300108342361855], "10/5/2016": [9.32, -0.003208556149732552], "10/6/2016": [9.29, -0.0032188841201717957], "10/7/2016": [9.32, 0.0032292787944027063], "10/11/2016": [9.26, -0.0064377682403434005], "10/12/2016": [9.24, -0.0021598272138228483], "10/13/2016": [9.16, -0.008658008658008665], "10/14/2016": [9.15, -0.0010917030567685357], "10/17/2016": [9.09, -0.006557377049180382],