{"1/4/2016": [10.45, ""], "1/5/2016": [10.4, -0.004784688995215209], "1/6/2016": [10.25, -0.014423076923076957], "1/7/2016": [10.0, -0.024390243902439025], "1/8/2016": [10.2, 0.019999999999999928], "1/11/2016": [9.97, -0.022549019607843005], "1/12/2016": [9.92, -0.00501504513540629], "1/13/2016": [9.93, 0.0010080645161290108], "1/14/2016": [9.88, -0.00503524672708952], "1/15/2016": [9.89, 0.0010121457489878326], "1/18/2016": [10.0, 0.011122345803842207], "1/19/2016": [10.0, 0.0], "1/20/2016": [9.92, -0.008000000000000007], "1/21/2016": [9.8, -0.012096774193548309], "1/22/2016": [9.92, 0.012244897959183593], "1/25/2016": [9.99, 0.007056451612903254], "1/26/2016": [9.97, -0.0020020020020019595], "1/27/2016": [9.99, 0.0020060180541624445], "1/28/2016": [10.0, 0.0010010010010009797], "1/29/2016": [10.1, 0.009999999999999964], "1/30/2016": [10.2, 0.009900990099009866], "2/1/2016": [10.2, 0.0], "2/2/2016": [10.15, -0.004901960784313621], "2/3/2016": [9.99, -0.01576354679802957], "2/15/2016": [9.97, -0.0020020020020019595], "2/16/2016": [10.15, 0.018054162487462357], "2/17/2016": [10.15, 0.0], "2/18/2016": [10.2, 0.0049261083743841316], "2/19/2016": [10.25, 0.004901960784313796], "2/22/2016": [10.15, -0.009756097560975575], "2/23/2016": [10.2, 0.0049261083743841316], "2/24/2016": [10.15, -0.004901960784313621], "2/25/2016": [10.2, 0.0049261083743841316], "2/26/2016": [10.1, -0.009803921568627416], "3/1/2016": [10.25, 0.014851485148514887], "3/2/2016": [10.25, 0.0], "3/3/2016": [10.6, 0.0341463414634146], "3/4/2016": [10.8, 0.018867924528301987], "3/7/2016": [10.85, 0.0046296296296295305], "3/8/2016": [10.9, 0.004608294930875642], "3/9/2016": [10.8, -0.009174311926605472], "3/10/2016": [10.85, 0.0046296296296295305], "3/11/2016": [10.8, -0.004608294930875478], "3/14/2016": [10.9, 0.009259259259259226], "3/15/2016": [10.6, -0.027522935779816578], "3/16/2016": [10.7, 0.00943396226415091], "3/17/2016": [10.65, -0.004672897196261583], "3/18/2016": [10.45, -0.018779342723004796], "3/21/2016": [10.7, 0.023923444976076555], "3/22/2016": [10.6, -0.009345794392523333], "3/23/2016": [10.55, -0.004716981132075371], "3/24/2016": [10.55, 0.0], "3/25/2016": [10.6, 0.004739336492890894], "3/28/2016": [10.45, -0.014150943396226448], "3/29/2016": [10.3, -0.014354066985645798], "3/30/2016": [10.4, 0.009708737864077634], "3/31/2016": [10.35, -0.004807692307692376], "4/1/2016": [10.3, -0.004830917874396033], "4/6/2016": [10.3, 0.0], "4/7/2016": [10.3, 0.0], "4/8/2016": [10.35, 0.004854368932038731], "4/11/2016": [10.3, -0.004830917874396033], "4/12/2016": [10.2, -0.009708737864077808], "4/13/2016": [10.2, 0.0], "4/14/2016": [10.5, 0.029411764705882425], "4/15/2016": [10.35, -0.01428571428571432], "4/18/2016": [10.45, 0.009661835748792237], "4/19/2016": [10.35, -0.009569377990430589], "4/20/2016": [10.3, -0.004830917874396033], "4/21/2016": [10.15, -0.014563106796116538], "4/22/2016": [10.15, 0.0], "4/25/2016": [10.15, 0.0], "4/26/2016": [10.2, 0.0049261083743841316], "4/27/2016": [10.1, -0.009803921568627416], "4/28/2016": [10.1, 0.0], "4/29/2016": [10.05, -0.004950495049504845], "5/3/2016": [10.0, -0.004975124378109523], "5/4/2016": [9.91, -0.008999999999999985], "5/5/2016": [9.93, 0.0020181634712411276], "5/6/2016": [9.97, 0.004028197381671795], "5/9/2016": [9.88, -0.009027081243731179], "5/10/2016": [9.9, 0.002024291497975665], "5/11/2016": [9.95, 0.0050505050505049425], "5/12/2016": [9.86, -0.009045226130653252], "5/13/2016": [9.85, -0.001014198782961439], "5/16/2016": [9.84, -0.0010152284263959175], "5/17/2016": [9.82, -0.002032520325203209], "5/18/2016": [9.75, -0.007128309572301455], "5/19/2016": [9.61, -0.014358974358974418], "5/20/2016": [9.53, -0.008324661810613952], "5/23/2016": [9.66, 0.013641133263378886], "5/24/2016": [9.64, -0.0020703933747411567], "5/25/2016": [9.67, 0.0031120331950206803], "5/26/2016": [9.7, 0.0031023784901757353], "5/27/2016": [9.75, 0.005154639175257806], "5/30/2016": [9.8, 0.005128205128205201], "5/31/2016": [9.7, -0.010204081632653206], "6/1/2016": [9.78, 0.008247422680412378], "6/2/2016": [9.75, -0.003067484662576622], "6/3/2016": [9.89, 0.014358974358974418], "6/4/2016": [9.87, -0.002022244691607821], "6/6/2016": [9.79, -0.008105369807497475], "6/7/2016": [9.81, 0.0020429009193055517], "6/8/2016": [9.76, -0.0050968399592253525], "6/13/2016": [9.66, -0.010245901639344227], "6/14/2016": [9.62, -0.004140786749482497], "6/15/2016": [9.64, 0.0020790020790022196], "6/16/2016": [9.61, -0.0031120331950208646], "6/17/2016": [9.88, 0.028095733610822203], "6/20/2016": [9.84, -0.00404858299595151], "6/21/2016": [9.85, 0.0010162601626016044], "6/22/2016": [9.85, 0.0], "6/23/2016": [9.82, -0.0030456852791877526], "6/24/2016": [9.75, -0.007128309572301455], "6/27/2016": [9.71, -0.004102564102564015], "6/28/2016": [9.65, -0.006179196704428475], "6/29/2016": [9.71, 0.006217616580310932], "6/30/2016": [9.71, 0.0], "7/1/2016": [9.72, 0.0010298661174047154], "7/4/2016": [9.74, 0.0020576131687242358], "7/5/2016": [9.54, -0.02053388090349087], "7/6/2016": [9.46, -0.00838574423480066], "7/7/2016": [9.46, 0.0], "7/11/2016": [9.52, 0.006342494714587602], "7/12/2016": [9.49, -0.0031512605042016135], "7/13/2016": [9.5, 0.0010537407797681546], "7/14/2016": [9.56, 0.006315789473684263], "7/15/2016": [9.53, -0.00313807531380765], "7/18/2016": [10.05, 0.05456453305351536], "7/19/2016": [9.87, -0.017910447761194177], "7/20/2016": [9.7, -0.01722391084093211], "7/21/2016": [9.76, 0.00618556701030933], "7/22/2016": [9.68, -0.008196721311475417], "7/25/2016": [9.68, 0.0], "7/26/2016": [9.62, -0.006198347107438068], "7/27/2016": [9.54, -0.008316008316008323], "7/28/2016": [9.58, 0.004192872117400517], "7/29/2016": [9.5, -0.00835073068893529], "8/1/2016": [9.47, -0.003157894736842038], "8/2/2016": [9.42, -0.005279831045406622], "8/3/2016": [9.4, -0.0021231422505307404], "8/4/2016": [9.34, -0.006382978723404308], "8/5/2016": [9.47, 0.013918629550321283], "8/8/2016": [9.38, -0.009503695881731769], "8/9/2016": [9.36, -0.0021321961620470523], "8/10/2016": [9.36, 0.0], "8/11/2016": [9.34, -0.0021367521367520914], "8/12/2016": [9.35, 0.0010706638115631465], "8/15/2016": [9.43, 0.008556149732620328], "8/16/2016": [9.43, 0.0], "8/17/2016": [9.4, -0.0031813361611876313], "8/18/2016": [9.34, -0.006382978723404308], "8/19/2016": [9.35, 0.0010706638115631465], "8/22/2016": [9.26, -0.009625668449197846], "8/23/2016": [9.35, 0.009719222462203008], "8/24/2016": [9.3, -0.005347593582887587], "8/25/2016": [9.3, 0.0], "8/26/2016": [9.28, -0.002150537634408747], "8/29/2016": [9.13, -0.016163793103448124], "8/30/2016": [9.07, -0.006571741511500601], "8/31/2016": [9.03, -0.0044101433296583155], "9/1/2016": [9.0, -0.003322259136212554], "9/2/2016": [9.01, 0.0011111111111110875], "9/5/2016": [9.11, 0.01109877913429519], "9/6/2016": [9.22, 0.012074643249176863], "9/7/2016": [9.29, 0.00759219088937077], "9/8/2016": [9.29, 0.0], "9/9/2016": [9.26, -0.003229278794402515], "9/10/2016": [9.2, -0.006479481641468736], "9/12/2016": [9.09, -0.011956521739130374], "9/13/2016": [9.02, -0.007700770077007732], "9/14/2016": [8.86, -0.017738359201773853], "9/19/2016": [8.93, 0.007900677200902968], "9/20/2016": [8.95, 0.0022396416573347787], "9/21/2016": [9.07, 0.013407821229050392], "9/22/2016": [9.03, -0.0044101433296583155], "9/23/2016": [9.01, -0.002214839424141703], "9/26/2016": [9.02, 0.0011098779134294991], "9/29/2016": [9.05, 0.0033259423503327204], "9/30/2016": [9.21, 0.01767955801104974], "10/3/2016": [9.56, 0.03800217155266011], "10/4/2016": [9.57, 0.001046025104602488], "10/5/2016": [9.47, -0.010449320794148342], "10/6/2016": [9.43, -0.004223864836325334], "10/7/2016": [9.33, -0.010604453870625625], "10/11/2016": [9.27, -0.006430868167202625], "10/12/2016": [9.27, 0.0], "10/13/2016": [9.26, -0.0010787486515641627], "10/14/2016": [9.17, -0.009719222462203008], "10/17/2016": [9.16, -0.0010905125408941971], "10/18/2016": [9.29, 0.014192139737991157], "10/19/2016": [9.26, -0.003229278794402515],