{"1/4/2016": [104.0, ""], "1/5/2016": [105.5, 0.014423076923076924], "1/6/2016": [104.0, -0.014218009478672985], "1/7/2016": [100.0, -0.038461538461538464], "1/8/2016": [103.0, 0.03], "1/11/2016": [98.1, -0.047572815533980635], "1/12/2016": [96.9, -0.012232415902140558], "1/13/2016": [97.1, 0.0020639834881319777], "1/14/2016": [97.0, -0.0010298661174046788], "1/15/2016": [95.8, -0.012371134020618586], "1/18/2016": [98.1, 0.024008350730688906], "1/19/2016": [100.0, 0.019367991845056123], "1/20/2016": [98.2, -0.01799999999999997], "1/21/2016": [97.8, -0.004073319755600872], "1/22/2016": [94.7, -0.03169734151329238], "1/25/2016": [96.0, 0.013727560718056992], "1/26/2016": [95.0, -0.010416666666666666], "1/27/2016": [95.9, 0.009473684210526375], "1/28/2016": [94.5, -0.01459854014598546], "1/29/2016": [94.6, 0.001058201058200998], "1/30/2016": [99.1, 0.04756871035940804], "2/1/2016": [98.6, -0.005045408678102927], "2/2/2016": [96.5, -0.021298174442190614], "2/3/2016": [97.1, 0.0062176165803108216], "2/15/2016": [106.5, 0.09680741503604538], "2/16/2016": [106.5, 0.0], "2/17/2016": [106.0, -0.004694835680751174], "2/18/2016": [106.5, 0.0047169811320754715], "2/19/2016": [110.5, 0.03755868544600939], "2/22/2016": [109.0, -0.013574660633484163], "2/23/2016": [115.0, 0.05504587155963303], "2/24/2016": [113.5, -0.013043478260869565], "2/25/2016": [110.5, -0.02643171806167401], "2/26/2016": [114.0, 0.03167420814479638], "3/1/2016": [112.0, -0.017543859649122806], "3/2/2016": [110.0, -0.017857142857142856], "3/3/2016": [110.0, 0.0], "3/4/2016": [110.5, 0.004545454545454545], "3/7/2016": [110.0, -0.004524886877828055], "3/8/2016": [110.0, 0.0], "3/9/2016": [109.0, -0.00909090909090909], "3/10/2016": [107.0, -0.01834862385321101], "3/11/2016": [109.0, 0.018691588785046728], "3/14/2016": [109.0, 0.0], "3/15/2016": [109.0, 0.0], "3/16/2016": [110.5, 0.013761467889908258], "3/17/2016": [114.5, 0.03619909502262444], "3/18/2016": [116.0, 0.013100436681222707], "3/21/2016": [115.5, -0.004310344827586207], "3/22/2016": [114.0, -0.012987012987012988], "3/23/2016": [113.0, -0.008771929824561403], "3/24/2016": [111.0, -0.017699115044247787], "3/25/2016": [112.5, 0.013513513513513514], "3/28/2016": [109.0, -0.03111111111111111], "3/29/2016": [107.0, -0.01834862385321101], "3/30/2016": [110.5, 0.03271028037383177], "3/31/2016": [110.5, 0.0], "4/1/2016": [110.0, -0.004524886877828055], "4/6/2016": [107.5, -0.022727272727272728], "4/7/2016": [113.0, 0.05116279069767442], "4/8/2016": [113.0, 0.0], "4/11/2016": [112.5, -0.004424778761061947], "4/12/2016": [107.5, -0.044444444444444446], "4/13/2016": [110.5, 0.027906976744186046], "4/14/2016": [115.0, 0.04072398190045249], "4/15/2016": [115.0, 0.0], "4/18/2016": [117.5, 0.021739130434782608], "4/19/2016": [123.0, 0.04680851063829787], "4/20/2016": [119.0, -0.032520325203252036], "4/21/2016": [121.5, 0.02100840336134454], "4/22/2016": [120.0, -0.012345679012345678], "4/25/2016": [119.0, -0.008333333333333333], "4/26/2016": [119.0, 0.0], "4/27/2016": [122.5, 0.029411764705882353], "4/28/2016": [125.5, 0.024489795918367346], "4/29/2016": [127.0, 0.01195219123505976], "5/3/2016": [135.0, 0.06299212598425197], "5/4/2016": [136.0, 0.007407407407407408], "5/5/2016": [140.0, 0.029411764705882353], "5/6/2016": [144.5, 0.03214285714285714], "5/9/2016": [144.5, 0.0], "5/10/2016": [144.0, -0.0034602076124567475], "5/11/2016": [145.0, 0.006944444444444444], "5/12/2016": [140.0, -0.034482758620689655], "5/13/2016": [147.5, 0.05357142857142857], "5/16/2016": [148.0, 0.003389830508474576], "5/17/2016": [152.5, 0.030405405405405407], "5/18/2016": [148.0, -0.029508196721311476], "5/19/2016": [144.5, -0.02364864864864865], "5/20/2016": [145.0, 0.0034602076124567475], "5/23/2016": [146.0, 0.006896551724137931], "5/24/2016": [155.5, 0.06506849315068493], "5/25/2016": [153.0, -0.01607717041800643], "5/26/2016": [157.0, 0.026143790849673203], "5/27/2016": [153.5, -0.022292993630573247], "5/30/2016": [155.0, 0.009771986970684038], "5/31/2016": [160.0, 0.03225806451612903], "6/1/2016": [155.5, -0.028125], "6/2/2016": [151.5, -0.02572347266881029], "6/3/2016": [153.0, 0.009900990099009901], "6/4/2016": [151.5, -0.00980392156862745], "6/6/2016": [148.5, -0.019801980198019802], "6/7/2016": [149.5, 0.006734006734006734], "6/8/2016": [149.5, 0.0], "6/13/2016": [144.0, -0.03678929765886288], "6/14/2016": [144.5, 0.003472222222222222], "6/15/2016": [145.0, 0.0034602076124567475], "6/16/2016": [146.5, 0.010344827586206896], "6/17/2016": [148.5, 0.013651877133105802], "6/20/2016": [147.0, -0.010101010101010102], "6/21/2016": [148.0, 0.006802721088435374], "6/22/2016": [146.5, -0.010135135135135136], "6/23/2016": [145.0, -0.010238907849829351], "6/24/2016": [138.5, -0.04482758620689655], "6/27/2016": [143.5, 0.036101083032490974], "6/28/2016": [145.5, 0.013937282229965157], "6/29/2016": [146.5, 0.006872852233676976], "6/30/2016": [150.0, 0.023890784982935155], "7/1/2016": [152.0, 0.013333333333333334], "7/4/2016": [151.5, -0.003289473684210526], "7/5/2016": [152.0, 0.0033003300330033004], "7/6/2016": [149.0, -0.019736842105263157], "7/7/2016": [151.5, 0.016778523489932886], "7/11/2016": [151.5, 0.0], "7/12/2016": [152.0, 0.0033003300330033004], "7/13/2016": [150.0, -0.013157894736842105], "7/14/2016": [152.0, 0.013333333333333334], "7/15/2016": [151.5, -0.003289473684210526], "7/18/2016": [152.5, 0.006600660066006601], "7/19/2016": [150.5, -0.013114754098360656], "7/20/2016": [149.5, -0.006644518272425249], "7/21/2016": [147.5, -0.013377926421404682], "7/22/2016": [144.5, -0.020338983050847456], "7/25/2016": [141.0, -0.02422145328719723], "7/26/2016": [144.0, 0.02127659574468085], "7/27/2016": [140.0, -0.027777777777777776], "7/28/2016": [139.5, -0.0035714285714285713], "7/29/2016": [141.5, 0.014336917562724014], "8/1/2016": [146.0, 0.03180212014134275], "8/2/2016": [143.0, -0.02054794520547945], "8/3/2016": [146.0, 0.02097902097902098], "8/4/2016": [147.0, 0.00684931506849315], "8/5/2016": [145.0, -0.013605442176870748], "8/8/2016": [146.0, 0.006896551724137931], "8/9/2016": [126.0, -0.136986301369863], "8/10/2016": [121.0, -0.03968253968253968], "8/11/2016": [121.5, 0.004132231404958678], "8/12/2016": [116.0, -0.04526748971193416], "8/15/2016": [117.5, 0.01293103448275862], "8/16/2016": [115.5, -0.01702127659574468], "8/17/2016": [111.0, -0.03896103896103896], "8/18/2016": [115.0, 0.036036036036036036], "8/19/2016": [117.5, 0.021739130434782608], "8/22/2016": [114.0, -0.029787234042553193], "8/23/2016": [114.0, 0.0], "8/24/2016": [114.0, 0.0], "8/25/2016": [113.5, -0.0043859649122807015], "8/26/2016": [114.5, 0.00881057268722467], "8/29/2016": [117.0, 0.021834061135371178], "8/30/2016": [115.5, -0.01282051282051282], "8/31/2016": [120.0, 0.03896103896103896], "9/1/2016": [124.0, 0.03333333333333333], "9/2/2016": [121.5, -0.020161290322580645], "9/5/2016": [122.0, 0.00411522633744856], "9/6/2016": [123.5, 0.012295081967213115], "9/7/2016": [124.0, 0.004048582995951417], "9/8/2016": [123.5, -0.004032258064516129], "9/9/2016": [122.5, -0.008097165991902834], "9/10/2016": [119.0, -0.02857142857142857], "9/12/2016": [120.0, 0.008403361344537815], "9/13/2016": [118.0, -0.016666666666666666], "9/14/2016": [117.5, -0.00423728813559322], "9/19/2016": [121.5, 0.03404255319148936], "9/20/2016": [121.5, 0.0], "9/21/2016": [122.5, 0.00823045267489712], "9/22/2016": [120.5, -0.0163265306122449], "9/23/2016": [127.0, 0.05394190871369295], "9/26/2016": [127.0, 0.0], "9/29/2016": [124.5, -0.01968503937007874], "9/30/2016": [122.0, -0.020080321285140562], "10/3/2016": [122.0, 0.0], "10/4/2016": [121.0, -0.00819672131147541], "10/5/2016": [119.5, -0.012396694214876033], "10/6/2016": [122.0, 0.02092050209205021], "10/7/2016": [119.5, -0.020491803278688523], "10/11/2016": [113.5, -0.0502092050209205], "10/12/2016": [115.0, 0.013215859030837005], "10/13/2016": [113.0, -0.017391304347826087], "10/14/2016": [107.0, -0.05309734513274336], "10/17/2016": [108.5, 0.014018691588785047],