{"1/4/2016": [3.69, ""], "1/5/2016": [3.64, -0.013550135501354966], "1/6/2016": [3.61, -0.00824175824175831], "1/7/2016": [3.49, -0.0332409972299168], "1/8/2016": [3.43, -0.01719197707736391], "1/11/2016": [3.4, -0.008746355685131267], "1/12/2016": [3.33, -0.0205882352941176], "1/13/2016": [3.46, 0.039039039039039006], "1/14/2016": [3.45, -0.0028901734104045626], "1/15/2016": [3.45, 0.0], "1/18/2016": [3.55, 0.028985507246376708], "1/19/2016": [3.48, -0.019718309859154886], "1/20/2016": [3.48, 0.0], "1/21/2016": [3.46, -0.005747126436781614], "1/22/2016": [3.49, 0.008670520231213945], "1/25/2016": [3.54, 0.014326647564469863], "1/26/2016": [3.53, -0.002824858757062212], "1/27/2016": [3.5, -0.008498583569405044], "1/28/2016": [3.49, -0.0028571428571427964], "1/29/2016": [3.47, -0.005730659025787971], "1/30/2016": [3.48, 0.0028818443804033964], "2/1/2016": [3.48, 0.0], "2/2/2016": [3.48, 0.0], "2/3/2016": [3.47, -0.0028735632183907434], "2/15/2016": [3.34, -0.03746397694524505], "2/16/2016": [3.31, -0.008982035928143655], "2/17/2016": [3.47, 0.048338368580060465], "2/18/2016": [3.5, 0.008645533141210318], "2/19/2016": [3.49, -0.0028571428571427964], "2/22/2016": [3.54, 0.014326647564469863], "2/23/2016": [3.45, -0.025423728813559282], "2/24/2016": [3.45, 0.0], "2/25/2016": [3.79, 0.09855072463768111], "2/26/2016": [3.8, 0.0026385224274405768], "3/1/2016": [3.81, 0.002631578947368482], "3/2/2016": [3.83, 0.005249343832021002], "3/3/2016": [3.78, -0.013054830287206335], "3/4/2016": [3.8, 0.005291005291005296], "3/7/2016": [3.72, -0.02105263157894727], "3/8/2016": [3.77, 0.013440860215053715], "3/9/2016": [4.14, 0.09814323607427047], "3/10/2016": [4.1, -0.00966183574879228], "3/11/2016": [4.0, -0.02439024390243894], "3/14/2016": [4.1, 0.02499999999999991], "3/15/2016": [3.9, -0.04878048780487799], "3/16/2016": [3.8, -0.025641025641025664], "3/17/2016": [3.77, -0.007894736842105211], "3/18/2016": [3.8, 0.00795755968169756], "3/21/2016": [3.63, -0.044736842105263144], "3/22/2016": [3.74, 0.03030303030303039], "3/23/2016": [3.56, -0.048128342245989345], "3/24/2016": [3.42, -0.03932584269662925], "3/25/2016": [3.34, -0.0233918128654971], "3/28/2016": [3.26, -0.023952095808383256], "3/29/2016": [3.32, 0.01840490797546014], "3/30/2016": [3.45, 0.0391566265060242], "3/31/2016": [3.47, 0.005797101449275368], "4/1/2016": [3.25, -0.06340057636887614], "4/6/2016": [2.93, -0.0984615384615384], "4/7/2016": [2.64, -0.09897610921501707], "4/8/2016": [2.38, -0.09848484848484856], "4/11/2016": [2.61, 0.09663865546218488], "4/12/2016": [2.35, -0.09961685823754782], "4/13/2016": [2.3, -0.021276595744680965], "4/14/2016": [2.37, 0.03043478260869578], "4/15/2016": [2.21, -0.06751054852320681], "4/18/2016": [2.17, -0.018099547511312233], "4/19/2016": [2.23, 0.027649769585253482], "4/20/2016": [2.2, -0.01345291479820619], "4/21/2016": [2.2, 0.0], "4/22/2016": [2.24, 0.018181818181818195], "4/25/2016": [2.08, -0.07142857142857148], "4/26/2016": [2.2, 0.057692307692307744], "4/27/2016": [2.16, -0.018181818181818195], "4/28/2016": [2.15, -0.004629629629629736], "4/29/2016": [2.08, -0.03255813953488365], "5/3/2016": [2.05, -0.014423076923077042], "5/4/2016": [2.05, 0.0], "5/5/2016": [2.17, 0.05853658536585372], "5/6/2016": [2.06, -0.05069124423963128], "5/9/2016": [2.23, 0.08252427184466016], "5/10/2016": [2.11, -0.05381165919282516], "5/11/2016": [2.23, 0.056872037914691996], "5/12/2016": [2.1, -0.05829596412556049], "5/13/2016": [2.19, 0.04285714285714279], "5/16/2016": [2.18, -0.004566210045662003], "5/17/2016": [2.02, -0.0733944954128441], "5/18/2016": [2.21, 0.09405940594059403], "5/19/2016": [2.19, -0.009049773755656116], "5/20/2016": [2.07, -0.05479452054794526], "5/23/2016": [2.1, 0.014492753623188527], "5/24/2016": [2.16, 0.028571428571428595], "5/25/2016": [2.11, -0.02314814814814827], "5/26/2016": [1.95, -0.07582938388625589], "5/27/2016": [1.93, -0.010256410256410265], "5/30/2016": [2.07, 0.0725388601036269], "5/31/2016": [2.12, 0.024154589371980808], "6/1/2016": [2.18, 0.028301886792452855], "6/2/2016": [2.06, -0.05504587155963307], "6/3/2016": [2.1, 0.019417475728155355], "6/4/2016": [2.15, 0.023809523809523725], "6/6/2016": [2.17, 0.009302325581395357], "6/7/2016": [2.18, 0.004608294930875683], "6/8/2016": [2.03, -0.06880733944954144], "6/13/2016": [2.1, 0.0344827586206898], "6/14/2016": [2.09, -0.004761904761904872], "6/15/2016": [2.09, 0.0], "6/16/2016": [2.01, -0.03827751196172252], "6/17/2016": [2.04, 0.014925373134328483], "6/20/2016": [2.06, 0.00980392156862746], "6/21/2016": [2.0, -0.029126213592233035], "6/22/2016": [2.06, 0.030000000000000027], "6/23/2016": [2.06, 0.0], "6/24/2016": [2.02, -0.019417475728155355], "6/27/2016": [2.08, 0.02970297029702973], "6/28/2016": [2.08, 0.0], "6/29/2016": [2.12, 0.019230769230769246], "6/30/2016": [2.09, -0.014150943396226532], "7/1/2016": [2.18, 0.04306220095693795], "7/4/2016": [2.2, 0.009174311926605512], "7/5/2016": [2.15, -0.022727272727272846], "7/6/2016": [2.19, 0.018604651162790715], "7/7/2016": [2.15, -0.018264840182648418], "7/11/2016": [2.17, 0.009302325581395357], "7/12/2016": [2.15, -0.00921658986175116], "7/13/2016": [2.19, 0.018604651162790715], "7/14/2016": [2.26, 0.03196347031963463], "7/15/2016": [2.22, -0.017699115044247607], "7/18/2016": [2.2, -0.009009009009009016], "7/19/2016": [2.14, -0.027272727272727296], "7/20/2016": [2.15, 0.004672897196261582], "7/21/2016": [2.3, 0.06976744186046507], "7/22/2016": [2.2, -0.043478260869565064], "7/25/2016": [2.41, 0.09545454545454543], "7/26/2016": [2.4, -0.004149377593361091], "7/27/2016": [2.23, -0.0708333333333333], "7/28/2016": [2.23, 0.0], "7/29/2016": [2.2, -0.01345291479820619], "8/1/2016": [2.29, 0.04090909090909084], "8/2/2016": [2.3, 0.004366812227074143], "8/3/2016": [2.17, -0.05652173913043474], "8/4/2016": [2.3, 0.059907834101382444], "8/5/2016": [2.16, -0.06086956521739117], "8/8/2016": [2.3, 0.06481481481481466], "8/9/2016": [2.23, -0.030434782608695584], "8/10/2016": [2.2, -0.01345291479820619], "8/11/2016": [2.1, -0.04545454545454549], "8/12/2016": [2.09, -0.004761904761904872], "8/15/2016": [2.12, 0.014354066985646053], "8/16/2016": [2.15, 0.014150943396226322], "8/17/2016": [2.12, -0.013953488372092933], "8/18/2016": [1.96, -0.07547169811320761], "8/19/2016": [2.1, 0.0714285714285715], "8/22/2016": [2.1, 0.0], "8/23/2016": [2.09, -0.004761904761904872], "8/24/2016": [2.09, 0.0], "8/25/2016": [2.02, -0.0334928229665071], "8/26/2016": [2.12, 0.04950495049504955], "8/29/2016": [2.1, -0.009433962264150952], "8/30/2016": [2.13, 0.014285714285714192], "8/31/2016": [2.34, 0.09859154929577464], "9/1/2016": [2.45, 0.04700854700854715], "9/2/2016": [2.45, 0.0], "9/5/2016": [2.44, -0.0040816326530613185], "9/6/2016": [2.35, -0.03688524590163929], "9/7/2016": [2.43, 0.03404255319148939], "9/8/2016": [2.45, 0.008230452674897125], "9/9/2016": [2.46, 0.004081632653061137], "9/10/2016": [2.51, 0.020325203252032447], "9/12/2016": [2.5, -0.003984063745019836], "9/13/2016": [2.75, 0.1], "9/14/2016": [2.92, 0.06181818181818179], "9/19/2016": [2.99, 0.023972602739726127], "9/20/2016": [2.71, -0.09364548494983285], "9/21/2016": [2.55, -0.05904059040590411], "9/22/2016": [2.6, 0.01960784313725501], "9/23/2016": [2.6, 0.0], "9/26/2016": [2.6, 0.0], "9/29/2016": [2.6, 0.0], "9/30/2016": [2.6, 0.0], "10/3/2016": [2.6, 0.0], "10/4/2016": [2.6, 0.0], "10/5/2016": [2.6, 0.0], "10/6/2016": [2.6, 0.0], "10/7/2016": [7.0, 1.6923076923076923], "10/11/2016": [7.01, 0.0014285714285713982], "10/12/2016": [7.31, 0.04279600570613407], "10/13/2016": [7.25, -0.008207934336525256], "10/14/2016": [7.0, -0.034482758620689655], "10/17/2016": [6.79, -0.029999999999999995], "10/18/2016": [6.12, -0.09867452135493371], "10/19/2016": [5.8, -0.05228758169934645], "10/20/2016": [5.81, 0.001724137931034446], "10/21/2016": [5.85, 0.0068846815834767705], "10/24/2016": [6.11, 0.044444444444444564], "10/25/2016": [6.4, 0.04746317512274959], "10/26/2016": [6.54, 0.02187499999999995],