{"1/4/2016": [11.0, ""], "1/5/2016": [10.7, -0.027272727272727337], "1/6/2016": [10.55, -0.014018691588784915], "1/7/2016": [10.3, -0.023696682464454975], "1/8/2016": [10.4, 0.009708737864077634], "1/11/2016": [10.05, -0.03365384615384612], "1/12/2016": [9.96, -0.008955223880597], "1/13/2016": [10.05, 0.009036144578313239], "1/14/2016": [9.86, -0.018905472636816047], "1/15/2016": [9.93, 0.0070993914807302525], "1/18/2016": [10.75, 0.08257804632426992], "1/19/2016": [10.3, -0.04186046511627901], "1/20/2016": [10.05, -0.024271844660194174], "1/21/2016": [10.0, -0.004975124378109523], "1/22/2016": [10.0, 0.0], "1/25/2016": [10.2, 0.019999999999999928], "1/26/2016": [10.2, 0.0], "1/27/2016": [10.4, 0.01960784313725501], "1/28/2016": [10.4, 0.0], "1/29/2016": [10.4, 0.0], "1/30/2016": [10.55, 0.014423076923076957], "2/1/2016": [10.5, -0.004739336492891062], "2/2/2016": [10.5, 0.0], "2/3/2016": [10.45, -0.00476190476190483], "2/15/2016": [10.25, -0.019138755980861177], "2/16/2016": [10.55, 0.029268292682926897], "2/17/2016": [10.6, 0.004739336492890894], "2/18/2016": [10.7, 0.00943396226415091], "2/19/2016": [10.75, 0.004672897196261749], "2/22/2016": [10.85, 0.009302325581395316], "2/23/2016": [10.95, 0.009216589861751119], "2/24/2016": [10.95, 0.0], "2/25/2016": [11.1, 0.013698630136986335], "2/26/2016": [11.3, 0.018018018018018115], "3/1/2016": [11.2, -0.008849557522124019], "3/2/2016": [11.2, 0.0], "3/3/2016": [11.1, -0.008928571428571397], "3/4/2016": [11.5, 0.03603603603603607], "3/7/2016": [11.5, 0.0], "3/8/2016": [11.5, 0.0], "3/9/2016": [11.6, 0.008695652173913012], "3/10/2016": [11.9, 0.025862068965517303], "3/11/2016": [11.65, -0.021008403361344536], "3/14/2016": [12.0, 0.03004291845493559], "3/15/2016": [11.6, -0.03333333333333336], "3/16/2016": [11.6, 0.0], "3/17/2016": [11.6, 0.0], "3/18/2016": [11.6, 0.0], "3/21/2016": [11.8, 0.01724137931034492], "3/22/2016": [11.9, 0.00847457627118641], "3/23/2016": [11.95, 0.004201680672268818], "3/24/2016": [11.95, 0.0], "3/25/2016": [12.05, 0.008368200836820203], "3/28/2016": [11.9, -0.012448132780083016], "3/29/2016": [11.65, -0.021008403361344536], "3/30/2016": [11.65, 0.0], "3/31/2016": [11.75, 0.008583690987124432], "4/1/2016": [11.8, 0.004255319148936231], "4/6/2016": [11.9, 0.00847457627118641], "4/7/2016": [11.65, -0.021008403361344536], "4/8/2016": [11.6, -0.0042918454935622925], "4/11/2016": [11.6, 0.0], "4/12/2016": [11.4, -0.01724137931034477], "4/13/2016": [11.0, -0.03508771929824565], "4/14/2016": [10.75, -0.022727272727272728], "4/15/2016": [10.6, -0.013953488372093056], "4/18/2016": [10.6, 0.0], "4/19/2016": [10.6, 0.0], "4/20/2016": [10.5, -0.00943396226415091], "4/21/2016": [10.35, -0.01428571428571432], "4/22/2016": [10.3, -0.004830917874396033], "4/25/2016": [10.3, 0.0], "4/26/2016": [10.15, -0.014563106796116538], "4/27/2016": [10.0, -0.014778325123152743], "4/28/2016": [9.92, -0.008000000000000007], "4/29/2016": [9.99, 0.007056451612903254], "5/3/2016": [9.84, -0.01501501501501505], "5/4/2016": [9.86, 0.002032520325203209], "5/5/2016": [9.87, 0.001014198782961439], "5/6/2016": [9.8, -0.0070921985815601335], "5/9/2016": [9.78, -0.00204081632653075], "5/10/2016": [9.84, 0.0061349693251534256], "5/11/2016": [9.8, -0.004065040650406418], "5/12/2016": [9.78, -0.00204081632653075], "5/13/2016": [9.78, 0.0], "5/16/2016": [9.75, -0.003067484662576622], "5/17/2016": [10.05, 0.030769230769230844], "5/18/2016": [9.95, -0.009950248756219046], "5/19/2016": [9.98, 0.0030150753768845365], "5/20/2016": [10.05, 0.007014028056112252], "5/23/2016": [10.2, 0.014925373134328216], "5/24/2016": [10.1, -0.009803921568627416], "5/25/2016": [10.3, 0.01980198019801991], "5/26/2016": [10.35, 0.004854368932038731], "5/27/2016": [10.4, 0.004830917874396204], "5/30/2016": [10.35, -0.004807692307692376], "5/31/2016": [10.35, 0.0], "6/1/2016": [10.45, 0.009661835748792237], "6/2/2016": [10.4, -0.004784688995215209], "6/3/2016": [10.35, -0.004807692307692376], "6/4/2016": [10.4, 0.004830917874396204], "6/6/2016": [10.4, 0.0], "6/7/2016": [10.3, -0.009615384615384581], "6/8/2016": [10.3, 0.0], "6/13/2016": [10.2, -0.009708737864077808], "6/14/2016": [10.25, 0.004901960784313796], "6/15/2016": [10.3, 0.004878048780487874], "6/16/2016": [10.25, -0.004854368932038904], "6/17/2016": [10.2, -0.004878048780487874], "6/20/2016": [10.35, 0.014705882352941213], "6/21/2016": [10.3, -0.004830917874396033], "6/22/2016": [10.4, 0.009708737864077634], "6/23/2016": [10.4, 0.0], "6/24/2016": [10.05, -0.03365384615384612], "6/27/2016": [10.1, 0.004975124378109346], "6/28/2016": [10.0, -0.009900990099009866], "6/29/2016": [10.25, 0.025], "6/30/2016": [10.2, -0.004878048780487874], "7/1/2016": [11.2, 0.09803921568627452], "7/4/2016": [11.6, 0.03571428571428575], "7/5/2016": [12.75, 0.09913793103448279], "7/6/2016": [13.0, 0.0196078431372549], "7/7/2016": [12.9, -0.007692307692307665], "7/11/2016": [13.05, 0.011627906976744214], "7/12/2016": [13.0, -0.0038314176245211272], "7/13/2016": [12.5, -0.038461538461538464], "7/14/2016": [12.6, 0.007999999999999972], "7/15/2016": [12.5, -0.007936507936507908], "7/18/2016": [12.6, 0.007999999999999972], "7/19/2016": [12.8, 0.01587301587301596], "7/20/2016": [12.35, -0.03515625000000008], "7/21/2016": [12.55, 0.016194331983805755], "7/22/2016": [13.8, 0.099601593625498], "7/25/2016": [14.1, 0.021739130434782532], "7/26/2016": [13.75, -0.02482269503546097], "7/27/2016": [13.3, -0.032727272727272674], "7/28/2016": [13.35, 0.003759398496240521], "7/29/2016": [12.9, -0.033707865168539276], "8/1/2016": [12.95, 0.003875968992247979], "8/2/2016": [13.45, 0.03861003861003861], "8/3/2016": [13.3, -0.011152416356877219], "8/4/2016": [13.35, 0.003759398496240521], "8/5/2016": [13.15, -0.014981273408239647], "8/8/2016": [13.6, 0.03422053231939158], "8/9/2016": [13.35, -0.01838235294117647], "8/10/2016": [13.1, -0.018726591760299626], "8/11/2016": [12.75, -0.026717557251908372], "8/12/2016": [12.8, 0.003921568627451036], "8/15/2016": [13.0, 0.015624999999999944], "8/16/2016": [13.4, 0.030769230769230795], "8/17/2016": [13.3, -0.007462686567164152], "8/18/2016": [13.8, 0.03759398496240601], "8/19/2016": [13.85, 0.003623188405797024], "8/22/2016": [13.8, -0.0036101083032490204], "8/23/2016": [14.25, 0.03260869565217386], "8/24/2016": [15.05, 0.05614035087719303], "8/25/2016": [14.8, -0.01661129568106312], "8/26/2016": [15.35, 0.03716216216216209], "8/29/2016": [15.45, 0.006514657980456003], "8/30/2016": [14.95, -0.03236245954692557], "8/31/2016": [15.05, 0.006688963210702436], "9/1/2016": [14.75, -0.019933554817275795], "9/2/2016": [14.1, -0.04406779661016952], "9/5/2016": [14.2, 0.007092198581560258], "9/6/2016": [14.6, 0.028169014084507067], "9/7/2016": [14.5, -0.006849315068493127], "9/8/2016": [14.5, 0.0], "9/9/2016": [14.85, 0.024137931034482734], "9/10/2016": [14.5, -0.023569023569023545], "9/12/2016": [14.5, 0.0], "9/13/2016": [14.45, -0.0034482758620690145], "9/14/2016": [14.05, -0.027681660899653883], "9/19/2016": [14.3, 0.01779359430604982], "9/20/2016": [14.15, -0.010489510489510514], "9/21/2016": [14.3, 0.010600706713780944], "9/22/2016": [14.5, 0.013986013986013936], "9/23/2016": [14.45, -0.0034482758620690145], "9/26/2016": [14.5, 0.003460207612456797], "9/29/2016": [14.5, 0.0], "9/30/2016": [14.35, -0.01034482758620692], "10/3/2016": [14.15, -0.013937282229965108], "10/4/2016": [14.15, 0.0], "10/5/2016": [14.15, 0.0], "10/6/2016": [14.05, -0.007067137809187254], "10/7/2016": [13.6, -0.03202846975088976], "10/11/2016": [12.25, -0.09926470588235292], "10/12/2016": [12.2, -0.004081632653061282], "10/13/2016": [12.0, -0.01639344262295076], "10/14/2016": [11.6, -0.03333333333333336], "10/17/2016": [11.9, 0.025862068965517303], "10/18/2016": [12.1, 0.01680672268907557], "10/19/2016": [12.15, 0.004132231404958737], "10/20/2016": [12.2, 0.0041152263374484715], "10/21/2016": [12.25, 0.004098360655737763], "10/24/2016": [12.3, 0.004081632653061282], "10/25/2016": [12.35, 0.004065040650406417],