{"1/4/2016": [28.65, ""], "1/5/2016": [27.5, -0.04013961605584637], "1/6/2016": [27.5, 0.0], "1/7/2016": [27.45, -0.001818181818181844], "1/8/2016": [27.45, 0.0], "1/11/2016": [26.9, -0.020036429872495473], "1/12/2016": [26.9, 0.0], "1/13/2016": [27.3, 0.014869888475836512], "1/14/2016": [26.45, -0.031135531135531188], "1/15/2016": [27.25, 0.030245746691871484], "1/18/2016": [27.25, 0.0], "1/19/2016": [28.0, 0.027522935779816515], "1/20/2016": [28.0, 0.0], "1/21/2016": [28.0, 0.0], "1/22/2016": [28.0, 0.0], "1/25/2016": [27.9, -0.003571428571428622], "1/26/2016": [27.9, 0.0], "1/27/2016": [27.9, 0.0], "1/28/2016": [27.9, 0.0], "1/29/2016": [28.35, 0.01612903225806462], "1/30/2016": [28.35, 0.0], "2/1/2016": [28.25, -0.003527336860670244], "2/2/2016": [28.2, -0.0017699115044248039], "2/3/2016": [28.0, -0.007092198581560258], "2/15/2016": [28.0, 0.0], "2/16/2016": [28.0, 0.0], "2/17/2016": [28.0, 0.0], "2/18/2016": [27.5, -0.017857142857142856], "2/19/2016": [28.3, 0.029090909090909115], "2/22/2016": [28.3, 0.0], "2/23/2016": [28.25, -0.001766784452296845], "2/24/2016": [28.0, -0.008849557522123894], "2/25/2016": [28.0, 0.0], "2/26/2016": [28.0, 0.0], "3/1/2016": [28.0, 0.0], "3/2/2016": [28.1, 0.003571428571428622], "3/3/2016": [28.0, -0.003558718861210015], "3/4/2016": [28.1, 0.003571428571428622], "3/7/2016": [28.15, 0.001779359430604881], "3/8/2016": [28.2, 0.0017761989342806649], "3/9/2016": [28.2, 0.0], "3/10/2016": [28.0, -0.007092198581560258], "3/11/2016": [28.6, 0.02142857142857148], "3/14/2016": [28.65, 0.0017482517482516487], "3/15/2016": [28.65, 0.0], "3/16/2016": [28.65, 0.0], "3/17/2016": [28.7, 0.0017452006980803042], "3/18/2016": [28.6, -0.003484320557491215], "3/21/2016": [28.8, 0.006993006993006968], "3/22/2016": [28.55, -0.008680555555555556], "3/23/2016": [30.65, 0.073555166374781], "3/24/2016": [32.7, 0.06688417618270813], "3/25/2016": [32.0, -0.021406727828746263], "3/28/2016": [34.0, 0.0625], "3/29/2016": [32.9, -0.03235294117647063], "3/30/2016": [32.85, -0.0015197568389056888], "3/31/2016": [32.85, 0.0], "4/1/2016": [32.6, -0.0076103500761035], "4/6/2016": [32.7, 0.0030674846625767306], "4/7/2016": [32.7, 0.0], "4/8/2016": [32.6, -0.0030581039755352116], "4/11/2016": [32.45, -0.004601226993864987], "4/12/2016": [32.6, 0.004622496147919833], "4/13/2016": [32.8, 0.006134969325153243], "4/14/2016": [32.8, 0.0], "4/15/2016": [32.95, 0.004573170731707491], "4/18/2016": [32.0, -0.02883156297420342], "4/19/2016": [32.0, 0.0], "4/20/2016": [31.45, -0.017187500000000022], "4/21/2016": [31.55, 0.003179650238473813], "4/22/2016": [31.55, 0.0], "4/25/2016": [31.55, 0.0], "4/26/2016": [31.8, 0.00792393026941363], "4/27/2016": [31.8, 0.0], "4/28/2016": [31.8, 0.0], "4/29/2016": [32.35, 0.01729559748427675], "5/3/2016": [32.0, -0.010819165378670831], "5/4/2016": [31.2, -0.025000000000000022], "5/5/2016": [31.4, 0.0064102564102563875], "5/6/2016": [31.4, 0.0], "5/9/2016": [31.5, 0.0031847133757962236], "5/10/2016": [32.6, 0.03492063492063496], "5/11/2016": [31.2, -0.042944785276073684], "5/12/2016": [31.2, 0.0], "5/13/2016": [31.05, -0.004807692307692262], "5/16/2016": [30.5, -0.01771336553945252], "5/17/2016": [31.75, 0.040983606557377046], "5/18/2016": [32.5, 0.023622047244094488], "5/19/2016": [32.5, 0.0], "5/20/2016": [32.4, -0.0030769230769231207], "5/23/2016": [31.8, -0.018518518518518455], "5/24/2016": [32.35, 0.01729559748427675], "5/25/2016": [31.95, -0.01236476043276668], "5/26/2016": [31.95, 0.0], "5/27/2016": [31.95, 0.0], "5/30/2016": [32.3, 0.01095461658841934], "5/31/2016": [31.9, -0.012383900928792527], "6/1/2016": [31.9, 0.0], "6/2/2016": [32.2, 0.009404388714733676], "6/3/2016": [32.25, 0.0015527950310558123], "6/4/2016": [32.15, -0.003100775193798494], "6/6/2016": [32.15, 0.0], "6/7/2016": [32.5, 0.010886469673405955], "6/8/2016": [32.5, 0.0], "6/13/2016": [32.5, 0.0], "6/14/2016": [32.5, 0.0], "6/15/2016": [32.45, -0.001538461538461451], "6/16/2016": [32.45, 0.0], "6/17/2016": [32.65, 0.006163328197226371], "6/20/2016": [33.25, 0.01837672281776421], "6/21/2016": [33.5, 0.007518796992481203], "6/22/2016": [32.35, -0.03432835820895518], "6/23/2016": [32.9, 0.017001545595054006], "6/24/2016": [33.0, 0.0030395136778115935], "6/27/2016": [32.55, -0.013636363636363722], "6/28/2016": [32.8, 0.007680491551459294], "6/29/2016": [32.95, 0.004573170731707491], "6/30/2016": [33.45, 0.015174506828528072], "7/1/2016": [33.4, -0.001494768310911936], "7/4/2016": [33.85, 0.013473053892215654], "7/5/2016": [33.8, -0.0014771048744462115], "7/6/2016": [33.0, -0.023668639053254354], "7/7/2016": [31.0, -0.06060606060606061], "7/11/2016": [31.3, 0.009677419354838733], "7/12/2016": [34.4, 0.0990415335463258], "7/13/2016": [37.8, 0.09883720930232555], "7/14/2016": [38.6, 0.021164021164021277], "7/15/2016": [38.5, -0.00259067357512957], "7/18/2016": [38.85, 0.009090909090909129], "7/19/2016": [38.9, 0.0012870012870012139], "7/20/2016": [37.2, -0.04370179948586107], "7/21/2016": [37.25, 0.0013440860215053], "7/22/2016": [36.6, -0.01744966442953016], "7/25/2016": [36.95, 0.009562841530054683], "7/26/2016": [37.25, 0.008119079837618325], "7/27/2016": [37.6, 0.009395973154362454], "7/28/2016": [38.0, 0.010638297872340387], "7/29/2016": [37.0, -0.02631578947368421], "8/1/2016": [37.3, 0.00810810810810803], "8/2/2016": [37.35, 0.0013404825737266559], "8/3/2016": [37.9, 0.014725568942436335], "8/4/2016": [38.8, 0.023746701846965663], "8/5/2016": [38.6, -0.005154639175257623], "8/8/2016": [39.0, 0.010362694300518097], "8/9/2016": [36.0, -0.07692307692307693], "8/10/2016": [36.0, 0.0], "8/11/2016": [35.0, -0.027777777777777776], "8/12/2016": [34.75, -0.007142857142857143], "8/15/2016": [35.05, 0.008633093525179774], "8/16/2016": [35.0, -0.001426533523537722], "8/17/2016": [35.35, 0.01000000000000004], "8/18/2016": [35.4, 0.001414427157001334], "8/19/2016": [35.5, 0.002824858757062187], "8/22/2016": [34.75, -0.02112676056338028], "8/23/2016": [35.0, 0.007194244604316547], "8/24/2016": [34.95, -0.0014285714285713475], "8/25/2016": [34.8, -0.004291845493562394], "8/26/2016": [34.8, 0.0], "8/29/2016": [34.8, 0.0], "8/30/2016": [34.6, -0.005747126436781487], "8/31/2016": [34.6, 0.0], "9/1/2016": [34.2, -0.011560693641618455], "9/2/2016": [34.2, 0.0], "9/5/2016": [34.2, 0.0], "9/6/2016": [34.5, 0.00877192982456132], "9/7/2016": [34.9, 0.011594202898550683], "9/8/2016": [34.9, 0.0], "9/9/2016": [35.85, 0.027220630372492918], "9/10/2016": [34.35, -0.04184100418410042], "9/12/2016": [34.7, 0.010189228529839925], "9/13/2016": [34.7, 0.0], "9/14/2016": [34.0, -0.020172910662824287], "9/19/2016": [34.75, 0.022058823529411766], "9/20/2016": [34.8, 0.0014388489208632276], "9/21/2016": [34.8, 0.0], "9/22/2016": [34.15, -0.01867816091954019], "9/23/2016": [34.2, 0.0014641288433383387], "9/26/2016": [34.1, -0.002923976608187176], "9/29/2016": [34.2, 0.0029325513196481355], "9/30/2016": [34.2, 0.0], "10/3/2016": [34.2, 0.0], "10/4/2016": [34.45, 0.007309941520467836], "10/5/2016": [34.3, -0.004354136429608292], "10/6/2016": [34.1, -0.005830903790087339], "10/7/2016": [34.1, 0.0], "10/11/2016": [32.2, -0.05571847507331374], "10/12/2016": [31.9, -0.009316770186335536], "10/13/2016": [31.8, -0.0031347962382444476], "10/14/2016": [31.45, -0.011006289308176145], "10/17/2016": [31.1, -0.011128775834658121], "10/18/2016": [32.35, 0.04019292604501608], "10/19/2016": [32.35, 0.0], "10/20/2016": [32.0, -0.010819165378670831], "10/21/2016": [32.0, 0.0], "10/24/2016": [32.5, 0.015625], "10/25/2016": [32.05, -0.013846153846153933], "10/26/2016": [31.8, -0.007800312012480389], "10/27/2016": [32.3, 0.01572327044025146], "10/28/2016": [32.2, -0.0030959752321979665], "10/31/2016": [32.0, -0.0062111801242236905], "11/1/2016": [32.0, 0.0], "11/2/2016": [31.1, -0.028124999999999956], "11/3/2016": [31.0, -0.0032154340836013317], "11/4/2016": [31.0, 0.0], "11/7/2016": [31.0, 0.0], "11/8/2016": [31.5, 0.016129032258064516], "11/9/2016": [30.9, -0.019047619047619094],