{"1/4/2016": [181.0, ""], "1/5/2016": [178.0, -0.016574585635359115], "1/6/2016": [179.0, 0.0056179775280898875], "1/7/2016": [175.0, -0.0223463687150838], "1/8/2016": [180.5, 0.03142857142857143], "1/11/2016": [182.0, 0.008310249307479225], "1/12/2016": [178.51, -0.019175824175824224], "1/13/2016": [180.0, 0.008346871323735416], "1/14/2016": [174.33, -0.03149999999999993], "1/15/2016": [180.0, 0.03252452245740829], "1/18/2016": [175.0, -0.027777777777777776], "1/19/2016": [180.0, 0.02857142857142857], "1/20/2016": [180.0, 0.0], "1/21/2016": [179.0, -0.005555555555555556], "1/22/2016": [171.01, -0.04463687150837994], "1/25/2016": [172.52, 0.008829892988714224], "1/26/2016": [172.52, 0.0], "1/27/2016": [172.52, 0.0], "1/28/2016": [179.99, 0.04329932761418965], "1/29/2016": [179.99, 0.0], "1/30/2016": [175.01, -0.027668203789099493], "2/1/2016": [176.99, 0.01131363922061607], "2/2/2016": [176.5, -0.0027685179953670213], "2/3/2016": [177.0, 0.0028328611898017], "2/15/2016": [177.0, 0.0], "2/16/2016": [176.0, -0.005649717514124294], "2/17/2016": [174.0, -0.011363636363636364], "2/18/2016": [178.0, 0.022988505747126436], "2/19/2016": [178.0, 0.0], "2/22/2016": [177.0, -0.0056179775280898875], "2/23/2016": [175.0, -0.011299435028248588], "2/24/2016": [179.0, 0.022857142857142857], "2/25/2016": [179.0, 0.0], "2/26/2016": [179.0, 0.0], "3/1/2016": [179.0, 0.0], "3/2/2016": [179.0, 0.0], "3/3/2016": [179.0, 0.0], "3/4/2016": [178.0, -0.00558659217877095], "3/7/2016": [179.0, 0.0056179775280898875], "3/8/2016": [178.0, -0.00558659217877095], "3/9/2016": [178.0, 0.0], "3/10/2016": [175.0, -0.016853932584269662], "3/11/2016": [178.99, 0.022800000000000053], "3/14/2016": [178.99, 0.0], "3/15/2016": [176.99, -0.011173808592658808], "3/16/2016": [172.5, -0.025368664896321877], "3/17/2016": [175.0, 0.014492753623188406], "3/18/2016": [175.0, 0.0], "3/21/2016": [175.0, 0.0], "3/22/2016": [174.8, -0.0011428571428570779], "3/23/2016": [174.0, -0.004576659038901667], "3/24/2016": [174.0, 0.0], "3/25/2016": [174.0, 0.0], "3/28/2016": [172.0, -0.011494252873563218], "3/29/2016": [170.0, -0.011627906976744186], "3/30/2016": [170.0, 0.0], "3/31/2016": [170.0, 0.0], "4/1/2016": [171.0, 0.0058823529411764705], "4/6/2016": [171.0, 0.0], "4/7/2016": [171.0, 0.0], "4/8/2016": [171.0, 0.0], "4/11/2016": [171.0, 0.0], "4/12/2016": [168.0, -0.017543859649122806], "4/13/2016": [168.0, 0.0], "4/14/2016": [168.0, 0.0], "4/15/2016": [168.0, 0.0], "4/18/2016": [171.0, 0.017857142857142856], "4/19/2016": [171.0, 0.0], "4/20/2016": [171.0, 0.0], "4/21/2016": [171.0, 0.0], "4/22/2016": [171.0, 0.0], "4/25/2016": [171.0, 0.0], "4/26/2016": [171.0, 0.0], "4/27/2016": [173.0, 0.011695906432748537], "4/28/2016": [174.0, 0.005780346820809248], "4/29/2016": [180.0, 0.034482758620689655], "5/3/2016": [173.0, -0.03888888888888889], "5/4/2016": [171.0, -0.011560693641618497], "5/5/2016": [171.0, 0.0], "5/6/2016": [171.0, 0.0], "5/9/2016": [170.0, -0.005847953216374269], "5/10/2016": [170.0, 0.0], "5/11/2016": [170.0, 0.0], "5/12/2016": [168.0, -0.011764705882352941], "5/13/2016": [167.0, -0.005952380952380952], "5/16/2016": [167.0, 0.0], "5/17/2016": [167.0, 0.0], "5/18/2016": [167.0, 0.0], "5/19/2016": [167.0, 0.0], "5/20/2016": [167.0, 0.0], "5/23/2016": [168.0, 0.005988023952095809], "5/24/2016": [167.0, -0.005952380952380952], "5/25/2016": [167.0, 0.0], "5/26/2016": [167.0, 0.0], "5/27/2016": [167.0, 0.0], "5/30/2016": [167.0, 0.0], "5/31/2016": [182.69, 0.09395209580838322], "6/1/2016": [171.0, -0.0639881766927582], "6/2/2016": [171.0, 0.0], "6/3/2016": [171.0, 0.0], "6/4/2016": [171.0, 0.0], "6/6/2016": [170.88, -0.0007017543859649389], "6/7/2016": [170.88, 0.0], "6/8/2016": [170.88, 0.0], "6/13/2016": [170.79, -0.0005266853932584469], "6/14/2016": [173.25, 0.014403653609696166], "6/15/2016": [173.67, 0.0024242424242423522], "6/16/2016": [173.67, 0.0], "6/17/2016": [172.0, -0.009615938273737476], "6/20/2016": [170.0, -0.011627906976744186], "6/21/2016": [168.0, -0.011764705882352941], "6/22/2016": [168.42, 0.0024999999999999255], "6/23/2016": [170.0, 0.009381308633179033], "6/24/2016": [169.2, -0.004705882352941244], "6/27/2016": [169.2, 0.0], "6/28/2016": [169.2, 0.0], "6/29/2016": [169.2, 0.0], "6/30/2016": [172.68, 0.020567375886524932], "7/1/2016": [172.68, 0.0], "7/4/2016": [171.0, -0.009728978457262026], "7/5/2016": [171.0, 0.0], "7/6/2016": [171.0, 0.0], "7/7/2016": [171.0, 0.0], "7/11/2016": [168.42, -0.015087719298245688], "7/12/2016": [167.0, -0.008431302695641775], "7/13/2016": [167.0, 0.0], "7/14/2016": [167.0, 0.0], "7/15/2016": [165.68, -0.007904191616766426], "7/18/2016": [165.5, -0.001086431675519114], "7/19/2016": [165.8, 0.0018126888217523346], "7/20/2016": [163.36, -0.014716525934861264], "7/21/2016": [162.0, -0.008325171400587743], "7/22/2016": [162.0, 0.0], "7/25/2016": [162.0, 0.0], "7/26/2016": [166.68, 0.028888888888888933], "7/27/2016": [167.99, 0.00785937125029999], "7/28/2016": [170.96, 0.01767962378713018], "7/29/2016": [169.99, -0.005673841834347209], "8/1/2016": [175.3, 0.031237131595976245], "8/2/2016": [160.42, -0.08488305761551639], "8/3/2016": [162.0, 0.009849145991771679], "8/4/2016": [161.99, -6.172839506167225e-05], "8/5/2016": [161.99, 0.0], "8/8/2016": [157.0, -0.030804370640163028], "8/9/2016": [162.0, 0.03184713375796178], "8/10/2016": [162.0, 0.0], "8/11/2016": [162.0, 0.0], "8/12/2016": [162.0, 0.0], "8/15/2016": [163.99, 0.012283950617284007], "8/16/2016": [162.0, -0.01213488627355332], "8/17/2016": [162.0, 0.0], "8/18/2016": [161.5, -0.0030864197530864196], "8/19/2016": [161.0, -0.0030959752321981426], "8/22/2016": [163.0, 0.012422360248447204], "8/23/2016": [165.0, 0.012269938650306749], "8/24/2016": [164.79, -0.001272727272727321], "8/25/2016": [164.0, -0.0047939802172461445], "8/26/2016": [163.0, -0.006097560975609756], "8/29/2016": [164.0, 0.006134969325153374], "8/30/2016": [164.0, 0.0], "8/31/2016": [164.0, 0.0], "9/1/2016": [165.79, 0.010914634146341414], "9/2/2016": [165.79, 0.0], "9/5/2016": [165.5, -0.0017492007961879008], "9/6/2016": [165.5, 0.0], "9/7/2016": [165.5, 0.0], "9/8/2016": [165.5, 0.0], "9/9/2016": [165.0, -0.0030211480362537764], "9/10/2016": [165.49, 0.002969696969697025], "9/12/2016": [165.48, -6.042661187998868e-05], "9/13/2016": [165.48, 0.0], "9/14/2016": [165.48, 0.0], "9/19/2016": [165.3, -0.001087744742566947], "9/20/2016": [162.0, -0.01996370235934671], "9/21/2016": [162.0, 0.0], "9/22/2016": [162.03, 0.0001851851851851922], "9/23/2016": [162.99, 0.0059248287354194155], "9/26/2016": [162.7, -0.0017792502607523188], "9/29/2016": [162.99, 0.0017824216349110048], "9/30/2016": [161.0, -0.01220933799619614], "10/3/2016": [161.0, 0.0], "10/4/2016": [161.9, 0.005590062111801277], "10/5/2016": [161.9, 0.0], "10/6/2016": [161.9, 0.0], "10/7/2016": [161.0, -0.0055589870290303], "10/11/2016": [161.0, 0.0], "10/12/2016": [161.0, 0.0], "10/13/2016": [160.0, -0.006211180124223602], "10/14/2016": [160.0, 0.0], "10/17/2016": [160.0, 0.0], "10/18/2016": [160.0, 0.0], "10/19/2016": [160.0, 0.0], "10/20/2016": [160.5, 0.003125], "10/21/2016": [161.0, 0.003115264797507788], "10/24/2016": [161.0, 0.0], "10/25/2016": [161.0, 0.0], "10/26/2016": [161.5, 0.003105590062111801], "10/27/2016": [161.5, 0.0], "10/28/2016": [162.5, 0.006191950464396285], "10/31/2016": [162.01, -0.0030153846153846715], "11/1/2016": [160.0, -0.012406641565335417], "11/2/2016": [161.0, 0.00625], "11/3/2016": [161.99, 0.006149068322981423], "11/4/2016": [162.0, 6.173220569165322e-05], "11/7/2016": [161.99, -6.172839506167225e-05], "11/8/2016": [162.0, 6.173220569165322e-05], "11/9/2016": [162.0, 0.0], "11/10/2016": [162.0, 0.0], "11/11/2016": [160.49, -0.009320987654320932], "11/14/2016": [160.49, 0.0], "11/15/2016": [160.5, 6.230917814188364e-05], "11/16/2016": [160.5, 0.0], "11/17/2016": [160.51, 6.23052959500991e-05], "11/18/2016": [161.99, 0.009220609307831402], "11/21/2016": [160.0, -0.01228470893265022], "11/22/2016": [161.0, 0.00625],