{"1/4/2016": [24.95, ""], "1/5/2016": [24.7, -0.01002004008016032], "1/6/2016": [24.4, -0.01214574898785428], "1/7/2016": [23.05, -0.05532786885245893], "1/8/2016": [23.5, 0.01952277657266808], "1/11/2016": [22.9, -0.025531914893617082], "1/12/2016": [22.35, -0.024017467248908176], "1/13/2016": [22.4, 0.0022371364653242577], "1/14/2016": [22.1, -0.013392857142857017], "1/15/2016": [23.9, 0.08144796380090484], "1/18/2016": [24.55, 0.027196652719665364], "1/19/2016": [24.35, -0.0081466395112016], "1/20/2016": [23.3, -0.043121149897330624], "1/21/2016": [23.3, 0.0], "1/22/2016": [23.3, 0.0], "1/25/2016": [23.55, 0.01072961373390558], "1/26/2016": [23.15, -0.016985138004246374], "1/27/2016": [23.15, 0.0], "1/28/2016": [23.05, -0.004319654427645697], "1/29/2016": [23.85, 0.03470715835141001], "1/30/2016": [26.2, 0.09853249475890975], "2/1/2016": [25.25, -0.0362595419847328], "2/2/2016": [25.3, 0.0019801980198020084], "2/3/2016": [25.1, -0.00790513833992092], "2/15/2016": [24.9, -0.007968127490039953], "2/16/2016": [25.6, 0.028112449799196904], "2/17/2016": [25.45, -0.005859375000000083], "2/18/2016": [25.9, 0.017681728880157142], "2/19/2016": [25.6, -0.011583011583011473], "2/22/2016": [25.1, -0.01953125], "2/23/2016": [25.4, 0.011952191235059646], "2/24/2016": [25.2, -0.007874015748031468], "2/25/2016": [25.0, -0.007936507936507908], "2/26/2016": [25.35, 0.014000000000000058], "3/1/2016": [25.15, -0.007889546351084924], "3/2/2016": [25.6, 0.01789264413518898], "3/3/2016": [25.8, 0.007812499999999972], "3/4/2016": [26.5, 0.027131782945736406], "3/7/2016": [26.3, -0.007547169811320728], "3/8/2016": [25.6, -0.02661596958174902], "3/9/2016": [26.05, 0.017578124999999972], "3/10/2016": [25.7, -0.013435700575815793], "3/11/2016": [25.7, 0.0], "3/14/2016": [25.85, 0.005836575875486465], "3/15/2016": [25.3, -0.02127659574468088], "3/16/2016": [25.75, 0.017786561264822105], "3/17/2016": [25.2, -0.0213592233009709], "3/18/2016": [25.15, -0.001984126984127012], "3/21/2016": [25.4, 0.009940357852882704], "3/22/2016": [25.1, -0.011811023622047133], "3/23/2016": [25.05, -0.0019920318725099883], "3/24/2016": [24.8, -0.00998003992015968], "3/25/2016": [24.75, -0.002016129032258093], "3/28/2016": [24.35, -0.016161616161616103], "3/29/2016": [23.8, -0.022587268993839865], "3/30/2016": [24.25, 0.018907563025210055], "3/31/2016": [25.4, 0.04742268041237108], "4/1/2016": [24.9, -0.01968503937007874], "4/6/2016": [24.6, -0.012048192771084223], "4/7/2016": [24.4, -0.008130081300813123], "4/8/2016": [24.75, 0.014344262295082027], "4/11/2016": [24.55, -0.008080808080808051], "4/12/2016": [23.55, -0.04073319755600815], "4/13/2016": [24.1, 0.02335456475583867], "4/14/2016": [23.85, -0.01037344398340249], "4/15/2016": [23.85, 0.0], "4/18/2016": [23.55, -0.012578616352201286], "4/19/2016": [23.55, 0.0], "4/20/2016": [23.35, -0.008492569002123113], "4/21/2016": [23.35, 0.0], "4/22/2016": [22.6, -0.032119914346895075], "4/25/2016": [22.75, 0.006637168141592857], "4/26/2016": [22.95, 0.00879120879120876], "4/27/2016": [23.2, 0.010893246187363835], "4/28/2016": [22.95, -0.010775862068965518], "4/29/2016": [22.7, -0.010893246187363835], "5/3/2016": [22.8, 0.004405286343612398], "5/4/2016": [22.8, 0.0], "5/5/2016": [22.8, 0.0], "5/6/2016": [22.8, 0.0], "5/9/2016": [22.55, -0.010964912280701754], "5/10/2016": [22.6, 0.0022172949002217607], "5/11/2016": [22.55, -0.0022123893805310046], "5/12/2016": [22.35, -0.008869179600886887], "5/13/2016": [22.1, -0.011185682326621923], "5/16/2016": [22.1, 0.0], "5/17/2016": [22.4, 0.013574660633484033], "5/18/2016": [22.75, 0.015625000000000066], "5/19/2016": [22.7, -0.002197802197802229], "5/20/2016": [22.75, 0.002202643171806199], "5/23/2016": [23.3, 0.024175824175824208], "5/24/2016": [23.15, -0.006437768240343439], "5/25/2016": [23.05, -0.004319654427645697], "5/26/2016": [23.1, 0.0021691973969631545], "5/27/2016": [23.5, 0.017316017316017254], "5/30/2016": [23.8, 0.012765957446808541], "5/31/2016": [23.8, 0.0], "6/1/2016": [23.5, -0.012605042016806753], "6/2/2016": [23.25, -0.010638297872340425], "6/3/2016": [23.25, 0.0], "6/4/2016": [23.15, -0.004301075268817265], "6/6/2016": [22.85, -0.012958963282937244], "6/7/2016": [22.9, 0.0021881838074397004], "6/8/2016": [22.9, 0.0], "6/13/2016": [22.65, -0.01091703056768559], "6/14/2016": [22.6, -0.0022075055187636716], "6/15/2016": [22.55, -0.0022123893805310046], "6/16/2016": [22.55, 0.0], "6/17/2016": [22.8, 0.011086474501108647], "6/20/2016": [23.0, 0.008771929824561372], "6/21/2016": [22.8, -0.008695652173913012], "6/22/2016": [22.65, -0.006578947368421146], "6/23/2016": [22.55, -0.0044150110375275], "6/24/2016": [22.4, -0.006651884700665283], "6/27/2016": [22.65, 0.011160714285714286], "6/28/2016": [22.4, -0.011037527593818985], "6/29/2016": [22.7, 0.013392857142857175], "6/30/2016": [22.85, 0.006607929515418596], "7/1/2016": [22.9, 0.0021881838074397004], "7/4/2016": [22.85, -0.0021834061135369938], "7/5/2016": [24.4, 0.06783369803063445], "7/6/2016": [23.75, -0.026639344262295025], "7/7/2016": [23.75, 0.0], "7/11/2016": [23.55, -0.008421052631578918], "7/12/2016": [23.4, -0.006369426751592447], "7/13/2016": [23.6, 0.00854700854700867], "7/14/2016": [23.45, -0.00635593220338992], "7/15/2016": [23.65, 0.008528784648187604], "7/18/2016": [24.35, 0.029598308668076233], "7/19/2016": [24.05, -0.012320328542094484], "7/20/2016": [24.0, -0.0020790020790021086], "7/21/2016": [23.9, -0.004166666666666726], "7/22/2016": [23.75, -0.006276150627615004], "7/25/2016": [23.3, -0.0189473684210526], "7/26/2016": [23.2, -0.0042918454935622925], "7/27/2016": [22.9, -0.012931034482758652], "7/28/2016": [22.95, 0.002183406113537149], "7/29/2016": [23.2, 0.010893246187363835], "8/1/2016": [23.15, -0.002155172413793134], "8/2/2016": [23.05, -0.004319654427645697], "8/3/2016": [22.9, -0.0065075921908894635], "8/4/2016": [23.0, 0.004366812227074298], "8/5/2016": [23.5, 0.021739130434782608], "8/8/2016": [23.3, -0.00851063829787231], "8/9/2016": [23.1, -0.008583690987124432], "8/10/2016": [22.9, -0.008658008658008781], "8/11/2016": [22.75, -0.006550218340611292], "8/12/2016": [22.65, -0.004395604395604458], "8/15/2016": [23.0, 0.015452538631346642], "8/16/2016": [22.95, -0.0021739130434782917], "8/17/2016": [23.45, 0.02178649237472767], "8/18/2016": [23.3, -0.006396588486140664], "8/19/2016": [23.55, 0.01072961373390558], "8/22/2016": [23.3, -0.010615711252653927], "8/23/2016": [23.1, -0.008583690987124432], "8/24/2016": [22.9, -0.008658008658008781], "8/25/2016": [23.15, 0.01091703056768559], "8/26/2016": [23.25, 0.00431965442764585], "8/29/2016": [23.05, -0.008602150537634377], "8/30/2016": [22.9, -0.0065075921908894635], "8/31/2016": [23.0, 0.004366812227074298], "9/1/2016": [23.05, 0.0021739130434782917], "9/2/2016": [22.8, -0.010845986984815618], "9/5/2016": [22.8, 0.0], "9/6/2016": [22.9, 0.004385964912280608], "9/7/2016": [23.1, 0.008733624454148596], "9/8/2016": [23.0, -0.004329004329004391], "9/9/2016": [23.1, 0.004347826086956583], "9/10/2016": [22.9, -0.008658008658008781], "9/12/2016": [22.95, 0.002183406113537149], "9/13/2016": [22.85, -0.004357298474945441], "9/14/2016": [23.0, 0.006564551422319412], "9/19/2016": [23.0, 0.0], "9/20/2016": [23.15, 0.006521739130434721], "9/21/2016": [23.25, 0.00431965442764585], "9/22/2016": [23.15, -0.004301075268817265], "9/23/2016": [23.6, 0.019438444924406172], "9/26/2016": [23.5, -0.00423728813559328], "9/29/2016": [23.6, 0.004255319148936231], "9/30/2016": [23.35, -0.01059322033898305], "10/3/2016": [23.3, -0.002141327623126369], "10/4/2016": [23.3, 0.0], "10/5/2016": [23.2, -0.0042918454935622925], "10/6/2016": [23.4, 0.008620689655172384], "10/7/2016": [23.3, -0.004273504273504183], "10/11/2016": [22.6, -0.03004291845493559], "10/12/2016": [22.7, 0.004424778761061852], "10/13/2016": [22.6, -0.004405286343612241], "10/14/2016": [22.5, -0.004424778761062009], "10/17/2016": [22.75, 0.011111111111111112], "10/18/2016": [22.65, -0.004395604395604458],