{"1/4/2016": [16.6, ""], "1/5/2016": [16.35, -0.01506024096385542], "1/6/2016": [16.5, 0.009174311926605417], "1/7/2016": [16.15, -0.021212121212121297], "1/8/2016": [16.1, -0.0030959752321979665], "1/11/2016": [17.3, 0.07453416149068318], "1/12/2016": [16.3, -0.057803468208092484], "1/13/2016": [16.95, 0.03987730061349684], "1/14/2016": [16.5, -0.02654867256637164], "1/15/2016": [16.75, 0.015151515151515152], "1/18/2016": [16.9, 0.00895522388059693], "1/19/2016": [16.6, -0.017751479289940662], "1/20/2016": [16.1, -0.03012048192771084], "1/21/2016": [16.05, -0.0031055900621118453], "1/22/2016": [16.2, 0.009345794392523275], "1/25/2016": [16.4, 0.012345679012345635], "1/26/2016": [16.2, -0.01219512195121947], "1/27/2016": [16.0, -0.012345679012345635], "1/28/2016": [16.4, 0.02499999999999991], "1/29/2016": [16.3, -0.006097560975609627], "1/30/2016": [17.5, 0.07361963190184044], "2/1/2016": [16.75, -0.04285714285714286], "2/2/2016": [16.75, 0.0], "2/3/2016": [16.85, 0.005970149253731428], "2/15/2016": [16.85, 0.0], "2/16/2016": [16.9, 0.002967359050444935], "2/17/2016": [16.8, -0.0059171597633134836], "2/18/2016": [16.9, 0.005952380952380825], "2/19/2016": [17.1, 0.011834319526627389], "2/22/2016": [17.05, -0.002923976608187176], "2/23/2016": [17.2, 0.008797653958944197], "2/24/2016": [16.75, -0.02616279069767438], "2/25/2016": [16.7, -0.002985074626865714], "2/26/2016": [17.1, 0.023952095808383363], "3/1/2016": [17.2, 0.005847953216374144], "3/2/2016": [17.6, 0.023255813953488497], "3/3/2016": [17.65, 0.0028409090909089292], "3/4/2016": [17.45, -0.01133144475920676], "3/7/2016": [17.05, -0.022922636103151782], "3/8/2016": [17.5, 0.0263929618768328], "3/9/2016": [17.55, 0.002857142857142898], "3/10/2016": [17.4, -0.008547008547008668], "3/11/2016": [17.45, 0.0028735632183908458], "3/14/2016": [17.55, 0.005730659025788047], "3/15/2016": [17.35, -0.011396011396011355], "3/16/2016": [17.3, -0.002881844380403499], "3/17/2016": [17.25, -0.0028901734104046653], "3/18/2016": [17.5, 0.014492753623188406], "3/21/2016": [17.35, -0.00857142857142849], "3/22/2016": [18.0, 0.03746397694524487], "3/23/2016": [17.65, -0.019444444444444525], "3/24/2016": [17.6, -0.002832861189801539], "3/25/2016": [17.3, -0.017045454545454586], "3/28/2016": [17.6, 0.017341040462427786], "3/29/2016": [17.4, -0.011363636363636524], "3/30/2016": [17.3, -0.005747126436781487], "3/31/2016": [17.6, 0.017341040462427786], "4/1/2016": [17.2, -0.022727272727272846], "4/6/2016": [17.6, 0.023255813953488497], "4/7/2016": [18.0, 0.022727272727272645], "4/8/2016": [17.9, -0.005555555555555635], "4/11/2016": [18.05, 0.008379888268156544], "4/12/2016": [18.35, 0.016620498614958488], "4/13/2016": [18.0, -0.019073569482288905], "4/14/2016": [18.05, 0.0027777777777778173], "4/15/2016": [18.4, 0.019390581717451404], "4/18/2016": [17.85, -0.029891304347825935], "4/19/2016": [18.0, 0.008403361344537735], "4/20/2016": [17.9, -0.005555555555555635], "4/21/2016": [17.7, -0.01117318435754186], "4/22/2016": [17.5, -0.011299435028248548], "4/25/2016": [17.3, -0.011428571428571389], "4/26/2016": [17.6, 0.017341040462427786], "4/27/2016": [17.9, 0.01704545454545438], "4/28/2016": [17.55, -0.019553072625698206], "4/29/2016": [17.5, -0.0028490028490028895], "5/3/2016": [17.5, 0.0], "5/4/2016": [17.4, -0.005714285714285796], "5/5/2016": [17.4, 0.0], "5/6/2016": [17.15, -0.014367816091954025], "5/9/2016": [16.9, -0.01457725947521866], "5/10/2016": [16.55, -0.02071005917159751], "5/11/2016": [16.55, 0.0], "5/12/2016": [16.5, -0.0030211480362538194], "5/13/2016": [16.3, -0.012121212121212078], "5/16/2016": [16.5, 0.012269938650306704], "5/17/2016": [16.55, 0.0030303030303030732], "5/18/2016": [17.0, 0.027190332326283945], "5/19/2016": [16.9, -0.005882352941176554], "5/20/2016": [16.9, 0.0], "5/23/2016": [17.0, 0.005917159763313694], "5/24/2016": [16.7, -0.017647058823529453], "5/25/2016": [16.95, 0.014970059880239521], "5/26/2016": [16.5, -0.02654867256637164], "5/27/2016": [16.6, 0.0060606060606061465], "5/30/2016": [16.7, 0.00602409638554204], "5/31/2016": [16.6, -0.005988023952095681], "6/1/2016": [16.85, 0.01506024096385542], "6/2/2016": [16.75, -0.005934718100890291], "6/3/2016": [16.45, -0.017910447761194073], "6/4/2016": [16.45, 0.0], "6/6/2016": [16.35, -0.006079027355622971], "6/7/2016": [16.4, 0.003058103975534994], "6/8/2016": [16.4, 0.0], "6/13/2016": [15.95, -0.02743902439024386], "6/14/2016": [15.85, -0.006269592476489006], "6/15/2016": [15.95, 0.006309148264984205], "6/16/2016": [15.7, -0.015673981191222573], "6/17/2016": [15.5, -0.012738853503184669], "6/20/2016": [15.25, -0.016129032258064516], "6/21/2016": [15.4, 0.009836065573770515], "6/22/2016": [15.3, -0.0064935064935064705], "6/23/2016": [15.2, -0.006535947712418394], "6/24/2016": [14.9, -0.019736842105263087], "6/27/2016": [14.6, -0.02013422818791951], "6/28/2016": [14.3, -0.020547945205479378], "6/29/2016": [14.6, 0.020979020979020904], "6/30/2016": [14.5, -0.006849315068493127], "7/1/2016": [14.5, 0.0], "7/4/2016": [14.9, 0.027586206896551748], "7/5/2016": [14.7, -0.01342281879194638], "7/6/2016": [14.4, -0.02040816326530605], "7/7/2016": [14.7, 0.02083333333333326], "7/11/2016": [14.6, -0.0068027210884353505], "7/12/2016": [14.6, 0.0], "7/13/2016": [14.6, 0.0], "7/14/2016": [14.5, -0.006849315068493127], "7/15/2016": [15.2, 0.04827586206896547], "7/18/2016": [15.1, -0.00657894736842103], "7/19/2016": [15.2, 0.006622516556291367], "7/20/2016": [15.3, 0.006578947368421147], "7/21/2016": [14.8, -0.032679738562091505], "7/22/2016": [14.8, 0.0], "7/25/2016": [14.7, -0.0067567567567568525], "7/26/2016": [14.85, 0.010204081632653086], "7/27/2016": [14.6, -0.016835016835016835], "7/28/2016": [14.55, -0.0034246575342465023], "7/29/2016": [14.3, -0.017182130584192438], "8/1/2016": [14.75, 0.031468531468531416], "8/2/2016": [16.2, 0.09830508474576266], "8/3/2016": [15.35, -0.05246913580246912], "8/4/2016": [15.45, 0.006514657980456003], "8/5/2016": [15.35, -0.00647249190938509], "8/8/2016": [15.2, -0.009771986970684063], "8/9/2016": [15.15, -0.0032894736842104563], "8/10/2016": [15.25, 0.006600660066006577], "8/11/2016": [14.9, -0.022950819672131126], "8/12/2016": [14.6, -0.02013422818791951], "8/15/2016": [14.65, 0.003424657534246624], "8/16/2016": [14.55, -0.006825938566552877], "8/17/2016": [14.8, 0.017182130584192438], "8/18/2016": [14.8, 0.0], "8/19/2016": [14.65, -0.010135135135135158], "8/22/2016": [14.4, -0.017064846416382253], "8/23/2016": [14.35, -0.0034722222222222715], "8/24/2016": [14.35, 0.0], "8/25/2016": [14.35, 0.0], "8/26/2016": [14.05, -0.02090592334494766], "8/29/2016": [13.75, -0.021352313167259836], "8/30/2016": [14.0, 0.01818181818181818], "8/31/2016": [13.65, -0.024999999999999974], "9/1/2016": [13.55, -0.0073260073260073], "9/2/2016": [13.55, 0.0], "9/5/2016": [13.7, 0.011070110701106906], "9/6/2016": [13.8, 0.007299270072992805], "9/7/2016": [13.7, -0.007246376811594305], "9/8/2016": [13.6, -0.007299270072992675], "9/9/2016": [13.7, 0.007352941176470562], "9/10/2016": [13.75, 0.0036496350364964023], "9/12/2016": [14.0, 0.01818181818181818], "9/13/2016": [13.5, -0.03571428571428571], "9/14/2016": [13.1, -0.029629629629629655], "9/19/2016": [13.55, 0.034351145038168024], "9/20/2016": [14.1, 0.04059040590405896], "9/21/2016": [14.3, 0.014184397163120643], "9/22/2016": [14.15, -0.010489510489510514], "9/23/2016": [13.85, -0.021201413427561887], "9/26/2016": [14.0, 0.010830324909747318], "9/29/2016": [14.0, 0.0], "9/30/2016": [14.0, 0.0], "10/3/2016": [13.85, -0.01071428571428574], "10/4/2016": [13.85, 0.0], "10/5/2016": [13.7, -0.010830324909747318], "10/6/2016": [13.75, 0.0036496350364964023], "10/7/2016": [13.7, -0.003636363636363688], "10/11/2016": [13.7, 0.0], "10/12/2016": [13.7, 0.0], "10/13/2016": [13.55, -0.010948905109488948], "10/14/2016": [13.35, -0.014760147601476092], "10/17/2016": [13.8, 0.03370786516853941], "10/18/2016": [13.8, 0.0], "10/19/2016": [13.4, -0.028985507246376836],