{"1/4/2016": [24.0, ""], "1/5/2016": [23.5, -0.020833333333333332], "1/6/2016": [23.25, -0.010638297872340425], "1/7/2016": [23.2, -0.0021505376344086325], "1/8/2016": [23.2, 0.0], "1/11/2016": [23.3, 0.004310344827586268], "1/12/2016": [23.4, 0.00429184549356214], "1/13/2016": [23.5, 0.004273504273504335], "1/14/2016": [23.5, 0.0], "1/15/2016": [23.4, -0.004255319148936231], "1/18/2016": [23.6, 0.00854700854700867], "1/19/2016": [23.9, 0.01271186440677954], "1/20/2016": [23.85, -0.002092050209204902], "1/21/2016": [23.7, -0.006289308176100718], "1/22/2016": [23.8, 0.004219409282700482], "1/25/2016": [24.1, 0.012605042016806753], "1/26/2016": [24.1, 0.0], "1/27/2016": [23.95, -0.006224066390041582], "1/28/2016": [24.0, 0.00208768267223385], "1/29/2016": [24.2, 0.008333333333333304], "1/30/2016": [24.35, 0.006198347107438105], "2/1/2016": [24.8, 0.018480492813141652], "2/2/2016": [25.4, 0.024193548387096687], "2/3/2016": [25.5, 0.003937007874015804], "2/15/2016": [25.25, -0.00980392156862745], "2/16/2016": [25.65, 0.015841584158415786], "2/17/2016": [25.5, -0.005847953216374214], "2/18/2016": [25.6, 0.003921568627451036], "2/19/2016": [25.45, -0.005859375000000083], "2/22/2016": [25.3, -0.0058939096267190015], "2/23/2016": [25.35, 0.001976284584980265], "2/24/2016": [25.2, -0.0059171597633136935], "2/25/2016": [25.3, 0.003968253968254024], "2/26/2016": [25.75, 0.017786561264822105], "3/1/2016": [27.25, 0.05825242718446602], "3/2/2016": [27.05, -0.007339449541284377], "3/3/2016": [26.4, -0.024029574861367916], "3/4/2016": [26.7, 0.011363636363636392], "3/7/2016": [27.1, 0.01498127340823978], "3/8/2016": [27.05, -0.001845018450184528], "3/9/2016": [26.8, -0.009242144177449167], "3/10/2016": [26.9, 0.00373134328358201], "3/11/2016": [26.8, -0.0037174721189590287], "3/14/2016": [26.9, 0.00373134328358201], "3/15/2016": [26.25, -0.02416356877323415], "3/16/2016": [26.6, 0.013333333333333388], "3/17/2016": [26.3, -0.01127819548872183], "3/18/2016": [26.8, 0.019011406844106463], "3/21/2016": [27.6, 0.029850746268656744], "3/22/2016": [27.2, -0.014492753623188482], "3/23/2016": [27.3, 0.0036764705882353465], "3/24/2016": [26.95, -0.012820512820512872], "3/25/2016": [26.8, -0.005565862708719799], "3/28/2016": [26.8, 0.0], "3/29/2016": [26.25, -0.020522388059701517], "3/30/2016": [26.35, 0.0038095238095238637], "3/31/2016": [26.5, 0.005692599620493305], "4/1/2016": [26.1, -0.015094339622641456], "4/6/2016": [26.25, 0.0057471264367815545], "4/7/2016": [26.8, 0.02095238095238098], "4/8/2016": [26.8, 0.0], "4/11/2016": [26.55, -0.009328358208955223], "4/12/2016": [26.3, -0.009416195856873822], "4/13/2016": [26.25, -0.0019011406844106733], "4/14/2016": [26.0, -0.009523809523809525], "4/15/2016": [26.0, 0.0], "4/18/2016": [26.05, 0.0019230769230769505], "4/19/2016": [25.7, -0.013435700575815793], "4/20/2016": [25.6, -0.0038910505836575048], "4/21/2016": [25.55, -0.0019531250000000278], "4/22/2016": [25.25, -0.011741682974559714], "4/25/2016": [24.65, -0.023762376237623818], "4/26/2016": [24.1, -0.022312373225152015], "4/27/2016": [24.0, -0.004149377593361055], "4/28/2016": [24.25, 0.010416666666666666], "4/29/2016": [24.1, -0.00618556701030922], "5/3/2016": [23.95, -0.006224066390041582], "5/4/2016": [23.8, -0.006263048016701403], "5/5/2016": [23.65, -0.006302521008403451], "5/6/2016": [23.65, 0.0], "5/9/2016": [23.6, -0.0021141649048624592], "5/10/2016": [24.3, 0.029661016949152512], "5/11/2016": [24.85, 0.022633744855967107], "5/12/2016": [24.3, -0.02213279678068413], "5/13/2016": [24.45, 0.006172839506172781], "5/16/2016": [24.6, 0.006134969325153462], "5/17/2016": [24.5, -0.004065040650406562], "5/18/2016": [24.4, -0.004081632653061282], "5/19/2016": [24.35, -0.002049180327868736], "5/20/2016": [24.55, 0.008213552361396275], "5/23/2016": [24.9, 0.014256619144602764], "5/24/2016": [25.1, 0.008032128514056339], "5/25/2016": [25.3, 0.007968127490039813], "5/26/2016": [25.6, 0.01185770750988145], "5/27/2016": [25.6, 0.0], "5/30/2016": [25.9, 0.011718749999999889], "5/31/2016": [25.5, -0.01544401544401539], "6/1/2016": [25.75, 0.00980392156862745], "6/2/2016": [26.3, 0.0213592233009709], "6/3/2016": [26.2, -0.0038022813688213465], "6/4/2016": [26.35, 0.005725190839694738], "6/6/2016": [26.1, -0.009487666034155597], "6/7/2016": [26.3, 0.007662835249042118], "6/8/2016": [26.4, 0.0038022813688212117], "6/13/2016": [25.8, -0.022727272727272648], "6/14/2016": [25.7, -0.003875968992248117], "6/15/2016": [25.9, 0.0077821011673151474], "6/16/2016": [25.5, -0.01544401544401539], "6/17/2016": [26.0, 0.0196078431372549], "6/20/2016": [26.5, 0.019230769230769232], "6/21/2016": [26.3, -0.007547169811320728], "6/22/2016": [26.05, -0.009505703422053232], "6/23/2016": [25.9, -0.0057581573896353985], "6/24/2016": [25.5, -0.01544401544401539], "6/27/2016": [25.55, 0.001960784313725518], "6/28/2016": [25.8, 0.009784735812133072], "6/29/2016": [25.8, 0.0], "6/30/2016": [26.2, 0.015503875968992192], "7/1/2016": [26.25, 0.0019083969465649127], "7/4/2016": [26.7, 0.017142857142857116], "7/5/2016": [26.65, -0.0018726591760299892], "7/6/2016": [25.1, -0.05816135084427757], "7/7/2016": [25.05, -0.0019920318725099883], "7/11/2016": [25.45, 0.015968063872255432], "7/12/2016": [25.7, 0.009823182711198428], "7/13/2016": [26.05, 0.013618677042801612], "7/14/2016": [26.3, 0.009596928982725527], "7/15/2016": [26.5, 0.007604562737642559], "7/18/2016": [26.35, -0.005660377358490513], "7/19/2016": [26.5, 0.005692599620493305], "7/20/2016": [26.65, 0.005660377358490513], "7/21/2016": [27.1, 0.016885553470919433], "7/22/2016": [27.55, 0.01660516605166049], "7/25/2016": [28.0, 0.016333938294010864], "7/26/2016": [28.2, 0.0071428571428571175], "7/27/2016": [27.7, -0.01773049645390071], "7/28/2016": [27.5, -0.007220216606498169], "7/29/2016": [27.5, 0.0], "8/1/2016": [28.15, 0.023636363636363584], "8/2/2016": [27.95, -0.007104795737122533], "8/3/2016": [30.1, 0.076923076923077], "8/4/2016": [30.85, 0.024916943521594685], "8/5/2016": [30.95, 0.0032414910858994447], "8/8/2016": [31.15, 0.0064620355411954536], "8/9/2016": [30.8, -0.011235955056179707], "8/10/2016": [31.0, 0.0064935064935064705], "8/11/2016": [30.75, -0.008064516129032258], "8/12/2016": [31.5, 0.024390243902439025], "8/15/2016": [32.9, 0.0444444444444444], "8/16/2016": [33.1, 0.006079027355623187], "8/17/2016": [33.3, 0.006042296072507424], "8/18/2016": [33.25, -0.0015015015015014163], "8/19/2016": [32.9, -0.010526315789473727], "8/22/2016": [33.0, 0.0030395136778115935], "8/23/2016": [33.8, 0.024242424242424156], "8/24/2016": [34.0, 0.005917159763313694], "8/25/2016": [33.8, -0.005882352941176554], "8/26/2016": [33.7, -0.002958579881656637], "8/29/2016": [33.65, -0.0014836795252226784], "8/30/2016": [33.1, -0.016344725111441225], "8/31/2016": [33.25, 0.004531722054380622], "9/1/2016": [33.5, 0.007518796992481203], "9/2/2016": [34.1, 0.017910447761194073], "9/5/2016": [34.15, 0.0014662756598239634], "9/6/2016": [34.3, 0.0043923865300146], "9/7/2016": [34.15, -0.004373177842565556], "9/8/2016": [34.35, 0.0058565153733529385], "9/9/2016": [36.1, 0.050946142649199416], "9/10/2016": [35.7, -0.01108033240997226], "9/12/2016": [35.55, -0.004201680672269066], "9/13/2016": [35.7, 0.004219409282700582], "9/14/2016": [35.2, -0.014005602240896357], "9/19/2016": [35.2, 0.0], "9/20/2016": [37.85, 0.07528409090909086], "9/21/2016": [38.1, 0.006605019815059445], "9/22/2016": [37.0, -0.028871391076115523], "9/23/2016": [37.9, 0.024324324324324288], "9/26/2016": [38.0, 0.002638522427440671], "9/29/2016": [37.9, -0.0026315789473684583], "9/30/2016": [38.0, 0.002638522427440671], "10/3/2016": [36.75, -0.03289473684210526], "10/4/2016": [37.4, 0.017687074829931933], "10/5/2016": [37.75, 0.009358288770053515], "10/6/2016": [37.55, -0.005298013245033188], "10/7/2016": [37.15, -0.010652463382157086], "10/11/2016": [35.2, -0.052489905787348475], "10/12/2016": [35.9, 0.019886363636363515], "10/13/2016": [35.95, 0.0013927576601672498],