{"1/4/2016": [208.5, ""], "1/5/2016": [205.5, -0.014388489208633094], "1/6/2016": [194.5, -0.0535279805352798], "1/7/2016": [186.0, -0.043701799485861184], "1/8/2016": [194.0, 0.043010752688172046], "1/11/2016": [185.0, -0.04639175257731959], "1/12/2016": [176.5, -0.04594594594594595], "1/13/2016": [183.0, 0.036827195467422094], "1/14/2016": [177.0, -0.03278688524590164], "1/15/2016": [170.0, -0.03954802259887006], "1/18/2016": [162.0, -0.047058823529411764], "1/19/2016": [178.0, 0.09876543209876543], "1/20/2016": [176.0, -0.011235955056179775], "1/21/2016": [174.5, -0.008522727272727272], "1/22/2016": [179.0, 0.025787965616045846], "1/25/2016": [183.5, 0.025139664804469275], "1/26/2016": [189.0, 0.02997275204359673], "1/27/2016": [189.0, 0.0], "1/28/2016": [189.0, 0.0], "1/29/2016": [192.0, 0.015873015873015872], "1/30/2016": [204.5, 0.06510416666666667], "2/1/2016": [197.0, -0.03667481662591687], "2/2/2016": [192.0, -0.025380710659898477], "2/3/2016": [188.0, -0.020833333333333332], "2/15/2016": [192.0, 0.02127659574468085], "2/16/2016": [189.0, -0.015625], "2/17/2016": [188.0, -0.005291005291005291], "2/18/2016": [190.5, 0.013297872340425532], "2/19/2016": [188.0, -0.013123359580052493], "2/22/2016": [194.5, 0.034574468085106384], "2/23/2016": [193.0, -0.007712082262210797], "2/24/2016": [193.5, 0.0025906735751295338], "2/25/2016": [192.0, -0.007751937984496124], "2/26/2016": [189.0, -0.015625], "3/1/2016": [188.0, -0.005291005291005291], "3/2/2016": [192.0, 0.02127659574468085], "3/3/2016": [192.0, 0.0], "3/4/2016": [192.0, 0.0], "3/7/2016": [188.5, -0.018229166666666668], "3/8/2016": [187.0, -0.007957559681697613], "3/9/2016": [182.0, -0.026737967914438502], "3/10/2016": [182.0, 0.0], "3/11/2016": [189.5, 0.04120879120879121], "3/14/2016": [189.0, -0.002638522427440633], "3/15/2016": [185.5, -0.018518518518518517], "3/16/2016": [183.0, -0.013477088948787063], "3/17/2016": [180.0, -0.01639344262295082], "3/18/2016": [182.0, 0.011111111111111112], "3/21/2016": [182.5, 0.0027472527472527475], "3/22/2016": [181.0, -0.00821917808219178], "3/23/2016": [179.5, -0.008287292817679558], "3/24/2016": [183.0, 0.019498607242339833], "3/25/2016": [181.5, -0.00819672131147541], "3/28/2016": [180.5, -0.005509641873278237], "3/29/2016": [174.0, -0.036011080332409975], "3/30/2016": [178.5, 0.02586206896551724], "3/31/2016": [180.5, 0.011204481792717087], "4/1/2016": [178.0, -0.013850415512465374], "4/6/2016": [178.5, 0.0028089887640449437], "4/7/2016": [175.0, -0.0196078431372549], "4/8/2016": [179.0, 0.022857142857142857], "4/11/2016": [183.5, 0.025139664804469275], "4/12/2016": [178.0, -0.02997275204359673], "4/13/2016": [180.0, 0.011235955056179775], "4/14/2016": [178.0, -0.011111111111111112], "4/15/2016": [177.0, -0.0056179775280898875], "4/18/2016": [175.5, -0.00847457627118644], "4/19/2016": [175.0, -0.002849002849002849], "4/20/2016": [168.0, -0.04], "4/21/2016": [169.5, 0.008928571428571428], "4/22/2016": [168.0, -0.008849557522123894], "4/25/2016": [166.5, -0.008928571428571428], "4/26/2016": [169.0, 0.015015015015015015], "4/27/2016": [173.0, 0.023668639053254437], "4/28/2016": [173.0, 0.0], "4/29/2016": [170.0, -0.017341040462427744], "5/3/2016": [165.5, -0.026470588235294117], "5/4/2016": [169.0, 0.021148036253776436], "5/5/2016": [156.0, -0.07692307692307693], "5/6/2016": [155.0, -0.00641025641025641], "5/9/2016": [154.0, -0.0064516129032258064], "5/10/2016": [158.0, 0.025974025974025976], "5/11/2016": [154.5, -0.022151898734177215], "5/12/2016": [153.0, -0.009708737864077669], "5/13/2016": [150.0, -0.0196078431372549], "5/16/2016": [152.0, 0.013333333333333334], "5/17/2016": [153.5, 0.009868421052631578], "5/18/2016": [159.0, 0.035830618892508145], "5/19/2016": [157.0, -0.012578616352201259], "5/20/2016": [165.0, 0.050955414012738856], "5/23/2016": [173.0, 0.048484848484848485], "5/24/2016": [170.0, -0.017341040462427744], "5/25/2016": [171.0, 0.0058823529411764705], "5/26/2016": [173.5, 0.014619883040935672], "5/27/2016": [172.0, -0.008645533141210375], "5/30/2016": [174.5, 0.014534883720930232], "5/31/2016": [172.5, -0.011461318051575931], "6/1/2016": [172.5, 0.0], "6/2/2016": [167.5, -0.028985507246376812], "6/3/2016": [166.5, -0.005970149253731343], "6/4/2016": [167.0, 0.003003003003003003], "6/6/2016": [167.5, 0.0029940119760479044], "6/7/2016": [170.0, 0.014925373134328358], "6/8/2016": [168.0, -0.011764705882352941], "6/13/2016": [167.5, -0.002976190476190476], "6/14/2016": [169.0, 0.008955223880597015], "6/15/2016": [168.5, -0.0029585798816568047], "6/16/2016": [166.0, -0.01483679525222552], "6/17/2016": [166.0, 0.0], "6/20/2016": [166.5, 0.0030120481927710845], "6/21/2016": [164.5, -0.012012012012012012], "6/22/2016": [164.5, 0.0], "6/23/2016": [164.0, -0.00303951367781155], "6/24/2016": [161.5, -0.01524390243902439], "6/27/2016": [164.5, 0.018575851393188854], "6/28/2016": [165.0, 0.00303951367781155], "6/29/2016": [176.0, 0.06666666666666667], "6/30/2016": [179.0, 0.017045454545454544], "7/1/2016": [179.5, 0.002793296089385475], "7/4/2016": [183.0, 0.019498607242339833], "7/5/2016": [181.0, -0.01092896174863388], "7/6/2016": [177.0, -0.022099447513812154], "7/7/2016": [177.5, 0.002824858757062147], "7/11/2016": [179.0, 0.008450704225352112], "7/12/2016": [177.5, -0.008379888268156424], "7/13/2016": [176.0, -0.008450704225352112], "7/14/2016": [175.5, -0.002840909090909091], "7/15/2016": [179.0, 0.019943019943019943], "7/18/2016": [176.5, -0.013966480446927373], "7/19/2016": [175.5, -0.0056657223796034], "7/20/2016": [173.5, -0.011396011396011397], "7/21/2016": [177.0, 0.020172910662824207], "7/22/2016": [177.5, 0.002824858757062147], "7/25/2016": [175.0, -0.014084507042253521], "7/26/2016": [173.0, -0.011428571428571429], "7/27/2016": [177.5, 0.02601156069364162], "7/28/2016": [175.5, -0.011267605633802818], "7/29/2016": [175.0, -0.002849002849002849], "8/1/2016": [180.0, 0.02857142857142857], "8/2/2016": [180.0, 0.0], "8/3/2016": [183.0, 0.016666666666666666], "8/4/2016": [184.0, 0.00546448087431694], "8/5/2016": [187.0, 0.016304347826086956], "8/8/2016": [189.5, 0.013368983957219251], "8/9/2016": [186.5, -0.0158311345646438], "8/10/2016": [186.5, 0.0], "8/11/2016": [172.5, -0.07506702412868632], "8/12/2016": [181.0, 0.04927536231884058], "8/15/2016": [183.5, 0.013812154696132596], "8/16/2016": [187.5, 0.021798365122615803], "8/17/2016": [186.5, -0.005333333333333333], "8/18/2016": [189.5, 0.0160857908847185], "8/19/2016": [188.5, -0.005277044854881266], "8/22/2016": [189.0, 0.002652519893899204], "8/23/2016": [191.0, 0.010582010582010581], "8/24/2016": [190.5, -0.002617801047120419], "8/25/2016": [195.0, 0.023622047244094488], "8/26/2016": [191.5, -0.017948717948717947], "8/29/2016": [193.0, 0.007832898172323759], "8/30/2016": [198.5, 0.02849740932642487], "8/31/2016": [200.5, 0.010075566750629723], "9/1/2016": [203.0, 0.012468827930174564], "9/2/2016": [207.5, 0.022167487684729065], "9/5/2016": [217.0, 0.04578313253012048], "9/6/2016": [212.0, -0.02304147465437788], "9/7/2016": [210.5, -0.007075471698113208], "9/8/2016": [211.0, 0.0023752969121140144], "9/9/2016": [208.5, -0.011848341232227487], "9/10/2016": [204.0, -0.02158273381294964], "9/12/2016": [203.5, -0.0024509803921568627], "9/13/2016": [203.5, 0.0], "9/14/2016": [195.5, -0.03931203931203931], "9/19/2016": [212.0, 0.08439897698209718], "9/20/2016": [212.0, 0.0], "9/21/2016": [212.5, 0.0023584905660377358], "9/22/2016": [213.0, 0.002352941176470588], "9/23/2016": [221.0, 0.03755868544600939], "9/26/2016": [221.5, 0.0022624434389140274], "9/29/2016": [220.5, -0.004514672686230248], "9/30/2016": [219.0, -0.006802721088435374], "10/3/2016": [234.5, 0.07077625570776255], "10/4/2016": [226.5, -0.03411513859275053], "10/5/2016": [221.0, -0.024282560706401765], "10/6/2016": [214.5, -0.029411764705882353], "10/7/2016": [210.5, -0.018648018648018648], "10/11/2016": [206.5, -0.019002375296912115], "10/12/2016": [213.0, 0.031476997578692496],