{"1/22/2016": [163.99, ""], "1/25/2016": [175.0, 0.06713824013659364], "1/26/2016": [165.0, -0.05714285714285714], "1/27/2016": [165.0, 0.0], "1/28/2016": [156.75, -0.05], "1/29/2016": [167.88, 0.07100478468899518], "1/30/2016": [162.99, -0.02912794853466754], "2/1/2016": [157.85, -0.031535677035401034], "2/2/2016": [159.99, 0.013557174532784383], "2/3/2016": [156.8, -0.019938746171635713], "2/15/2016": [152.99, -0.024298469387755116], "2/16/2016": [152.99, 0.0], "2/17/2016": [152.75, -0.001568729982351847], "2/18/2016": [164.99, 0.0801309328968904], "2/19/2016": [160.5, -0.02721377053154742], "2/22/2016": [150.23, -0.06398753894081004], "2/23/2016": [157.85, 0.050722225920255645], "2/24/2016": [154.99, -0.018118466898954612], "2/25/2016": [150.99, -0.025808116652687268], "2/26/2016": [150.99, 0.0], "3/1/2016": [150.44, -0.0036426253394265273], "3/2/2016": [149.5, -0.006248338207923409], "3/3/2016": [150.47, 0.0064882943143812636], "3/4/2016": [153.99, 0.02339336744866093], "3/7/2016": [150.49, -0.022728748620040262], "3/8/2016": [149.0, -0.00990099009900996], "3/9/2016": [151.0, 0.013422818791946308], "3/10/2016": [150.5, -0.0033112582781456954], "3/11/2016": [150.39, -0.000730897009966868], "3/14/2016": [150.49, 0.0006649378283132039], "3/15/2016": [150.49, 0.0], "3/16/2016": [150.49, 0.0], "3/17/2016": [148.9, -0.010565486078809245], "3/18/2016": [141.9, -0.04701141705842848], "3/21/2016": [149.0, 0.05003523608174767], "3/22/2016": [149.0, 0.0], "3/23/2016": [148.99, -6.711409395967051e-05], "3/24/2016": [148.99, 0.0], "3/25/2016": [148.99, 0.0], "3/28/2016": [142.99, -0.04027115913819719], "3/29/2016": [139.9, -0.021609902790404947], "3/30/2016": [144.0, 0.02930664760543241], "3/31/2016": [146.84, 0.019722222222222245], "4/1/2016": [148.89, 0.013960773631163055], "4/6/2016": [148.89, 0.0], "4/7/2016": [148.75, -0.0009402914903619207], "4/8/2016": [148.73, -0.00013445378151267384], "4/11/2016": [145.0, -0.025079002218785652], "4/12/2016": [140.0, -0.034482758620689655], "4/13/2016": [145.99, 0.04278571428571435], "4/14/2016": [145.0, -0.006781286389478793], "4/15/2016": [144.0, -0.006896551724137931], "4/18/2016": [141.0, -0.020833333333333332], "4/19/2016": [142.0, 0.0070921985815602835], "4/20/2016": [140.99, -0.007112676056337964], "4/21/2016": [140.0, -0.007021774593942897], "4/22/2016": [140.99, 0.0070714285714286364], "4/25/2016": [139.5, -0.01056812539896453], "4/26/2016": [141.49, 0.014265232974910459], "4/27/2016": [141.94, 0.0031804367799843705], "4/28/2016": [140.0, -0.013667746935324769], "4/29/2016": [145.5, 0.039285714285714285], "5/3/2016": [136.0, -0.06529209621993128], "5/4/2016": [136.0, 0.0], "5/5/2016": [139.0, 0.022058823529411766], "5/6/2016": [138.49, -0.0036690647482013733], "5/9/2016": [139.0, 0.003682576359303855], "5/10/2016": [139.49, 0.0035251798561151734], "5/11/2016": [139.49, 0.0], "5/12/2016": [139.49, 0.0], "5/13/2016": [139.49, 0.0], "5/16/2016": [141.99, 0.01792243171553516], "5/17/2016": [140.0, -0.01401507148390738], "5/18/2016": [140.99, 0.0070714285714286364], "5/19/2016": [139.99, -0.007092701610043265], "5/20/2016": [138.9, -0.007786270447889159], "5/23/2016": [138.99, 0.0006479481641468928], "5/24/2016": [139.0, 7.194762213102312e-05], "5/25/2016": [140.99, 0.014316546762589994], "5/26/2016": [140.89, -0.0007092701610044878], "5/27/2016": [142.0, 0.007878486762722788], "5/30/2016": [142.04, 0.0002816901408450144], "5/31/2016": [138.8, -0.02281047592227528], "6/1/2016": [136.78, -0.014553314121037537], "6/2/2016": [136.74, -0.0002924404152653315], "6/3/2016": [136.68, -0.0004387889425186651], "6/4/2016": [136.57, -0.0008047995317530995], "6/6/2016": [134.0, -0.018818188474774792], "6/7/2016": [136.4, 0.017910447761194073], "6/8/2016": [135.5, -0.006598240469208252], "6/13/2016": [134.0, -0.01107011070110701], "6/14/2016": [134.0, 0.0], "6/15/2016": [135.0, 0.007462686567164179], "6/16/2016": [135.5, 0.003703703703703704], "6/17/2016": [135.99, 0.0036162361623616906], "6/20/2016": [135.97, -0.00014706963747341886], "6/21/2016": [134.0, -0.014488490108112075], "6/22/2016": [135.42, 0.01059701492537304], "6/23/2016": [135.49, 0.0005169103529760863], "6/24/2016": [133.99, -0.011070927743744925], "6/27/2016": [131.0, -0.022315098141652428], "6/28/2016": [135.0, 0.030534351145038167], "6/29/2016": [140.0, 0.037037037037037035], "6/30/2016": [139.1, -0.006428571428571469], "7/1/2016": [138.49, -0.004385334291876242], "7/4/2016": [138.46, -0.00021662213878259178], "7/5/2016": [138.44, -0.00014444604940062279], "7/6/2016": [136.0, -0.017624963883270714], "7/7/2016": [137.0, 0.007352941176470588], "7/11/2016": [136.0, -0.0072992700729927005], "7/12/2016": [135.0, -0.007352941176470588], "7/13/2016": [135.0, 0.0], "7/14/2016": [137.98, 0.022074074074074], "7/15/2016": [137.93, -0.00036237135816772687], "7/18/2016": [137.91, -0.0001450010875082305], "7/19/2016": [137.88, -0.00021753317380901412], "7/20/2016": [137.85, -0.00021758050478677937], "7/21/2016": [136.99, -0.006238665215814184], "7/22/2016": [136.0, -0.007226804876268407], "7/25/2016": [136.45, 0.003308823529411681], "7/26/2016": [136.39, -0.0004397215097105334], "7/27/2016": [135.97, -0.0030794046484345448], "7/28/2016": [136.49, 0.003824373023461133], "7/29/2016": [136.49, 0.0], "8/1/2016": [136.47, -0.00014653088138332648], "8/2/2016": [136.4, -0.0005129332454018699], "8/3/2016": [135.95, -0.0032991202346042306], "8/4/2016": [135.9, -0.00036778227289432106], "8/5/2016": [135.85, -0.00036791758646071646], "8/8/2016": [135.86, 7.361059992653167e-05], "8/9/2016": [135.86, 0.0], "8/10/2016": [135.82, -0.00029442072721934685], "8/11/2016": [134.0, -0.013400088352230844], "8/12/2016": [133.0, -0.007462686567164179], "8/15/2016": [133.49, 0.003684210526315858], "8/16/2016": [133.49, 0.0], "8/17/2016": [133.49, 0.0], "8/18/2016": [133.99, 0.0037455989212675104], "8/19/2016": [133.99, 0.0], "8/22/2016": [132.99, -0.007463243525636241], "8/23/2016": [132.99, 0.0], "8/24/2016": [132.4, -0.004436423791262526], "8/25/2016": [130.0, -0.018126888217522702], "8/26/2016": [132.0, 0.015384615384615385], "8/29/2016": [132.5, 0.003787878787878788], "8/30/2016": [136.31, 0.028754716981132092], "8/31/2016": [136.39, 0.0005868975130216718], "9/1/2016": [130.2, -0.045384558985262835], "9/2/2016": [131.0, 0.006144393241167522], "9/5/2016": [131.0, 0.0], "9/6/2016": [130.0, -0.007633587786259542], "9/7/2016": [130.49, 0.0037692307692308393], "9/8/2016": [131.99, 0.011495133726722354], "9/9/2016": [131.0, -0.007500568224865589], "9/10/2016": [130.5, -0.003816793893129771], "9/12/2016": [130.5, 0.0], "9/13/2016": [131.0, 0.0038314176245210726], "9/14/2016": [131.99, 0.007557251908397016], "9/19/2016": [131.99, 0.0], "9/20/2016": [131.99, 0.0], "9/21/2016": [130.49, -0.011364497310402302], "9/22/2016": [130.0, -0.0037550770173960385], "9/23/2016": [130.0, 0.0], "9/26/2016": [130.0, 0.0], "9/29/2016": [132.99, 0.02300000000000007], "9/30/2016": [130.0, -0.022482893450635453], "10/3/2016": [130.0, 0.0], "10/4/2016": [130.0, 0.0], "10/5/2016": [130.0, 0.0], "10/6/2016": [129.5, -0.0038461538461538464], "10/7/2016": [130.0, 0.003861003861003861], "10/11/2016": [129.49, -0.003923076923076853], "10/12/2016": [128.99, -0.003861302031044868], "10/13/2016": [128.49, -0.003876269478254128], "10/14/2016": [128.4, -0.0007004436142890762], "10/17/2016": [126.49, -0.014875389408099772], "10/18/2016": [126.3, -0.0015020950272748655], "10/19/2016": [125.44, -0.006809184481393503], "10/20/2016": [124.89, -0.004384566326530589], "10/21/2016": [124.89, 0.0], "10/24/2016": [120.5, -0.03515093282088238], "10/25/2016": [118.0, -0.02074688796680498], "10/26/2016": [121.4, 0.028813559322033947], "10/27/2016": [121.44, 0.0003294892915979575], "10/28/2016": [119.9, -0.01268115942028979], "10/31/2016": [121.5, 0.013344453711426141], "11/1/2016": [121.5, 0.0], "11/2/2016": [118.94, -0.021069958847736645], "11/3/2016": [120.0, 0.008912056499075184], "11/4/2016": [115.95, -0.033749999999999974],