{"1/4/2016": [162.99, ""], "1/5/2016": [160.49, -0.015338364316829252], "1/6/2016": [160.0, -0.0030531497289551317], "1/7/2016": [155.5, -0.028125], "1/8/2016": [159.0, 0.022508038585209004], "1/11/2016": [153.0, -0.03773584905660377], "1/12/2016": [150.01, -0.01954248366013078], "1/13/2016": [153.49, 0.023198453436437692], "1/14/2016": [151.49, -0.013030164831585119], "1/15/2016": [153.98, 0.016436728496930363], "1/18/2016": [154.46, 0.003117287959475375], "1/19/2016": [155.5, 0.006733134792179153], "1/20/2016": [150.88, -0.029710610932475914], "1/21/2016": [148.99, -0.012526511134676474], "1/22/2016": [148.29, -0.004698301899456453], "1/25/2016": [144.0, -0.028929799716771138], "1/26/2016": [125.0, -0.13194444444444445], "1/27/2016": [124.36, -0.005120000000000005], "1/28/2016": [125.0, 0.005146349308459316], "1/29/2016": [131.0, 0.048], "1/30/2016": [145.0, 0.10687022900763359], "2/1/2016": [143.5, -0.010344827586206896], "2/2/2016": [141.55, -0.013588850174215948], "2/3/2016": [140.31, -0.00876015542211239], "2/15/2016": [138.49, -0.012971277884683866], "2/16/2016": [135.0, -0.025200375478373952], "2/17/2016": [139.0, 0.02962962962962963], "2/18/2016": [142.01, 0.02165467625899274], "2/19/2016": [139.44, -0.018097317090345705], "2/22/2016": [124.97, -0.10377223178427997], "2/23/2016": [130.63, 0.045290869808754075], "2/24/2016": [131.49, 0.0065834800581796955], "2/25/2016": [129.51, -0.015058179329226694], "2/26/2016": [133.0, 0.026947726044320976], "3/1/2016": [130.01, -0.022481203007518866], "3/2/2016": [130.41, 0.0030766864087378334], "3/3/2016": [129.5, -0.006977992485238836], "3/4/2016": [132.98, 0.026872586872586795], "3/7/2016": [130.69, -0.017220634681906995], "3/8/2016": [131.0, 0.0023720254036269208], "3/9/2016": [143.89, 0.09839694656488539], "3/10/2016": [139.05, -0.03363680589339062], "3/11/2016": [143.0, 0.028407047824523468], "3/14/2016": [138.01, -0.03489510489510496], "3/15/2016": [138.0, -7.245851749866607e-05], "3/16/2016": [137.0, -0.007246376811594203], "3/17/2016": [136.5, -0.0036496350364963502], "3/18/2016": [140.45, 0.028937728937728856], "3/21/2016": [141.0, 0.003915984336062737], "3/22/2016": [140.0, -0.0070921985815602835], "3/23/2016": [140.0, 0.0], "3/24/2016": [139.01, -0.0070714285714286364], "3/25/2016": [138.5, -0.0036688008056973667], "3/28/2016": [137.42, -0.007797833935018141], "3/29/2016": [137.0, -0.003056323679231462], "3/30/2016": [137.0, 0.0], "3/31/2016": [138.5, 0.010948905109489052], "4/1/2016": [137.0, -0.010830324909747292], "4/6/2016": [135.49, -0.011021897810218912], "4/7/2016": [134.5, -0.0073068123108717175], "4/8/2016": [137.98, 0.025873605947955316], "4/11/2016": [138.93, 0.006885055805189282], "4/12/2016": [133.57, -0.03858058014827621], "4/13/2016": [134.5, 0.006962641311671834], "4/14/2016": [137.26, 0.020520446096654207], "4/15/2016": [136.72, -0.003934139589100919], "4/18/2016": [133.5, -0.0235517846693973], "4/19/2016": [134.0, 0.003745318352059925], "4/20/2016": [133.39, -0.004552238805970251], "4/21/2016": [133.0, -0.002923757403103579], "4/22/2016": [130.0, -0.022556390977443608], "4/25/2016": [129.61, -0.002999999999999895], "4/26/2016": [131.4, 0.013810662757503216], "4/27/2016": [132.99, 0.012100456621004592], "4/28/2016": [135.48, 0.018723212271599222], "4/29/2016": [138.0, 0.018600531443755612], "5/3/2016": [135.0, -0.021739130434782608], "5/4/2016": [134.0, -0.007407407407407408], "5/5/2016": [134.9, 0.006716417910447804], "5/6/2016": [134.8, -0.0007412898443290905], "5/9/2016": [134.81, 7.418397626106012e-05], "5/10/2016": [135.4, 0.004376529931014045], "5/11/2016": [133.49, -0.014106351550960093], "5/12/2016": [132.24, -0.009363997303168775], "5/13/2016": [132.9, 0.004990925589836635], "5/16/2016": [133.0, 0.0007524454477049985], "5/17/2016": [133.5, 0.0037593984962406013], "5/18/2016": [133.57, 0.0005243445692883384], "5/19/2016": [135.1, 0.011454667964363265], "5/20/2016": [140.49, 0.03989637305699493], "5/23/2016": [142.79, 0.01637127197665302], "5/24/2016": [142.01, -0.005462567406681149], "5/25/2016": [143.99, 0.01394268009295133], "5/26/2016": [152.5, 0.05910132648100556], "5/27/2016": [148.94, -0.02334426229508198], "5/30/2016": [154.96, 0.04041896065529751], "5/31/2016": [153.5, -0.009421786267423902], "6/1/2016": [153.0, -0.003257328990228013], "6/2/2016": [152.0, -0.006535947712418301], "6/3/2016": [151.5, -0.003289473684210526], "6/4/2016": [149.0, -0.0165016501650165], "6/6/2016": [146.51, -0.016711409395973216], "6/7/2016": [148.0, 0.010169954269333214], "6/8/2016": [149.29, 0.008716216216216162], "6/13/2016": [144.56, -0.03168330095786717], "6/14/2016": [146.5, 0.01342003320420585], "6/15/2016": [145.95, -0.003754266211604173], "6/16/2016": [145.0, -0.006509078451524417], "6/17/2016": [155.49, 0.07234482758620696], "6/20/2016": [158.8, 0.021287542607241635], "6/21/2016": [159.0, 0.0012594458438286438], "6/22/2016": [160.99, 0.012515723270440308], "6/23/2016": [158.98, -0.01248524753090266], "6/24/2016": [153.99, -0.03138759592401548], "6/27/2016": [150.5, -0.022663809338268778], "6/28/2016": [149.0, -0.009966777408637873], "6/29/2016": [149.5, 0.003355704697986577], "6/30/2016": [150.92, 0.00949832775919724], "7/1/2016": [149.76, -0.007686191359660726], "7/4/2016": [152.0, 0.014957264957265019], "7/5/2016": [152.0, 0.0], "7/6/2016": [150.9, -0.0072368421052631205], "7/7/2016": [150.5, -0.002650762094102092], "7/11/2016": [152.47, 0.013089700996677733], "7/12/2016": [152.5, 0.00019676001836427585], "7/13/2016": [152.99, 0.0032131147540984204], "7/14/2016": [152.0, -0.006471011177201183], "7/15/2016": [154.0, 0.013157894736842105], "7/18/2016": [154.0, 0.0], "7/19/2016": [154.28, 0.0018181818181818256], "7/20/2016": [153.2, -0.007000259268861891], "7/21/2016": [153.57, 0.002415143603133189], "7/22/2016": [154.5, 0.006055870287165506], "7/25/2016": [154.5, 0.0], "7/26/2016": [154.0, -0.003236245954692557], "7/27/2016": [154.99, 0.0064285714285714874], "7/28/2016": [154.69, -0.0019356087489516185], "7/29/2016": [155.95, 0.008145322903872203], "8/1/2016": [161.0, 0.032382173773645474], "8/2/2016": [160.0, -0.006211180124223602], "8/3/2016": [173.0, 0.08125], "8/4/2016": [181.99, 0.051965317919075195], "8/5/2016": [187.49, 0.030221440738502112], "8/8/2016": [186.0, -0.007947090511493995], "8/9/2016": [179.0, -0.03763440860215054], "8/10/2016": [182.48, 0.019441340782122847], "8/11/2016": [183.0, 0.002849627356422678], "8/12/2016": [187.4, 0.024043715846994565], "8/15/2016": [194.42, 0.03745997865528272], "8/16/2016": [198.58, 0.021396975619792334], "8/17/2016": [196.98, -0.008057206163762829], "8/18/2016": [196.0, -0.0049751243781094015], "8/19/2016": [198.6, 0.013265306122448951], "8/22/2016": [198.48, -0.0006042296072507782], "8/23/2016": [197.31, -0.005894800483675874], "8/24/2016": [196.58, -0.0036997617961582775], "8/25/2016": [194.04, -0.012920948214467496], "8/26/2016": [188.01, -0.031076066790352512], "8/29/2016": [187.62, -0.0020743577469282824], "8/30/2016": [180.0, -0.04061400703549731], "8/31/2016": [173.5, -0.03611111111111111], "9/1/2016": [180.0, 0.037463976945244955], "9/2/2016": [180.21, 0.0011666666666667108], "9/5/2016": [184.0, 0.021031019366294833], "9/6/2016": [185.12, 0.0060869565217391555], "9/7/2016": [186.0, 0.004753673292999111], "9/8/2016": [185.0, -0.005376344086021506], "9/9/2016": [185.59, 0.0031891891891892075], "9/10/2016": [185.0, -0.003179050595398477], "9/12/2016": [181.0, -0.021621621621621623], "9/13/2016": [181.8, 0.004419889502762494], "9/14/2016": [182.0, 0.0011001100110010376], "9/19/2016": [182.99, 0.005439560439560489], "9/20/2016": [182.99, 0.0], "9/21/2016": [182.49, -0.002732389748073665], "9/22/2016": [182.01, -0.002630281111293869], "9/23/2016": [182.3, 0.0015933190484040463], "9/26/2016": [181.0, -0.0071311025781679175], "9/29/2016": [182.99, 0.010994475138121598], "9/30/2016": [181.04, -0.010656320017487387], "10/3/2016": [182.49, 0.008009279717189666], "10/4/2016": [180.0, -0.01364458326483648],