{"1/4/2016": [29.6, ""], "1/5/2016": [29.15, -0.015202702702702797], "1/6/2016": [30.0, 0.02915951972555751], "1/7/2016": [29.3, -0.02333333333333331], "1/8/2016": [29.3, 0.0], "1/11/2016": [29.6, 0.010238907849829375], "1/12/2016": [29.5, -0.0033783783783784263], "1/13/2016": [29.5, 0.0], "1/14/2016": [29.3, -0.006779661016949128], "1/15/2016": [29.3, 0.0], "1/18/2016": [29.45, 0.005119453924914627], "1/19/2016": [29.45, 0.0], "1/20/2016": [29.05, -0.013582342954159544], "1/21/2016": [29.05, 0.0], "1/22/2016": [28.8, -0.008605851979345954], "1/25/2016": [29.0, 0.00694444444444442], "1/26/2016": [28.35, -0.022413793103448227], "1/27/2016": [28.0, -0.012345679012345729], "1/28/2016": [27.95, -0.001785714285714311], "1/29/2016": [28.05, 0.003577817531305954], "1/30/2016": [28.2, 0.00534759358288765], "2/1/2016": [28.1, -0.0035460992907800663], "2/2/2016": [28.15, 0.001779359430604881], "2/3/2016": [27.95, -0.007104795737122533], "2/15/2016": [28.0, 0.001788908765652977], "2/16/2016": [28.05, 0.001785714285714311], "2/17/2016": [28.05, 0.0], "2/18/2016": [28.1, 0.0017825311942959254], "2/19/2016": [28.25, 0.005338078291814896], "2/22/2016": [28.4, 0.005309734513274286], "2/23/2016": [29.0, 0.021126760563380333], "2/24/2016": [28.8, -0.006896551724137907], "2/25/2016": [27.4, -0.04861111111111118], "2/26/2016": [28.2, 0.02919708029197083], "3/1/2016": [28.25, 0.0017730496453900962], "3/2/2016": [28.55, 0.010619469026548698], "3/3/2016": [29.8, 0.043782837127845885], "3/4/2016": [30.2, 0.01342281879194626], "3/7/2016": [31.5, 0.043046357615894065], "3/8/2016": [31.0, -0.015873015873015872], "3/9/2016": [30.9, -0.003225806451612949], "3/10/2016": [30.85, -0.0016181229773461865], "3/11/2016": [31.1, 0.008103727714748784], "3/14/2016": [31.1, 0.0], "3/15/2016": [30.6, -0.01607717041800643], "3/16/2016": [31.35, 0.024509803921568627], "3/17/2016": [32.7, 0.04306220095693784], "3/18/2016": [34.0, 0.039755351681957096], "3/21/2016": [33.2, -0.0235294117647058], "3/22/2016": [32.95, -0.00753012048192771], "3/23/2016": [32.75, -0.006069802731411315], "3/24/2016": [33.2, 0.013740458015267262], "3/25/2016": [33.5, 0.009036144578313166], "3/28/2016": [33.5, 0.0], "3/29/2016": [32.8, -0.020895522388059785], "3/30/2016": [33.5, 0.021341463414634235], "3/31/2016": [34.55, 0.031343283582089466], "4/1/2016": [34.05, -0.014471780028943561], "4/6/2016": [33.5, -0.016152716593245145], "4/7/2016": [33.3, -0.005970149253731428], "4/8/2016": [33.45, 0.004504504504504675], "4/11/2016": [33.0, -0.013452914798206362], "4/12/2016": [33.3, 0.009090909090909005], "4/13/2016": [33.7, 0.012012012012012184], "4/14/2016": [33.5, -0.005934718100890291], "4/15/2016": [33.65, 0.004477611940298465], "4/18/2016": [32.8, -0.025260029717682063], "4/19/2016": [33.0, 0.006097560975609843], "4/20/2016": [32.8, -0.0060606060606061465], "4/21/2016": [33.85, 0.03201219512195135], "4/22/2016": [33.3, -0.01624815361890707], "4/25/2016": [32.2, -0.033033033033032864], "4/26/2016": [32.4, 0.006211180124223469], "4/27/2016": [32.25, -0.004629629629629586], "4/28/2016": [32.05, -0.006201550387596988], "4/29/2016": [32.1, 0.001560062402496233], "5/3/2016": [31.8, -0.009345794392523386], "5/4/2016": [31.65, -0.004716981132075538], "5/5/2016": [31.65, 0.0], "5/6/2016": [31.7, 0.0015797788309636876], "5/9/2016": [31.65, -0.0015772870662460793], "5/10/2016": [32.1, 0.014218009478673077], "5/11/2016": [31.95, -0.004672897196261749], "5/12/2016": [31.5, -0.014084507042253499], "5/13/2016": [30.6, -0.028571428571428525], "5/16/2016": [30.6, 0.0], "5/17/2016": [29.9, -0.022875816993464144], "5/18/2016": [30.0, 0.003344481605351218], "5/19/2016": [29.85, -0.004999999999999952], "5/20/2016": [29.9, 0.0016750418760468058], "5/23/2016": [30.15, 0.008361204013377926], "5/24/2016": [29.85, -0.009950248756218812], "5/25/2016": [30.0, 0.005025125628140656], "5/26/2016": [29.95, -0.0016666666666666904], "5/27/2016": [30.0, 0.0016694490818030287], "5/30/2016": [29.95, -0.0016666666666666904], "5/31/2016": [30.5, 0.01836393989983308], "6/1/2016": [30.2, -0.009836065573770515], "6/2/2016": [29.9, -0.009933774834437109], "6/3/2016": [29.7, -0.006688963210702318], "6/4/2016": [29.9, 0.00673400673400671], "6/6/2016": [29.55, -0.011705685618729027], "6/7/2016": [29.8, 0.008460236886632826], "6/8/2016": [29.8, 0.0], "6/13/2016": [29.7, -0.003355704697986625], "6/14/2016": [29.9, 0.00673400673400671], "6/15/2016": [29.8, -0.0033444816053510994], "6/16/2016": [29.8, 0.0], "6/17/2016": [29.8, 0.0], "6/20/2016": [29.65, -0.0050335570469799374], "6/21/2016": [29.65, 0.0], "6/22/2016": [29.7, 0.0016863406408094675], "6/23/2016": [29.6, -0.0033670033670032953], "6/24/2016": [29.45, -0.005067567567567639], "6/27/2016": [29.4, -0.0016977928692699733], "6/28/2016": [29.45, 0.0017006802721088678], "6/29/2016": [29.4, -0.0016977928692699733], "6/30/2016": [29.7, 0.010204081632653086], "7/1/2016": [29.7, 0.0], "7/4/2016": [29.4, -0.010101010101010124], "7/5/2016": [29.0, -0.013605442176870701], "7/6/2016": [28.5, -0.017241379310344827], "7/7/2016": [28.6, 0.0035087719298246113], "7/11/2016": [28.9, 0.01048951048951039], "7/12/2016": [28.75, -0.005190311418685072], "7/13/2016": [28.75, 0.0], "7/14/2016": [29.1, 0.012173913043478311], "7/15/2016": [29.05, -0.0017182130584192682], "7/18/2016": [29.1, 0.0017211703958692154], "7/19/2016": [29.15, 0.0017182130584191462], "7/20/2016": [29.1, -0.001715265866209165], "7/21/2016": [29.85, 0.02577319587628866], "7/22/2016": [30.05, 0.0067001675041875805], "7/25/2016": [29.85, -0.006655574043261207], "7/26/2016": [29.95, 0.003350083752093731], "7/27/2016": [30.0, 0.0016694490818030287], "7/28/2016": [29.6, -0.013333333333333286], "7/29/2016": [29.8, 0.006756756756756733], "8/1/2016": [30.0, 0.00671140939597313], "8/2/2016": [30.05, 0.0016666666666666904], "8/3/2016": [29.8, -0.008319467554076539], "8/4/2016": [30.05, 0.008389261744966443], "8/5/2016": [30.05, 0.0], "8/8/2016": [30.4, 0.011647254575707084], "8/9/2016": [30.35, -0.0016447368421051698], "8/10/2016": [30.4, 0.0016474464579900217], "8/11/2016": [28.45, -0.06414473684210524], "8/12/2016": [28.4, -0.00175746924428825], "8/15/2016": [28.1, -0.010563380281690042], "8/16/2016": [27.9, -0.00711743772242003], "8/17/2016": [28.3, 0.01433691756272409], "8/18/2016": [28.0, -0.010600706713780944], "8/19/2016": [27.3, -0.024999999999999974], "8/22/2016": [25.8, -0.054945054945054944], "8/23/2016": [27.2, 0.05426356589147281], "8/24/2016": [27.4, 0.007352941176470562], "8/25/2016": [27.3, -0.0036496350364962726], "8/26/2016": [27.4, 0.003663003663003585], "8/29/2016": [27.4, 0.0], "8/30/2016": [27.2, -0.007299270072992675], "8/31/2016": [27.2, 0.0], "9/1/2016": [27.2, 0.0], "9/2/2016": [27.2, 0.0], "9/5/2016": [27.6, 0.014705882352941256], "9/6/2016": [27.6, 0.0], "9/7/2016": [26.7, -0.03260869565217399], "9/8/2016": [27.7, 0.03745318352059925], "9/9/2016": [27.7, 0.0], "9/10/2016": [27.1, -0.021660649819494508], "9/12/2016": [27.5, 0.014760147601475962], "9/13/2016": [27.55, 0.001818181818181844], "9/14/2016": [27.55, 0.0], "9/19/2016": [27.55, 0.0], "9/20/2016": [27.85, 0.010889292196007285], "9/21/2016": [28.55, 0.025134649910233366], "9/22/2016": [29.4, 0.029772329246935125], "9/23/2016": [29.6, 0.006802721088435471], "9/26/2016": [29.55, -0.0016891891891892131], "9/29/2016": [29.8, 0.008460236886632826], "9/30/2016": [29.9, 0.0033557046979865056], "10/3/2016": [29.25, -0.021739130434782563], "10/4/2016": [29.4, 0.00512820512820508], "10/5/2016": [28.95, -0.015306122448979569], "10/6/2016": [29.8, 0.029360967184801433], "10/7/2016": [30.2, 0.01342281879194626], "10/11/2016": [29.95, -0.008278145695364239], "10/12/2016": [30.2, 0.008347245409015025], "10/13/2016": [30.2, 0.0], "10/14/2016": [30.2, 0.0], "10/17/2016": [33.2, 0.09933774834437098], "10/18/2016": [34.05, 0.025602409638554043], "10/19/2016": [33.55, -0.014684287812041117], "10/20/2016": [33.85, 0.008941877794336939], "10/21/2016": [34.0, 0.004431314623338215],