{"1/4/2016": [7.01, ""], "1/5/2016": [6.92, -0.012838801711840209], "1/6/2016": [6.91, -0.0014450867052022813], "1/7/2016": [6.92, 0.001447178002894325], "1/8/2016": [6.99, 0.010115606936416227], "1/11/2016": [7.24, 0.035765379113018594], "1/12/2016": [7.14, -0.01381215469613267], "1/13/2016": [7.0, -0.019607843137254857], "1/14/2016": [7.0, 0.0], "1/15/2016": [6.94, -0.008571428571428516], "1/18/2016": [7.02, 0.011527377521613714], "1/19/2016": [7.01, -0.0014245014245013942], "1/20/2016": [6.93, -0.011412268188302436], "1/21/2016": [6.95, 0.002886002886002953], "1/22/2016": [7.03, 0.011510791366906485], "1/25/2016": [7.1, 0.009957325746799344], "1/26/2016": [7.15, 0.007042253521126861], "1/27/2016": [7.39, 0.03356643356643347], "1/28/2016": [7.31, -0.010825439783491214], "1/29/2016": [7.39, 0.01094391244870042], "1/30/2016": [7.45, 0.00811907983761847], "2/1/2016": [7.71, 0.03489932885906037], "2/2/2016": [7.82, 0.014267185473411196], "2/3/2016": [7.62, -0.0255754475703325], "2/15/2016": [7.7, 0.010498687664042003], "2/16/2016": [7.65, -0.0064935064935064705], "2/17/2016": [7.6, -0.006535947712418394], "2/18/2016": [7.63, 0.003947368421052665], "2/19/2016": [7.65, 0.002621231979030205], "2/22/2016": [8.09, 0.05751633986928098], "2/23/2016": [8.01, -0.009888751545117438], "2/24/2016": [7.83, -0.022471910112359515], "2/25/2016": [8.0, 0.021711366538952736], "2/26/2016": [8.03, 0.00374999999999992], "3/1/2016": [7.97, -0.0074719800747197525], "3/2/2016": [7.97, 0.0], "3/3/2016": [7.96, -0.0012547051442910648], "3/4/2016": [8.21, 0.03140703517587951], "3/7/2016": [8.1, -0.01339829476248492], "3/8/2016": [8.12, 0.0024691358024690833], "3/9/2016": [8.13, 0.0012315270935962517], "3/10/2016": [8.94, 0.09963099630996293], "3/11/2016": [9.83, 0.0995525727069352], "3/14/2016": [10.8, 0.09867751780264503], "3/15/2016": [11.85, 0.09722222222222211], "3/16/2016": [12.2, 0.029535864978902926], "3/17/2016": [11.65, -0.04508196721311467], "3/18/2016": [12.15, 0.04291845493562232], "3/21/2016": [12.1, -0.004115226337448618], "3/22/2016": [12.65, 0.04545454545454551], "3/23/2016": [12.55, -0.00790513833992092], "3/24/2016": [12.15, -0.03187250996015939], "3/25/2016": [12.15, 0.0], "3/28/2016": [12.25, 0.00823045267489709], "3/29/2016": [11.05, -0.09795918367346933], "3/30/2016": [11.0, -0.004524886877828118], "3/31/2016": [11.4, 0.0363636363636364], "4/1/2016": [10.6, -0.0701754385964913], "4/6/2016": [10.2, -0.03773584905660381], "4/7/2016": [11.2, 0.09803921568627452], "4/8/2016": [11.5, 0.02678571428571435], "4/11/2016": [11.9, 0.0347826086956522], "4/12/2016": [11.35, -0.04621848739495804], "4/13/2016": [11.35, 0.0], "4/14/2016": [11.55, 0.017621145374449435], "4/15/2016": [11.4, -0.012987012987013017], "4/18/2016": [11.25, -0.013157894736842136], "4/19/2016": [11.1, -0.013333333333333365], "4/20/2016": [11.0, -0.009009009009008978], "4/21/2016": [11.25, 0.022727272727272728], "4/22/2016": [11.05, -0.017777777777777715], "4/25/2016": [11.0, -0.004524886877828118], "4/26/2016": [11.1, 0.00909090909090906], "4/27/2016": [11.75, 0.05855855855855859], "4/28/2016": [11.7, -0.004255319148936231], "4/29/2016": [11.4, -0.02564102564102555], "5/3/2016": [11.4, 0.0], "5/4/2016": [11.1, -0.02631578947368427], "5/5/2016": [10.95, -0.013513513513513545], "5/6/2016": [11.2, 0.022831050228310504], "5/9/2016": [10.8, -0.03571428571428559], "5/10/2016": [10.65, -0.013888888888888921], "5/11/2016": [9.95, -0.06572769953051653], "5/12/2016": [9.6, -0.03517587939698489], "5/13/2016": [9.31, -0.030208333333333247], "5/16/2016": [9.7, 0.041890440386680855], "5/17/2016": [10.1, 0.041237113402061897], "5/18/2016": [10.05, -0.004950495049504845], "5/19/2016": [9.93, -0.011940298507462786], "5/20/2016": [9.95, 0.002014098690835808], "5/23/2016": [10.15, 0.020100502512562922], "5/24/2016": [10.25, 0.009852216748768438], "5/25/2016": [10.1, -0.014634146341463448], "5/26/2016": [10.05, -0.004950495049504845], "5/27/2016": [10.15, 0.009950248756218869], "5/30/2016": [10.0, -0.014778325123152743], "5/31/2016": [10.0, 0.0], "6/1/2016": [10.15, 0.015000000000000036], "6/2/2016": [10.15, 0.0], "6/3/2016": [10.0, -0.014778325123152743], "6/4/2016": [10.2, 0.019999999999999928], "6/6/2016": [10.05, -0.014705882352941037], "6/7/2016": [10.05, 0.0], "6/8/2016": [10.3, 0.02487562189054726], "6/13/2016": [10.35, 0.004854368932038731], "6/14/2016": [10.75, 0.038647342995169115], "6/15/2016": [10.65, -0.009302325581395316], "6/16/2016": [10.65, 0.0], "6/17/2016": [10.75, 0.009389671361502313], "6/20/2016": [10.5, -0.023255813953488372], "6/21/2016": [10.45, -0.00476190476190483], "6/22/2016": [10.15, -0.028708133971291766], "6/23/2016": [10.15, 0.0], "6/24/2016": [10.0, -0.014778325123152743], "6/27/2016": [10.05, 0.005000000000000071], "6/28/2016": [10.15, 0.009950248756218869], "6/29/2016": [10.25, 0.009852216748768438], "6/30/2016": [10.25, 0.0], "7/1/2016": [10.2, -0.004878048780487874], "7/4/2016": [10.1, -0.009803921568627416], "7/5/2016": [10.2, 0.009900990099009866], "7/6/2016": [10.1, -0.009803921568627416], "7/7/2016": [10.85, 0.07425742574257425], "7/11/2016": [10.35, -0.04608294930875576], "7/12/2016": [10.25, -0.009661835748792237], "7/13/2016": [10.25, 0.0], "7/14/2016": [10.45, 0.01951219512195115], "7/15/2016": [10.35, -0.009569377990430589], "7/18/2016": [10.35, 0.0], "7/19/2016": [10.35, 0.0], "7/20/2016": [10.25, -0.009661835748792237], "7/21/2016": [10.35, 0.009756097560975575], "7/22/2016": [10.3, -0.004830917874396033], "7/25/2016": [10.3, 0.0], "7/26/2016": [10.3, 0.0], "7/27/2016": [10.25, -0.004854368932038904], "7/28/2016": [10.15, -0.009756097560975575], "7/29/2016": [10.3, 0.014778325123152743], "8/1/2016": [10.25, -0.004854368932038904], "8/2/2016": [10.3, 0.004878048780487874], "8/3/2016": [10.25, -0.004854368932038904], "8/4/2016": [10.25, 0.0], "8/5/2016": [10.5, 0.024390243902439025], "8/8/2016": [10.9, 0.038095238095238126], "8/9/2016": [10.55, -0.03211009174311923], "8/10/2016": [10.35, -0.01895734597156408], "8/11/2016": [10.1, -0.024154589371980676], "8/12/2016": [10.05, -0.004950495049504845], "8/15/2016": [9.89, -0.01592039800995026], "8/16/2016": [9.84, -0.005055611729019283], "8/17/2016": [9.79, -0.005081300813008202], "8/18/2016": [9.92, 0.01327885597548527], "8/19/2016": [9.85, -0.007056451612903254], "8/22/2016": [9.78, -0.007106598984771602], "8/23/2016": [9.76, -0.002044989775051081], "8/24/2016": [9.66, -0.010245901639344227], "8/25/2016": [9.52, -0.014492753623188465], "8/26/2016": [9.7, 0.018907563025210055], "8/29/2016": [9.75, 0.005154639175257806], "8/30/2016": [9.86, 0.011282051282051224], "8/31/2016": [9.9, 0.004056795131845935], "9/1/2016": [9.82, -0.008080808080808088], "9/2/2016": [9.73, -0.009164969450101819], "9/5/2016": [9.72, -0.0010277492291880562], "9/6/2016": [9.7, -0.002057613168724419], "9/7/2016": [9.7, 0.0], "9/8/2016": [9.84, 0.01443298969072171], "9/9/2016": [9.68, -0.016260162601626032], "9/10/2016": [9.7, 0.0020661157024792947], "9/12/2016": [9.57, -0.013402061855670002], "9/13/2016": [9.42, -0.015673981191222607], "9/14/2016": [9.2, -0.02335456475583871], "9/19/2016": [9.25, 0.00543478260869573], "9/20/2016": [9.12, -0.014054054054054138], "9/21/2016": [9.78, 0.0723684210526316], "9/22/2016": [9.74, -0.004089979550102162], "9/23/2016": [10.1, 0.03696098562628331], "9/26/2016": [9.91, -0.018811881188118763], "9/29/2016": [10.0, 0.009081735620585252], "9/30/2016": [9.9, -0.009999999999999964], "10/3/2016": [9.86, -0.004040404040404133], "10/4/2016": [9.87, 0.001014198782961439], "10/5/2016": [9.9, 0.0030395136778116655], "10/6/2016": [9.74, -0.016161616161616175], "10/7/2016": [9.57, -0.017453798767967137], "10/11/2016": [9.38, -0.01985370950888187], "10/12/2016": [9.32, -0.006396588486140778], "10/13/2016": [9.4, 0.00858369098712447], "10/14/2016": [9.4, 0.0], "10/17/2016": [9.55, 0.015957446808510675], "10/18/2016": [9.51, -0.004188481675392767], "10/19/2016": [9.59, 0.008412197686645645],