{"1/4/2016": [9.36, ""], "1/5/2016": [9.25, -0.011752136752136691], "1/6/2016": [9.1, -0.016216216216216255], "1/7/2016": [8.9, -0.0219780219780219], "1/8/2016": [9.79, 0.09999999999999987], "1/11/2016": [10.5, 0.07252298263534228], "1/12/2016": [9.9, -0.057142857142857106], "1/13/2016": [9.93, 0.0030303030303029657], "1/14/2016": [9.17, -0.07653575025176232], "1/15/2016": [9.02, -0.016357688113413343], "1/18/2016": [9.03, 0.0011086474501108411], "1/19/2016": [9.5, 0.05204872646733119], "1/20/2016": [9.18, -0.033684210526315816], "1/21/2016": [9.16, -0.0021786492374727207], "1/22/2016": [9.28, 0.013100436681222622], "1/25/2016": [9.2, -0.008620689655172422], "1/26/2016": [9.17, -0.003260869565217322], "1/27/2016": [8.26, -0.09923664122137406], "1/28/2016": [7.51, -0.09079903147699758], "1/29/2016": [7.72, 0.027962716378162448], "1/30/2016": [7.84, 0.015544041450777216], "2/1/2016": [7.77, -0.008928571428571465], "2/2/2016": [7.36, -0.05276705276705267], "2/3/2016": [7.21, -0.020380434782608745], "2/15/2016": [7.22, 0.0013869625520110662], "2/16/2016": [7.6, 0.05263157894736841], "2/17/2016": [7.39, -0.027631578947368417], "2/18/2016": [7.47, 0.010825439783491214], "2/19/2016": [7.33, -0.018741633199464484], "2/22/2016": [7.32, -0.001364256480218252], "2/23/2016": [7.54, 0.030054644808743133], "2/24/2016": [7.47, -0.009283819628647253], "2/25/2016": [8.06, 0.07898259705488632], "2/26/2016": [7.82, -0.029776674937965285], "3/1/2016": [7.84, 0.0025575447570331936], "3/2/2016": [7.73, -0.014030612244897886], "3/3/2016": [7.62, -0.014230271668822809], "3/4/2016": [7.7, 0.010498687664042003], "3/7/2016": [7.61, -0.01168831168831167], "3/8/2016": [7.77, 0.02102496714848873], "3/9/2016": [7.76, -0.0012870012870012596], "3/10/2016": [7.53, -0.0296391752577319], "3/11/2016": [7.49, -0.005312084993359899], "3/14/2016": [7.73, 0.03204272363150871], "3/15/2016": [7.38, -0.045278137128072514], "3/16/2016": [7.5, 0.016260162601626032], "3/17/2016": [7.44, -0.007999999999999948], "3/18/2016": [7.35, -0.012096774193548487], "3/21/2016": [7.42, 0.009523809523809563], "3/22/2016": [7.34, -0.010781671159029659], "3/23/2016": [7.01, -0.04495912806539511], "3/24/2016": [7.03, 0.0028530670470756723], "3/25/2016": [6.99, -0.005689900426742537], "3/28/2016": [6.75, -0.03433476394849788], "3/29/2016": [6.68, -0.010370370370370412], "3/30/2016": [6.87, 0.02844311377245515], "3/31/2016": [6.73, -0.02037845705967972], "4/1/2016": [6.5, -0.03417533432392279], "4/6/2016": [6.35, -0.02307692307692313], "4/7/2016": [6.25, -0.015748031496062936], "4/8/2016": [6.2, -0.007999999999999972], "4/11/2016": [6.39, 0.0306451612903225], "4/12/2016": [6.22, -0.026604068857589976], "4/13/2016": [6.2, -0.0032154340836012176], "4/14/2016": [6.24, 0.006451612903225812], "4/15/2016": [6.38, 0.022435897435897384], "4/18/2016": [6.35, -0.0047021943573668104], "4/19/2016": [6.3, -0.007874015748031468], "4/20/2016": [6.24, -0.009523809523809462], "4/21/2016": [6.3, 0.009615384615384552], "4/22/2016": [5.94, -0.05714285714285705], "4/25/2016": [6.0, 0.010101010101010034], "4/26/2016": [5.77, -0.03833333333333341], "4/27/2016": [5.7, -0.012131715771230399], "4/28/2016": [5.68, -0.003508771929824642], "4/29/2016": [5.5, -0.03169014084507037], "5/3/2016": [4.98, -0.09454545454545447], "5/4/2016": [4.98, 0.0], "5/5/2016": [4.85, -0.026104417670682886], "5/6/2016": [4.67, -0.037113402061855615], "5/9/2016": [4.41, -0.05567451820128475], "5/10/2016": [4.1, -0.07029478458049898], "5/11/2016": [4.0, -0.02439024390243894], "5/12/2016": [3.62, -0.09499999999999997], "5/13/2016": [3.32, -0.08287292817679565], "5/16/2016": [3.65, 0.09939759036144581], "5/17/2016": [4.01, 0.09863013698630134], "5/18/2016": [3.73, -0.06982543640897751], "5/19/2016": [3.36, -0.0991957104557641], "5/20/2016": [3.03, -0.09821428571428574], "5/23/2016": [2.75, -0.09240924092409235], "5/24/2016": [2.5, -0.09090909090909091], "5/25/2016": [2.6, 0.040000000000000036], "5/26/2016": [2.64, 0.015384615384615398], "5/27/2016": [2.5, -0.05303030303030307], "5/30/2016": [2.69, 0.07599999999999998], "5/31/2016": [2.75, 0.022304832713754667], "6/1/2016": [2.9, 0.054545454545454515], "6/2/2016": [2.99, 0.031034482758620793], "6/3/2016": [3.0, 0.003344481605351099], "6/4/2016": [2.92, -0.02666666666666669], "6/6/2016": [2.92, 0.0], "6/7/2016": [2.99, 0.023972602739726127], "6/8/2016": [2.77, -0.07357859531772581], "6/13/2016": [2.51, -0.09386281588447662], "6/14/2016": [2.51, 0.0], "6/15/2016": [2.31, -0.07968127490039831], "6/16/2016": [2.53, 0.09523809523809512], "6/17/2016": [2.35, -0.07114624505928843], "6/20/2016": [2.2, -0.0638297872340425], "6/21/2016": [2.2, 0.0], "6/22/2016": [2.2, 0.0], "6/23/2016": [2.3, 0.04545454545454529], "6/24/2016": [2.36, 0.026086956521739157], "6/27/2016": [2.38, 0.00847457627118645], "6/28/2016": [2.45, 0.029411764705882474], "6/29/2016": [2.62, 0.06938775510204079], "6/30/2016": [2.79, 0.06488549618320608], "7/1/2016": [3.06, 0.09677419354838711], "7/4/2016": [3.36, 0.09803921568627445], "7/5/2016": [3.04, -0.09523809523809519], "7/6/2016": [3.03, -0.003289473684210602], "7/7/2016": [3.03, 0.0], "7/11/2016": [2.8, -0.07590759075907591], "7/12/2016": [2.78, -0.00714285714285715], "7/13/2016": [2.8, 0.007194244604316554], "7/14/2016": [2.66, -0.04999999999999989], "7/15/2016": [2.88, 0.08270676691729313], "7/18/2016": [2.95, 0.024305555555555657], "7/19/2016": [2.75, -0.06779661016949158], "7/20/2016": [2.9, 0.054545454545454515], "7/21/2016": [2.9, 0.0], "7/22/2016": [2.9, 0.0], "7/25/2016": [2.9, 0.0], "7/26/2016": [2.95, 0.01724137931034492], "7/27/2016": [3.0, 0.01694915254237282], "7/28/2016": [2.94, -0.020000000000000018], "7/29/2016": [3.2, 0.08843537414965995], "8/1/2016": [3.46, 0.08124999999999993], "8/2/2016": [3.75, 0.08381502890173412], "8/3/2016": [3.85, 0.02666666666666669], "8/4/2016": [3.51, -0.08831168831168838], "8/5/2016": [3.16, -0.09971509971509962], "8/8/2016": [3.45, 0.09177215189873418], "8/9/2016": [3.6, 0.04347826086956519], "8/10/2016": [3.34, -0.07222222222222228], "8/11/2016": [3.12, -0.06586826347305381], "8/12/2016": [3.17, 0.01602564102564097], "8/15/2016": [3.01, -0.050473186119873864], "8/16/2016": [2.8, -0.06976744186046512], "8/17/2016": [2.7, -0.03571428571428559], "8/18/2016": [2.95, 0.09259259259259259], "8/19/2016": [2.77, -0.061016949152542424], "8/22/2016": [2.77, 0.0], "8/23/2016": [2.77, 0.0], "8/24/2016": [2.77, 0.0], "8/25/2016": [2.88, 0.039711191335740026], "8/26/2016": [2.97, 0.031250000000000104], "8/29/2016": [2.86, -0.03703703703703714], "8/30/2016": [2.86, 0.0], "8/31/2016": [2.75, -0.03846153846153842], "9/1/2016": [2.8, 0.01818181818181812], "9/2/2016": [2.62, -0.06428571428571418], "9/5/2016": [2.55, -0.026717557251908504], "9/6/2016": [2.58, 0.01176470588235304], "9/7/2016": [2.55, -0.011627906976744281], "9/8/2016": [2.69, 0.05490196078431378], "9/9/2016": [2.95, 0.09665427509293689], "9/10/2016": [3.0, 0.01694915254237282], "9/12/2016": [3.0, 0.0], "9/13/2016": [3.0, 0.0], "9/14/2016": [2.92, -0.02666666666666669], "9/19/2016": [2.95, 0.010273972602739812], "9/20/2016": [2.82, -0.0440677966101696], "9/21/2016": [3.08, 0.09219858156028378], "9/22/2016": [3.38, 0.09740259740259734], "9/23/2016": [3.7, 0.09467455621301783], "9/26/2016": [3.33, -0.10000000000000002], "9/29/2016": [3.63, 0.09009009009009003], "9/30/2016": [3.27, -0.09917355371900824], "10/3/2016": [3.05, -0.06727828746177376], "10/4/2016": [3.25, 0.06557377049180334], "10/5/2016": [3.06, -0.05846153846153845], "10/6/2016": [3.15, 0.029411764705882307], "10/7/2016": [3.25, 0.03174603174603177], "10/11/2016": [3.35, 0.030769230769230795], "10/12/2016": [3.36, 0.002985074626865608], "10/13/2016": [3.19, -0.050595238095238075], "10/14/2016": [3.11, -0.025078369905956136], "10/17/2016": [3.03, -0.025723472668810313], "10/18/2016": [3.1, 0.023102310231023198], "10/19/2016": [3.07, -0.00967741935483879], "10/20/2016": [3.05, -0.006514657980456032], "10/21/2016": [3.03, -0.006557377049180334],