{"1/4/2016": [89.0, ""], "1/5/2016": [89.8, 0.008988764044943788], "1/6/2016": [92.5, 0.03006681514476618], "1/7/2016": [90.2, -0.024864864864864833], "1/8/2016": [90.7, 0.005543237250554323], "1/11/2016": [86.3, -0.048511576626240414], "1/12/2016": [80.2, -0.07068366164542288], "1/13/2016": [81.2, 0.012468827930174562], "1/14/2016": [81.9, 0.008620689655172448], "1/15/2016": [84.0, 0.02564102564102557], "1/18/2016": [85.0, 0.011904761904761904], "1/19/2016": [84.4, -0.007058823529411698], "1/20/2016": [82.2, -0.026066350710900507], "1/21/2016": [81.4, -0.009732360097323567], "1/22/2016": [83.2, 0.022113022113022077], "1/25/2016": [84.5, 0.015624999999999965], "1/26/2016": [84.3, -0.002366863905325477], "1/27/2016": [84.7, 0.004744958481613354], "1/28/2016": [83.8, -0.010625737898465238], "1/29/2016": [85.2, 0.016706443914081215], "1/30/2016": [84.7, -0.005868544600938967], "2/1/2016": [85.0, 0.00354191263282169], "2/2/2016": [85.6, 0.007058823529411698], "2/3/2016": [85.6, 0.0], "2/15/2016": [84.1, -0.01752336448598131], "2/16/2016": [84.2, 0.001189060642092848], "2/17/2016": [85.4, 0.014251781472684119], "2/18/2016": [86.0, 0.007025761124121713], "2/19/2016": [84.7, -0.015116279069767409], "2/22/2016": [86.0, 0.01534828807556077], "2/23/2016": [86.4, 0.00465116279069774], "2/24/2016": [85.8, -0.006944444444444543], "2/25/2016": [86.4, 0.006993006993007093], "2/26/2016": [87.1, 0.00810185185185172], "3/1/2016": [87.1, 0.0], "3/2/2016": [89.1, 0.022962112514351322], "3/3/2016": [92.2, 0.03479236812570156], "3/4/2016": [95.3, 0.033622559652928354], "3/7/2016": [94.5, -0.00839454354669462], "3/8/2016": [93.0, -0.015873015873015872], "3/9/2016": [92.6, -0.004301075268817265], "3/10/2016": [92.1, -0.005399568034557236], "3/11/2016": [92.3, 0.0021715526601520396], "3/14/2016": [91.8, -0.005417118093174431], "3/15/2016": [91.2, -0.006535947712418239], "3/16/2016": [93.0, 0.019736842105263126], "3/17/2016": [94.5, 0.016129032258064516], "3/18/2016": [94.8, 0.0031746031746031447], "3/21/2016": [92.7, -0.022151898734177156], "3/22/2016": [92.7, 0.0], "3/23/2016": [92.0, -0.007551240560949329], "3/24/2016": [90.9, -0.011956521739130373], "3/25/2016": [90.1, -0.008800880088008925], "3/28/2016": [90.0, -0.0011098779134294597], "3/29/2016": [87.5, -0.027777777777777776], "3/30/2016": [88.3, 0.00914285714285711], "3/31/2016": [89.5, 0.01359003397508497], "4/1/2016": [90.1, 0.006703910614525076], "4/6/2016": [89.9, -0.0022197558268589193], "4/7/2016": [88.9, -0.011123470522803113], "4/8/2016": [88.9, 0.0], "4/11/2016": [87.5, -0.015748031496063054], "4/12/2016": [85.5, -0.022857142857142857], "4/13/2016": [86.0, 0.005847953216374269], "4/14/2016": [87.0, 0.011627906976744186], "4/15/2016": [86.6, -0.004597701149425352], "4/18/2016": [86.7, 0.0011547344110855488], "4/19/2016": [86.5, -0.0023068050749711975], "4/20/2016": [86.1, -0.004624277456647464], "4/21/2016": [86.1, 0.0], "4/22/2016": [85.9, -0.0023228803716607276], "4/25/2016": [85.0, -0.010477299185099018], "4/26/2016": [85.2, 0.002352941176470622], "4/27/2016": [84.6, -0.0070422535211268605], "4/28/2016": [84.5, -0.001182033096926647], "4/29/2016": [83.6, -0.010650887573964565], "5/3/2016": [83.6, 0.0], "5/4/2016": [83.2, -0.004784688995215209], "5/5/2016": [83.2, 0.0], "5/6/2016": [83.1, -0.0012019230769231793], "5/9/2016": [82.7, -0.004813477737665361], "5/10/2016": [82.6, -0.0012091898428054236], "5/11/2016": [82.1, -0.006053268765133173], "5/12/2016": [81.7, -0.004872107186357996], "5/13/2016": [81.2, -0.006119951040391676], "5/16/2016": [83.2, 0.02463054187192118], "5/17/2016": [83.0, -0.002403846153846188], "5/18/2016": [82.3, -0.008433734939759071], "5/19/2016": [82.0, -0.003645200486026697], "5/20/2016": [81.1, -0.01097560975609763], "5/23/2016": [83.0, 0.02342786683107282], "5/24/2016": [82.5, -0.006024096385542169], "5/25/2016": [82.1, -0.004848484848484917], "5/26/2016": [83.3, 0.014616321559074335], "5/27/2016": [84.0, 0.00840336134453785], "5/30/2016": [85.0, 0.011904761904761904], "5/31/2016": [85.2, 0.002352941176470622], "6/1/2016": [85.3, 0.0011737089201877267], "6/2/2016": [83.5, -0.021101992966002313], "6/3/2016": [82.8, -0.008383233532934166], "6/4/2016": [82.8, 0.0], "6/6/2016": [82.0, -0.009661835748792237], "6/7/2016": [82.5, 0.006097560975609756], "6/8/2016": [82.0, -0.006060606060606061], "6/13/2016": [82.1, 0.0012195121951218818], "6/14/2016": [82.1, 0.0], "6/15/2016": [82.5, 0.00487210718635817], "6/16/2016": [83.0, 0.006060606060606061], "6/17/2016": [82.6, -0.004819277108433803], "6/20/2016": [83.0, 0.004842615012106606], "6/21/2016": [83.0, 0.0], "6/22/2016": [82.5, -0.006024096385542169], "6/23/2016": [82.5, 0.0], "6/24/2016": [81.4, -0.013333333333333265], "6/27/2016": [81.4, 0.0], "6/28/2016": [81.8, 0.004914004914004809], "6/29/2016": [81.7, -0.001222493887530493], "6/30/2016": [82.3, 0.007343941248469942], "7/1/2016": [83.0, 0.008505467800729074], "7/4/2016": [83.8, 0.009638554216867436], "7/5/2016": [84.0, 0.002386634844868769], "7/6/2016": [84.0, 0.0], "7/7/2016": [84.3, 0.0035714285714285375], "7/11/2016": [83.2, -0.01304863582443647], "7/12/2016": [83.5, 0.0036057692307691963], "7/13/2016": [83.0, -0.005988023952095809], "7/14/2016": [82.8, -0.0024096385542169015], "7/15/2016": [83.0, 0.002415458937198102], "7/18/2016": [84.5, 0.018072289156626505], "7/19/2016": [83.1, -0.016568047337278173], "7/20/2016": [83.1, 0.0], "7/21/2016": [83.5, 0.004813477737665532], "7/22/2016": [84.0, 0.005988023952095809], "7/25/2016": [83.5, -0.005952380952380952], "7/26/2016": [83.9, 0.004790419161676715], "7/27/2016": [80.5, -0.04052443384982128], "7/28/2016": [80.5, 0.0], "7/29/2016": [80.0, -0.006211180124223602], "8/1/2016": [79.9, -0.001249999999999929], "8/2/2016": [79.7, -0.002503128911138959], "8/3/2016": [79.5, -0.0025094102885822186], "8/4/2016": [79.5, 0.0], "8/5/2016": [80.1, 0.007547169811320683], "8/8/2016": [79.7, -0.004993757802746461], "8/9/2016": [79.6, -0.0012547051442911986], "8/10/2016": [79.6, 0.0], "8/11/2016": [79.7, 0.001256281407035283], "8/12/2016": [80.8, 0.013801756587201936], "8/15/2016": [80.0, -0.009900990099009866], "8/16/2016": [79.7, -0.0037499999999999643], "8/17/2016": [79.2, -0.006273525721455458], "8/18/2016": [80.0, 0.010101010101010065], "8/19/2016": [80.2, 0.0025000000000000356], "8/22/2016": [80.2, 0.0], "8/23/2016": [80.4, 0.0024937655860349482], "8/24/2016": [80.0, -0.004975124378109523], "8/25/2016": [79.3, -0.008750000000000036], "8/26/2016": [79.7, 0.005044136191677247], "8/29/2016": [82.4, 0.03387703889585951], "8/30/2016": [81.2, -0.014563106796116538], "8/31/2016": [79.6, -0.01970443349753705], "9/1/2016": [78.3, -0.016331658291457253], "9/2/2016": [77.8, -0.006385696040868455], "9/5/2016": [78.0, 0.0025706940874036356], "9/6/2016": [77.7, -0.0038461538461538095], "9/7/2016": [77.8, 0.0012870012870012139], "9/8/2016": [77.9, 0.0012853470437019091], "9/9/2016": [77.5, -0.0051347881899872355], "9/10/2016": [77.2, -0.003870967741935447], "9/12/2016": [77.3, 0.0012953367875646932], "9/13/2016": [76.1, -0.015523932729624875], "9/14/2016": [77.5, 0.018396846254927803], "9/19/2016": [77.0, -0.0064516129032258064], "9/20/2016": [76.8, -0.0025974025974026343], "9/21/2016": [76.3, -0.006510416666666667], "9/22/2016": [75.1, -0.0157273918741809], "9/23/2016": [74.5, -0.007989347536617768], "9/26/2016": [74.2, -0.004026845637583855], "9/29/2016": [74.3, 0.0013477088948786295], "9/30/2016": [74.3, 0.0], "10/3/2016": [73.5, -0.010767160161507364], "10/4/2016": [73.0, -0.006802721088435374], "10/5/2016": [72.8, -0.0027397260273972993], "10/6/2016": [73.0, 0.0027472527472527865], "10/7/2016": [73.0, 0.0], "10/11/2016": [72.6, -0.005479452054794599], "10/12/2016": [71.5, -0.015151515151515074], "10/13/2016": [71.1, -0.005594405594405674], "10/14/2016": [71.6, 0.007032348804500704], "10/17/2016": [71.4, -0.0027932960893853162], "10/18/2016": [72.0, 0.008403361344537735], "10/19/2016": [72.5, 0.006944444444444444],