{"1/4/2016": [9.1, ""], "1/5/2016": [9.1, 0.0], "1/6/2016": [9.26, 0.0175824175824176], "1/7/2016": [9.26, 0.0], "1/8/2016": [9.26, 0.0], "1/11/2016": [9.26, 0.0], "1/12/2016": [9.26, 0.0], "1/13/2016": [9.26, 0.0], "1/14/2016": [9.26, 0.0], "1/15/2016": [8.85, -0.04427645788336935], "1/18/2016": [8.85, 0.0], "1/19/2016": [8.85, 0.0], "1/20/2016": [8.85, 0.0], "1/21/2016": [8.85, 0.0], "1/22/2016": [8.85, 0.0], "1/25/2016": [8.85, 0.0], "1/26/2016": [8.85, 0.0], "1/27/2016": [8.85, 0.0], "1/28/2016": [8.85, 0.0], "1/29/2016": [8.85, 0.0], "1/30/2016": [8.85, 0.0], "2/1/2016": [8.85, 0.0], "2/2/2016": [8.85, 0.0], "2/3/2016": [8.85, 0.0], "2/15/2016": [8.85, 0.0], "2/16/2016": [8.85, 0.0], "2/17/2016": [8.85, 0.0], "2/18/2016": [8.85, 0.0], "2/19/2016": [8.81, -0.004519774011299339], "2/22/2016": [9.25, 0.04994324631101016], "2/23/2016": [8.8, -0.048648648648648575], "2/24/2016": [9.0, 0.022727272727272645], "2/25/2016": [9.0, 0.0], "2/26/2016": [9.0, 0.0], "3/1/2016": [9.07, 0.00777777777777781], "3/2/2016": [8.8, -0.029768467475192895], "3/3/2016": [8.67, -0.014772727272727361], "3/4/2016": [8.75, 0.009227220299884669], "3/7/2016": [9.07, 0.0365714285714286], "3/8/2016": [9.05, -0.0022050716648290597], "3/9/2016": [8.8, -0.027624309392265192], "3/10/2016": [9.09, 0.032954545454545354], "3/11/2016": [9.09, 0.0], "3/14/2016": [8.92, -0.018701870187018695], "3/15/2016": [8.77, -0.01681614349775789], "3/16/2016": [8.82, 0.005701254275940789], "3/17/2016": [8.82, 0.0], "3/18/2016": [8.8, -0.002267573696145076], "3/21/2016": [8.8, 0.0], "3/22/2016": [8.7, -0.011363636363636524], "3/23/2016": [8.7, 0.0], "3/24/2016": [8.65, -0.005747126436781487], "3/25/2016": [8.65, 0.0], "3/28/2016": [8.6, -0.005780346820809331], "3/29/2016": [8.51, -0.010465116279069752], "3/30/2016": [8.46, -0.005875440658049229], "3/31/2016": [8.4, -0.007092198581560342], "4/1/2016": [7.98, -0.04999999999999999], "4/6/2016": [7.8, -0.022556390977443684], "4/7/2016": [7.7, -0.012820512820512775], "4/8/2016": [7.67, -0.003896103896103928], "4/11/2016": [7.3, -0.04823989569752283], "4/12/2016": [7.18, -0.016438356164383577], "4/13/2016": [7.0, -0.025069637883008318], "4/14/2016": [6.9, -0.014285714285714235], "4/15/2016": [6.8, -0.014492753623188482], "4/18/2016": [8.01, 0.17794117647058824], "4/19/2016": [8.39, 0.047440699126092487], "4/20/2016": [7.9, -0.058402860548271776], "4/21/2016": [7.7, -0.025316455696202552], "4/22/2016": [7.6, -0.012987012987013056], "4/25/2016": [7.45, -0.019736842105263087], "4/26/2016": [8.0, 0.07382550335570467], "4/27/2016": [7.9, -0.012499999999999956], "4/28/2016": [8.0, 0.01265822784810122], "4/29/2016": [8.0, 0.0], "5/3/2016": [7.75, -0.03125], "5/4/2016": [7.75, 0.0], "5/5/2016": [7.99, 0.0309677419354839], "5/6/2016": [8.0, 0.0012515644555694352], "5/9/2016": [8.0, 0.0], "5/10/2016": [7.75, -0.03125], "5/11/2016": [7.7, -0.006451612903225784], "5/12/2016": [7.7, 0.0], "5/13/2016": [7.7, 0.0], "5/16/2016": [7.7, 0.0], "5/17/2016": [7.7, 0.0], "5/18/2016": [7.6, -0.012987012987013056], "5/19/2016": [7.6, 0.0], "5/20/2016": [7.6, 0.0], "5/23/2016": [7.35, -0.03289473684210526], "5/24/2016": [7.3, -0.0068027210884353505], "5/25/2016": [7.4, 0.013698630136986375], "5/26/2016": [7.23, -0.022972972972972964], "5/27/2016": [7.24, 0.0013831258644536356], "5/30/2016": [7.35, 0.015193370165745778], "5/31/2016": [7.35, 0.0], "6/1/2016": [7.3, -0.0068027210884353505], "6/2/2016": [7.3, 0.0], "6/3/2016": [7.3, 0.0], "6/4/2016": [7.22, -0.010958904109589052], "6/6/2016": [7.22, 0.0], "6/7/2016": [7.05, -0.023545706371191126], "6/8/2016": [7.05, 0.0], "6/13/2016": [7.05, 0.0], "6/14/2016": [7.05, 0.0], "6/15/2016": [7.05, 0.0], "6/16/2016": [7.05, 0.0], "6/17/2016": [7.05, 0.0], "6/20/2016": [7.33, 0.039716312056737625], "6/21/2016": [7.33, 0.0], "6/22/2016": [7.33, 0.0], "6/23/2016": [7.33, 0.0], "6/24/2016": [7.33, 0.0], "6/27/2016": [7.2, -0.017735334242837637], "6/28/2016": [7.2, 0.0], "6/29/2016": [7.2, 0.0], "6/30/2016": [7.21, 0.0013888888888888592], "7/1/2016": [7.01, -0.02773925104022194], "7/4/2016": [7.01, 0.0], "7/5/2016": [7.01, 0.0], "7/6/2016": [7.0, -0.0014265335235377728], "7/7/2016": [7.0, 0.0], "7/11/2016": [7.0, 0.0], "7/12/2016": [7.0, 0.0], "7/13/2016": [7.05, 0.0071428571428571175], "7/14/2016": [7.05, 0.0], "7/15/2016": [7.05, 0.0], "7/18/2016": [7.2, 0.021276595744680903], "7/19/2016": [7.2, 0.0], "7/20/2016": [7.2, 0.0], "7/21/2016": [7.2, 0.0], "7/22/2016": [7.2, 0.0], "7/25/2016": [7.2, 0.0], "7/26/2016": [7.2, 0.0], "7/27/2016": [7.1, -0.013888888888888963], "7/28/2016": [7.2, 0.014084507042253596], "7/29/2016": [7.2, 0.0], "8/1/2016": [7.4, 0.0277777777777778], "8/2/2016": [7.4, 0.0], "8/3/2016": [7.4, 0.0], "8/4/2016": [7.4, 0.0], "8/5/2016": [7.4, 0.0], "8/8/2016": [7.37, -0.004054054054054087], "8/9/2016": [7.37, 0.0], "8/10/2016": [7.37, 0.0], "8/11/2016": [7.38, 0.001356852103120731], "8/12/2016": [7.37, -0.0013550135501354725], "8/15/2016": [7.37, 0.0], "8/16/2016": [7.37, 0.0], "8/17/2016": [7.05, -0.04341926729986435], "8/18/2016": [7.05, 0.0], "8/19/2016": [7.05, 0.0], "8/22/2016": [7.05, 0.0], "8/23/2016": [7.05, 0.0], "8/24/2016": [7.05, 0.0], "8/25/2016": [7.01, -0.0056737588652482325], "8/26/2016": [7.01, 0.0], "8/29/2016": [7.01, 0.0], "8/30/2016": [7.01, 0.0], "8/31/2016": [7.36, 0.04992867332382319], "9/1/2016": [6.8, -0.07608695652173919], "9/2/2016": [6.95, 0.022058823529411818], "9/5/2016": [6.95, 0.0], "9/6/2016": [6.96, 0.0014388489208632786], "9/7/2016": [6.63, -0.04741379310344829], "9/8/2016": [6.62, -0.0015082956259426527], "9/9/2016": [6.62, 0.0], "9/10/2016": [6.62, 0.0], "9/12/2016": [6.62, 0.0], "9/13/2016": [6.62, 0.0], "9/14/2016": [6.6, -0.0030211480362538463], "9/19/2016": [6.56, -0.006060606060606067], "9/20/2016": [6.37, -0.028963414634146267], "9/21/2016": [6.12, -0.03924646781789639], "9/22/2016": [6.01, -0.017973856209150377], "9/23/2016": [6.01, 0.0], "9/26/2016": [6.01, 0.0], "9/29/2016": [6.28, 0.04492512479201339], "9/30/2016": [6.28, 0.0], "10/3/2016": [6.28, 0.0], "10/4/2016": [6.28, 0.0], "10/5/2016": [6.28, 0.0], "10/6/2016": [6.28, 0.0], "10/7/2016": [6.28, 0.0], "10/11/2016": [6.0, -0.044585987261146535], "10/12/2016": [5.71, -0.04833333333333334], "10/13/2016": [5.6, -0.019264448336252245], "10/14/2016": [5.78, 0.03214285714285725], "10/17/2016": [5.78, 0.0], "10/18/2016": [6.0, 0.03806228373702418], "10/19/2016": [6.0, 0.0], "10/20/2016": [6.0, 0.0], "10/21/2016": [6.0, 0.0], "10/24/2016": [6.0, 0.0], "10/25/2016": [6.0, 0.0], "10/26/2016": [6.0, 0.0], "10/27/2016": [6.0, 0.0], "10/28/2016": [5.75, -0.041666666666666664], "10/31/2016": [5.75, 0.0], "11/1/2016": [6.0, 0.043478260869565216], "11/2/2016": [5.7, -0.04999999999999997], "11/3/2016": [5.7, 0.0], "11/4/2016": [5.5, -0.03508771929824565], "11/7/2016": [5.5, 0.0], "11/8/2016": [5.5, 0.0], "11/9/2016": [5.48, -0.0036363636363635587], "11/10/2016": [5.48, 0.0], "11/11/2016": [5.52, 0.007299270072992544], "11/14/2016": [5.52, 0.0], "11/15/2016": [5.52, 0.0], "11/16/2016": [5.52, 0.0], "11/17/2016": [5.5, -0.0036231884057970243], "11/18/2016": [5.5, 0.0], "11/21/2016": [5.6, 0.01818181818181812], "11/22/2016": [5.46, -0.024999999999999946], "11/23/2016": [5.47, 0.0018315018315017925], "11/24/2016": [5.49, 0.0036563071297989877], "11/25/2016": [5.24, -0.04553734061930783], "11/28/2016": [5.2, -0.007633587786259549], "11/29/2016": [5.2, 0.0], "11/30/2016": [5.0, -0.03846153846153849]}