{"1/4/2016": [162.0, ""], "1/5/2016": [158.0, -0.024691358024691357], "1/6/2016": [155.0, -0.0189873417721519], "1/7/2016": [152.5, -0.016129032258064516], "1/8/2016": [158.5, 0.03934426229508197], "1/11/2016": [166.0, 0.0473186119873817], "1/12/2016": [160.5, -0.03313253012048193], "1/13/2016": [162.0, 0.009345794392523364], "1/14/2016": [160.5, -0.009259259259259259], "1/15/2016": [158.0, -0.01557632398753894], "1/18/2016": [161.0, 0.0189873417721519], "1/19/2016": [164.0, 0.018633540372670808], "1/20/2016": [162.5, -0.009146341463414634], "1/21/2016": [163.0, 0.003076923076923077], "1/22/2016": [166.0, 0.018404907975460124], "1/25/2016": [176.0, 0.060240963855421686], "1/26/2016": [188.5, 0.07102272727272728], "1/27/2016": [181.0, -0.03978779840848806], "1/28/2016": [177.5, -0.019337016574585635], "1/29/2016": [177.0, -0.0028169014084507044], "1/30/2016": [175.5, -0.00847457627118644], "2/1/2016": [171.0, -0.02564102564102564], "2/2/2016": [173.0, 0.011695906432748537], "2/3/2016": [170.0, -0.017341040462427744], "2/15/2016": [167.0, -0.01764705882352941], "2/16/2016": [168.5, 0.008982035928143712], "2/17/2016": [173.5, 0.02967359050445104], "2/18/2016": [177.5, 0.023054755043227664], "2/19/2016": [179.5, 0.011267605633802818], "2/22/2016": [180.0, 0.002785515320334262], "2/23/2016": [180.5, 0.002777777777777778], "2/24/2016": [179.0, -0.008310249307479225], "2/25/2016": [178.0, -0.00558659217877095], "2/26/2016": [180.5, 0.014044943820224719], "3/1/2016": [179.5, -0.00554016620498615], "3/2/2016": [177.5, -0.011142061281337047], "3/3/2016": [172.0, -0.030985915492957747], "3/4/2016": [170.0, -0.011627906976744186], "3/7/2016": [166.0, -0.023529411764705882], "3/8/2016": [166.5, 0.0030120481927710845], "3/9/2016": [162.5, -0.024024024024024024], "3/10/2016": [165.5, 0.018461538461538463], "3/11/2016": [165.5, 0.0], "3/14/2016": [166.0, 0.0030211480362537764], "3/15/2016": [162.5, -0.02108433734939759], "3/16/2016": [165.0, 0.015384615384615385], "3/17/2016": [163.0, -0.012121212121212121], "3/18/2016": [167.0, 0.024539877300613498], "3/21/2016": [163.0, -0.023952095808383235], "3/22/2016": [162.0, -0.006134969325153374], "3/23/2016": [163.0, 0.006172839506172839], "3/24/2016": [161.0, -0.012269938650306749], "3/25/2016": [159.5, -0.009316770186335404], "3/28/2016": [156.0, -0.0219435736677116], "3/29/2016": [157.0, 0.00641025641025641], "3/30/2016": [166.0, 0.05732484076433121], "3/31/2016": [169.0, 0.018072289156626505], "4/1/2016": [172.0, 0.01775147928994083], "4/6/2016": [174.5, 0.014534883720930232], "4/7/2016": [170.5, -0.022922636103151862], "4/8/2016": [183.5, 0.07624633431085044], "4/11/2016": [179.0, -0.02452316076294278], "4/12/2016": [181.0, 0.0111731843575419], "4/13/2016": [185.0, 0.022099447513812154], "4/14/2016": [190.0, 0.02702702702702703], "4/15/2016": [190.0, 0.0], "4/18/2016": [186.0, -0.021052631578947368], "4/19/2016": [183.0, -0.016129032258064516], "4/20/2016": [186.5, 0.01912568306010929], "4/21/2016": [190.0, 0.01876675603217158], "4/22/2016": [189.0, -0.005263157894736842], "4/25/2016": [183.0, -0.031746031746031744], "4/26/2016": [180.0, -0.01639344262295082], "4/27/2016": [178.5, -0.008333333333333333], "4/28/2016": [177.0, -0.008403361344537815], "4/29/2016": [174.5, -0.014124293785310734], "5/3/2016": [173.5, -0.0057306590257879654], "5/4/2016": [173.5, 0.0], "5/5/2016": [176.0, 0.01440922190201729], "5/6/2016": [175.0, -0.005681818181818182], "5/9/2016": [171.0, -0.022857142857142857], "5/10/2016": [180.0, 0.05263157894736842], "5/11/2016": [180.0, 0.0], "5/12/2016": [178.0, -0.011111111111111112], "5/13/2016": [178.0, 0.0], "5/16/2016": [172.5, -0.03089887640449438], "5/17/2016": [174.0, 0.008695652173913044], "5/18/2016": [173.5, -0.0028735632183908046], "5/19/2016": [172.0, -0.008645533141210375], "5/20/2016": [170.0, -0.011627906976744186], "5/23/2016": [175.5, 0.03235294117647059], "5/24/2016": [176.5, 0.005698005698005698], "5/25/2016": [176.5, 0.0], "5/26/2016": [180.0, 0.019830028328611898], "5/27/2016": [180.0, 0.0], "5/30/2016": [181.5, 0.008333333333333333], "5/31/2016": [179.0, -0.013774104683195593], "6/1/2016": [179.0, 0.0], "6/2/2016": [184.5, 0.030726256983240222], "6/3/2016": [179.0, -0.02981029810298103], "6/4/2016": [177.0, -0.0111731843575419], "6/6/2016": [176.5, -0.002824858757062147], "6/7/2016": [178.0, 0.0084985835694051], "6/8/2016": [174.5, -0.019662921348314606], "6/13/2016": [165.5, -0.05157593123209169], "6/14/2016": [164.0, -0.00906344410876133], "6/15/2016": [165.5, 0.009146341463414634], "6/16/2016": [165.0, -0.0030211480362537764], "6/17/2016": [164.5, -0.0030303030303030303], "6/20/2016": [165.0, 0.00303951367781155], "6/21/2016": [165.5, 0.0030303030303030303], "6/22/2016": [164.0, -0.00906344410876133], "6/23/2016": [162.5, -0.009146341463414634], "6/24/2016": [158.5, -0.024615384615384615], "6/27/2016": [160.5, 0.012618296529968454], "6/28/2016": [162.5, 0.012461059190031152], "6/29/2016": [162.0, -0.003076923076923077], "6/30/2016": [163.5, 0.009259259259259259], "7/1/2016": [165.5, 0.012232415902140673], "7/4/2016": [165.5, 0.0], "7/5/2016": [167.0, 0.00906344410876133], "7/6/2016": [165.0, -0.011976047904191617], "7/7/2016": [170.5, 0.03333333333333333], "7/11/2016": [168.0, -0.01466275659824047], "7/12/2016": [168.5, 0.002976190476190476], "7/13/2016": [166.0, -0.01483679525222552], "7/14/2016": [164.5, -0.009036144578313253], "7/15/2016": [164.0, -0.00303951367781155], "7/18/2016": [165.5, 0.009146341463414634], "7/19/2016": [166.0, 0.0030211480362537764], "7/20/2016": [167.0, 0.006024096385542169], "7/21/2016": [166.5, -0.0029940119760479044], "7/22/2016": [167.0, 0.003003003003003003], "7/25/2016": [169.5, 0.014970059880239521], "7/26/2016": [168.0, -0.008849557522123894], "7/27/2016": [171.5, 0.020833333333333332], "7/28/2016": [171.0, -0.0029154518950437317], "7/29/2016": [172.5, 0.008771929824561403], "8/1/2016": [172.0, -0.002898550724637681], "8/2/2016": [170.0, -0.011627906976744186], "8/3/2016": [167.5, -0.014705882352941176], "8/4/2016": [180.5, 0.07761194029850746], "8/5/2016": [182.0, 0.008310249307479225], "8/8/2016": [181.5, -0.0027472527472527475], "8/9/2016": [182.0, 0.0027548209366391185], "8/10/2016": [185.5, 0.019230769230769232], "8/11/2016": [181.5, -0.0215633423180593], "8/12/2016": [180.0, -0.008264462809917356], "8/15/2016": [183.0, 0.016666666666666666], "8/16/2016": [189.0, 0.03278688524590164], "8/17/2016": [190.0, 0.005291005291005291], "8/18/2016": [193.5, 0.018421052631578946], "8/19/2016": [189.0, -0.023255813953488372], "8/22/2016": [186.5, -0.013227513227513227], "8/23/2016": [193.0, 0.03485254691689008], "8/24/2016": [189.5, -0.018134715025906734], "8/25/2016": [188.5, -0.005277044854881266], "8/26/2016": [189.5, 0.005305039787798408], "8/29/2016": [192.0, 0.013192612137203167], "8/30/2016": [195.5, 0.018229166666666668], "8/31/2016": [190.5, -0.02557544757033248], "9/1/2016": [188.0, -0.013123359580052493], "9/2/2016": [184.5, -0.018617021276595744], "9/5/2016": [189.0, 0.024390243902439025], "9/6/2016": [194.0, 0.026455026455026454], "9/7/2016": [213.0, 0.0979381443298969], "9/8/2016": [207.5, -0.025821596244131457], "9/9/2016": [210.0, 0.012048192771084338], "9/10/2016": [200.0, -0.047619047619047616], "9/12/2016": [197.0, -0.015], "9/13/2016": [201.0, 0.02030456852791878], "9/14/2016": [201.5, 0.0024875621890547263], "9/19/2016": [208.0, 0.03225806451612903], "9/20/2016": [206.0, -0.009615384615384616], "9/21/2016": [212.0, 0.02912621359223301], "9/22/2016": [220.0, 0.03773584905660377], "9/23/2016": [215.5, -0.020454545454545454], "9/26/2016": [208.5, -0.03248259860788863], "9/29/2016": [210.5, 0.009592326139088728], "9/30/2016": [207.0, -0.0166270783847981], "10/3/2016": [207.5, 0.0024154589371980675], "10/4/2016": [208.5, 0.004819277108433735], "10/5/2016": [204.0, -0.02158273381294964], "10/6/2016": [204.5, 0.0024509803921568627], "10/7/2016": [204.0, -0.0024449877750611247], "10/11/2016": [206.0, 0.00980392156862745],