{"1/4/2016": [38.01, ""], "1/5/2016": [38.2, 0.0049986845566957335], "1/6/2016": [38.5, 0.007853403141361182], "1/7/2016": [38.0, -0.012987012987012988], "1/8/2016": [37.0, -0.02631578947368421], "1/11/2016": [36.2, -0.021621621621621546], "1/12/2016": [34.58, -0.04475138121546973], "1/13/2016": [35.31, 0.021110468478889647], "1/14/2016": [35.0, -0.008779382611158376], "1/15/2016": [34.8, -0.005714285714285796], "1/18/2016": [35.39, 0.016954022988505846], "1/19/2016": [35.39, 0.0], "1/20/2016": [35.0, -0.011020062164453252], "1/21/2016": [34.9, -0.002857142857142898], "1/22/2016": [35.0, 0.0028653295128940235], "1/25/2016": [36.0, 0.02857142857142857], "1/26/2016": [35.5, -0.013888888888888888], "1/27/2016": [34.86, -0.018028169014084522], "1/28/2016": [35.0, 0.0040160642570281286], "1/29/2016": [35.5, 0.014285714285714285], "1/30/2016": [35.5, 0.0], "2/1/2016": [34.82, -0.019154929577464782], "2/2/2016": [35.05, 0.006605399195864356], "2/3/2016": [35.1, 0.0014265335235379248], "2/15/2016": [36.29, 0.033903133903133834], "2/16/2016": [35.09, -0.033066960595205176], "2/17/2016": [35.0, -0.0025648332858365175], "2/18/2016": [37.0, 0.05714285714285714], "2/19/2016": [37.89, 0.02405405405405407], "2/22/2016": [38.95, 0.027975719187120673], "2/23/2016": [38.1, -0.021822849807445477], "2/24/2016": [38.0, -0.002624671916010536], "2/25/2016": [38.2, 0.005263157894736917], "2/26/2016": [38.5, 0.007853403141361182], "3/1/2016": [38.3, -0.0051948051948052685], "3/2/2016": [38.3, 0.0], "3/3/2016": [38.99, 0.018015665796344775], "3/4/2016": [38.49, -0.012823800974608873], "3/7/2016": [37.5, -0.025720966484801298], "3/8/2016": [37.05, -0.012000000000000077], "3/9/2016": [37.05, 0.0], "3/10/2016": [39.0, 0.0526315789473685], "3/11/2016": [39.2, 0.005128205128205201], "3/14/2016": [39.5, 0.007653061224489723], "3/15/2016": [39.0, -0.012658227848101266], "3/16/2016": [39.2, 0.005128205128205201], "3/17/2016": [38.9, -0.007653061224489904], "3/18/2016": [39.5, 0.015424164524421632], "3/21/2016": [38.6, -0.022784810126582244], "3/22/2016": [39.0, 0.010362694300518097], "3/23/2016": [39.0, 0.0], "3/24/2016": [39.0, 0.0], "3/25/2016": [39.15, 0.0038461538461538095], "3/28/2016": [39.5, 0.008939974457215873], "3/29/2016": [40.99, 0.03772151898734182], "3/30/2016": [40.75, -0.005855086606489436], "3/31/2016": [40.35, -0.009815950920245365], "4/1/2016": [40.84, 0.012143742255266468], "4/6/2016": [40.3, -0.013222331047992317], "4/7/2016": [38.0, -0.057071960297766684], "4/8/2016": [38.24, 0.006315789473684263], "4/11/2016": [37.0, -0.032426778242677874], "4/12/2016": [37.49, 0.013243243243243297], "4/13/2016": [38.0, 0.013603627634035689], "4/14/2016": [38.7, 0.018421052631579022], "4/15/2016": [38.94, 0.006201550387596766], "4/18/2016": [38.48, -0.011813045711350818], "4/19/2016": [38.8, 0.008316008316008323], "4/20/2016": [38.6, -0.005154639175257623], "4/21/2016": [38.0, -0.015544041450777238], "4/22/2016": [38.7, 0.018421052631579022], "4/25/2016": [38.7, 0.0], "4/26/2016": [38.7, 0.0], "4/27/2016": [38.7, 0.0], "4/28/2016": [38.7, 0.0], "4/29/2016": [37.85, -0.02196382428940572], "5/3/2016": [37.0, -0.02245706737120215], "5/4/2016": [38.0, 0.02702702702702703], "5/5/2016": [37.99, -0.00026315789473678973], "5/6/2016": [37.99, 0.0], "5/9/2016": [38.0, 0.0002632271650433801], "5/10/2016": [38.0, 0.0], "5/11/2016": [38.0, 0.0], "5/12/2016": [38.0, 0.0], "5/13/2016": [37.8, -0.005263157894736917], "5/16/2016": [37.93, 0.003439153439153507], "5/17/2016": [37.5, -0.011336672818349583], "5/18/2016": [37.65, 0.003999999999999962], "5/19/2016": [38.0, 0.009296148738379853], "5/20/2016": [38.0, 0.0], "5/23/2016": [38.5, 0.013157894736842105], "5/24/2016": [38.5, 0.0], "5/25/2016": [38.2, -0.0077922077922077185], "5/26/2016": [38.0, -0.005235602094240912], "5/27/2016": [38.0, 0.0], "5/30/2016": [38.0, 0.0], "5/31/2016": [38.0, 0.0], "6/1/2016": [38.49, 0.012894736842105315], "6/2/2016": [38.16, -0.008573655494933888], "6/3/2016": [38.65, 0.012840670859538838], "6/4/2016": [38.4, -0.00646830530401035], "6/6/2016": [39.0, 0.015625000000000038], "6/7/2016": [37.8, -0.030769230769230844], "6/8/2016": [38.4, 0.01587301587301591], "6/13/2016": [38.4, 0.0], "6/14/2016": [38.5, 0.002604166666666704], "6/15/2016": [37.7, -0.020779220779220706], "6/16/2016": [37.2, -0.01326259946949602], "6/17/2016": [37.2, 0.0], "6/20/2016": [38.2, 0.026881720430107524], "6/21/2016": [38.2, 0.0], "6/22/2016": [38.5, 0.007853403141361182], "6/23/2016": [38.5, 0.0], "6/24/2016": [38.2, -0.0077922077922077185], "6/27/2016": [38.0, -0.005235602094240912], "6/28/2016": [38.5, 0.013157894736842105], "6/29/2016": [38.7, 0.0051948051948052685], "6/30/2016": [37.2, -0.03875968992248062], "7/1/2016": [37.01, -0.00510752688172056], "7/4/2016": [37.59, 0.015671440151310605], "7/5/2016": [37.01, -0.015429635541367528], "7/6/2016": [37.59, 0.015671440151310605], "7/7/2016": [37.5, -0.0023942537909019262], "7/11/2016": [37.5, 0.0], "7/12/2016": [37.99, 0.01306666666666672], "7/13/2016": [37.6, -0.010265859436693881], "7/14/2016": [37.5, -0.002659574468085144], "7/15/2016": [39.15, 0.04399999999999996], "7/18/2016": [37.51, -0.04189016602809708], "7/19/2016": [37.51, 0.0], "7/20/2016": [37.8, 0.007731271660890407], "7/21/2016": [37.71, -0.0023809523809522836], "7/22/2016": [37.71, 0.0], "7/25/2016": [37.7, -0.00026518164942980667], "7/26/2016": [38.0, 0.007957559681697536], "7/27/2016": [38.0, 0.0], "7/28/2016": [38.0, 0.0], "7/29/2016": [38.99, 0.02605263157894742], "8/1/2016": [38.8, -0.004873044370351496], "8/2/2016": [40.0, 0.030927835051546466], "8/3/2016": [39.83, -0.004250000000000043], "8/4/2016": [39.83, 0.0], "8/5/2016": [39.5, -0.008285212151644447], "8/8/2016": [39.5, 0.0], "8/9/2016": [38.21, -0.03265822784810125], "8/10/2016": [39.17, 0.025124313007066235], "8/11/2016": [39.17, 0.0], "8/12/2016": [39.17, 0.0], "8/15/2016": [39.4, 0.005871840694408907], "8/16/2016": [39.4, 0.0], "8/17/2016": [39.4, 0.0], "8/18/2016": [39.5, 0.002538071065989884], "8/19/2016": [39.28, -0.005569620253164528], "8/22/2016": [39.4, 0.003054989816700546], "8/23/2016": [39.0, -0.010152284263959355], "8/24/2016": [39.28, 0.007179487179487209], "8/25/2016": [39.28, 0.0], "8/26/2016": [39.21, -0.0017820773930753637], "8/29/2016": [39.2, -0.00025503698036210176], "8/30/2016": [38.8, -0.010204081632653206], "8/31/2016": [38.8, 0.0], "9/1/2016": [38.8, 0.0], "9/2/2016": [38.8, 0.0], "9/5/2016": [39.45, 0.016752577319587778], "9/6/2016": [39.01, -0.011153358681875914], "9/7/2016": [38.0, -0.025890797231479058], "9/8/2016": [38.5, 0.013157894736842105], "9/9/2016": [38.05, -0.011688311688311762], "9/10/2016": [38.34, 0.007621550591327366], "9/12/2016": [38.34, 0.0], "9/13/2016": [38.34, 0.0], "9/14/2016": [38.34, 0.0], "9/19/2016": [38.3, -0.0010432968179448683], "9/20/2016": [38.5, 0.005221932114882581], "9/21/2016": [38.5, 0.0], "9/22/2016": [38.35, -0.0038961038961038592], "9/23/2016": [38.35, 0.0], "9/26/2016": [38.35, 0.0], "9/29/2016": [38.35, 0.0], "9/30/2016": [38.35, 0.0], "10/3/2016": [38.39, 0.0010430247718383088], "10/4/2016": [38.6, 0.005470174524615808], "10/5/2016": [38.6, 0.0], "10/6/2016": [38.7, 0.00259067357512957], "10/7/2016": [38.7, 0.0], "10/11/2016": [38.4, -0.007751937984496233], "10/12/2016": [38.4, 0.0], "10/13/2016": [38.4, 0.0], "10/14/2016": [38.4, 0.0], "10/17/2016": [38.05, -0.00911458333333337], "10/18/2016": [38.05, 0.0], "10/19/2016": [38.05, 0.0], "10/20/2016": [38.05, 0.0], "10/21/2016": [38.05, 0.0], "10/24/2016": [38.2, 0.003942181340341805], "10/25/2016": [38.2, 0.0], "10/26/2016": [38.0, -0.005235602094240912], "10/27/2016": [38.2, 0.005263157894736917], "10/28/2016": [38.0, -0.005235602094240912], "10/31/2016": [38.0, 0.0], "11/1/2016": [38.0, 0.0], "11/2/2016": [37.7, -0.007894736842105189], "11/3/2016": [37.7, 0.0], "11/4/2016": [38.09, 0.01034482758620691], "11/7/2016": [38.0, -0.0023628248884222476], "11/8/2016": [38.0, 0.0], "11/9/2016": [38.0, 0.0], "11/10/2016": [38.0, 0.0],