{"1/4/2016": [28.7, ""], "1/5/2016": [27.9, -0.027874564459930338], "1/6/2016": [25.8, -0.07526881720430101], "1/7/2016": [24.95, -0.03294573643410858], "1/8/2016": [25.05, 0.004008016032064185], "1/11/2016": [24.35, -0.027944111776447077], "1/12/2016": [22.8, -0.06365503080082138], "1/13/2016": [23.25, 0.019736842105263126], "1/14/2016": [22.75, -0.021505376344086023], "1/15/2016": [22.75, 0.0], "1/18/2016": [23.85, 0.048351648351648416], "1/19/2016": [24.25, 0.016771488469601616], "1/20/2016": [23.0, -0.05154639175257732], "1/21/2016": [22.9, -0.004347826086956583], "1/22/2016": [22.9, 0.0], "1/25/2016": [23.3, 0.017467248908297036], "1/26/2016": [22.9, -0.017167381974249017], "1/27/2016": [23.1, 0.008733624454148596], "1/28/2016": [23.5, 0.017316017316017254], "1/29/2016": [24.0, 0.02127659574468085], "1/30/2016": [24.4, 0.016666666666666607], "2/1/2016": [23.8, -0.024590163934426142], "2/2/2016": [24.0, 0.008403361344537785], "2/3/2016": [23.2, -0.03333333333333336], "2/15/2016": [25.5, 0.09913793103448279], "2/16/2016": [28.05, 0.10000000000000003], "2/17/2016": [29.65, 0.057040998217468726], "2/18/2016": [29.7, 0.0016863406408094675], "2/19/2016": [32.45, 0.09259259259259271], "2/22/2016": [34.9, 0.07550077041602452], "2/23/2016": [33.95, -0.027220630372492716], "2/24/2016": [31.2, -0.08100147275405017], "2/25/2016": [31.6, 0.01282051282051289], "2/26/2016": [31.6, 0.0], "3/1/2016": [32.5, 0.028481012658227802], "3/2/2016": [31.7, -0.024615384615384636], "3/3/2016": [30.85, -0.0268138801261829], "3/4/2016": [31.05, 0.006482982171799004], "3/7/2016": [32.6, 0.04991948470209342], "3/8/2016": [31.5, -0.0337423312883436], "3/9/2016": [32.0, 0.015873015873015872], "3/10/2016": [31.2, -0.025000000000000022], "3/11/2016": [31.2, 0.0], "3/14/2016": [31.5, 0.009615384615384638], "3/15/2016": [29.9, -0.05079365079365084], "3/16/2016": [30.3, 0.013377926421404755], "3/17/2016": [28.7, -0.05280528052805285], "3/18/2016": [28.8, 0.0034843205574913386], "3/21/2016": [28.8, 0.0], "3/22/2016": [29.05, 0.008680555555555556], "3/23/2016": [28.65, -0.013769363166953602], "3/24/2016": [29.0, 0.012216404886562005], "3/25/2016": [28.8, -0.006896551724137907], "3/28/2016": [28.8, 0.0], "3/29/2016": [26.55, -0.078125], "3/30/2016": [26.6, 0.0018832391713747914], "3/31/2016": [26.75, 0.005639097744360848], "4/1/2016": [29.4, 0.09906542056074762], "4/6/2016": [31.35, 0.066326530612245], "4/7/2016": [33.0, 0.052631578947368376], "4/8/2016": [32.0, -0.030303030303030304], "4/11/2016": [31.15, -0.026562500000000044], "4/12/2016": [31.65, 0.01605136436597111], "4/13/2016": [32.3, 0.020537124802527604], "4/14/2016": [32.5, 0.006191950464396374], "4/15/2016": [32.2, -0.009230769230769143], "4/18/2016": [31.2, -0.03105590062111812], "4/19/2016": [31.3, 0.0032051282051282506], "4/20/2016": [30.85, -0.014376996805111798], "4/21/2016": [31.0, 0.004862236628849224], "4/22/2016": [33.05, 0.06612903225806442], "4/25/2016": [29.75, -0.09984871406959145], "4/26/2016": [29.7, -0.001680672268907587], "4/27/2016": [29.4, -0.010101010101010124], "4/28/2016": [28.3, -0.03741496598639449], "4/29/2016": [26.4, -0.06713780918727923], "5/3/2016": [25.8, -0.022727272727272648], "5/4/2016": [26.15, 0.013565891472868134], "5/5/2016": [27.15, 0.03824091778202677], "5/6/2016": [26.8, -0.012891344383057012], "5/9/2016": [25.3, -0.055970149253731345], "5/10/2016": [25.15, -0.005928853754940795], "5/11/2016": [24.75, -0.01590457256461227], "5/12/2016": [24.55, -0.008080808080808051], "5/13/2016": [23.35, -0.04887983706720975], "5/16/2016": [23.3, -0.002141327623126369], "5/17/2016": [23.7, 0.017167381974248865], "5/18/2016": [23.9, 0.008438818565400814], "5/19/2016": [24.25, 0.014644351464435207], "5/20/2016": [24.45, 0.008247422680412342], "5/23/2016": [25.4, 0.038854805725971345], "5/24/2016": [25.45, 0.001968503937007902], "5/25/2016": [25.1, -0.013752455795677717], "5/26/2016": [25.85, 0.0298804780876494], "5/27/2016": [26.8, 0.03675048355899417], "5/30/2016": [26.6, -0.007462686567164152], "5/31/2016": [26.7, 0.003759398496240521], "6/1/2016": [26.6, -0.0037453183520598453], "6/2/2016": [25.35, -0.046992481203007516], "6/3/2016": [25.15, -0.007889546351084924], "6/4/2016": [25.55, 0.01590457256461241], "6/6/2016": [28.1, 0.09980430528375736], "6/7/2016": [28.7, 0.02135231316725971], "6/8/2016": [27.75, -0.033101045296167225], "6/13/2016": [27.1, -0.02342342342342337], "6/14/2016": [27.0, -0.003690036900369056], "6/15/2016": [28.75, 0.06481481481481481], "6/16/2016": [27.8, -0.03304347826086954], "6/17/2016": [27.7, -0.0035971223021583243], "6/20/2016": [28.1, 0.014440433212996467], "6/21/2016": [29.2, 0.03914590747330953], "6/22/2016": [29.5, 0.010273972602739751], "6/23/2016": [30.2, 0.02372881355932201], "6/24/2016": [27.65, -0.08443708609271526], "6/27/2016": [27.3, -0.01265822784810119], "6/28/2016": [27.7, 0.0146520146520146], "6/29/2016": [27.9, 0.007220216606498169], "6/30/2016": [28.2, 0.010752688172043038], "7/1/2016": [28.05, -0.005319148936170162], "7/4/2016": [27.75, -0.010695187165775426], "7/5/2016": [27.75, 0.0], "7/6/2016": [27.45, -0.010810810810810836], "7/7/2016": [27.0, -0.016393442622950793], "7/11/2016": [25.7, -0.048148148148148176], "7/12/2016": [26.0, 0.01167315175097279], "7/13/2016": [25.65, -0.013461538461538516], "7/14/2016": [25.85, 0.0077972709551658035], "7/15/2016": [25.9, 0.0019342359767890581], "7/18/2016": [26.25, 0.01351351351351357], "7/19/2016": [26.0, -0.009523809523809525], "7/20/2016": [27.1, 0.042307692307692366], "7/21/2016": [26.6, -0.01845018450184502], "7/22/2016": [26.3, -0.01127819548872183], "7/25/2016": [25.65, -0.024714828897338482], "7/26/2016": [25.8, 0.005847953216374353], "7/27/2016": [25.8, 0.0], "7/28/2016": [25.5, -0.011627906976744214], "7/29/2016": [25.2, -0.011764705882352969], "8/1/2016": [25.55, 0.013888888888888945], "8/2/2016": [25.3, -0.009784735812133072], "8/3/2016": [26.2, 0.03557312252964421], "8/4/2016": [26.0, -0.007633587786259515], "8/5/2016": [25.8, -0.007692307692307665], "8/8/2016": [25.5, -0.011627906976744214], "8/9/2016": [25.05, -0.017647058823529384], "8/10/2016": [24.4, -0.025948103792415255], "8/11/2016": [23.65, -0.03073770491803279], "8/12/2016": [23.75, 0.004228329809725219], "8/15/2016": [22.5, -0.05263157894736842], "8/16/2016": [22.3, -0.008888888888888858], "8/17/2016": [22.2, -0.004484304932735489], "8/18/2016": [22.05, -0.006756756756756693], "8/19/2016": [22.35, 0.01360544217687078], "8/22/2016": [22.1, -0.011185682326621923], "8/23/2016": [22.15, 0.0022624434389138985], "8/24/2016": [22.1, -0.002257336343114996], "8/25/2016": [22.1, 0.0], "8/26/2016": [22.3, 0.009049773755656076], "8/29/2016": [23.1, 0.03587443946188344], "8/30/2016": [22.8, -0.012987012987013017], "8/31/2016": [23.5, 0.03070175438596488], "9/1/2016": [22.85, -0.027659574468085046], "9/2/2016": [22.7, -0.006564551422319567], "9/5/2016": [22.35, -0.015418502202643078], "9/6/2016": [22.55, 0.008948545861297506], "9/7/2016": [22.3, -0.011086474501108647], "9/8/2016": [22.45, 0.006726457399103075], "9/9/2016": [22.3, -0.006681514476614636], "9/10/2016": [22.45, 0.006726457399103075], "9/12/2016": [22.0, -0.020044543429844068], "9/13/2016": [22.25, 0.011363636363636364], "9/14/2016": [21.9, -0.01573033707865175], "9/19/2016": [22.2, 0.013698630136986335], "9/20/2016": [22.05, -0.006756756756756693], "9/21/2016": [22.1, 0.002267573696145157], "9/22/2016": [22.7, 0.027149321266968226], "9/23/2016": [23.25, 0.024229074889867874], "9/26/2016": [22.9, -0.015053763440860277], "9/29/2016": [22.85, -0.0021834061135369938], "9/30/2016": [22.85, 0.0], "10/3/2016": [23.0, 0.006564551422319412], "10/4/2016": [22.85, -0.006521739130434721], "10/5/2016": [22.8, -0.002188183807439856], "10/6/2016": [22.75, -0.002192982456140382], "10/7/2016": [22.85, 0.004395604395604458], "10/11/2016": [21.55, -0.05689277899343548], "10/12/2016": [21.1, -0.02088167053364266], "10/13/2016": [20.5, -0.028436018957346036], "10/14/2016": [18.5, -0.0975609756097561],