{"1/4/2016": [708.0, ""], "1/5/2016": [690.0, -0.025423728813559324], "1/6/2016": [669.0, -0.030434782608695653], "1/7/2016": [646.0, -0.0343796711509716], "1/8/2016": [676.0, 0.04643962848297214], "1/11/2016": [645.0, -0.04585798816568047], "1/12/2016": [598.0, -0.07286821705426356], "1/13/2016": [623.0, 0.04180602006688963], "1/14/2016": [619.0, -0.006420545746388443], "1/15/2016": [639.0, 0.03231017770597738], "1/18/2016": [670.0, 0.048513302034428794], "1/19/2016": [662.0, -0.011940298507462687], "1/20/2016": [647.0, -0.022658610271903322], "1/21/2016": [642.0, -0.0077279752704791345], "1/22/2016": [635.0, -0.010903426791277258], "1/25/2016": [655.0, 0.031496062992125984], "1/26/2016": [657.0, 0.0030534351145038168], "1/27/2016": [655.0, -0.0030441400304414], "1/28/2016": [663.0, 0.012213740458015267], "1/29/2016": [670.0, 0.010558069381598794], "1/30/2016": [684.0, 0.020895522388059702], "2/1/2016": [675.0, -0.013157894736842105], "2/2/2016": [668.0, -0.01037037037037037], "2/3/2016": [659.0, -0.01347305389221557], "2/15/2016": [643.0, -0.024279210925644917], "2/16/2016": [664.0, 0.03265940902021773], "2/17/2016": [661.0, -0.004518072289156626], "2/18/2016": [662.0, 0.0015128593040847202], "2/19/2016": [675.0, 0.019637462235649546], "2/22/2016": [669.0, -0.008888888888888889], "2/23/2016": [659.0, -0.014947683109118086], "2/24/2016": [629.0, -0.04552352048558422], "2/25/2016": [609.0, -0.03179650238473768], "2/26/2016": [613.0, 0.006568144499178982], "3/1/2016": [612.0, -0.0016313213703099511], "3/2/2016": [618.0, 0.00980392156862745], "3/3/2016": [606.0, -0.019417475728155338], "3/4/2016": [605.0, -0.0016501650165016502], "3/7/2016": [591.0, -0.023140495867768594], "3/8/2016": [601.0, 0.01692047377326565], "3/9/2016": [598.0, -0.004991680532445923], "3/10/2016": [588.0, -0.016722408026755852], "3/11/2016": [593.0, 0.008503401360544218], "3/14/2016": [607.0, 0.023608768971332208], "3/15/2016": [597.0, -0.016474464579901153], "3/16/2016": [608.0, 0.018425460636515914], "3/17/2016": [602.0, -0.009868421052631578], "3/18/2016": [601.0, -0.0016611295681063123], "3/21/2016": [616.0, 0.024958402662229616], "3/22/2016": [618.0, 0.003246753246753247], "3/23/2016": [601.0, -0.02750809061488673], "3/24/2016": [602.0, 0.0016638935108153079], "3/25/2016": [593.0, -0.014950166112956811], "3/28/2016": [557.0, -0.06070826306913996], "3/29/2016": [549.0, -0.01436265709156194], "3/30/2016": [555.0, 0.01092896174863388], "3/31/2016": [557.0, 0.0036036036036036037], "4/1/2016": [553.0, -0.00718132854578097], "4/6/2016": [520.0, -0.059674502712477394], "4/7/2016": [527.0, 0.013461538461538462], "4/8/2016": [523.0, -0.007590132827324478], "4/11/2016": [524.0, 0.0019120458891013384], "4/12/2016": [501.0, -0.04389312977099236], "4/13/2016": [546.0, 0.08982035928143713], "4/14/2016": [544.0, -0.003663003663003663], "4/15/2016": [546.0, 0.003676470588235294], "4/18/2016": [542.0, -0.007326007326007326], "4/19/2016": [551.0, 0.016605166051660517], "4/20/2016": [539.0, -0.021778584392014518], "4/21/2016": [538.0, -0.0018552875695732839], "4/22/2016": [520.0, -0.03345724907063197], "4/25/2016": [528.0, 0.015384615384615385], "4/26/2016": [547.0, 0.03598484848484849], "4/27/2016": [540.0, -0.012797074954296161], "4/28/2016": [541.0, 0.001851851851851852], "4/29/2016": [538.0, -0.005545286506469501], "5/3/2016": [536.0, -0.0037174721189591076], "5/4/2016": [540.0, 0.007462686567164179], "5/5/2016": [558.0, 0.03333333333333333], "5/6/2016": [554.0, -0.007168458781362007], "5/9/2016": [538.0, -0.02888086642599278], "5/10/2016": [522.0, -0.02973977695167286], "5/11/2016": [522.0, 0.0], "5/12/2016": [506.0, -0.03065134099616858], "5/13/2016": [521.0, 0.029644268774703556], "5/16/2016": [520.0, -0.0019193857965451055], "5/17/2016": [544.0, 0.046153846153846156], "5/18/2016": [527.0, -0.03125], "5/19/2016": [516.0, -0.020872865275142316], "5/20/2016": [511.0, -0.009689922480620155], "5/23/2016": [526.0, 0.029354207436399216], "5/24/2016": [535.0, 0.017110266159695818], "5/25/2016": [540.0, 0.009345794392523364], "5/26/2016": [545.0, 0.009259259259259259], "5/27/2016": [545.0, 0.0], "5/30/2016": [551.0, 0.011009174311926606], "5/31/2016": [555.0, 0.007259528130671506], "6/1/2016": [541.0, -0.025225225225225224], "6/2/2016": [509.0, -0.059149722735674676], "6/3/2016": [501.0, -0.015717092337917484], "6/4/2016": [506.0, 0.00998003992015968], "6/6/2016": [475.0, -0.06126482213438735], "6/7/2016": [483.0, 0.016842105263157894], "6/8/2016": [474.0, -0.018633540372670808], "6/13/2016": [449.0, -0.052742616033755275], "6/14/2016": [459.5, 0.02338530066815145], "6/15/2016": [483.5, 0.05223068552774755], "6/16/2016": [473.0, -0.02171664943123061], "6/17/2016": [475.0, 0.004228329809725159], "6/20/2016": [484.5, 0.02], "6/21/2016": [487.0, 0.005159958720330237], "6/22/2016": [492.5, 0.011293634496919919], "6/23/2016": [493.0, 0.0010152284263959391], "6/24/2016": [475.0, -0.036511156186612576], "6/27/2016": [484.5, 0.02], "6/28/2016": [494.0, 0.0196078431372549], "6/29/2016": [491.0, -0.006072874493927126], "6/30/2016": [495.5, 0.009164969450101833], "7/1/2016": [493.0, -0.005045408678102927], "7/4/2016": [493.5, 0.0010141987829614604], "7/5/2016": [495.0, 0.00303951367781155], "7/6/2016": [497.0, 0.00404040404040404], "7/7/2016": [497.0, 0.0], "7/11/2016": [498.0, 0.002012072434607646], "7/12/2016": [502.0, 0.008032128514056224], "7/13/2016": [505.0, 0.00597609561752988], "7/14/2016": [507.0, 0.0039603960396039604], "7/15/2016": [492.0, -0.029585798816568046], "7/18/2016": [498.0, 0.012195121951219513], "7/19/2016": [492.5, -0.01104417670682731], "7/20/2016": [477.0, -0.03147208121827411], "7/21/2016": [470.5, -0.013626834381551363], "7/22/2016": [470.5, 0.0], "7/25/2016": [460.0, -0.022316684378320937], "7/26/2016": [459.0, -0.002173913043478261], "7/27/2016": [462.0, 0.006535947712418301], "7/28/2016": [455.0, -0.015151515151515152], "7/29/2016": [458.0, 0.006593406593406593], "8/1/2016": [464.0, 0.013100436681222707], "8/2/2016": [461.0, -0.00646551724137931], "8/3/2016": [459.0, -0.004338394793926247], "8/4/2016": [456.0, -0.006535947712418301], "8/5/2016": [453.0, -0.006578947368421052], "8/8/2016": [432.5, -0.04525386313465784], "8/9/2016": [437.0, 0.010404624277456647], "8/10/2016": [432.0, -0.011441647597254004], "8/11/2016": [409.0, -0.05324074074074074], "8/12/2016": [406.0, -0.007334963325183374], "8/15/2016": [390.0, -0.03940886699507389], "8/16/2016": [397.5, 0.019230769230769232], "8/17/2016": [392.0, -0.013836477987421384], "8/18/2016": [398.5, 0.016581632653061226], "8/19/2016": [396.5, -0.005018820577164366], "8/22/2016": [396.5, 0.0], "8/23/2016": [393.0, -0.008827238335435058], "8/24/2016": [405.0, 0.030534351145038167], "8/25/2016": [408.5, 0.008641975308641974], "8/26/2016": [405.5, -0.0073439412484700125], "8/29/2016": [398.0, -0.018495684340320593], "8/30/2016": [399.5, 0.0037688442211055275], "8/31/2016": [396.0, -0.008760951188986232], "9/1/2016": [393.5, -0.006313131313131313], "9/2/2016": [371.0, -0.05717916137229987], "9/5/2016": [378.5, 0.02021563342318059], "9/6/2016": [376.0, -0.0066050198150594455], "9/7/2016": [379.0, 0.007978723404255319], "9/8/2016": [385.0, 0.0158311345646438], "9/9/2016": [380.5, -0.011688311688311689], "9/10/2016": [374.0, -0.017082785808147174], "9/12/2016": [374.5, 0.001336898395721925], "9/13/2016": [371.5, -0.00801068090787717], "9/14/2016": [374.0, 0.006729475100942127], "9/19/2016": [368.0, -0.016042780748663103], "9/20/2016": [358.0, -0.02717391304347826], "9/21/2016": [365.5, 0.02094972067039106], "9/22/2016": [377.0, 0.03146374829001368], "9/23/2016": [373.5, -0.009283819628647215], "9/26/2016": [371.0, -0.006693440428380187], "9/29/2016": [372.0, 0.0026954177897574125], "9/30/2016": [370.0, -0.005376344086021506], "10/3/2016": [374.0, 0.010810810810810811], "10/4/2016": [395.5, 0.05748663101604278], "10/5/2016": [393.5, -0.0050568900126422255], "10/6/2016": [402.0, 0.021601016518424398],