{"1/4/2016": [8.22, ""], "1/5/2016": [8.23, 0.0012165450121654241], "1/6/2016": [8.24, 0.0012150668286755512], "1/7/2016": [7.85, -0.04733009708737871], "1/8/2016": [7.94, 0.011464968152866338], "1/11/2016": [7.8, -0.017632241813602085], "1/12/2016": [7.8, 0.0], "1/13/2016": [7.8, 0.0], "1/14/2016": [7.76, -0.0051282051282051325], "1/15/2016": [7.8, 0.005154639175257737], "1/18/2016": [8.0, 0.025641025641025664], "1/19/2016": [8.1, 0.012499999999999956], "1/20/2016": [8.06, -0.0049382716049381666], "1/21/2016": [8.0, -0.007444168734491377], "1/22/2016": [8.06, 0.007500000000000062], "1/25/2016": [8.14, 0.009925558312655096], "1/26/2016": [8.05, -0.011056511056511039], "1/27/2016": [8.05, 0.0], "1/28/2016": [8.03, -0.0024844720496896085], "1/29/2016": [8.05, 0.0024906600249067685], "1/30/2016": [8.13, 0.009937888198757771], "2/1/2016": [8.12, -0.0012300123001231934], "2/2/2016": [8.13, 0.0012315270935962517], "2/3/2016": [8.09, -0.004920049200492118], "2/15/2016": [7.99, -0.012360939431396743], "2/16/2016": [8.13, 0.017521902377972538], "2/17/2016": [8.12, -0.0012300123001231934], "2/18/2016": [8.16, 0.004926108374384351], "2/19/2016": [8.13, -0.0036764705882352156], "2/22/2016": [8.17, 0.004920049200491899], "2/23/2016": [8.17, 0.0], "2/24/2016": [8.15, -0.0024479804161566185], "2/25/2016": [8.16, 0.0012269938650306487], "2/26/2016": [8.23, 0.008578431372549055], "3/1/2016": [8.23, 0.0], "3/2/2016": [8.26, 0.0036452004860266537], "3/3/2016": [8.3, 0.00484261501210665], "3/4/2016": [8.45, 0.018072289156626332], "3/7/2016": [8.47, 0.002366863905325604], "3/8/2016": [8.47, 0.0], "3/9/2016": [8.37, -0.011806375442739245], "3/10/2016": [8.39, 0.002389486260454164], "3/11/2016": [8.4, 0.0011918951132300103], "3/14/2016": [8.49, 0.010714285714285697], "3/15/2016": [8.28, -0.024734982332155576], "3/16/2016": [8.36, 0.00966183574879228], "3/17/2016": [8.36, 0.0], "3/18/2016": [8.32, -0.004784688995215209], "3/21/2016": [8.54, 0.026442307692307553], "3/22/2016": [8.61, 0.008196721311475443], "3/23/2016": [8.73, 0.013937282229965273], "3/24/2016": [8.69, -0.004581901489118089], "3/25/2016": [8.74, 0.005753739930955203], "3/28/2016": [8.56, -0.020594965675057177], "3/29/2016": [8.41, -0.01752336448598135], "3/30/2016": [8.46, 0.005945303210463818], "3/31/2016": [8.41, -0.005910165484633653], "4/1/2016": [8.48, 0.00832342449464926], "4/6/2016": [8.41, -0.008254716981132108], "4/7/2016": [8.47, 0.00713436385255654], "4/8/2016": [8.56, 0.010625737898465154], "4/11/2016": [8.6, 0.004672897196261582], "4/12/2016": [8.53, -0.008139534883720963], "4/13/2016": [8.59, 0.007033997655334173], "4/14/2016": [8.67, 0.009313154831199077], "4/15/2016": [8.72, 0.005767012687427994], "4/18/2016": [8.75, 0.0034403669724769907], "4/19/2016": [8.95, 0.022857142857142777], "4/20/2016": [8.72, -0.02569832402234622], "4/21/2016": [8.68, -0.0045871559633028575], "4/22/2016": [8.6, -0.00921658986175116], "4/25/2016": [8.61, 0.0011627906976743939], "4/26/2016": [8.6, -0.001161440185830405], "4/27/2016": [8.58, -0.0023255813953487877], "4/28/2016": [8.6, 0.002331002331002281], "4/29/2016": [8.55, -0.005813953488371969], "5/3/2016": [8.42, -0.01520467836257319], "5/4/2016": [8.34, -0.009501187648456066], "5/5/2016": [8.38, 0.004796163069544475], "5/6/2016": [8.4, 0.002386634844868684], "5/9/2016": [8.35, -0.005952380952381037], "5/10/2016": [8.35, 0.0], "5/11/2016": [8.27, -0.009580838323353302], "5/12/2016": [8.18, -0.010882708585247867], "5/13/2016": [8.13, -0.006112469437652682], "5/16/2016": [8.2, 0.008610086100860824], "5/17/2016": [8.23, 0.0036585365853659927], "5/18/2016": [8.22, -0.0012150668286755512], "5/19/2016": [8.22, 0.0], "5/20/2016": [8.22, 0.0], "5/23/2016": [8.3, 0.009732360097323608], "5/24/2016": [8.27, -0.003614457831325438], "5/25/2016": [8.32, 0.006045949214026688], "5/26/2016": [8.4, 0.009615384615384623], "5/27/2016": [8.4, 0.0], "5/30/2016": [8.35, -0.005952380952381037], "5/31/2016": [8.33, -0.0023952095808382726], "6/1/2016": [8.32, -0.001200480192076805], "6/2/2016": [8.31, -0.0012019230769230512], "6/3/2016": [8.28, -0.003610108303249234], "6/4/2016": [8.37, 0.010869565217391288], "6/6/2016": [8.27, -0.011947431302269971], "6/7/2016": [8.3, 0.003627569528416099], "6/8/2016": [8.39, 0.010843373493975886], "6/13/2016": [8.21, -0.02145411203814061], "6/14/2016": [8.26, 0.006090133982947494], "6/15/2016": [8.3, 0.00484261501210665], "6/16/2016": [8.26, -0.0048192771084338455], "6/17/2016": [8.21, -0.006053268765133043], "6/20/2016": [8.21, 0.0], "6/21/2016": [8.38, 0.020706455542021912], "6/22/2016": [8.39, 0.001193317422434342], "6/23/2016": [8.48, 0.010727056019070305], "6/24/2016": [8.34, -0.016509433962264217], "6/27/2016": [8.26, -0.009592326139088737], "6/28/2016": [8.3, 0.00484261501210665], "6/29/2016": [8.34, 0.004819277108433632], "6/30/2016": [8.39, 0.005995203836930541], "7/1/2016": [8.36, -0.0035756853396902424], "7/4/2016": [8.38, 0.002392344497607817], "7/5/2016": [8.35, -0.003579952267303238], "7/6/2016": [8.37, 0.0023952095808382726], "7/7/2016": [8.3, -0.008363201911588831], "7/11/2016": [8.36, 0.007228915662650447], "7/12/2016": [8.33, -0.003588516746411407], "7/13/2016": [8.31, -0.00240096038415361], "7/14/2016": [8.35, 0.00481347773766536], "7/15/2016": [8.35, 0.0], "7/18/2016": [8.48, 0.015568862275449196], "7/19/2016": [8.49, 0.0011792452830188427], "7/20/2016": [8.62, 0.015312131919905655], "7/21/2016": [8.63, 0.0011600928074247754], "7/22/2016": [8.7, 0.00811123986095], "7/25/2016": [8.67, -0.003448275862068892], "7/26/2016": [8.63, -0.004613610149942231], "7/27/2016": [8.55, -0.009269988412514491], "7/28/2016": [8.55, 0.0], "7/29/2016": [8.48, -0.008187134502924008], "8/1/2016": [8.5, 0.0023584905660376855], "8/2/2016": [8.53, 0.003529411764705807], "8/3/2016": [8.53, 0.0], "8/4/2016": [8.53, 0.0], "8/5/2016": [8.54, 0.001172332942555661], "8/8/2016": [8.62, 0.009367681498829048], "8/9/2016": [8.59, -0.003480278422273708], "8/10/2016": [8.56, -0.0034924330616995765], "8/11/2016": [8.6, 0.004672897196261582], "8/12/2016": [8.66, 0.00697674418604657], "8/15/2016": [8.86, 0.023094688221708924], "8/16/2016": [8.86, 0.0], "8/17/2016": [8.85, -0.0011286681715575381], "8/18/2016": [9.15, 0.033898305084745846], "8/19/2016": [9.05, -0.01092896174863384], "8/22/2016": [8.91, -0.01546961325966857], "8/23/2016": [8.91, 0.0], "8/24/2016": [8.89, -0.00224466891133553], "8/25/2016": [8.38, -0.0573678290213723], "8/26/2016": [8.42, 0.004773269689737368], "8/29/2016": [8.44, 0.0023752969121139636], "8/30/2016": [8.54, 0.011848341232227447], "8/31/2016": [8.58, 0.004683840749414628], "9/1/2016": [8.49, -0.010489510489510473], "9/2/2016": [8.41, -0.009422850412249714], "9/5/2016": [8.44, 0.003567181926278164], "9/6/2016": [8.42, -0.002369668246445447], "9/7/2016": [8.45, 0.0035629453681709456], "9/8/2016": [8.52, 0.008284023668639088], "9/9/2016": [8.54, 0.002347417840375537], "9/10/2016": [8.44, -0.011709601873536259], "9/12/2016": [8.42, -0.002369668246445447], "9/13/2016": [8.39, -0.0035629453681709456], "9/14/2016": [8.35, -0.004767580452920253], "9/19/2016": [8.43, 0.009580838323353302], "9/20/2016": [8.48, 0.0059311981020166915], "9/21/2016": [8.41, -0.008254716981132108], "9/22/2016": [8.49, 0.009512485136741982], "9/23/2016": [8.5, 0.001177856301531188], "9/26/2016": [8.43, -0.008235294117647092], "9/29/2016": [8.55, 0.014234875444839977], "9/30/2016": [8.53, -0.0023391812865498655], "10/3/2016": [8.49, -0.004689331770222644], "10/4/2016": [8.5, 0.001177856301531188], "10/5/2016": [8.47, -0.003529411764705807], "10/6/2016": [8.47, 0.0], "10/7/2016": [8.52, 0.005903187721369414], "10/11/2016": [8.41, -0.01291079812206566], "10/12/2016": [8.42, 0.0011890606420927215], "10/13/2016": [8.38, -0.004750593824227927], "10/14/2016": [8.3, -0.009546539379474948], "10/17/2016": [8.28, -0.00240963855421703], "10/18/2016": [8.39, 0.01328502415458952], "10/19/2016": [8.88, 0.058402860548271776], "10/20/2016": [9.19, 0.03490990990990976],