{"1/4/2016": [14.8, ""], "1/5/2016": [14.75, -0.0033783783783784263], "1/6/2016": [14.75, 0.0], "1/7/2016": [14.75, 0.0], "1/8/2016": [14.8, 0.0033898305084746243], "1/11/2016": [14.7, -0.0067567567567568525], "1/12/2016": [14.7, 0.0], "1/13/2016": [14.75, 0.0034013605442177355], "1/14/2016": [14.7, -0.0033898305084746243], "1/15/2016": [14.75, 0.0034013605442177355], "1/18/2016": [14.75, 0.0], "1/19/2016": [14.75, 0.0], "1/20/2016": [14.7, -0.0033898305084746243], "1/21/2016": [14.7, 0.0], "1/22/2016": [14.8, 0.006802721088435471], "1/25/2016": [14.8, 0.0], "1/26/2016": [14.8, 0.0], "1/27/2016": [14.8, 0.0], "1/28/2016": [14.8, 0.0], "1/29/2016": [13.35, -0.09797297297297304], "1/30/2016": [14.1, 0.056179775280898875], "2/1/2016": [14.4, 0.021276595744680903], "2/2/2016": [14.4, 0.0], "2/3/2016": [14.4, 0.0], "2/15/2016": [14.45, 0.0034722222222221483], "2/16/2016": [14.45, 0.0], "2/17/2016": [14.5, 0.003460207612456797], "2/18/2016": [14.55, 0.0034482758620690145], "2/19/2016": [14.55, 0.0], "2/22/2016": [14.6, 0.0034364261168384146], "2/23/2016": [14.6, 0.0], "2/24/2016": [14.6, 0.0], "2/25/2016": [14.65, 0.003424657534246624], "2/26/2016": [14.65, 0.0], "3/1/2016": [14.7, 0.0034129692832763777], "3/2/2016": [14.6, -0.0068027210884353505], "3/3/2016": [15.6, 0.0684931506849315], "3/4/2016": [15.45, -0.009615384615384638], "3/7/2016": [15.2, -0.016181229773462785], "3/8/2016": [15.25, 0.0032894736842105734], "3/9/2016": [15.4, 0.009836065573770515], "3/10/2016": [15.35, -0.003246753246753293], "3/11/2016": [15.35, 0.0], "3/14/2016": [15.55, 0.013029315960912122], "3/15/2016": [15.3, -0.01607717041800643], "3/16/2016": [15.15, -0.009803921568627473], "3/17/2016": [15.2, 0.00330033003300323], "3/18/2016": [15.2, 0.0], "3/21/2016": [15.3, 0.006578947368421147], "3/22/2016": [15.45, 0.009803921568627357], "3/23/2016": [15.35, -0.00647249190938509], "3/24/2016": [15.3, -0.003257328990227944], "3/25/2016": [15.3, 0.0], "3/28/2016": [15.45, 0.009803921568627357], "3/29/2016": [15.35, -0.00647249190938509], "3/30/2016": [15.2, -0.009771986970684063], "3/31/2016": [15.3, 0.006578947368421147], "4/1/2016": [15.2, -0.006535947712418394], "4/6/2016": [15.2, 0.0], "4/7/2016": [15.2, 0.0], "4/8/2016": [15.35, 0.009868421052631603], "4/11/2016": [15.3, -0.003257328990227944], "4/12/2016": [15.1, -0.013071895424836671], "4/13/2016": [15.1, 0.0], "4/14/2016": [15.3, 0.013245033112582853], "4/15/2016": [15.4, 0.006535947712418277], "4/18/2016": [15.1, -0.019480519480519525], "4/19/2016": [15.1, 0.0], "4/20/2016": [15.25, 0.009933774834437109], "4/21/2016": [15.25, 0.0], "4/22/2016": [15.25, 0.0], "4/25/2016": [15.3, 0.0032786885245902103], "4/26/2016": [14.95, -0.022875816993464144], "4/27/2016": [15.05, 0.006688963210702436], "4/28/2016": [15.05, 0.0], "4/29/2016": [15.1, 0.0033222591362125535], "5/3/2016": [15.1, 0.0], "5/4/2016": [15.15, 0.0033112582781457426], "5/5/2016": [15.15, 0.0], "5/6/2016": [15.15, 0.0], "5/9/2016": [15.05, -0.006600660066006577], "5/10/2016": [15.1, 0.0033222591362125535], "5/11/2016": [15.2, 0.006622516556291367], "5/12/2016": [15.05, -0.009868421052631486], "5/13/2016": [15.05, 0.0], "5/16/2016": [15.2, 0.00996677740863778], "5/17/2016": [15.05, -0.009868421052631486], "5/18/2016": [15.1, 0.0033222591362125535], "5/19/2016": [15.15, 0.0033112582781457426], "5/20/2016": [15.2, 0.00330033003300323], "5/23/2016": [15.2, 0.0], "5/24/2016": [15.2, 0.0], "5/25/2016": [15.2, 0.0], "5/26/2016": [15.25, 0.0032894736842105734], "5/27/2016": [15.2, -0.0032786885245902103], "5/30/2016": [15.3, 0.006578947368421147], "5/31/2016": [15.15, -0.009803921568627473], "6/1/2016": [15.2, 0.00330033003300323], "6/2/2016": [15.15, -0.0032894736842104563], "6/3/2016": [15.15, 0.0], "6/4/2016": [15.15, 0.0], "6/6/2016": [15.15, 0.0], "6/7/2016": [15.05, -0.006600660066006577], "6/8/2016": [15.15, 0.006644518272425225], "6/13/2016": [15.25, 0.006600660066006577], "6/14/2016": [15.25, 0.0], "6/15/2016": [15.15, -0.0065573770491803044], "6/16/2016": [15.15, 0.0], "6/17/2016": [15.15, 0.0], "6/20/2016": [15.6, 0.029702970297029656], "6/21/2016": [15.5, -0.0064102564102563875], "6/22/2016": [15.4, -0.006451612903225784], "6/23/2016": [15.35, -0.003246753246753293], "6/24/2016": [15.2, -0.009771986970684063], "6/27/2016": [15.3, 0.006578947368421147], "6/28/2016": [15.3, 0.0], "6/29/2016": [15.25, -0.003267973856209197], "6/30/2016": [15.2, -0.0032786885245902103], "7/1/2016": [15.3, 0.006578947368421147], "7/4/2016": [15.4, 0.006535947712418277], "7/5/2016": [15.35, -0.003246753246753293], "7/6/2016": [15.25, -0.006514657980456003], "7/7/2016": [15.25, 0.0], "7/11/2016": [15.25, 0.0], "7/12/2016": [15.45, 0.013114754098360609], "7/13/2016": [15.3, -0.009708737864077579], "7/14/2016": [15.7, 0.02614379084967311], "7/15/2016": [15.5, -0.012738853503184669], "7/18/2016": [15.65, 0.009677419354838733], "7/19/2016": [15.7, 0.00319488817891367], "7/20/2016": [15.7, 0.0], "7/21/2016": [15.55, -0.009554140127388444], "7/22/2016": [15.3, -0.01607717041800643], "7/25/2016": [15.35, 0.0032679738562090806], "7/26/2016": [15.3, -0.003257328990227944], "7/27/2016": [15.3, 0.0], "7/28/2016": [15.25, -0.003267973856209197], "7/29/2016": [15.3, 0.0032786885245902103], "8/1/2016": [15.3, 0.0], "8/2/2016": [15.35, 0.0032679738562090806], "8/3/2016": [15.3, -0.003257328990227944], "8/4/2016": [15.2, -0.006535947712418394], "8/5/2016": [15.4, 0.013157894736842176], "8/8/2016": [15.4, 0.0], "8/9/2016": [15.4, 0.0], "8/10/2016": [15.3, -0.0064935064935064705], "8/11/2016": [15.3, 0.0], "8/12/2016": [15.35, 0.0032679738562090806], "8/15/2016": [15.25, -0.006514657980456003], "8/16/2016": [15.35, 0.0065573770491803044], "8/17/2016": [15.45, 0.006514657980456003], "8/18/2016": [15.5, 0.0032362459546926028], "8/19/2016": [15.25, -0.016129032258064516], "8/22/2016": [15.2, -0.0032786885245902103], "8/23/2016": [15.2, 0.0], "8/24/2016": [15.2, 0.0], "8/25/2016": [15.35, 0.009868421052631603], "8/26/2016": [15.3, -0.003257328990227944], "8/29/2016": [15.3, 0.0], "8/30/2016": [15.35, 0.0032679738562090806], "8/31/2016": [15.3, -0.003257328990227944], "9/1/2016": [15.3, 0.0], "9/2/2016": [15.3, 0.0], "9/5/2016": [15.15, -0.009803921568627473], "9/6/2016": [15.15, 0.0], "9/7/2016": [15.25, 0.006600660066006577], "9/8/2016": [15.25, 0.0], "9/9/2016": [15.3, 0.0032786885245902103], "9/10/2016": [15.3, 0.0], "9/12/2016": [15.25, -0.003267973856209197], "9/13/2016": [15.3, 0.0032786885245902103], "9/14/2016": [15.45, 0.009803921568627357], "9/19/2016": [15.3, -0.009708737864077579], "9/20/2016": [15.35, 0.0032679738562090806], "9/21/2016": [15.5, 0.009771986970684063], "9/22/2016": [15.3, -0.012903225806451568], "9/23/2016": [15.3, 0.0], "9/26/2016": [15.35, 0.0032679738562090806], "9/29/2016": [15.4, 0.0032573289902280596], "9/30/2016": [15.35, -0.003246753246753293], "10/3/2016": [15.2, -0.009771986970684063], "10/4/2016": [15.2, 0.0], "10/5/2016": [15.3, 0.006578947368421147], "10/6/2016": [15.3, 0.0], "10/7/2016": [15.0, -0.019607843137254947], "10/11/2016": [15.2, 0.013333333333333286], "10/12/2016": [15.2, 0.0], "10/13/2016": [15.25, 0.0032894736842105734], "10/14/2016": [15.15, -0.0065573770491803044], "10/17/2016": [15.35, 0.013201320132013155], "10/18/2016": [15.45, 0.006514657980456003], "10/19/2016": [15.4, -0.003236245954692488], "10/20/2016": [15.35, -0.003246753246753293], "10/21/2016": [15.3, -0.003257328990227944], "10/24/2016": [15.3, 0.0], "10/25/2016": [15.35, 0.0032679738562090806], "10/26/2016": [15.35, 0.0], "10/27/2016": [15.25, -0.006514657980456003], "10/28/2016": [15.35, 0.0065573770491803044], "10/31/2016": [15.45, 0.006514657980456003], "11/1/2016": [15.55, 0.0064724919093852055], "11/2/2016": [15.6, 0.0032154340836012176], "11/3/2016": [16.1, 0.032051282051282166], "11/4/2016": [15.8, -0.01863354037267085], "11/7/2016": [15.7, -0.006329113924050722], "11/8/2016": [15.75, 0.0031847133757962236], "11/9/2016": [15.3, -0.028571428571428525],