{"1/4/2016": [3.85, ""], "1/5/2016": [3.82, -0.007792207792207856], "1/6/2016": [3.84, 0.005235602094240842], "1/7/2016": [3.76, -0.020833333333333353], "1/8/2016": [3.8, 0.010638297872340436], "1/11/2016": [3.79, -0.002631578947368365], "1/12/2016": [3.79, 0.0], "1/13/2016": [3.8, 0.0026385224274405768], "1/14/2016": [3.77, -0.007894736842105211], "1/15/2016": [3.75, -0.005305039787798413], "1/18/2016": [3.75, 0.0], "1/19/2016": [3.86, 0.0293333333333333], "1/20/2016": [3.77, -0.023316062176165768], "1/21/2016": [3.68, -0.023872679045092802], "1/22/2016": [3.68, 0.0], "1/25/2016": [3.8, 0.03260869565217382], "1/26/2016": [3.78, -0.005263157894736847], "1/27/2016": [3.75, -0.007936507936507886], "1/28/2016": [3.83, 0.021333333333333353], "1/29/2016": [3.75, -0.020887728459530044], "1/30/2016": [3.73, -0.005333333333333338], "2/1/2016": [3.68, -0.013404825737265367], "2/2/2016": [3.66, -0.005434782608695656], "2/3/2016": [3.59, -0.019125683060109366], "2/15/2016": [3.54, -0.01392757660167126], "2/16/2016": [3.65, 0.03107344632768358], "2/17/2016": [3.6, -0.013698630136986254], "2/18/2016": [3.63, 0.00833333333333328], "2/19/2016": [3.69, 0.016528925619834725], "2/22/2016": [3.74, 0.013550135501355086], "2/23/2016": [3.74, 0.0], "2/24/2016": [3.79, 0.013368983957219202], "2/25/2016": [3.77, -0.0052770448548812715], "2/26/2016": [3.74, -0.00795755968169756], "3/1/2016": [3.7, -0.010695187165775409], "3/2/2016": [3.77, 0.018918918918918875], "3/3/2016": [3.83, 0.01591511936339524], "3/4/2016": [4.19, 0.0939947780678852], "3/7/2016": [4.0, -0.045346062052506055], "3/8/2016": [4.07, 0.01750000000000007], "3/9/2016": [4.1, 0.007371007371007213], "3/10/2016": [4.25, 0.036585365853658625], "3/11/2016": [4.14, -0.025882352941176547], "3/14/2016": [4.05, -0.021739130434782577], "3/15/2016": [3.98, -0.01728395061728391], "3/16/2016": [4.06, 0.02010050251256272], "3/17/2016": [4.06, 0.0], "3/18/2016": [3.98, -0.019704433497536856], "3/21/2016": [4.0, 0.005025125628140708], "3/22/2016": [3.89, -0.02749999999999997], "3/23/2016": [3.89, 0.0], "3/24/2016": [3.92, 0.0077120822622107465], "3/25/2016": [3.9, -0.005102040816326535], "3/28/2016": [3.91, 0.0025641025641026235], "3/29/2016": [3.8, -0.02813299232736581], "3/30/2016": [3.79, -0.002631578947368365], "3/31/2016": [3.75, -0.010554089709762543], "4/1/2016": [3.7, -0.013333333333333286], "4/6/2016": [3.66, -0.01081081081081082], "4/7/2016": [3.71, 0.0136612021857923], "4/8/2016": [3.71, 0.0], "4/11/2016": [3.76, 0.013477088948787014], "4/12/2016": [3.71, -0.013297872340425485], "4/13/2016": [3.69, -0.005390835579514829], "4/14/2016": [3.71, 0.005420054200542011], "4/15/2016": [3.68, -0.008086253369272184], "4/18/2016": [3.73, 0.013586956521739081], "4/19/2016": [3.69, -0.010723860589812341], "4/20/2016": [3.75, 0.016260162601626032], "4/21/2016": [3.73, -0.005333333333333338], "4/22/2016": [3.68, -0.013404825737265367], "4/25/2016": [3.65, -0.008152173913043546], "4/26/2016": [3.64, -0.0027397260273972017], "4/27/2016": [3.62, -0.005494505494505499], "4/28/2016": [3.62, 0.0], "4/29/2016": [3.6, -0.005524861878453044], "5/3/2016": [3.59, -0.002777777777777842], "5/4/2016": [3.5, -0.025069637883008318], "5/5/2016": [3.45, -0.014285714285714235], "5/6/2016": [3.52, 0.02028985507246372], "5/9/2016": [3.52, 0.0], "5/10/2016": [3.44, -0.02272727272727275], "5/11/2016": [3.45, 0.0029069767441861137], "5/12/2016": [3.4, -0.014492753623188482], "5/13/2016": [3.3, -0.02941176470588238], "5/16/2016": [3.36, 0.0181818181818182], "5/17/2016": [3.31, -0.014880952380952328], "5/18/2016": [3.05, -0.07854984894259825], "5/19/2016": [3.14, 0.029508196721311577], "5/20/2016": [3.16, 0.006369426751592362], "5/23/2016": [3.11, -0.015822784810126667], "5/24/2016": [3.13, 0.006430868167202578], "5/25/2016": [3.13, 0.0], "5/26/2016": [3.2, 0.02236421725239626], "5/27/2016": [3.2, 0.0], "5/30/2016": [3.23, 0.009374999999999939], "5/31/2016": [3.19, -0.01238390092879258], "6/1/2016": [3.3, 0.03448275862068962], "6/2/2016": [3.21, -0.02727272727272723], "6/3/2016": [3.22, 0.00311526479750786], "6/4/2016": [3.22, 0.0], "6/6/2016": [3.12, -0.03105590062111804], "6/7/2016": [3.13, 0.0032051282051281365], "6/8/2016": [3.16, 0.009584664536741293], "6/13/2016": [3.08, -0.025316455696202552], "6/14/2016": [3.12, 0.012987012987012998], "6/15/2016": [3.13, 0.0032051282051281365], "6/16/2016": [3.14, 0.003194888178913812], "6/17/2016": [3.15, 0.0031847133757961104], "6/20/2016": [3.18, 0.009523809523809603], "6/21/2016": [3.2, 0.0062893081761006345], "6/22/2016": [3.13, -0.02187500000000009], "6/23/2016": [3.15, 0.006389776357827482], "6/24/2016": [3.09, -0.019047619047619067], "6/27/2016": [3.39, 0.0970873786407768], "6/28/2016": [3.72, 0.09734513274336284], "6/29/2016": [3.8, 0.02150537634408592], "6/30/2016": [3.92, 0.03157894736842108], "7/1/2016": [4.02, 0.025510204081632563], "7/4/2016": [3.96, -0.014925373134328263], "7/5/2016": [3.78, -0.0454545454545455], "7/6/2016": [3.73, -0.013227513227513182], "7/7/2016": [3.82, 0.02412868632707771], "7/11/2016": [3.8, -0.005235602094240842], "7/12/2016": [3.77, -0.007894736842105211], "7/13/2016": [3.8, 0.00795755968169756], "7/14/2016": [3.8, 0.0], "7/15/2016": [3.8, 0.0], "7/18/2016": [3.86, 0.01578947368421054], "7/19/2016": [3.8, -0.015544041450777216], "7/20/2016": [3.75, -0.01315789473684206], "7/21/2016": [3.79, 0.010666666666666677], "7/22/2016": [3.86, 0.01846965699208439], "7/25/2016": [3.89, 0.007772020725388666], "7/26/2016": [3.92, 0.0077120822622107465], "7/27/2016": [3.82, -0.025510204081632678], "7/28/2016": [3.83, 0.0026178010471204793], "7/29/2016": [3.7, -0.03394255874673626], "8/1/2016": [3.68, -0.00540540540540541], "8/2/2016": [3.87, 0.05163043478260868], "8/3/2016": [3.73, -0.03617571059431528], "8/4/2016": [3.78, 0.013404825737265367], "8/5/2016": [3.79, 0.002645502645502707], "8/8/2016": [3.77, -0.0052770448548812715], "8/9/2016": [3.69, -0.021220159151193654], "8/10/2016": [3.69, 0.0], "8/11/2016": [3.67, -0.005420054200542011], "8/12/2016": [3.63, -0.010899182561307912], "8/15/2016": [3.7, 0.01928374655647391], "8/16/2016": [3.61, -0.024324324324324405], "8/17/2016": [3.65, 0.01108033240997231], "8/18/2016": [3.67, 0.005479452054794526], "8/19/2016": [3.62, -0.013623978201634829], "8/22/2016": [3.63, 0.0027624309392264602], "8/23/2016": [3.63, 0.0], "8/24/2016": [3.65, 0.005509641873278242], "8/25/2016": [3.73, 0.021917808219178103], "8/26/2016": [3.75, 0.005361930294906171], "8/29/2016": [3.76, 0.0026666666666666098], "8/30/2016": [3.77, 0.002659574468085168], "8/31/2016": [3.85, 0.021220159151193654], "9/1/2016": [3.9, 0.012987012987012941], "9/2/2016": [3.8, -0.025641025641025664], "9/5/2016": [3.87, 0.018421052631579022], "9/6/2016": [3.98, 0.028423772609819088], "9/7/2016": [4.14, 0.04020100502512555], "9/8/2016": [4.12, -0.004830917874396033], "9/9/2016": [4.05, -0.01699029126213599], "9/10/2016": [4.0, -0.012345679012345635], "9/12/2016": [4.1, 0.02499999999999991], "9/13/2016": [4.2, 0.024390243902439157], "9/14/2016": [4.17, -0.007142857142857202], "9/19/2016": [4.2, 0.007194244604316606], "9/20/2016": [4.16, -0.009523809523809532], "9/21/2016": [4.18, 0.004807692307692205], "9/22/2016": [4.53, 0.08373205741626807], "9/23/2016": [4.49, -0.008830022075055195], "9/26/2016": [4.93, 0.09799554565701547], "9/29/2016": [5.42, 0.09939148073022318], "9/30/2016": [4.88, -0.09963099630996311], "10/3/2016": [4.6, -0.05737704918032792], "10/4/2016": [4.82, 0.04782608695652188], "10/5/2016": [4.69, -0.02697095435684645], "10/6/2016": [4.68, -0.0021321961620470523], "10/7/2016": [4.67, -0.0021367521367520914], "10/11/2016": [4.53, -0.029978586723768668], "10/12/2016": [4.41, -0.026490066225165584], "10/13/2016": [4.43, 0.004535147392290152], "10/14/2016": [4.35, -0.01805869074492101], "10/17/2016": [4.33, -0.00459770114942519], "10/18/2016": [4.33, 0.0], "10/19/2016": [4.3, -0.00692840646651276], "10/20/2016": [4.4, 0.023255813953488497],