{"1/4/2016": [20.15, ""], "1/5/2016": [19.85, -0.01488833746898249], "1/6/2016": [19.7, -0.007556675062972399], "1/7/2016": [18.65, -0.05329949238578684], "1/8/2016": [18.45, -0.010723860589812294], "1/11/2016": [17.7, -0.04065040650406504], "1/12/2016": [19.0, 0.07344632768361586], "1/13/2016": [19.9, 0.047368421052631504], "1/14/2016": [19.0, -0.045226130653266264], "1/15/2016": [18.4, -0.03157894736842113], "1/18/2016": [19.65, 0.06793478260869566], "1/19/2016": [19.35, -0.015267175572518941], "1/20/2016": [18.7, -0.03359173126614998], "1/21/2016": [18.8, 0.0053475935828877766], "1/22/2016": [18.9, 0.005319148936170099], "1/25/2016": [19.0, 0.005291005291005366], "1/26/2016": [18.8, -0.010526315789473648], "1/27/2016": [18.7, -0.005319148936170288], "1/28/2016": [18.95, 0.013368983957219251], "1/29/2016": [19.3, 0.01846965699208451], "1/30/2016": [18.5, -0.041450777202072575], "2/1/2016": [18.3, -0.010810810810810773], "2/2/2016": [18.5, 0.01092896174863384], "2/3/2016": [18.5, 0.0], "2/15/2016": [18.8, 0.016216216216216255], "2/16/2016": [18.8, 0.0], "2/17/2016": [18.8, 0.0], "2/18/2016": [19.8, 0.05319148936170213], "2/19/2016": [21.75, 0.09848484848484844], "2/22/2016": [22.4, 0.0298850574712643], "2/23/2016": [22.4, 0.0], "2/24/2016": [22.2, -0.008928571428571397], "2/25/2016": [20.0, -0.09909909909909907], "2/26/2016": [18.85, -0.057499999999999926], "3/1/2016": [18.5, -0.018567639257294502], "3/2/2016": [18.5, 0.0], "3/3/2016": [18.65, 0.00810810810810803], "3/4/2016": [18.9, 0.013404825737265416], "3/7/2016": [18.5, -0.02116402116402109], "3/8/2016": [18.7, 0.010810810810810773], "3/9/2016": [17.75, -0.05080213903743312], "3/10/2016": [16.8, -0.053521126760563344], "3/11/2016": [16.5, -0.017857142857142898], "3/14/2016": [16.05, -0.02727272727272723], "3/15/2016": [16.0, -0.0031152647975078323], "3/16/2016": [15.55, -0.028124999999999956], "3/17/2016": [15.0, -0.03536977491961419], "3/18/2016": [15.1, 0.006666666666666643], "3/21/2016": [15.45, 0.023178807947019844], "3/22/2016": [15.0, -0.029126213592232966], "3/23/2016": [14.95, -0.003333333333333381], "3/24/2016": [14.6, -0.02341137123745817], "3/25/2016": [14.8, 0.013698630136986375], "3/28/2016": [14.5, -0.020270270270270316], "3/29/2016": [13.55, -0.0655172413793103], "3/30/2016": [14.2, 0.04797047970479694], "3/31/2016": [14.45, 0.017605633802816902], "4/1/2016": [15.85, 0.09688581314878895], "4/6/2016": [16.25, 0.025236593059936932], "4/7/2016": [15.65, -0.0369230769230769], "4/8/2016": [15.6, -0.0031948881789137834], "4/11/2016": [17.15, 0.0993589743589743], "4/12/2016": [17.0, -0.008746355685131112], "4/13/2016": [17.25, 0.014705882352941176], "4/14/2016": [16.5, -0.043478260869565216], "4/15/2016": [16.6, 0.0060606060606061465], "4/18/2016": [16.3, -0.018072289156626547], "4/19/2016": [16.45, 0.009202453987729974], "4/20/2016": [16.25, -0.012158054711246157], "4/21/2016": [16.8, 0.03384615384615389], "4/22/2016": [16.4, -0.023809523809523937], "4/25/2016": [16.0, -0.02439024390243894], "4/26/2016": [16.05, 0.0031250000000000444], "4/27/2016": [15.6, -0.02803738317757016], "4/28/2016": [15.35, -0.016025641025641028], "4/29/2016": [15.25, -0.006514657980456003], "5/3/2016": [15.35, 0.0065573770491803044], "5/4/2016": [15.1, -0.016286644951140065], "5/5/2016": [15.35, 0.016556291390728478], "5/6/2016": [14.85, -0.03257328990228013], "5/9/2016": [14.45, -0.02693602693602696], "5/10/2016": [14.45, 0.0], "5/11/2016": [14.1, -0.024221453287197207], "5/12/2016": [13.8, -0.021276595744680778], "5/13/2016": [14.1, 0.021739130434782532], "5/16/2016": [14.5, 0.028368794326241162], "5/17/2016": [15.15, 0.04482758620689658], "5/18/2016": [14.85, -0.019801980198019847], "5/19/2016": [14.7, -0.010101010101010124], "5/20/2016": [14.6, -0.0068027210884353505], "5/23/2016": [15.0, 0.02739726027397263], "5/24/2016": [14.7, -0.02000000000000005], "5/25/2016": [14.8, 0.006802721088435471], "5/26/2016": [14.65, -0.010135135135135158], "5/27/2016": [14.65, 0.0], "5/30/2016": [14.85, 0.013651877133105754], "5/31/2016": [14.8, -0.0033670033670032953], "6/1/2016": [14.7, -0.0067567567567568525], "6/2/2016": [14.6, -0.0068027210884353505], "6/3/2016": [13.15, -0.09931506849315064], "6/4/2016": [13.55, 0.03041825095057037], "6/6/2016": [12.95, -0.044280442804428145], "6/7/2016": [12.85, -0.007722007722007695], "6/8/2016": [12.95, 0.0077821011673151474], "6/13/2016": [12.55, -0.03088803088803078], "6/14/2016": [12.8, 0.0199203187250996], "6/15/2016": [13.1, 0.023437499999999917], "6/16/2016": [13.2, 0.007633587786259515], "6/17/2016": [13.2, 0.0], "6/20/2016": [13.2, 0.0], "6/21/2016": [13.25, 0.0037878787878788418], "6/22/2016": [13.4, 0.011320754716981159], "6/23/2016": [13.45, 0.00373134328358201], "6/24/2016": [13.0, -0.03345724907063192], "6/27/2016": [12.6, -0.030769230769230795], "6/28/2016": [12.75, 0.011904761904761934], "6/29/2016": [13.4, 0.05098039215686277], "6/30/2016": [14.15, 0.055970149253731345], "7/1/2016": [13.75, -0.02826855123674914], "7/4/2016": [13.85, 0.007272727272727247], "7/5/2016": [13.75, -0.007220216606498169], "7/6/2016": [13.85, 0.007272727272727247], "7/7/2016": [15.2, 0.09747292418772562], "7/11/2016": [14.55, -0.04276315789473675], "7/12/2016": [14.6, 0.0034364261168384146], "7/13/2016": [14.45, -0.010273972602739751], "7/14/2016": [14.7, 0.01730103806228374], "7/15/2016": [14.6, -0.0068027210884353505], "7/18/2016": [14.55, -0.0034246575342465023], "7/19/2016": [14.7, 0.010309278350515367], "7/20/2016": [15.55, 0.05782312925170078], "7/21/2016": [16.75, 0.07717041800643082], "7/22/2016": [16.2, -0.03283582089552243], "7/25/2016": [16.35, 0.00925925925925939], "7/26/2016": [15.65, -0.042813455657492415], "7/27/2016": [15.1, -0.035143769968051165], "7/28/2016": [15.3, 0.013245033112582853], "7/29/2016": [15.05, -0.016339869281045753], "8/1/2016": [15.35, 0.019933554817275677], "8/2/2016": [15.5, 0.009771986970684063], "8/3/2016": [15.45, -0.003225806451612949], "8/4/2016": [15.7, 0.016181229773462785], "8/5/2016": [15.6, -0.0063694267515923345], "8/8/2016": [16.2, 0.03846153846153844], "8/9/2016": [15.95, -0.0154320987654321], "8/10/2016": [16.4, 0.028213166144200583], "8/11/2016": [16.3, -0.006097560975609627], "8/12/2016": [16.1, -0.012269938650306704], "8/15/2016": [15.95, -0.009316770186335536], "8/16/2016": [16.05, 0.006269592476489117], "8/17/2016": [16.1, 0.0031152647975078323], "8/18/2016": [15.55, -0.03416149068322986], "8/19/2016": [15.4, -0.00964630225080388], "8/22/2016": [15.3, -0.0064935064935064705], "8/23/2016": [15.45, 0.009803921568627357], "8/24/2016": [15.7, 0.016181229773462785], "8/25/2016": [15.95, 0.01592356687898089], "8/26/2016": [16.1, 0.009404388714733676], "8/29/2016": [16.05, -0.0031055900621118453], "8/30/2016": [16.05, 0.0], "8/31/2016": [17.65, 0.09968847352024908], "9/1/2016": [18.5, 0.04815864022662898], "9/2/2016": [17.55, -0.05135135135135131], "9/5/2016": [19.3, 0.09971509971509972], "9/6/2016": [18.55, -0.038860103626943004], "9/7/2016": [18.9, 0.01886792452830177], "9/8/2016": [18.9, 0.0], "9/9/2016": [18.15, -0.03968253968253969], "9/10/2016": [17.65, -0.027548209366391185], "9/12/2016": [17.8, 0.008498583569405221], "9/13/2016": [17.4, -0.022471910112359668], "9/14/2016": [17.5, 0.0057471264367816915], "9/19/2016": [18.15, 0.03714285714285706], "9/20/2016": [17.9, -0.013774104683195593], "9/21/2016": [18.25, 0.019553072625698404], "9/22/2016": [18.4, 0.008219178082191704], "9/23/2016": [18.3, -0.005434782608695537], "9/26/2016": [17.95, -0.019125683060109366], "9/29/2016": [17.3, -0.03621169916434533], "9/30/2016": [16.9, -0.023121387283237118], "10/3/2016": [17.0, 0.005917159763313694], "10/4/2016": [17.0, 0.0], "10/5/2016": [16.8, -0.0117647058823529], "10/6/2016": [16.85, 0.0029761904761905185], "10/7/2016": [16.6, -0.014836795252225518], "10/11/2016": [16.3, -0.018072289156626547], "10/12/2016": [16.45, 0.009202453987729974], "10/13/2016": [15.65, -0.04863221884498474], "10/14/2016": [15.4, -0.01597444089456869],