{"1/4/2016": [61.2, ""], "1/5/2016": [60.1, -0.01797385620915035], "1/6/2016": [58.7, -0.023294509151414285], "1/7/2016": [55.0, -0.06303236797274281], "1/8/2016": [56.8, 0.032727272727272674], "1/11/2016": [57.0, 0.0035211267605634307], "1/12/2016": [54.6, -0.042105263157894715], "1/13/2016": [55.3, 0.012820512820512742], "1/14/2016": [53.9, -0.025316455696202507], "1/15/2016": [55.7, 0.03339517625231919], "1/18/2016": [57.3, 0.028725314183123775], "1/19/2016": [59.2, 0.033158813263525405], "1/20/2016": [56.8, -0.04054054054054063], "1/21/2016": [56.7, -0.0017605633802815902], "1/22/2016": [56.7, 0.0], "1/25/2016": [57.6, 0.015873015873015848], "1/26/2016": [56.6, -0.017361111111111112], "1/27/2016": [56.4, -0.00353356890459369], "1/28/2016": [55.8, -0.010638297872340451], "1/29/2016": [57.2, 0.025089605734767127], "1/30/2016": [58.3, 0.01923076923076913], "2/1/2016": [57.3, -0.017152658662092625], "2/2/2016": [57.1, -0.0034904013961604844], "2/3/2016": [56.9, -0.0035026269702277207], "2/15/2016": [55.0, -0.03339191564147625], "2/16/2016": [55.8, 0.014545454545454493], "2/17/2016": [56.4, 0.010752688172043038], "2/18/2016": [57.0, 0.010638297872340451], "2/19/2016": [56.6, -0.007017543859649098], "2/22/2016": [54.2, -0.04240282685512365], "2/23/2016": [54.8, 0.011070110701106906], "2/24/2016": [53.7, -0.020072992700729823], "2/25/2016": [53.6, -0.0018621973929236763], "2/26/2016": [54.2, 0.011194029850746294], "3/1/2016": [53.7, -0.00922509225092251], "3/2/2016": [54.6, 0.01675977653631282], "3/3/2016": [55.3, 0.012820512820512742], "3/4/2016": [56.6, 0.023508137432188145], "3/7/2016": [57.5, 0.015901060070671352], "3/8/2016": [57.0, -0.008695652173913044], "3/9/2016": [56.9, -0.0017543859649123057], "3/10/2016": [62.5, 0.09841827768014062], "3/11/2016": [62.5, 0.0], "3/14/2016": [62.0, -0.008], "3/15/2016": [62.0, 0.0], "3/16/2016": [65.7, 0.05967741935483876], "3/17/2016": [64.0, -0.025875190258751946], "3/18/2016": [64.6, 0.009374999999999911], "3/21/2016": [64.7, 0.0015479876160992034], "3/22/2016": [62.4, -0.035548686244204084], "3/23/2016": [61.6, -0.012820512820512775], "3/24/2016": [61.1, -0.008116883116883116], "3/25/2016": [60.7, -0.006546644844517162], "3/28/2016": [61.0, 0.004942339373970299], "3/29/2016": [60.0, -0.01639344262295082], "3/30/2016": [61.6, 0.02666666666666669], "3/31/2016": [61.9, 0.004870129870129824], "4/1/2016": [62.4, 0.008077544426494346], "4/6/2016": [64.9, 0.04006410256410268], "4/7/2016": [63.0, -0.02927580893682597], "4/8/2016": [63.5, 0.007936507936507936], "4/11/2016": [61.0, -0.03937007874015748], "4/12/2016": [60.4, -0.009836065573770515], "4/13/2016": [60.9, 0.008278145695364239], "4/14/2016": [60.8, -0.0016420361247947688], "4/15/2016": [60.4, -0.00657894736842103], "4/18/2016": [60.4, 0.0], "4/19/2016": [60.2, -0.0033112582781456247], "4/20/2016": [59.1, -0.018272425249169458], "4/21/2016": [58.0, -0.01861252115059224], "4/22/2016": [55.4, -0.04482758620689658], "4/25/2016": [55.1, -0.005415162454873595], "4/26/2016": [54.7, -0.00725952813067148], "4/27/2016": [55.2, 0.009140767824497258], "4/28/2016": [54.7, -0.009057971014492754], "4/29/2016": [54.7, 0.0], "5/3/2016": [53.2, -0.027422303473491772], "5/4/2016": [52.9, -0.005639097744360982], "5/5/2016": [52.0, -0.01701323251417767], "5/6/2016": [51.7, -0.005769230769230715], "5/9/2016": [47.8, -0.07543520309477766], "5/10/2016": [49.1, 0.027196652719665364], "5/11/2016": [48.4, -0.01425661914460291], "5/12/2016": [49.0, 0.012396694214876063], "5/13/2016": [49.9, 0.01836734693877548], "5/16/2016": [53.1, 0.06412825651302612], "5/17/2016": [52.2, -0.016949152542372854], "5/18/2016": [52.2, 0.0], "5/19/2016": [51.5, -0.013409961685823809], "5/20/2016": [51.6, 0.0019417475728155617], "5/23/2016": [52.3, 0.013565891472868134], "5/24/2016": [51.6, -0.013384321223709288], "5/25/2016": [52.8, 0.02325581395348829], "5/26/2016": [51.8, -0.01893939393939394], "5/27/2016": [52.0, 0.003861003861003916], "5/30/2016": [53.0, 0.019230769230769232], "5/31/2016": [53.4, 0.007547169811320728], "6/1/2016": [53.1, -0.005617977528089835], "6/2/2016": [51.9, -0.022598870056497227], "6/3/2016": [51.5, -0.007707129094412304], "6/4/2016": [51.0, -0.009708737864077669], "6/6/2016": [50.7, -0.005882352941176415], "6/7/2016": [49.9, -0.01577909270216971], "6/8/2016": [49.2, -0.014028056112224364], "6/13/2016": [48.7, -0.01016260162601626], "6/14/2016": [48.75, 0.0010266940451744795], "6/15/2016": [50.3, 0.03179487179487173], "6/16/2016": [49.0, -0.025844930417494975], "6/17/2016": [49.7, 0.014285714285714344], "6/20/2016": [49.3, -0.008048289738430697], "6/21/2016": [49.3, 0.0], "6/22/2016": [49.35, 0.001014198782961547], "6/23/2016": [48.5, -0.017223910840932145], "6/24/2016": [48.0, -0.010309278350515464], "6/27/2016": [48.15, 0.0031249999999999702], "6/28/2016": [48.7, 0.011422637590861979], "6/29/2016": [48.8, 0.002053388090348959], "6/30/2016": [48.9, 0.0020491803278688816], "7/1/2016": [50.9, 0.0408997955010225], "7/4/2016": [49.9, -0.019646365422396856], "7/5/2016": [49.95, 0.0010020040080161176], "7/6/2016": [48.9, -0.021021021021021106], "7/7/2016": [49.2, 0.006134969325153462], "7/11/2016": [48.6, -0.01219512195121954], "7/12/2016": [48.35, -0.0051440329218107], "7/13/2016": [47.85, -0.010341261633919338], "7/14/2016": [48.0, 0.0031347962382444845], "7/15/2016": [49.2, 0.02500000000000006], "7/18/2016": [49.6, 0.00813008130081298], "7/19/2016": [49.2, -0.008064516129032228], "7/20/2016": [49.05, -0.0030487804878049935], "7/21/2016": [49.6, 0.011213047910295704], "7/22/2016": [48.95, -0.01310483870967739], "7/25/2016": [47.85, -0.022471910112359578], "7/26/2016": [48.05, 0.004179728317659263], "7/27/2016": [48.0, -0.0010405827263266839], "7/28/2016": [47.55, -0.009375000000000059], "7/29/2016": [46.9, -0.01366982124079913], "8/1/2016": [46.8, -0.0021321961620469386], "8/2/2016": [49.05, 0.04807692307692308], "8/3/2016": [48.9, -0.0030581039755351396], "8/4/2016": [49.25, 0.007157464212678966], "8/5/2016": [49.55, 0.006091370558375577], "8/8/2016": [53.8, 0.08577194752774975], "8/9/2016": [53.2, -0.011152416356877219], "8/10/2016": [58.5, 0.09962406015037588], "8/11/2016": [60.1, 0.027350427350427375], "8/12/2016": [58.5, -0.026622296173044947], "8/15/2016": [52.8, -0.09743589743589748], "8/16/2016": [54.5, 0.03219696969696975], "8/17/2016": [54.7, 0.003669724770642254], "8/18/2016": [58.0, 0.06032906764168185], "8/19/2016": [59.1, 0.018965517241379334], "8/22/2016": [57.6, -0.025380710659898477], "8/23/2016": [57.8, 0.0034722222222221483], "8/24/2016": [57.3, -0.00865051903114187], "8/25/2016": [57.0, -0.005235602094240789], "8/26/2016": [57.5, 0.008771929824561403], "8/29/2016": [56.3, -0.020869565217391355], "8/30/2016": [56.6, 0.005328596802841994], "8/31/2016": [56.5, -0.001766784452296845], "9/1/2016": [58.1, 0.028318584070796484], "9/2/2016": [57.2, -0.015490533562822695], "9/5/2016": [58.4, 0.020979020979020904], "9/6/2016": [60.0, 0.02739726027397263], "9/7/2016": [60.0, 0.0], "9/8/2016": [59.5, -0.008333333333333333], "9/9/2016": [59.5, 0.0], "9/10/2016": [59.3, -0.003361344537815174], "9/12/2016": [59.8, 0.008431703204047217], "9/13/2016": [59.7, -0.0016722408026754903], "9/14/2016": [60.1, 0.0067001675041875805], "9/19/2016": [59.8, -0.0049916805324459945], "9/20/2016": [59.0, -0.013377926421404635], "9/21/2016": [58.7, -0.005084745762711816], "9/22/2016": [58.3, -0.006814310051107422], "9/23/2016": [58.9, 0.0102915951972556], "9/26/2016": [58.8, -0.0016977928692699733], "9/29/2016": [58.3, -0.008503401360544218], "9/30/2016": [58.6, 0.0051457975986278605], "10/3/2016": [58.7, 0.0017064846416382496], "10/4/2016": [59.6, 0.015332197614991458], "10/5/2016": [59.3, -0.0050335570469799374], "10/6/2016": [58.9, -0.00674536256323775], "10/7/2016": [59.3, 0.006791171477079772], "10/11/2016": [55.6, -0.06239460370994934], "10/12/2016": [55.8, 0.003597122302158197], "10/13/2016": [54.6, -0.021505376344085947], "10/14/2016": [52.0, -0.047619047619047644],