{"1/4/2016": [8.45, ""], "1/5/2016": [8.41, -0.004733727810650787], "1/6/2016": [8.4, -0.0011890606420927215], "1/7/2016": [8.28, -0.014285714285714403], "1/8/2016": [8.31, 0.003623188405797239], "1/11/2016": [8.24, -0.008423586040914595], "1/12/2016": [8.26, 0.0024271844660193657], "1/13/2016": [8.12, -0.01694915254237295], "1/14/2016": [8.08, -0.0049261083743841316], "1/15/2016": [8.0, -0.00990099009900991], "1/18/2016": [8.14, 0.01750000000000007], "1/19/2016": [8.13, -0.0012285012285012022], "1/20/2016": [8.0, -0.01599015990159911], "1/21/2016": [8.04, 0.004999999999999893], "1/22/2016": [8.06, 0.0024875621890548946], "1/25/2016": [8.12, 0.007444168734491156], "1/26/2016": [8.09, -0.003694581280788099], "1/27/2016": [8.17, 0.009888751545117438], "1/28/2016": [8.15, -0.0024479804161566185], "1/29/2016": [8.2, 0.006134969325153243], "1/30/2016": [8.31, 0.013414634146341612], "2/1/2016": [8.24, -0.008423586040914595], "2/2/2016": [8.28, 0.004854368932038731], "2/3/2016": [8.38, 0.012077294685990511], "2/15/2016": [8.38, 0.0], "2/16/2016": [8.53, 0.017899761336515344], "2/17/2016": [8.72, 0.02227432590855818], "2/18/2016": [8.79, 0.008027522935779645], "2/19/2016": [8.81, 0.0022753128555177875], "2/22/2016": [8.83, 0.002270147559591325], "2/23/2016": [8.94, 0.012457531143827794], "2/24/2016": [8.9, -0.004474272930648674], "2/25/2016": [8.89, -0.0011235955056179536], "2/26/2016": [8.89, 0.0], "3/1/2016": [9.0, 0.012373453318335143], "3/2/2016": [9.06, 0.006666666666666722], "3/3/2016": [9.07, 0.0011037527593818748], "3/4/2016": [9.11, 0.004410143329658119], "3/7/2016": [9.13, 0.0021953896816686446], "3/8/2016": [9.1, -0.0032858707557503982], "3/9/2016": [9.15, 0.005494505494505573], "3/10/2016": [9.2, 0.005464480874316823], "3/11/2016": [9.39, 0.02065217391304362], "3/14/2016": [9.88, 0.05218317358892441], "3/15/2016": [9.55, -0.03340080971659919], "3/16/2016": [9.8, 0.026178010471204185], "3/17/2016": [9.67, -0.013265306122449059], "3/18/2016": [9.78, 0.011375387797311213], "3/21/2016": [9.99, 0.021472392638036897], "3/22/2016": [9.88, -0.011011011011010954], "3/23/2016": [9.93, 0.005060728744939163], "3/24/2016": [9.85, -0.00805639476334341], "3/25/2016": [9.83, -0.002030456852791835], "3/28/2016": [9.78, -0.005086469989827132], "3/29/2016": [9.47, -0.0316973415132923], "3/30/2016": [9.53, 0.006335797254487721], "3/31/2016": [9.64, 0.01154249737670527], "4/1/2016": [9.66, 0.0020746887966804537], "4/6/2016": [9.67, 0.0010351966873705784], "4/7/2016": [9.55, -0.012409513960703125], "4/8/2016": [9.68, 0.013612565445026073], "4/11/2016": [9.7, 0.0020661157024792947], "4/12/2016": [9.52, -0.018556701030927807], "4/13/2016": [9.53, 0.0010504201680672045], "4/14/2016": [9.56, 0.0031479538300106125], "4/15/2016": [9.4, -0.01673640167364018], "4/18/2016": [9.48, 0.008510638297872348], "4/19/2016": [9.58, 0.010548523206751016], "4/20/2016": [9.52, -0.006263048016701514], "4/21/2016": [9.56, 0.0042016806722690045], "4/22/2016": [9.59, 0.0031380753138074645], "4/25/2016": [9.55, -0.004171011470281454], "4/26/2016": [9.62, 0.007329842931937016], "4/27/2016": [9.54, -0.008316008316008323], "4/28/2016": [9.51, -0.003144654088050248], "4/29/2016": [9.45, -0.00630914826498428], "5/3/2016": [9.39, -0.006349206349206215], "5/4/2016": [9.38, -0.0010649627263045567], "5/5/2016": [9.26, -0.012793176972281555], "5/6/2016": [9.29, 0.0032397408207342723], "5/9/2016": [9.25, -0.004305705059203353], "5/10/2016": [9.32, 0.007567567567567599], "5/11/2016": [9.35, 0.0032188841201716053], "5/12/2016": [9.3, -0.005347593582887587], "5/13/2016": [9.11, -0.020430107526881857], "5/16/2016": [9.07, -0.004390779363336899], "5/17/2016": [9.19, 0.013230429988974555], "5/18/2016": [9.29, 0.010881392818280702], "5/19/2016": [9.04, -0.026910656620021532], "5/20/2016": [9.07, 0.0033185840707965863], "5/23/2016": [9.23, 0.01764057331863287], "5/24/2016": [9.2, -0.003250270855904782], "5/25/2016": [9.21, 0.0010869565217393005], "5/26/2016": [9.2, -0.001085776330076174], "5/27/2016": [9.16, -0.004347826086956429], "5/30/2016": [9.14, -0.0021834061135370714], "5/31/2016": [9.22, 0.008752735229759306], "6/1/2016": [9.26, 0.004338394793926155], "6/2/2016": [9.23, -0.0032397408207342723], "6/3/2016": [9.16, -0.007583965330444234], "6/4/2016": [9.16, 0.0], "6/6/2016": [9.16, 0.0], "6/7/2016": [9.18, 0.0021834061135370714], "6/8/2016": [9.18, 0.0], "6/13/2016": [9.12, -0.006535947712418355], "6/14/2016": [9.1, -0.0021929824561403044], "6/15/2016": [9.1, 0.0], "6/16/2016": [9.1, 0.0], "6/17/2016": [9.07, -0.0032967032967032264], "6/20/2016": [9.1, 0.00330760749724359], "6/21/2016": [9.1, 0.0], "6/22/2016": [9.13, 0.0032967032967034216], "6/23/2016": [9.12, -0.001095290251916929], "6/24/2016": [9.16, 0.004385964912280803], "6/27/2016": [9.09, -0.0076419213973799435], "6/28/2016": [9.12, 0.00330033003300323], "6/29/2016": [9.2, 0.008771929824561412], "6/30/2016": [9.23, 0.003260869565217515], "7/1/2016": [9.24, 0.0010834236186348632], "7/4/2016": [9.3, 0.006493506493506547], "7/5/2016": [9.33, 0.0032258064516128343], "7/6/2016": [9.37, 0.004287245444801624], "7/7/2016": [9.35, -0.002134471718249688], "7/11/2016": [9.4, 0.0053475935828877766], "7/12/2016": [9.52, 0.012765957446808427], "7/13/2016": [9.62, 0.010504201680672232], "7/14/2016": [9.62, 0.0], "7/15/2016": [9.55, -0.007276507276507122], "7/18/2016": [9.63, 0.008376963350785346], "7/19/2016": [9.65, 0.002076843198338481], "7/20/2016": [9.66, 0.0010362694300517913], "7/21/2016": [9.72, 0.006211180124223654], "7/22/2016": [9.73, 0.0010288065843621179], "7/25/2016": [9.63, -0.010277492291880744], "7/26/2016": [9.64, 0.0010384215991692406], "7/27/2016": [9.65, 0.0010373443983402268], "7/28/2016": [9.65, 0.0], "7/29/2016": [9.56, -0.009326424870466306], "8/1/2016": [9.6, 0.004184100418409952], "8/2/2016": [9.59, -0.0010416666666666445], "8/3/2016": [9.55, -0.004171011470281454], "8/4/2016": [9.19, -0.037696335078534156], "8/5/2016": [9.27, 0.0087051142546246], "8/8/2016": [9.25, -0.0021574973031283254], "8/9/2016": [9.23, -0.0021621621621621162], "8/10/2016": [9.2, -0.003250270855904782], "8/11/2016": [9.17, -0.003260869565217322], "8/12/2016": [9.23, 0.006543075245365376], "8/15/2016": [9.23, 0.0], "8/16/2016": [9.17, -0.006500541711809371], "8/17/2016": [9.22, 0.005452562704471179], "8/18/2016": [9.25, 0.003253796095444616], "8/19/2016": [9.2, -0.005405405405405482], "8/22/2016": [9.11, -0.009782608695652159], "8/23/2016": [9.12, 0.0010976948408342247], "8/24/2016": [9.1, -0.0021929824561403044], "8/25/2016": [9.17, 0.007692307692307724], "8/26/2016": [9.25, 0.00872410032715377], "8/29/2016": [9.31, 0.00648648648648654], "8/30/2016": [9.32, 0.0010741138560687203], "8/31/2016": [9.36, 0.00429184549356214], "9/1/2016": [9.31, -0.005341880341880228], "9/2/2016": [9.32, 0.0010741138560687203], "9/5/2016": [9.53, 0.022532188841201617], "9/6/2016": [9.58, 0.0052465897166842305], "9/7/2016": [9.44, -0.014613778705636802], "9/8/2016": [9.45, 0.0010593220338982825], "9/9/2016": [9.48, 0.003174603174603295], "9/10/2016": [9.4, -0.008438818565400852], "9/12/2016": [9.43, 0.0031914893617020594], "9/13/2016": [9.48, 0.005302226935312907], "9/14/2016": [9.4, -0.008438818565400852], "9/19/2016": [9.41, 0.0010638297872340198], "9/20/2016": [9.41, 0.0], "9/21/2016": [9.52, 0.011689691817215667], "9/22/2016": [9.47, -0.005252100840336023], "9/23/2016": [9.5, 0.0031678986272438603], "9/26/2016": [9.53, 0.003157894736842038], "9/29/2016": [9.45, -0.008394543546694656], "9/30/2016": [9.74, 0.030687830687830788], "10/3/2016": [10.4, 0.06776180698151953], "10/4/2016": [10.4, 0.0], "10/5/2016": [10.45, 0.004807692307692205], "10/6/2016": [10.5, 0.004784688995215379], "10/7/2016": [10.55, 0.00476190476190483], "10/11/2016": [9.85, -0.06635071090047404], "10/12/2016": [9.84, -0.0010152284263959175], "10/13/2016": [10.1, 0.026422764227642254], "10/14/2016": [10.2, 0.009900990099009866], "10/17/2016": [10.1, -0.009803921568627416],