{"1/4/2016": [20.5, ""], "1/5/2016": [20.65, 0.007317073170731638], "1/6/2016": [20.65, 0.0], "1/7/2016": [20.0, -0.03147699757869243], "1/8/2016": [20.0, 0.0], "1/11/2016": [18.9, -0.05500000000000007], "1/12/2016": [18.3, -0.03174603174603163], "1/13/2016": [18.1, -0.01092896174863384], "1/14/2016": [18.0, -0.0055248618784531165], "1/15/2016": [18.05, 0.0027777777777778173], "1/18/2016": [18.05, 0.0], "1/19/2016": [18.05, 0.0], "1/20/2016": [17.6, -0.024930747922437633], "1/21/2016": [17.5, -0.005681818181818262], "1/22/2016": [17.6, 0.005714285714285796], "1/25/2016": [17.55, -0.002840909090909131], "1/26/2016": [17.65, 0.005698005698005576], "1/27/2016": [17.65, 0.0], "1/28/2016": [17.9, 0.0141643059490085], "1/29/2016": [17.85, -0.0027932960893853162], "1/30/2016": [18.2, 0.01960784313725478], "2/1/2016": [18.1, -0.005494505494505378], "2/2/2016": [18.1, 0.0], "2/3/2016": [17.8, -0.016574585635359153], "2/15/2016": [18.15, 0.019662921348314485], "2/16/2016": [18.2, 0.002754820936639158], "2/17/2016": [18.0, -0.01098901098901095], "2/18/2016": [18.1, 0.005555555555555635], "2/19/2016": [18.2, 0.0055248618784529205], "2/22/2016": [20.0, 0.09890109890109894], "2/23/2016": [19.8, -0.009999999999999964], "2/24/2016": [20.3, 0.025252525252525252], "2/25/2016": [20.35, 0.002463054187192153], "2/26/2016": [20.5, 0.007371007371007301], "3/1/2016": [20.6, 0.004878048780487874], "3/2/2016": [20.7, 0.004854368932038731], "3/3/2016": [20.6, -0.004830917874396033], "3/4/2016": [20.75, 0.007281553398058183], "3/7/2016": [20.75, 0.0], "3/8/2016": [20.7, -0.0024096385542169015], "3/9/2016": [20.65, -0.002415458937198102], "3/10/2016": [20.65, 0.0], "3/11/2016": [20.25, -0.01937046004842608], "3/14/2016": [19.55, -0.03456790123456786], "3/15/2016": [19.55, 0.0], "3/16/2016": [20.1, 0.028132992327365765], "3/17/2016": [20.25, 0.007462686567164108], "3/18/2016": [20.4, 0.0074074074074073374], "3/21/2016": [20.6, 0.009803921568627591], "3/22/2016": [20.7, 0.004854368932038731], "3/23/2016": [20.8, 0.004830917874396204], "3/24/2016": [20.65, -0.007211538461538563], "3/25/2016": [20.5, -0.007263922518159738], "3/28/2016": [20.55, 0.002439024390243937], "3/29/2016": [20.35, -0.009732360097323567], "3/30/2016": [19.95, -0.01965601965601976], "3/31/2016": [19.85, -0.005012531328320695], "4/1/2016": [19.5, -0.017632241813602085], "4/6/2016": [19.9, 0.02051282051282044], "4/7/2016": [19.45, -0.022613065326633132], "4/8/2016": [18.6, -0.04370179948586107], "4/11/2016": [17.6, -0.05376344086021505], "4/12/2016": [17.95, 0.019886363636363515], "4/13/2016": [17.9, -0.0027855153203343017], "4/14/2016": [17.65, -0.013966480446927375], "4/15/2016": [17.5, -0.008498583569405018], "4/18/2016": [17.5, 0.0], "4/19/2016": [17.45, -0.002857142857142898], "4/20/2016": [17.2, -0.014326647564469915], "4/21/2016": [17.25, 0.002906976744186088], "4/22/2016": [17.15, -0.005797101449275445], "4/25/2016": [17.25, 0.005830903790087547], "4/26/2016": [17.85, 0.03478260869565226], "4/27/2016": [17.5, -0.01960784313725498], "4/28/2016": [17.6, 0.005714285714285796], "4/29/2016": [17.55, -0.002840909090909131], "5/3/2016": [17.6, 0.0028490028490028895], "5/4/2016": [18.15, 0.031249999999999837], "5/5/2016": [18.2, 0.002754820936639158], "5/6/2016": [18.1, -0.005494505494505378], "5/9/2016": [18.05, -0.0027624309392265583], "5/10/2016": [18.45, 0.02216066481994452], "5/11/2016": [18.15, -0.016260162601626056], "5/12/2016": [17.85, -0.016528925619834555], "5/13/2016": [17.85, 0.0], "5/16/2016": [17.85, 0.0], "5/17/2016": [17.9, 0.002801120448179112], "5/18/2016": [17.75, -0.008379888268156346], "5/19/2016": [17.55, -0.011267605633802778], "5/20/2016": [17.45, -0.005698005698005779], "5/23/2016": [17.75, 0.01719197707736394], "5/24/2016": [17.95, 0.011267605633802778], "5/25/2016": [18.65, 0.038997214484679625], "5/26/2016": [18.95, 0.016085790884718537], "5/27/2016": [19.8, 0.04485488126649084], "5/30/2016": [19.55, -0.012626262626262626], "5/31/2016": [19.3, -0.01278772378516624], "6/1/2016": [19.8, 0.025906735751295335], "6/2/2016": [19.75, -0.002525252525252561], "6/3/2016": [19.5, -0.012658227848101266], "6/4/2016": [19.65, 0.007692307692307619], "6/6/2016": [20.05, 0.02035623409669222], "6/7/2016": [19.95, -0.0049875311720698964], "6/8/2016": [19.9, -0.002506265664160437], "6/13/2016": [19.75, -0.007537688442210985], "6/14/2016": [19.65, -0.005063291139240578], "6/15/2016": [19.3, -0.01781170483460549], "6/16/2016": [19.75, 0.023316062176165765], "6/17/2016": [19.7, -0.002531645569620289], "6/20/2016": [20.1, 0.02030456852791889], "6/21/2016": [19.8, -0.014925373134328393], "6/22/2016": [20.8, 0.050505050505050504], "6/23/2016": [20.95, 0.0072115384615383925], "6/24/2016": [21.05, 0.004773269689737538], "6/27/2016": [22.7, 0.0783847980997624], "6/28/2016": [22.9, 0.00881057268722464], "6/29/2016": [23.05, 0.006550218340611447], "6/30/2016": [22.9, -0.0065075921908894635], "7/1/2016": [22.3, -0.026200873362445323], "7/4/2016": [23.8, 0.06726457399103139], "7/5/2016": [23.6, -0.008403361344537785], "7/6/2016": [23.15, -0.01906779661016961], "7/7/2016": [23.0, -0.006479481641468622], "7/11/2016": [21.9, -0.0478260869565218], "7/12/2016": [22.15, 0.011415525114155252], "7/13/2016": [21.75, -0.01805869074492093], "7/14/2016": [21.9, 0.006896551724137866], "7/15/2016": [22.6, 0.03196347031963483], "7/18/2016": [21.95, -0.028761061946902748], "7/19/2016": [21.8, -0.006833712984054605], "7/20/2016": [20.8, -0.04587155963302752], "7/21/2016": [20.6, -0.009615384615384581], "7/22/2016": [20.5, -0.004854368932038904], "7/25/2016": [20.25, -0.012195121951219513], "7/26/2016": [20.55, 0.01481481481481485], "7/27/2016": [20.75, 0.009732360097323567], "7/28/2016": [20.1, -0.03132530120481921], "7/29/2016": [20.2, 0.004975124378109346], "8/1/2016": [20.2, 0.0], "8/2/2016": [20.2, 0.0], "8/3/2016": [20.1, -0.004950495049504845], "8/4/2016": [20.1, 0.0], "8/5/2016": [20.1, 0.0], "8/8/2016": [20.0, -0.004975124378109523], "8/9/2016": [20.05, 0.0025000000000000356], "8/10/2016": [19.75, -0.01496259351620951], "8/11/2016": [19.4, -0.017721518987341846], "8/12/2016": [19.25, -0.007731958762886525], "8/15/2016": [19.65, 0.020779220779220706], "8/16/2016": [19.6, -0.0025445292620863693], "8/17/2016": [19.65, 0.0025510204081631203], "8/18/2016": [19.55, -0.00508905852417292], "8/19/2016": [19.75, 0.010230179028132955], "8/22/2016": [19.8, 0.002531645569620289], "8/23/2016": [19.9, 0.0050505050505049425], "8/24/2016": [19.75, -0.007537688442210985], "8/25/2016": [19.75, 0.0], "8/26/2016": [19.55, -0.010126582278480976], "8/29/2016": [19.6, 0.0025575447570332843], "8/30/2016": [19.6, 0.0], "8/31/2016": [19.6, 0.0], "9/1/2016": [19.7, 0.005102040816326422], "9/2/2016": [21.65, 0.09898477157360402], "9/5/2016": [21.2, -0.020785219399538073], "9/6/2016": [21.5, 0.014150943396226448], "9/7/2016": [21.65, 0.006976744186046446], "9/8/2016": [21.35, -0.013856812933025273], "9/9/2016": [21.4, 0.002341920374707127], "9/10/2016": [21.5, 0.004672897196261749], "9/12/2016": [21.3, -0.009302325581395316], "9/13/2016": [21.4, 0.004694835680751073], "9/14/2016": [21.4, 0.0], "9/19/2016": [21.75, 0.016355140186915956], "9/20/2016": [21.8, 0.002298850574712676], "9/21/2016": [21.9, 0.0045871559633026545], "9/22/2016": [22.25, 0.015981735159817417], "9/23/2016": [22.55, 0.013483146067415762], "9/26/2016": [22.25, -0.013303769401330408], "9/29/2016": [22.75, 0.02247191011235955], "9/30/2016": [23.6, 0.037362637362637424], "10/3/2016": [22.75, -0.03601694915254243], "10/4/2016": [22.0, -0.03296703296703297], "10/5/2016": [21.5, -0.022727272727272728], "10/6/2016": [21.7, 0.009302325581395316], "10/7/2016": [21.3, -0.018433179723502238], "10/11/2016": [20.45, -0.03990610328638504], "10/12/2016": [20.2, -0.012224938875305624], "10/13/2016": [20.2, 0.0], "10/14/2016": [20.55, 0.017326732673267398], "10/17/2016": [20.65, 0.0048661800486616965], "10/18/2016": [20.7, 0.002421307506053303], "10/19/2016": [20.9, 0.009661835748792237],