{"1/4/2016": [37.6, ""], "1/5/2016": [36.0, -0.042553191489361736], "1/6/2016": [34.2, -0.04999999999999992], "1/7/2016": [32.0, -0.06432748538011704], "1/8/2016": [33.6, 0.050000000000000044], "1/11/2016": [31.7, -0.05654761904761911], "1/12/2016": [31.0, -0.022082018927444772], "1/13/2016": [32.25, 0.04032258064516129], "1/14/2016": [31.25, -0.031007751937984496], "1/15/2016": [31.2, -0.0016000000000000228], "1/18/2016": [33.6, 0.076923076923077], "1/19/2016": [33.8, 0.005952380952380825], "1/20/2016": [32.0, -0.0532544378698224], "1/21/2016": [31.65, -0.010937500000000044], "1/22/2016": [31.55, -0.003159557661927263], "1/25/2016": [32.1, 0.017432646592710006], "1/26/2016": [31.9, -0.006230529595015665], "1/27/2016": [31.5, -0.012539184952978013], "1/28/2016": [32.2, 0.022222222222222313], "1/29/2016": [33.2, 0.03105590062111801], "1/30/2016": [33.65, 0.01355421686746975], "2/1/2016": [32.65, -0.02971768202080238], "2/2/2016": [32.4, -0.007656967840735069], "2/3/2016": [31.65, -0.02314814814814815], "2/15/2016": [31.8, 0.004739336492891062], "2/16/2016": [32.9, 0.03459119496855339], "2/17/2016": [33.0, 0.0030395136778115935], "2/18/2016": [33.8, 0.024242424242424156], "2/19/2016": [35.6, 0.05325443786982262], "2/22/2016": [35.3, -0.008426966292134951], "2/23/2016": [34.9, -0.01133144475920676], "2/24/2016": [34.25, -0.018624641833810848], "2/25/2016": [35.4, 0.033576642335766384], "2/26/2016": [35.3, -0.002824858757062187], "3/1/2016": [35.25, -0.0014164305949007695], "3/2/2016": [38.75, 0.09929078014184398], "3/3/2016": [39.5, 0.01935483870967742], "3/4/2016": [39.5, 0.0], "3/7/2016": [40.5, 0.02531645569620253], "3/8/2016": [39.75, -0.018518518518518517], "3/9/2016": [41.3, 0.03899371069182383], "3/10/2016": [41.3, 0.0], "3/11/2016": [41.65, 0.008474576271186475], "3/14/2016": [40.9, -0.01800720288115246], "3/15/2016": [39.1, -0.04400977995110018], "3/16/2016": [39.9, 0.02046035805626591], "3/17/2016": [38.8, -0.027568922305764448], "3/18/2016": [39.0, 0.005154639175257806], "3/21/2016": [39.4, 0.01025641025641022], "3/22/2016": [38.9, -0.012690355329949238], "3/23/2016": [38.95, 0.0012853470437019091], "3/24/2016": [38.3, -0.016688061617458425], "3/25/2016": [38.35, 0.001305483028720738], "3/28/2016": [38.35, 0.0], "3/29/2016": [37.0, -0.03520208604954371], "3/30/2016": [37.8, 0.021621621621621546], "3/31/2016": [37.7, -0.0026455026455024953], "4/1/2016": [38.6, 0.0238726790450928], "4/6/2016": [38.4, -0.00518134715025914], "4/7/2016": [38.2, -0.005208333333333223], "4/8/2016": [38.25, 0.001308900523560135], "4/11/2016": [38.65, 0.010457516339869244], "4/12/2016": [36.7, -0.05045278137128062], "4/13/2016": [36.2, -0.013623978201634876], "4/14/2016": [36.25, 0.0013812154696131811], "4/15/2016": [36.4, 0.00413793103448272], "4/18/2016": [36.4, 0.0], "4/19/2016": [35.85, -0.015109890109890032], "4/20/2016": [34.0, -0.051603905160390554], "4/21/2016": [33.95, -0.0014705882352940341], "4/22/2016": [33.85, -0.002945508100147317], "4/25/2016": [34.1, 0.007385524372230428], "4/26/2016": [35.0, 0.0263929618768328], "4/27/2016": [35.0, 0.0], "4/28/2016": [34.6, -0.011428571428571389], "4/29/2016": [33.8, -0.023121387283237118], "5/3/2016": [33.45, -0.01035502958579865], "5/4/2016": [33.7, 0.007473841554559043], "5/5/2016": [34.55, 0.025222551928783213], "5/6/2016": [34.5, -0.001447178002894274], "5/9/2016": [34.0, -0.014492753623188406], "5/10/2016": [33.95, -0.0014705882352940341], "5/11/2016": [35.5, 0.04565537555228268], "5/12/2016": [34.8, -0.01971830985915501], "5/13/2016": [34.6, -0.005747126436781487], "5/16/2016": [34.65, 0.0014450867052022299], "5/17/2016": [35.15, 0.01443001443001443], "5/18/2016": [35.0, -0.004267425320056859], "5/19/2016": [34.0, -0.02857142857142857], "5/20/2016": [34.0, 0.0], "5/23/2016": [34.2, 0.005882352941176554], "5/24/2016": [34.4, 0.005847953216374144], "5/25/2016": [34.45, 0.0014534883720931473], "5/26/2016": [34.15, -0.008708272859216378], "5/27/2016": [34.3, 0.0043923865300146], "5/30/2016": [37.7, 0.09912536443148705], "5/31/2016": [37.35, -0.009283819628647251], "6/1/2016": [39.5, 0.05756358768406957], "6/2/2016": [39.0, -0.012658227848101266], "6/3/2016": [39.1, 0.0025641025641026005], "6/4/2016": [39.45, 0.008951406649616404], "6/6/2016": [39.1, -0.008871989860583051], "6/7/2016": [39.1, 0.0], "6/8/2016": [38.0, -0.028132992327365765], "6/13/2016": [37.15, -0.022368421052631617], "6/14/2016": [37.5, 0.009421265141319015], "6/15/2016": [37.85, 0.00933333333333337], "6/16/2016": [37.5, -0.00924702774108326], "6/17/2016": [38.15, 0.017333333333333294], "6/20/2016": [38.85, 0.018348623853211083], "6/21/2016": [38.45, -0.01029601029601026], "6/22/2016": [38.3, -0.003901170351105479], "6/23/2016": [37.0, -0.03394255874673622], "6/24/2016": [34.9, -0.056756756756756795], "6/27/2016": [36.6, 0.04871060171919779], "6/28/2016": [37.15, 0.015027322404371506], "6/29/2016": [37.4, 0.006729475100942127], "6/30/2016": [37.15, -0.0066844919786096255], "7/1/2016": [37.25, 0.002691790040376889], "7/4/2016": [37.4, 0.004026845637583855], "7/5/2016": [37.3, -0.0026737967914438883], "7/6/2016": [36.6, -0.01876675603217147], "7/7/2016": [36.5, -0.0027322404371585085], "7/11/2016": [36.7, 0.005479452054794599], "7/12/2016": [39.7, 0.08174386920980926], "7/13/2016": [39.0, -0.017632241813602085], "7/14/2016": [39.65, 0.016666666666666632], "7/15/2016": [42.9, 0.0819672131147541], "7/18/2016": [42.85, -0.0011655011655010994], "7/19/2016": [43.4, 0.01283547257876306], "7/20/2016": [42.75, -0.01497695852534559], "7/21/2016": [42.2, -0.012865497076023325], "7/22/2016": [42.7, 0.011848341232227487], "7/25/2016": [41.4, -0.030444964871194476], "7/26/2016": [41.05, -0.00845410628019327], "7/27/2016": [43.55, 0.06090133982947625], "7/28/2016": [42.75, -0.01836969001148099], "7/29/2016": [41.95, -0.018713450292397595], "8/1/2016": [41.9, -0.0011918951132301374], "8/2/2016": [43.35, 0.034606205250596725], "8/3/2016": [42.9, -0.010380622837370308], "8/4/2016": [45.15, 0.05244755244755245], "8/5/2016": [44.2, -0.02104097452934653], "8/8/2016": [44.4, 0.0045248868778279576], "8/9/2016": [42.5, -0.042792792792792765], "8/10/2016": [40.25, -0.052941176470588235], "8/11/2016": [41.65, 0.03478260869565214], "8/12/2016": [41.2, -0.010804321728691375], "8/15/2016": [41.3, 0.0024271844660192794], "8/16/2016": [41.5, 0.004842615012106606], "8/17/2016": [41.0, -0.012048192771084338], "8/18/2016": [41.3, 0.007317073170731638], "8/19/2016": [40.8, -0.012106537530266345], "8/22/2016": [40.05, -0.01838235294117647], "8/23/2016": [40.25, 0.004993757802746638], "8/24/2016": [41.25, 0.024844720496894408], "8/25/2016": [41.0, -0.006060606060606061], "8/26/2016": [40.7, -0.007317073170731638], "8/29/2016": [40.5, -0.004914004914004983], "8/30/2016": [41.15, 0.01604938271604935], "8/31/2016": [40.75, -0.009720534629404583], "9/1/2016": [40.6, -0.00368098159509199], "9/2/2016": [40.35, -0.006157635467980295], "9/5/2016": [40.3, -0.0012391573729864749], "9/6/2016": [40.7, 0.009925558312655229], "9/7/2016": [42.75, 0.05036855036855029], "9/8/2016": [43.3, 0.012865497076023325], "9/9/2016": [43.15, -0.0034642032332563182], "9/10/2016": [42.1, -0.024333719582850456], "9/12/2016": [41.9, -0.0047505938242280955], "9/13/2016": [43.3, 0.033412887828162256], "9/14/2016": [44.6, 0.03002309468822181], "9/19/2016": [44.6, 0.0], "9/20/2016": [45.05, 0.010089686098654613], "9/21/2016": [45.1, 0.0011098779134296175], "9/22/2016": [44.35, -0.01662971175166297], "9/23/2016": [44.35, 0.0], "9/26/2016": [43.4, -0.021420518602029377], "9/29/2016": [42.8, -0.013824884792626762], "9/30/2016": [42.3, -0.011682242990654207], "10/3/2016": [42.15, -0.0035460992907801084], "10/4/2016": [42.85, 0.01660735468564657], "10/5/2016": [42.75, -0.0023337222870478745], "10/6/2016": [42.75, 0.0], "10/7/2016": [42.9, 0.003508771929824528], "10/11/2016": [40.85, -0.04778554778554772], "10/12/2016": [40.85, 0.0], "10/13/2016": [40.3, -0.013463892288861794], "10/14/2016": [40.3, 0.0],