{"1/4/2016": [14.85, ""], "1/5/2016": [14.95, 0.00673400673400671], "1/6/2016": [14.35, -0.04013377926421403], "1/7/2016": [13.75, -0.041811846689895446], "1/8/2016": [14.0, 0.01818181818181818], "1/11/2016": [13.65, -0.024999999999999974], "1/12/2016": [13.15, -0.03663003663003663], "1/13/2016": [13.45, 0.022813688212927674], "1/14/2016": [13.35, -0.007434944237918189], "1/15/2016": [13.3, -0.0037453183520598453], "1/18/2016": [13.75, 0.033834586466165356], "1/19/2016": [14.2, 0.032727272727272674], "1/20/2016": [13.85, -0.02464788732394364], "1/21/2016": [13.9, 0.0036101083032491488], "1/22/2016": [13.85, -0.0035971223021583243], "1/25/2016": [14.05, 0.014440433212996467], "1/26/2016": [14.05, 0.0], "1/27/2016": [13.85, -0.014234875444839933], "1/28/2016": [14.0, 0.010830324909747318], "1/29/2016": [14.6, 0.04285714285714283], "1/30/2016": [15.0, 0.02739726027397263], "2/1/2016": [14.75, -0.016666666666666666], "2/2/2016": [14.8, 0.0033898305084746243], "2/3/2016": [14.5, -0.020270270270270316], "2/15/2016": [14.4, -0.006896551724137907], "2/16/2016": [15.05, 0.045138888888888916], "2/17/2016": [14.8, -0.01661129568106312], "2/18/2016": [14.9, 0.006756756756756733], "2/19/2016": [14.95, 0.0033557046979865056], "2/22/2016": [15.25, 0.020066889632107072], "2/23/2016": [15.15, -0.0065573770491803044], "2/24/2016": [15.0, -0.009900990099009924], "2/25/2016": [15.3, 0.02000000000000005], "2/26/2016": [15.25, -0.003267973856209197], "3/1/2016": [15.4, 0.009836065573770515], "3/2/2016": [15.5, 0.0064935064935064705], "3/3/2016": [15.4, -0.006451612903225784], "3/4/2016": [15.4, 0.0], "3/7/2016": [15.45, 0.0032467532467531776], "3/8/2016": [15.35, -0.00647249190938509], "3/9/2016": [15.35, 0.0], "3/10/2016": [15.4, 0.0032573289902280596], "3/11/2016": [14.85, -0.03571428571428576], "3/14/2016": [14.9, 0.003367003367003415], "3/15/2016": [14.85, -0.003355704697986625], "3/16/2016": [15.0, 0.010101010101010124], "3/17/2016": [14.8, -0.013333333333333286], "3/18/2016": [14.8, 0.0], "3/21/2016": [15.1, 0.0202702702702702], "3/22/2016": [14.9, -0.013245033112582735], "3/23/2016": [14.8, -0.00671140939597313], "3/24/2016": [14.9, 0.006756756756756733], "3/25/2016": [14.85, -0.003355704697986625], "3/28/2016": [15.0, 0.010101010101010124], "3/29/2016": [15.6, 0.03999999999999997], "3/30/2016": [15.6, 0.0], "3/31/2016": [16.0, 0.025641025641025664], "4/1/2016": [17.3, 0.08125000000000004], "4/6/2016": [16.9, -0.023121387283237118], "4/7/2016": [16.55, -0.02071005917159751], "4/8/2016": [16.45, -0.006042296072507639], "4/11/2016": [16.35, -0.006079027355622971], "4/12/2016": [16.1, -0.015290519877675839], "4/13/2016": [16.5, 0.024844720496894318], "4/14/2016": [16.35, -0.009090909090909005], "4/15/2016": [16.2, -0.009174311926605633], "4/18/2016": [16.0, -0.012345679012345635], "4/19/2016": [15.95, -0.0031250000000000444], "4/20/2016": [15.9, -0.0031347962382444476], "4/21/2016": [15.7, -0.012578616352201324], "4/22/2016": [15.3, -0.025477707006369338], "4/25/2016": [15.25, -0.003267973856209197], "4/26/2016": [15.6, 0.022950819672131126], "4/27/2016": [15.45, -0.009615384615384638], "4/28/2016": [15.45, 0.0], "4/29/2016": [15.25, -0.01294498381877018], "5/3/2016": [15.0, -0.01639344262295082], "5/4/2016": [14.9, -0.006666666666666643], "5/5/2016": [15.1, 0.01342281879194626], "5/6/2016": [14.85, -0.016556291390728478], "5/9/2016": [13.95, -0.06060606060606063], "5/10/2016": [13.95, 0.0], "5/11/2016": [15.3, 0.0967741935483872], "5/12/2016": [14.95, -0.022875816993464144], "5/13/2016": [14.7, -0.016722408026755852], "5/16/2016": [14.9, 0.01360544217687082], "5/17/2016": [15.25, 0.023489932885906017], "5/18/2016": [15.05, -0.013114754098360609], "5/19/2016": [14.75, -0.019933554817275795], "5/20/2016": [14.8, 0.0033898305084746243], "5/23/2016": [15.3, 0.03378378378378378], "5/24/2016": [16.1, 0.05228758169934645], "5/25/2016": [16.0, -0.0062111801242236905], "5/26/2016": [16.05, 0.0031250000000000444], "5/27/2016": [16.2, 0.009345794392523275], "5/30/2016": [16.35, 0.00925925925925939], "5/31/2016": [16.55, 0.012232415902140628], "6/1/2016": [16.85, 0.018126888217522702], "6/2/2016": [16.4, -0.0267062314540061], "6/3/2016": [16.25, -0.009146341463414549], "6/4/2016": [16.4, 0.009230769230769143], "6/6/2016": [16.8, 0.024390243902439157], "6/7/2016": [16.7, -0.005952380952381037], "6/8/2016": [16.7, 0.0], "6/13/2016": [16.3, -0.023952095808383148], "6/14/2016": [16.3, 0.0], "6/15/2016": [16.35, 0.0030674846625767306], "6/16/2016": [16.25, -0.006116207951070423], "6/17/2016": [16.4, 0.009230769230769143], "6/20/2016": [16.4, 0.0], "6/21/2016": [16.4, 0.0], "6/22/2016": [16.5, 0.006097560975609843], "6/23/2016": [16.4, -0.0060606060606061465], "6/24/2016": [16.0, -0.02439024390243894], "6/27/2016": [16.0, 0.0], "6/28/2016": [15.85, -0.009375000000000022], "6/29/2016": [16.05, 0.012618296529968522], "6/30/2016": [16.2, 0.009345794392523275], "7/1/2016": [16.05, -0.009259259259259172], "7/4/2016": [16.05, 0.0], "7/5/2016": [15.9, -0.009345794392523386], "7/6/2016": [15.85, -0.003144654088050359], "7/7/2016": [15.85, 0.0], "7/11/2016": [16.05, 0.012618296529968522], "7/12/2016": [16.2, 0.009345794392523275], "7/13/2016": [16.05, -0.009259259259259172], "7/14/2016": [16.4, 0.021806853582554384], "7/15/2016": [16.4, 0.0], "7/18/2016": [16.5, 0.006097560975609843], "7/19/2016": [16.6, 0.0060606060606061465], "7/20/2016": [16.65, 0.0030120481927709128], "7/21/2016": [16.8, 0.009009009009009137], "7/22/2016": [16.85, 0.0029761904761905185], "7/25/2016": [17.0, 0.008902077151335227], "7/26/2016": [16.85, -0.008823529411764622], "7/27/2016": [16.95, 0.00593471810089008], "7/28/2016": [16.95, 0.0], "7/29/2016": [17.1, 0.00884955752212402], "8/1/2016": [17.25, 0.00877192982456132], "8/2/2016": [17.3, 0.0028985507246377224], "8/3/2016": [17.45, 0.00867052023121379], "8/4/2016": [17.5, 0.0028653295128940235], "8/5/2016": [17.4, -0.005714285714285796], "8/8/2016": [17.8, 0.02298850574712656], "8/9/2016": [17.5, -0.0168539325842697], "8/10/2016": [17.45, -0.002857142857142898], "8/11/2016": [17.25, -0.011461318051575891], "8/12/2016": [17.3, 0.0028985507246377224], "8/15/2016": [17.25, -0.0028901734104046653], "8/16/2016": [17.3, 0.0028985507246377224], "8/17/2016": [17.15, -0.008670520231213995], "8/18/2016": [17.2, 0.0029154518950437734], "8/19/2016": [17.3, 0.005813953488372176], "8/22/2016": [17.4, 0.005780346820809125], "8/23/2016": [17.6, 0.011494252873563383], "8/24/2016": [17.55, -0.002840909090909131], "8/25/2016": [17.5, -0.0028490028490028895], "8/26/2016": [17.45, -0.002857142857142898], "8/29/2016": [17.4, -0.0028653295128940235], "8/30/2016": [17.3, -0.005747126436781487], "8/31/2016": [17.2, -0.005780346820809331], "9/1/2016": [17.15, -0.002906976744186088], "9/2/2016": [16.95, -0.011661807580174887], "9/5/2016": [17.2, 0.014749262536873156], "9/6/2016": [17.2, 0.0], "9/7/2016": [17.35, 0.008720930232558264], "9/8/2016": [17.5, 0.008645533141210292], "9/9/2016": [17.5, 0.0], "9/10/2016": [17.35, -0.00857142857142849], "9/12/2016": [17.25, -0.005763688760806998], "9/13/2016": [17.3, 0.0028985507246377224], "9/14/2016": [17.4, 0.005780346820809125], "9/19/2016": [17.85, 0.025862068965517408], "9/20/2016": [17.7, -0.008403361344537934], "9/21/2016": [17.7, 0.0], "9/22/2016": [17.7, 0.0], "9/23/2016": [17.7, 0.0], "9/26/2016": [17.7, 0.0], "9/29/2016": [17.7, 0.0], "9/30/2016": [17.7, 0.0], "10/3/2016": [19.2, 0.08474576271186442], "10/4/2016": [19.35, 0.007812500000000111], "10/5/2016": [18.8, -0.028423772609819157], "10/6/2016": [18.75, -0.002659574468085144], "10/7/2016": [18.4, -0.01866666666666674], "10/11/2016": [17.85, -0.029891304347825935], "10/12/2016": [17.95, 0.005602240896358424], "10/13/2016": [17.9, -0.0027855153203343017], "10/14/2016": [17.5, -0.02234636871508372], "10/17/2016": [17.55, 0.002857142857142898], "10/18/2016": [17.55, 0.0], "10/19/2016": [17.65, 0.005698005698005576], "10/20/2016": [17.85, 0.01133144475920696],