{"1/4/2016": [15.75, ""], "1/5/2016": [15.7, -0.0031746031746032197], "1/6/2016": [15.65, -0.0031847133757961104], "1/7/2016": [15.45, -0.01277955271565502], "1/8/2016": [15.55, 0.0064724919093852055], "1/11/2016": [15.35, -0.012861736334405212], "1/12/2016": [15.45, 0.006514657980456003], "1/13/2016": [15.5, 0.0032362459546926028], "1/14/2016": [15.3, -0.012903225806451568], "1/15/2016": [15.2, -0.006535947712418394], "1/18/2016": [15.35, 0.009868421052631603], "1/19/2016": [15.35, 0.0], "1/20/2016": [15.25, -0.006514657980456003], "1/21/2016": [15.2, -0.0032786885245902103], "1/22/2016": [15.15, -0.0032894736842104563], "1/25/2016": [15.6, 0.029702970297029656], "1/26/2016": [15.95, 0.022435897435897415], "1/27/2016": [15.9, -0.0031347962382444476], "1/28/2016": [15.7, -0.012578616352201324], "1/29/2016": [15.55, -0.009554140127388444], "1/30/2016": [15.75, 0.012861736334405098], "2/1/2016": [15.65, -0.006349206349206327], "2/2/2016": [15.7, 0.00319488817891367], "2/3/2016": [15.7, 0.0], "2/15/2016": [15.7, 0.0], "2/16/2016": [15.9, 0.012738853503184782], "2/17/2016": [15.95, 0.0031446540880502474], "2/18/2016": [16.15, 0.012539184952978013], "2/19/2016": [16.15, 0.0], "2/22/2016": [16.15, 0.0], "2/23/2016": [16.2, 0.003095975232198187], "2/24/2016": [16.1, -0.006172839506172708], "2/25/2016": [16.2, 0.006211180124223469], "2/26/2016": [16.1, -0.006172839506172708], "3/1/2016": [16.05, -0.0031055900621118453], "3/2/2016": [16.2, 0.009345794392523275], "3/3/2016": [16.35, 0.00925925925925939], "3/4/2016": [16.35, 0.0], "3/7/2016": [16.25, -0.006116207951070423], "3/8/2016": [16.25, 0.0], "3/9/2016": [16.25, 0.0], "3/10/2016": [16.3, 0.0030769230769231207], "3/11/2016": [16.3, 0.0], "3/14/2016": [16.4, 0.006134969325153243], "3/15/2016": [16.2, -0.01219512195121947], "3/16/2016": [16.2, 0.0], "3/17/2016": [16.25, 0.003086419753086464], "3/18/2016": [16.2, -0.0030769230769231207], "3/21/2016": [16.2, 0.0], "3/22/2016": [16.3, 0.006172839506172928], "3/23/2016": [16.4, 0.006134969325153243], "3/24/2016": [16.7, 0.018292682926829312], "3/25/2016": [16.55, -0.008982035928143627], "3/28/2016": [16.25, -0.018126888217522702], "3/29/2016": [16.2, -0.0030769230769231207], "3/30/2016": [16.5, 0.018518518518518563], "3/31/2016": [16.55, 0.0030303030303030732], "4/1/2016": [16.55, 0.0], "4/6/2016": [16.4, -0.009063444108761459], "4/7/2016": [16.5, 0.006097560975609843], "4/8/2016": [16.6, 0.0060606060606061465], "4/11/2016": [16.65, 0.0030120481927709128], "4/12/2016": [16.65, 0.0], "4/13/2016": [17.05, 0.024024024024024156], "4/14/2016": [16.9, -0.008797653958944406], "4/15/2016": [16.95, 0.002958579881656847], "4/18/2016": [17.1, 0.00884955752212402], "4/19/2016": [16.95, -0.008771929824561528], "4/20/2016": [16.85, -0.005899705014749137], "4/21/2016": [16.85, 0.0], "4/22/2016": [16.7, -0.008902077151335437], "4/25/2016": [16.7, 0.0], "4/26/2016": [16.85, 0.00898203592814384], "4/27/2016": [16.7, -0.008902077151335437], "4/28/2016": [16.8, 0.005988023952095894], "4/29/2016": [16.7, -0.005952380952381037], "5/3/2016": [16.6, -0.005988023952095681], "5/4/2016": [16.5, -0.006024096385542254], "5/5/2016": [16.6, 0.0060606060606061465], "5/6/2016": [16.55, -0.003012048192771127], "5/9/2016": [16.7, 0.009063444108761243], "5/10/2016": [16.6, -0.005988023952095681], "5/11/2016": [16.5, -0.006024096385542254], "5/12/2016": [16.5, 0.0], "5/13/2016": [16.5, 0.0], "5/16/2016": [16.5, 0.0], "5/17/2016": [16.6, 0.0060606060606061465], "5/18/2016": [16.6, 0.0], "5/19/2016": [16.55, -0.003012048192771127], "5/20/2016": [16.55, 0.0], "5/23/2016": [16.7, 0.009063444108761243], "5/24/2016": [16.7, 0.0], "5/25/2016": [16.75, 0.002994011976047947], "5/26/2016": [17.0, 0.014925373134328358], "5/27/2016": [17.0, 0.0], "5/30/2016": [17.05, 0.002941176470588277], "5/31/2016": [17.05, 0.0], "6/1/2016": [17.15, 0.005865102639296063], "6/2/2016": [17.15, 0.0], "6/3/2016": [17.1, -0.0029154518950435665], "6/4/2016": [17.05, -0.002923976608187176], "6/6/2016": [17.05, 0.0], "6/7/2016": [17.05, 0.0], "6/8/2016": [17.0, -0.0029325513196481355], "6/13/2016": [17.05, 0.002941176470588277], "6/14/2016": [17.0, -0.0029325513196481355], "6/15/2016": [16.95, -0.002941176470588277], "6/16/2016": [16.9, -0.0029498525073746733], "6/17/2016": [16.9, 0.0], "6/20/2016": [16.9, 0.0], "6/21/2016": [16.9, 0.0], "6/22/2016": [16.95, 0.002958579881656847], "6/23/2016": [17.0, 0.0029498525073746733], "6/24/2016": [16.7, -0.017647058823529453], "6/27/2016": [16.9, 0.011976047904191574], "6/28/2016": [16.8, -0.0059171597633134836], "6/29/2016": [16.95, 0.008928571428571343], "6/30/2016": [17.1, 0.00884955752212402], "7/1/2016": [17.25, 0.00877192982456132], "7/4/2016": [17.25, 0.0], "7/5/2016": [17.3, 0.0028985507246377224], "7/6/2016": [17.15, -0.008670520231213995], "7/7/2016": [17.25, 0.005830903790087547], "7/11/2016": [17.55, 0.01739130434782613], "7/12/2016": [17.55, 0.0], "7/13/2016": [17.45, -0.005698005698005779], "7/14/2016": [17.5, 0.0028653295128940235], "7/15/2016": [17.6, 0.005714285714285796], "7/18/2016": [17.8, 0.011363636363636322], "7/19/2016": [17.85, 0.0028089887640449836], "7/20/2016": [17.85, 0.0], "7/21/2016": [17.85, 0.0], "7/22/2016": [17.95, 0.005602240896358424], "7/25/2016": [16.5, -0.08077994428969355], "7/26/2016": [16.35, -0.009090909090909005], "7/27/2016": [16.35, 0.0], "7/28/2016": [16.35, 0.0], "7/29/2016": [16.3, -0.0030581039755352116], "8/1/2016": [16.5, 0.012269938650306704], "8/2/2016": [16.5, 0.0], "8/3/2016": [16.35, -0.009090909090909005], "8/4/2016": [16.35, 0.0], "8/5/2016": [16.4, 0.003058103975534994], "8/8/2016": [16.35, -0.003048780487804705], "8/9/2016": [16.25, -0.006116207951070423], "8/10/2016": [16.3, 0.0030769230769231207], "8/11/2016": [16.3, 0.0], "8/12/2016": [16.35, 0.0030674846625767306], "8/15/2016": [16.2, -0.009174311926605633], "8/16/2016": [16.25, 0.003086419753086464], "8/17/2016": [16.55, 0.018461538461538505], "8/18/2016": [16.4, -0.009063444108761459], "8/19/2016": [16.35, -0.003048780487804705], "8/22/2016": [16.35, 0.0], "8/23/2016": [16.4, 0.003058103975534994], "8/24/2016": [16.45, 0.0030487804878049215], "8/25/2016": [16.3, -0.009118541033434565], "8/26/2016": [16.4, 0.006134969325153243], "8/29/2016": [16.35, -0.003048780487804705], "8/30/2016": [16.4, 0.003058103975534994], "8/31/2016": [16.35, -0.003048780487804705], "9/1/2016": [16.4, 0.003058103975534994], "9/2/2016": [16.35, -0.003048780487804705], "9/5/2016": [16.35, 0.0], "9/6/2016": [16.35, 0.0], "9/7/2016": [16.5, 0.009174311926605417], "9/8/2016": [16.6, 0.0060606060606061465], "9/9/2016": [16.6, 0.0], "9/10/2016": [16.6, 0.0], "9/12/2016": [16.55, -0.003012048192771127], "9/13/2016": [16.5, -0.0030211480362538194], "9/14/2016": [16.45, -0.0030303030303030732], "9/19/2016": [16.6, 0.00911854103343478], "9/20/2016": [16.55, -0.003012048192771127], "9/21/2016": [16.6, 0.0030211480362538194], "9/22/2016": [16.65, 0.0030120481927709128], "9/23/2016": [16.55, -0.0060060060060058785], "9/26/2016": [16.55, 0.0], "9/29/2016": [16.5, -0.0030211480362538194], "9/30/2016": [16.5, 0.0], "10/3/2016": [16.5, 0.0], "10/4/2016": [16.6, 0.0060606060606061465], "10/5/2016": [16.7, 0.00602409638554204], "10/6/2016": [16.55, -0.008982035928143627], "10/7/2016": [16.55, 0.0], "10/11/2016": [16.5, -0.0030211480362538194], "10/12/2016": [16.45, -0.0030303030303030732], "10/13/2016": [16.5, 0.0030395136778115935], "10/14/2016": [16.4, -0.0060606060606061465], "10/17/2016": [16.4, 0.0], "10/18/2016": [16.4, 0.0], "10/19/2016": [16.5, 0.006097560975609843], "10/20/2016": [16.5, 0.0], "10/21/2016": [16.45, -0.0030303030303030732], "10/24/2016": [16.45, 0.0], "10/25/2016": [16.5, 0.0030395136778115935], "10/26/2016": [16.45, -0.0030303030303030732], "10/27/2016": [16.5, 0.0030395136778115935], "10/28/2016": [16.5, 0.0], "10/31/2016": [16.5, 0.0], "11/1/2016": [16.5, 0.0], "11/2/2016": [16.35, -0.009090909090909005], "11/3/2016": [16.3, -0.0030581039755352116],