{"1/4/2016": [7.12, ""], "1/5/2016": [7.11, -0.001404494382022442], "1/6/2016": [6.9, -0.029535864978902947], "1/7/2016": [6.72, -0.026086956521739216], "1/8/2016": [6.73, 0.0014880952380953386], "1/11/2016": [6.6, -0.01931649331352166], "1/12/2016": [6.54, -0.009090909090909031], "1/13/2016": [6.64, 0.015290519877675787], "1/14/2016": [6.5, -0.021084337349397544], "1/15/2016": [6.47, -0.004615384615384654], "1/18/2016": [6.62, 0.02318392581143746], "1/19/2016": [6.63, 0.001510574018126856], "1/20/2016": [6.51, -0.018099547511312233], "1/21/2016": [6.49, -0.003072196620583652], "1/22/2016": [6.56, 0.010785824345146286], "1/25/2016": [6.62, 0.00914634146341471], "1/26/2016": [6.65, 0.004531722054380702], "1/27/2016": [6.56, -0.013533834586466276], "1/28/2016": [6.66, 0.015243902439024473], "1/29/2016": [6.61, -0.0075075075075074806], "1/30/2016": [6.8, 0.028744326777609606], "2/1/2016": [6.83, 0.004411764705882389], "2/2/2016": [6.83, 0.0], "2/3/2016": [6.83, 0.0], "2/15/2016": [6.9, 0.010248901903367538], "2/16/2016": [7.03, 0.01884057971014491], "2/17/2016": [7.06, 0.0042674253200568075], "2/18/2016": [7.08, 0.0028328611898017653], "2/19/2016": [7.08, 0.0], "2/22/2016": [7.06, -0.002824858757062212], "2/23/2016": [7.09, 0.004249291784702585], "2/24/2016": [7.05, -0.0056417489421720785], "2/25/2016": [7.08, 0.004255319148936206], "2/26/2016": [7.16, 0.011299435028248598], "3/1/2016": [7.18, 0.002793296089385415], "3/2/2016": [7.19, 0.001392757660167225], "3/3/2016": [7.18, -0.0013908205841447392], "3/4/2016": [7.22, 0.005571030640668529], "3/7/2016": [7.27, 0.0069252077562326625], "3/8/2016": [7.27, 0.0], "3/9/2016": [7.21, -0.008253094910591419], "3/10/2016": [7.5, 0.04022191400832178], "3/11/2016": [7.77, 0.03599999999999994], "3/14/2016": [8.18, 0.05276705276705279], "3/15/2016": [7.87, -0.037897310513447385], "3/16/2016": [7.91, 0.0050825921219822155], "3/17/2016": [7.72, -0.02402022756005062], "3/18/2016": [7.38, -0.044041450777202056], "3/21/2016": [7.5, 0.016260162601626032], "3/22/2016": [7.43, -0.00933333333333337], "3/23/2016": [7.31, -0.016150740242261118], "3/24/2016": [7.19, -0.01641586867305051], "3/25/2016": [7.19, 0.0], "3/28/2016": [7.19, 0.0], "3/29/2016": [7.1, -0.012517385257301911], "3/30/2016": [7.45, 0.049295774647887404], "3/31/2016": [7.4, -0.00671140939597313], "4/1/2016": [7.42, 0.002702702702702645], "4/6/2016": [7.34, -0.010781671159029659], "4/7/2016": [7.24, -0.013623978201634829], "4/8/2016": [7.23, -0.0013812154696132301], "4/11/2016": [7.28, 0.006915629322268302], "4/12/2016": [7.2, -0.010989010989010999], "4/13/2016": [7.11, -0.01249999999999998], "4/14/2016": [7.13, 0.002812939521800221], "4/15/2016": [7.11, -0.0028050490883589864], "4/18/2016": [7.12, 0.0014064697609001105], "4/19/2016": [7.18, 0.008426966292134776], "4/20/2016": [7.11, -0.009749303621169833], "4/21/2016": [7.11, 0.0], "4/22/2016": [7.04, -0.009845288326301023], "4/25/2016": [6.96, -0.011363636363636374], "4/26/2016": [6.96, 0.0], "4/27/2016": [6.96, 0.0], "4/28/2016": [7.36, 0.05747126436781615], "4/29/2016": [7.31, -0.006793478260869661], "5/3/2016": [7.23, -0.0109439124487003], "5/4/2016": [7.15, -0.011065006915629332], "5/5/2016": [7.16, 0.0013986013986013687], "5/6/2016": [7.19, 0.004189944134078247], "5/9/2016": [7.18, -0.0013908205841447392], "5/10/2016": [7.2, 0.0027855153203343265], "5/11/2016": [7.16, -0.00555555555555556], "5/12/2016": [7.05, -0.015363128491620156], "5/13/2016": [7.06, 0.0014184397163120265], "5/16/2016": [7.05, -0.0014164305949008198], "5/17/2016": [7.13, 0.011347517730496465], "5/18/2016": [7.11, -0.0028050490883589864], "5/19/2016": [7.09, -0.002812939521800346], "5/20/2016": [7.17, 0.011283497884344157], "5/23/2016": [7.3, 0.018131101813110166], "5/24/2016": [7.25, -0.006849315068493127], "5/25/2016": [7.4, 0.02068965517241384], "5/26/2016": [7.74, 0.04594594594594593], "5/27/2016": [7.75, 0.0012919896640826599], "5/30/2016": [7.75, 0.0], "5/31/2016": [7.68, -0.009032258064516166], "6/1/2016": [7.75, 0.00911458333333337], "6/2/2016": [7.65, -0.012903225806451568], "6/3/2016": [7.53, -0.015686274509803935], "6/4/2016": [7.58, 0.006640106241699843], "6/6/2016": [7.55, -0.003957783641160982], "6/7/2016": [7.56, 0.00132450331125825], "6/8/2016": [7.58, 0.002645502645502707], "6/13/2016": [7.47, -0.014511873350923524], "6/14/2016": [7.56, 0.012048192771084319], "6/15/2016": [7.62, 0.007936507936508002], "6/16/2016": [7.61, -0.0013123359580052214], "6/17/2016": [7.8, 0.02496714848883042], "6/20/2016": [7.77, -0.003846153846153878], "6/21/2016": [7.78, 0.001287001287001374], "6/22/2016": [7.78, 0.0], "6/23/2016": [7.7, -0.010282776349614406], "6/24/2016": [7.37, -0.042857142857142864], "6/27/2016": [7.51, 0.018995929443690593], "6/28/2016": [7.48, -0.0039946737683088365], "6/29/2016": [7.48, 0.0], "6/30/2016": [7.59, 0.0147058823529411], "7/1/2016": [7.61, 0.0026350461133070437], "7/4/2016": [7.63, 0.0026281208935610475], "7/5/2016": [7.54, -0.011795543905635631], "7/6/2016": [7.47, -0.009283819628647253], "7/7/2016": [7.47, 0.0], "7/11/2016": [7.55, 0.01070950468540831], "7/12/2016": [7.61, 0.007947019867549735], "7/13/2016": [7.81, 0.026281208935610943], "7/14/2016": [7.89, 0.010243277848911662], "7/15/2016": [7.99, 0.012674271229404377], "7/18/2016": [8.01, 0.0025031289111388704], "7/19/2016": [8.01, 0.0], "7/20/2016": [7.88, -0.01622971285892633], "7/21/2016": [8.05, 0.02157360406091381], "7/22/2016": [8.03, -0.0024844720496896085], "7/25/2016": [8.2, 0.021170610211706097], "7/26/2016": [8.19, -0.0012195121951219254], "7/27/2016": [8.18, -0.001221001221001195], "7/28/2016": [8.33, 0.018337408312958478], "7/29/2016": [8.5, 0.020408163265306114], "8/1/2016": [8.8, 0.035294117647058906], "8/2/2016": [8.81, 0.001136363636363612], "8/3/2016": [9.02, 0.023836549375709316], "8/4/2016": [9.01, -0.0011086474501108411], "8/5/2016": [8.9, -0.012208657047724688], "8/8/2016": [9.03, 0.014606741573033596], "8/9/2016": [8.85, -0.01993355481727572], "8/10/2016": [8.55, -0.033898305084745645], "8/11/2016": [8.71, 0.018713450292397675], "8/12/2016": [8.66, -0.005740528128587911], "8/15/2016": [8.98, 0.036951501154734445], "8/16/2016": [8.89, -0.010022271714922032], "8/17/2016": [8.91, 0.002249718785151808], "8/18/2016": [8.87, -0.00448933782267126], "8/19/2016": [8.76, -0.012401352874859013], "8/22/2016": [8.59, -0.01940639269406392], "8/23/2016": [8.9, 0.03608847497089645], "8/24/2016": [8.82, -0.008988764044943828], "8/25/2016": [8.82, 0.0], "8/26/2016": [8.99, 0.019274376417233553], "8/29/2016": [9.0, 0.0011123470522802878], "8/30/2016": [9.62, 0.0688888888888888], "8/31/2016": [9.62, 0.0], "9/1/2016": [9.42, -0.02079002079002072], "9/2/2016": [9.24, -0.01910828025477704], "9/5/2016": [9.31, 0.007575757575757606], "9/6/2016": [9.79, 0.05155746509129953], "9/7/2016": [10.3, 0.052093973442288215], "9/8/2016": [10.35, 0.004854368932038731], "9/9/2016": [10.3, -0.004830917874396033], "9/10/2016": [10.1, -0.019417475728155442], "9/12/2016": [10.0, -0.009900990099009866], "9/13/2016": [9.74, -0.025999999999999978], "9/14/2016": [9.88, 0.01437371663244359], "9/19/2016": [9.82, -0.006072874493927175], "9/20/2016": [10.15, 0.03360488798370673], "9/21/2016": [10.0, -0.014778325123152743], "9/22/2016": [10.0, 0.0], "9/23/2016": [10.0, 0.0], "9/26/2016": [10.05, 0.005000000000000071], "9/29/2016": [10.0, -0.004975124378109523], "9/30/2016": [9.94, -0.0060000000000000496], "10/3/2016": [9.92, -0.002012072434607603], "10/4/2016": [10.1, 0.01814516129032255], "10/5/2016": [10.0, -0.009900990099009866], "10/6/2016": [10.1, 0.009999999999999964], "10/7/2016": [10.05, -0.004950495049504845], "10/11/2016": [10.15, 0.009950248756218869], "10/12/2016": [10.8, 0.0640394088669951], "10/13/2016": [10.7, -0.00925925925925939], "10/14/2016": [10.35, -0.032710280373831745], "10/17/2016": [10.6, 0.024154589371980676], "10/18/2016": [10.7, 0.00943396226415091], "10/19/2016": [10.6, -0.009345794392523333], "10/20/2016": [10.6, 0.0],