{"1/4/2016": [5.81, ""], "1/5/2016": [5.73, -0.013769363166953388], "1/6/2016": [5.52, -0.03664921465968601], "1/7/2016": [5.23, -0.05253623188405782], "1/8/2016": [5.4, 0.032504780114722735], "1/11/2016": [5.57, 0.031481481481481464], "1/12/2016": [5.6, 0.005385996409335612], "1/13/2016": [5.55, -0.008928571428571397], "1/14/2016": [5.56, 0.0018018018018017634], "1/15/2016": [5.56, 0.0], "1/18/2016": [5.86, 0.05395683453237423], "1/19/2016": [6.03, 0.029010238907849817], "1/20/2016": [5.99, -0.006633499170812609], "1/21/2016": [6.1, 0.01836393989983296], "1/22/2016": [6.18, 0.013114754098360668], "1/25/2016": [6.2, 0.0032362459546926314], "1/26/2016": [6.24, 0.006451612903225812], "1/27/2016": [6.2, -0.006410256410256416], "1/28/2016": [6.24, 0.006451612903225812], "1/29/2016": [6.29, 0.008012820512820484], "1/30/2016": [6.3, 0.00158982511923685], "2/1/2016": [6.31, 0.0015873015873015535], "2/2/2016": [6.2, -0.017432646592709895], "2/3/2016": [6.28, 0.012903225806451623], "2/15/2016": [6.37, 0.014331210191082779], "2/16/2016": [6.41, 0.006279434850863428], "2/17/2016": [6.44, 0.004680187207488338], "2/18/2016": [6.45, 0.0015527950310558673], "2/19/2016": [6.42, -0.0046511627906977125], "2/22/2016": [6.4, -0.0031152647975077217], "2/23/2016": [6.45, 0.007812499999999972], "2/24/2016": [6.47, 0.003100775193798383], "2/25/2016": [6.38, -0.013910355486862421], "2/26/2016": [6.34, -0.006269592476489034], "3/1/2016": [6.2, -0.022082018927444744], "3/2/2016": [6.24, 0.006451612903225812], "3/3/2016": [6.25, 0.0016025641025640682], "3/4/2016": [6.31, 0.009599999999999937], "3/7/2016": [6.45, 0.022187004754358253], "3/8/2016": [6.32, -0.020155038759689905], "3/9/2016": [6.5, 0.028481012658227802], "3/10/2016": [6.57, 0.010769230769230812], "3/11/2016": [7.0, 0.06544901065449006], "3/14/2016": [7.49, 0.07000000000000003], "3/15/2016": [7.45, -0.005340453938584784], "3/16/2016": [7.22, -0.030872483221476565], "3/17/2016": [7.25, 0.004155124653739647], "3/18/2016": [7.3, 0.006896551724137907], "3/21/2016": [7.22, -0.010958904109589052], "3/22/2016": [7.16, -0.008310249307479171], "3/23/2016": [7.14, -0.002793296089385539], "3/24/2016": [7.16, 0.0028011204481793364], "3/25/2016": [7.2, 0.005586592178770954], "3/28/2016": [7.21, 0.0013888888888888592], "3/29/2016": [7.16, -0.006934812760055454], "3/30/2016": [7.22, 0.00837988826815637], "3/31/2016": [7.22, 0.0], "4/1/2016": [7.23, 0.0013850415512466309], "4/6/2016": [7.2, -0.00414937759336103], "4/7/2016": [7.23, 0.004166666666666701], "4/8/2016": [7.24, 0.0013831258644536356], "4/11/2016": [7.5, 0.03591160220994472], "4/12/2016": [7.61, 0.01466666666666671], "4/13/2016": [7.58, -0.003942181340341688], "4/14/2016": [7.62, 0.0052770448548812715], "4/15/2016": [7.65, 0.003937007874015781], "4/18/2016": [7.7, 0.006535947712418277], "4/19/2016": [7.7, 0.0], "4/20/2016": [7.63, -0.009090909090909127], "4/21/2016": [7.76, 0.017038007863695925], "4/22/2016": [7.82, 0.007731958762886662], "4/25/2016": [7.85, 0.0038363171355497903], "4/26/2016": [7.86, 0.0012738853503185574], "4/27/2016": [7.79, -0.008905852417302835], "4/28/2016": [7.75, -0.005134788189987168], "4/29/2016": [7.72, -0.003870967741935516], "5/3/2016": [7.78, 0.007772020725388666], "5/4/2016": [7.81, 0.003856041131105316], "5/5/2016": [7.92, 0.014084507042253563], "5/6/2016": [7.92, 0.0], "5/9/2016": [7.96, 0.005050505050505055], "5/10/2016": [8.14, 0.022613065326633243], "5/11/2016": [8.1, -0.0049140049140050275], "5/12/2016": [7.8, -0.037037037037037014], "5/13/2016": [8.05, 0.032051282051282166], "5/16/2016": [8.03, -0.0024844720496896085], "5/17/2016": [8.04, 0.0012453300124532737], "5/18/2016": [7.84, -0.024875621890547178], "5/19/2016": [7.88, 0.005102040816326535], "5/20/2016": [7.94, 0.007614213197969607], "5/23/2016": [8.0, 0.0075566750629722425], "5/24/2016": [7.95, -0.006249999999999978], "5/25/2016": [7.97, 0.002515723270440198], "5/26/2016": [7.98, 0.0012547051442911763], "5/27/2016": [8.08, 0.01253132832080196], "5/30/2016": [8.07, -0.0012376237623762112], "5/31/2016": [7.9, -0.021065675340768267], "6/1/2016": [7.9, 0.0], "6/2/2016": [7.88, -0.0025316455696203113], "6/3/2016": [7.89, 0.0012690355329948969], "6/4/2016": [7.98, 0.011406844106463974], "6/6/2016": [7.95, -0.0037593984962406325], "6/7/2016": [7.89, -0.007547169811320817], "6/8/2016": [7.97, 0.010139416983523457], "6/13/2016": [7.95, -0.0025094102885821297], "6/14/2016": [7.97, 0.002515723270440198], "6/15/2016": [7.95, -0.0025094102885821297], "6/16/2016": [7.94, -0.001257861635220099], "6/17/2016": [7.8, -0.017632241813602085], "6/20/2016": [7.89, 0.01153846153846152], "6/21/2016": [7.89, 0.0], "6/22/2016": [7.85, -0.005069708491761729], "6/23/2016": [7.79, -0.007643312101910779], "6/24/2016": [7.5, -0.037227214377406934], "6/27/2016": [7.67, 0.022666666666666658], "6/28/2016": [7.84, 0.02216427640156453], "6/29/2016": [7.78, -0.007653061224489746], "6/30/2016": [7.74, -0.005141388174807203], "7/1/2016": [7.73, -0.0012919896640826599], "7/4/2016": [7.82, 0.01164294954721861], "7/5/2016": [7.65, -0.021739130434782598], "7/6/2016": [7.7, 0.006535947712418277], "7/7/2016": [7.63, -0.009090909090909127], "7/11/2016": [7.51, -0.01572739187418088], "7/12/2016": [7.55, 0.005326231691078567], "7/13/2016": [7.53, -0.0026490066225165], "7/14/2016": [7.48, -0.006640106241699843], "7/15/2016": [7.45, -0.004010695187165809], "7/18/2016": [7.28, -0.022818791946308713], "7/19/2016": [7.34, 0.008241758241758188], "7/20/2016": [7.32, -0.0027247956403269173], "7/21/2016": [7.29, -0.004098360655737739], "7/22/2016": [7.33, 0.005486968449931418], "7/25/2016": [7.27, -0.008185538881309753], "7/26/2016": [7.3, 0.00412654745529577], "7/27/2016": [7.55, 0.03424657534246575], "7/28/2016": [7.46, -0.011920529801324485], "7/29/2016": [7.38, -0.010723860589812341], "8/1/2016": [7.23, -0.020325203252032447], "8/2/2016": [7.18, -0.006915629322268424], "8/3/2016": [7.08, -0.01392757660167126], "8/4/2016": [7.07, -0.0014124293785310433], "8/5/2016": [7.07, 0.0], "8/8/2016": [7.0, -0.009900990099009941], "8/9/2016": [6.99, -0.0014285714285713982], "8/10/2016": [6.98, -0.0014306151645207133], "8/11/2016": [6.91, -0.01002865329512898], "8/12/2016": [6.9, -0.001447178002894325], "8/15/2016": [6.9, 0.0], "8/16/2016": [6.92, 0.002898550724637619], "8/17/2016": [7.24, 0.04624277456647403], "8/18/2016": [7.08, -0.022099447513812175], "8/19/2016": [6.71, -0.05225988700564973], "8/22/2016": [6.73, 0.0029806259314456725], "8/23/2016": [6.73, 0.0], "8/24/2016": [6.75, 0.0029717682020801743], "8/25/2016": [6.77, 0.0029629629629629], "8/26/2016": [6.77, 0.0], "8/29/2016": [6.87, 0.014771048744460936], "8/30/2016": [7.01, 0.02037845705967972], "8/31/2016": [7.16, 0.0213980028530671], "9/1/2016": [7.22, 0.00837988826815637], "9/2/2016": [7.07, -0.020775623268697987], "9/5/2016": [7.04, -0.004243281471004278], "9/6/2016": [7.03, -0.0014204545454545151], "9/7/2016": [7.01, -0.0028449502133713316], "9/8/2016": [6.93, -0.011412268188302436], "9/9/2016": [6.95, 0.002886002886002953], "9/10/2016": [7.04, 0.012949640287769763], "9/12/2016": [7.0, -0.005681818181818187], "9/13/2016": [6.92, -0.011428571428571439], "9/14/2016": [6.94, 0.002890173410404691], "9/19/2016": [6.9, -0.005763688760806921], "9/20/2016": [6.81, -0.013043478260869672], "9/21/2016": [6.99, 0.0264317180616741], "9/22/2016": [6.79, -0.028612303290414903], "9/23/2016": [6.63, -0.023564064801178224], "9/26/2016": [6.51, -0.018099547511312233], "9/29/2016": [6.5, -0.001536098310291826], "9/30/2016": [6.5, 0.0], "10/3/2016": [6.5, 0.0], "10/4/2016": [6.64, 0.02153846153846149], "10/5/2016": [6.45, -0.028614457831325227], "10/6/2016": [6.45, 0.0], "10/7/2016": [6.5, 0.007751937984496096], "10/11/2016": [6.5, 0.0], "10/12/2016": [6.48, -0.0030769230769230114], "10/13/2016": [6.45, -0.0046296296296296675], "10/14/2016": [6.33, -0.018604651162790715], "10/17/2016": [6.5, 0.026856240126382293], "10/18/2016": [6.5, 0.0], "10/19/2016": [6.4, -0.01538461538461533],