{"1/4/2016": [10.65, ""], "1/5/2016": [10.7, 0.004694835680751073], "1/6/2016": [10.7, 0.0], "1/7/2016": [10.35, -0.032710280373831745], "1/8/2016": [10.35, 0.0], "1/11/2016": [10.15, -0.019323671497584474], "1/12/2016": [10.05, -0.009852216748768438], "1/13/2016": [10.0, -0.004975124378109523], "1/14/2016": [9.97, -0.002999999999999936], "1/15/2016": [9.9, -0.007021063189568734], "1/18/2016": [9.97, 0.007070707070707099], "1/19/2016": [10.0, 0.003009027081243667], "1/20/2016": [10.0, 0.0], "1/21/2016": [9.99, -0.0009999999999999788], "1/22/2016": [10.2, 0.02102102102102093], "1/25/2016": [10.15, -0.004901960784313621], "1/26/2016": [10.0, -0.014778325123152743], "1/27/2016": [10.1, 0.009999999999999964], "1/28/2016": [10.35, 0.024752475247524754], "1/29/2016": [10.35, 0.0], "1/30/2016": [10.5, 0.01449275362318844], "2/1/2016": [10.6, 0.00952380952380949], "2/2/2016": [10.6, 0.0], "2/3/2016": [10.55, -0.004716981132075371], "2/15/2016": [10.5, -0.004739336492891062], "2/16/2016": [10.65, 0.01428571428571432], "2/17/2016": [10.55, -0.009389671361502313], "2/18/2016": [10.6, 0.004739336492890894], "2/19/2016": [10.65, 0.004716981132075539], "2/22/2016": [10.7, 0.004694835680751073], "2/23/2016": [10.85, 0.014018691588785081], "2/24/2016": [10.8, -0.004608294930875478], "2/25/2016": [10.8, 0.0], "2/26/2016": [10.85, 0.0046296296296295305], "3/1/2016": [11.05, 0.0184331797235024], "3/2/2016": [11.05, 0.0], "3/3/2016": [11.1, 0.0045248868778279576], "3/4/2016": [11.15, 0.004504504504504569], "3/7/2016": [11.35, 0.01793721973094164], "3/8/2016": [11.35, 0.0], "3/9/2016": [11.4, 0.004405286343612398], "3/10/2016": [11.4, 0.0], "3/11/2016": [11.4, 0.0], "3/14/2016": [11.45, 0.004385964912280608], "3/15/2016": [11.15, -0.026200873362445323], "3/16/2016": [11.25, 0.00896860986547082], "3/17/2016": [11.2, -0.004444444444444508], "3/18/2016": [11.25, 0.004464285714285778], "3/21/2016": [11.55, 0.02666666666666673], "3/22/2016": [11.5, -0.004329004329004391], "3/23/2016": [11.5, 0.0], "3/24/2016": [11.5, 0.0], "3/25/2016": [11.55, 0.004347826086956583], "3/28/2016": [11.45, -0.008658008658008781], "3/29/2016": [11.2, -0.02183406113537118], "3/30/2016": [11.25, 0.004464285714285778], "3/31/2016": [11.2, -0.004444444444444508], "4/1/2016": [11.25, 0.004464285714285778], "4/6/2016": [11.15, -0.008888888888888858], "4/7/2016": [11.2, 0.0044843049327353305], "4/8/2016": [11.15, -0.0044642857142856195], "4/11/2016": [11.15, 0.0], "4/12/2016": [11.2, 0.0044843049327353305], "4/13/2016": [11.25, 0.004464285714285778], "4/14/2016": [11.15, -0.008888888888888858], "4/15/2016": [11.2, 0.0044843049327353305], "4/18/2016": [11.2, 0.0], "4/19/2016": [11.2, 0.0], "4/20/2016": [11.05, -0.013392857142857017], "4/21/2016": [11.05, 0.0], "4/22/2016": [10.85, -0.018099547511312312], "4/25/2016": [10.85, 0.0], "4/26/2016": [10.85, 0.0], "4/27/2016": [10.8, -0.004608294930875478], "4/28/2016": [10.7, -0.00925925925925939], "4/29/2016": [10.5, -0.018691588785046665], "5/3/2016": [10.15, -0.0333333333333333], "5/4/2016": [10.0, -0.014778325123152743], "5/5/2016": [10.15, 0.015000000000000036], "5/6/2016": [10.35, 0.019704433497536877], "5/9/2016": [10.15, -0.019323671497584474], "5/10/2016": [10.15, 0.0], "5/11/2016": [10.1, -0.004926108374384306], "5/12/2016": [10.0, -0.009900990099009866], "5/13/2016": [9.95, -0.005000000000000071], "5/16/2016": [9.95, 0.0], "5/17/2016": [10.0, 0.005025125628140776], "5/18/2016": [10.0, 0.0], "5/19/2016": [10.0, 0.0], "5/20/2016": [10.05, 0.005000000000000071], "5/23/2016": [10.15, 0.009950248756218869], "5/24/2016": [10.15, 0.0], "5/25/2016": [10.2, 0.0049261083743841316], "5/26/2016": [10.2, 0.0], "5/27/2016": [10.2, 0.0], "5/30/2016": [10.15, -0.004901960784313621], "5/31/2016": [10.15, 0.0], "6/1/2016": [10.3, 0.014778325123152743], "6/2/2016": [10.2, -0.009708737864077808], "6/3/2016": [10.2, 0.0], "6/4/2016": [10.35, 0.014705882352941213], "6/6/2016": [10.3, -0.004830917874396033], "6/7/2016": [10.35, 0.004854368932038731], "6/8/2016": [10.3, -0.004830917874396033], "6/13/2016": [10.3, 0.0], "6/14/2016": [10.3, 0.0], "6/15/2016": [10.25, -0.004854368932038904], "6/16/2016": [10.2, -0.004878048780487874], "6/17/2016": [10.3, 0.009803921568627591], "6/20/2016": [10.3, 0.0], "6/21/2016": [10.25, -0.004854368932038904], "6/22/2016": [10.3, 0.004878048780487874], "6/23/2016": [10.3, 0.0], "6/24/2016": [10.1, -0.019417475728155442], "6/27/2016": [10.1, 0.0], "6/28/2016": [10.1, 0.0], "6/29/2016": [10.25, 0.014851485148514887], "6/30/2016": [10.3, 0.004878048780487874], "7/1/2016": [10.35, 0.004854368932038731], "7/4/2016": [10.35, 0.0], "7/5/2016": [10.35, 0.0], "7/6/2016": [10.25, -0.009661835748792237], "7/7/2016": [9.9, -0.0341463414634146], "7/11/2016": [10.05, 0.015151515151515187], "7/12/2016": [10.0, -0.004975124378109523], "7/13/2016": [10.1, 0.009999999999999964], "7/14/2016": [10.15, 0.004950495049505021], "7/15/2016": [10.15, 0.0], "7/18/2016": [10.25, 0.009852216748768438], "7/19/2016": [10.3, 0.004878048780487874], "7/20/2016": [10.2, -0.009708737864077808], "7/21/2016": [10.25, 0.004901960784313796], "7/22/2016": [10.25, 0.0], "7/25/2016": [10.2, -0.004878048780487874], "7/26/2016": [10.2, 0.0], "7/27/2016": [10.2, 0.0], "7/28/2016": [10.25, 0.004901960784313796], "7/29/2016": [10.3, 0.004878048780487874], "8/1/2016": [10.25, -0.004854368932038904], "8/2/2016": [10.25, 0.0], "8/3/2016": [10.2, -0.004878048780487874], "8/4/2016": [10.25, 0.004901960784313796], "8/5/2016": [10.3, 0.004878048780487874], "8/8/2016": [10.3, 0.0], "8/9/2016": [10.3, 0.0], "8/10/2016": [11.3, 0.0970873786407767], "8/11/2016": [11.4, 0.008849557522123862], "8/12/2016": [12.05, 0.057017543859649154], "8/15/2016": [12.05, 0.0], "8/16/2016": [11.9, -0.012448132780083016], "8/17/2016": [11.8, -0.008403361344537785], "8/18/2016": [12.0, 0.01694915254237282], "8/19/2016": [11.7, -0.02500000000000006], "8/22/2016": [11.65, -0.004273504273504183], "8/23/2016": [11.9, 0.02145922746781116], "8/24/2016": [12.0, 0.008403361344537785], "8/25/2016": [13.2, 0.09999999999999994], "8/26/2016": [12.8, -0.030303030303030196], "8/29/2016": [12.75, -0.0039062500000000555], "8/30/2016": [13.1, 0.027450980392156835], "8/31/2016": [13.0, -0.007633587786259515], "9/1/2016": [12.7, -0.02307692307692313], "9/2/2016": [12.25, -0.035433070866141676], "9/5/2016": [12.25, 0.0], "9/6/2016": [12.25, 0.0], "9/7/2016": [12.25, 0.0], "9/8/2016": [12.35, 0.00816326530612242], "9/9/2016": [12.7, 0.02834008097165989], "9/10/2016": [12.35, -0.027559055118110208], "9/12/2016": [12.3, -0.004048582995951331], "9/13/2016": [12.25, -0.004065040650406562], "9/14/2016": [12.15, -0.00816326530612242], "9/19/2016": [12.3, 0.012345679012345708], "9/20/2016": [12.7, 0.03252032520325192], "9/21/2016": [13.2, 0.03937007874015748], "9/22/2016": [12.95, -0.01893939393939394], "9/23/2016": [12.9, -0.003861003861003779], "9/26/2016": [12.95, 0.003875968992247979], "9/29/2016": [12.65, -0.023166023166023085], "9/30/2016": [12.55, -0.00790513833992092], "10/3/2016": [12.5, -0.003984063745019977], "10/4/2016": [12.65, 0.012000000000000028], "10/5/2016": [12.65, 0.0], "10/6/2016": [12.6, -0.00395256916996053], "10/7/2016": [12.4, -0.015873015873015817], "10/11/2016": [12.05, -0.028225806451612875], "10/12/2016": [12.0, -0.004149377593361055], "10/13/2016": [11.95, -0.004166666666666726], "10/14/2016": [11.8, -0.012552301255230007], "10/17/2016": [11.85, 0.00423728813559313], "10/18/2016": [11.85, 0.0], "10/19/2016": [12.0, 0.012658227848101297], "10/20/2016": [12.1, 0.008333333333333304], "10/21/2016": [11.95, -0.012396694214876063], "10/24/2016": [11.95, 0.0], "10/25/2016": [12.45, 0.041841004184100423], "10/26/2016": [12.45, 0.0], "10/27/2016": [12.5, 0.004016064257028169], "10/28/2016": [12.3, -0.015999999999999945], "10/31/2016": [12.05, -0.02032520325203252], "11/1/2016": [12.0, -0.004149377593361055], "11/2/2016": [11.8, -0.016666666666666607], "11/3/2016": [11.8, 0.0], "11/4/2016": [11.8, 0.0],