{"1/4/2016": [117.5, ""], "1/5/2016": [117.5, 0.0], "1/6/2016": [116.5, -0.00851063829787234], "1/7/2016": [105.0, -0.09871244635193133], "1/8/2016": [106.0, 0.009523809523809525], "1/11/2016": [102.5, -0.0330188679245283], "1/12/2016": [104.5, 0.01951219512195122], "1/13/2016": [108.5, 0.03827751196172249], "1/14/2016": [107.0, -0.013824884792626729], "1/15/2016": [105.5, -0.014018691588785047], "1/18/2016": [108.0, 0.023696682464454975], "1/19/2016": [110.0, 0.018518518518518517], "1/20/2016": [106.5, -0.031818181818181815], "1/21/2016": [108.0, 0.014084507042253521], "1/22/2016": [108.5, 0.004629629629629629], "1/25/2016": [111.0, 0.02304147465437788], "1/26/2016": [108.5, -0.02252252252252252], "1/27/2016": [108.5, 0.0], "1/28/2016": [109.0, 0.004608294930875576], "1/29/2016": [111.0, 0.01834862385321101], "1/30/2016": [111.5, 0.0045045045045045045], "2/1/2016": [112.5, 0.008968609865470852], "2/2/2016": [113.0, 0.0044444444444444444], "2/3/2016": [112.0, -0.008849557522123894], "2/15/2016": [112.5, 0.004464285714285714], "2/16/2016": [117.0, 0.04], "2/17/2016": [114.5, -0.021367521367521368], "2/18/2016": [116.5, 0.017467248908296942], "2/19/2016": [116.0, -0.004291845493562232], "2/22/2016": [118.5, 0.021551724137931036], "2/23/2016": [119.0, 0.004219409282700422], "2/24/2016": [118.5, -0.004201680672268907], "2/25/2016": [119.0, 0.004219409282700422], "2/26/2016": [120.0, 0.008403361344537815], "3/1/2016": [120.0, 0.0], "3/2/2016": [120.0, 0.0], "3/3/2016": [120.0, 0.0], "3/4/2016": [122.0, 0.016666666666666666], "3/7/2016": [120.5, -0.012295081967213115], "3/8/2016": [123.5, 0.024896265560165973], "3/9/2016": [125.5, 0.016194331983805668], "3/10/2016": [126.5, 0.00796812749003984], "3/11/2016": [127.0, 0.003952569169960474], "3/14/2016": [129.5, 0.01968503937007874], "3/15/2016": [125.5, -0.03088803088803089], "3/16/2016": [127.0, 0.01195219123505976], "3/17/2016": [124.5, -0.01968503937007874], "3/18/2016": [126.5, 0.01606425702811245], "3/21/2016": [126.0, -0.003952569169960474], "3/22/2016": [126.0, 0.0], "3/23/2016": [126.5, 0.003968253968253968], "3/24/2016": [126.5, 0.0], "3/25/2016": [127.0, 0.003952569169960474], "3/28/2016": [127.5, 0.003937007874015748], "3/29/2016": [125.0, -0.0196078431372549], "3/30/2016": [126.5, 0.012], "3/31/2016": [126.0, -0.003952569169960474], "4/1/2016": [124.0, -0.015873015873015872], "4/6/2016": [119.5, -0.036290322580645164], "4/7/2016": [120.0, 0.0041841004184100415], "4/8/2016": [120.0, 0.0], "4/11/2016": [118.5, -0.0125], "4/12/2016": [123.0, 0.0379746835443038], "4/13/2016": [126.5, 0.028455284552845527], "4/14/2016": [128.0, 0.011857707509881422], "4/15/2016": [134.0, 0.046875], "4/18/2016": [138.0, 0.029850746268656716], "4/19/2016": [138.0, 0.0], "4/20/2016": [137.5, -0.0036231884057971015], "4/21/2016": [144.0, 0.04727272727272727], "4/22/2016": [142.0, -0.013888888888888888], "4/25/2016": [140.0, -0.014084507042253521], "4/26/2016": [142.0, 0.014285714285714285], "4/27/2016": [148.0, 0.04225352112676056], "4/28/2016": [144.0, -0.02702702702702703], "4/29/2016": [141.0, -0.020833333333333332], "5/3/2016": [142.0, 0.0070921985815602835], "5/4/2016": [140.5, -0.01056338028169014], "5/5/2016": [140.0, -0.0035587188612099642], "5/6/2016": [142.0, 0.014285714285714285], "5/9/2016": [142.5, 0.0035211267605633804], "5/10/2016": [148.5, 0.042105263157894736], "5/11/2016": [149.5, 0.006734006734006734], "5/12/2016": [152.0, 0.016722408026755852], "5/13/2016": [152.0, 0.0], "5/16/2016": [149.0, -0.019736842105263157], "5/17/2016": [149.0, 0.0], "5/18/2016": [150.0, 0.006711409395973154], "5/19/2016": [150.5, 0.0033333333333333335], "5/20/2016": [150.5, 0.0], "5/23/2016": [156.0, 0.036544850498338874], "5/24/2016": [154.5, -0.009615384615384616], "5/25/2016": [155.5, 0.006472491909385114], "5/26/2016": [156.0, 0.003215434083601286], "5/27/2016": [154.0, -0.01282051282051282], "5/30/2016": [155.0, 0.006493506493506494], "5/31/2016": [155.5, 0.0032258064516129032], "6/1/2016": [153.0, -0.01607717041800643], "6/2/2016": [160.0, 0.0457516339869281], "6/3/2016": [160.0, 0.0], "6/4/2016": [159.5, -0.003125], "6/6/2016": [161.0, 0.009404388714733543], "6/7/2016": [163.0, 0.012422360248447204], "6/8/2016": [162.5, -0.003067484662576687], "6/13/2016": [157.0, -0.033846153846153845], "6/14/2016": [155.0, -0.012738853503184714], "6/15/2016": [155.0, 0.0], "6/16/2016": [152.0, -0.01935483870967742], "6/17/2016": [154.0, 0.013157894736842105], "6/20/2016": [153.0, -0.006493506493506494], "6/21/2016": [154.0, 0.006535947712418301], "6/22/2016": [156.0, 0.012987012987012988], "6/23/2016": [153.5, -0.016025641025641024], "6/24/2016": [149.5, -0.026058631921824105], "6/27/2016": [149.0, -0.0033444816053511705], "6/28/2016": [150.0, 0.006711409395973154], "6/29/2016": [150.0, 0.0], "6/30/2016": [149.5, -0.0033333333333333335], "7/1/2016": [152.5, 0.020066889632107024], "7/4/2016": [156.5, 0.02622950819672131], "7/5/2016": [156.0, -0.003194888178913738], "7/6/2016": [156.5, 0.003205128205128205], "7/7/2016": [155.5, -0.006389776357827476], "7/11/2016": [157.0, 0.00964630225080386], "7/12/2016": [153.0, -0.025477707006369428], "7/13/2016": [156.0, 0.0196078431372549], "7/14/2016": [155.5, -0.003205128205128205], "7/15/2016": [156.5, 0.006430868167202572], "7/18/2016": [156.5, 0.0], "7/19/2016": [154.0, -0.01597444089456869], "7/20/2016": [151.5, -0.016233766233766232], "7/21/2016": [155.5, 0.026402640264026403], "7/22/2016": [152.0, -0.022508038585209004], "7/25/2016": [149.0, -0.019736842105263157], "7/26/2016": [147.0, -0.013422818791946308], "7/27/2016": [148.5, 0.01020408163265306], "7/28/2016": [147.0, -0.010101010101010102], "7/29/2016": [147.0, 0.0], "8/1/2016": [147.5, 0.003401360544217687], "8/2/2016": [145.0, -0.01694915254237288], "8/3/2016": [145.0, 0.0], "8/4/2016": [145.0, 0.0], "8/5/2016": [148.0, 0.020689655172413793], "8/8/2016": [149.5, 0.010135135135135136], "8/9/2016": [143.0, -0.043478260869565216], "8/10/2016": [142.5, -0.0034965034965034965], "8/11/2016": [144.5, 0.014035087719298246], "8/12/2016": [144.0, -0.0034602076124567475], "8/15/2016": [144.0, 0.0], "8/16/2016": [143.0, -0.006944444444444444], "8/17/2016": [142.5, -0.0034965034965034965], "8/18/2016": [144.5, 0.014035087719298246], "8/19/2016": [144.5, 0.0], "8/22/2016": [143.5, -0.006920415224913495], "8/23/2016": [143.0, -0.003484320557491289], "8/24/2016": [143.0, 0.0], "8/25/2016": [144.0, 0.006993006993006993], "8/26/2016": [146.5, 0.017361111111111112], "8/29/2016": [144.5, -0.013651877133105802], "8/30/2016": [143.5, -0.006920415224913495], "8/31/2016": [141.5, -0.013937282229965157], "9/1/2016": [136.5, -0.0353356890459364], "9/2/2016": [134.0, -0.018315018315018316], "9/5/2016": [136.0, 0.014925373134328358], "9/6/2016": [141.5, 0.04044117647058824], "9/7/2016": [143.5, 0.014134275618374558], "9/8/2016": [145.5, 0.013937282229965157], "9/9/2016": [145.5, 0.0], "9/10/2016": [147.0, 0.010309278350515464], "9/12/2016": [148.5, 0.01020408163265306], "9/13/2016": [145.5, -0.020202020202020204], "9/14/2016": [145.5, 0.0], "9/19/2016": [149.0, 0.024054982817869417], "9/20/2016": [144.5, -0.030201342281879196], "9/21/2016": [149.0, 0.031141868512110725], "9/22/2016": [153.5, 0.030201342281879196], "9/23/2016": [156.5, 0.019543973941368076], "9/26/2016": [158.5, 0.012779552715654952], "9/29/2016": [156.5, -0.012618296529968454], "9/30/2016": [154.0, -0.01597444089456869], "10/3/2016": [158.5, 0.02922077922077922], "10/4/2016": [156.5, -0.012618296529968454], "10/5/2016": [160.0, 0.022364217252396165], "10/6/2016": [161.5, 0.009375], "10/7/2016": [163.0, 0.009287925696594427], "10/11/2016": [157.5, -0.03374233128834356], "10/12/2016": [156.0, -0.009523809523809525], "10/13/2016": [154.0, -0.01282051282051282], "10/14/2016": [149.5, -0.02922077922077922], "10/17/2016": [152.0, 0.016722408026755852], "10/18/2016": [155.0, 0.019736842105263157], "10/19/2016": [170.0, 0.0967741935483871], "10/20/2016": [171.5, 0.008823529411764706],