{"1/4/2016": [12.3, ""], "1/5/2016": [12.3, 0.0], "1/6/2016": [12.3, 0.0], "1/7/2016": [12.3, 0.0], "1/8/2016": [12.3, 0.0], "1/11/2016": [12.3, 0.0], "1/12/2016": [12.3, 0.0], "1/13/2016": [12.5, 0.01626016260162596], "1/14/2016": [11.9, -0.04799999999999997], "1/15/2016": [11.9, 0.0], "1/18/2016": [11.9, 0.0], "1/19/2016": [11.9, 0.0], "1/20/2016": [11.9, 0.0], "1/21/2016": [11.9, 0.0], "1/22/2016": [11.9, 0.0], "1/25/2016": [11.78, -0.010084033613445462], "1/26/2016": [11.78, 0.0], "1/27/2016": [11.78, 0.0], "1/28/2016": [11.98, 0.01697792869269958], "1/29/2016": [11.74, -0.020033388981636077], "1/30/2016": [11.74, 0.0], "2/1/2016": [11.74, 0.0], "2/2/2016": [11.74, 0.0], "2/3/2016": [11.74, 0.0], "2/15/2016": [11.74, 0.0], "2/16/2016": [12.19, 0.038330494037478645], "2/17/2016": [12.19, 0.0], "2/18/2016": [12.19, 0.0], "2/19/2016": [12.19, 0.0], "2/22/2016": [12.19, 0.0], "2/23/2016": [12.19, 0.0], "2/24/2016": [12.19, 0.0], "2/25/2016": [12.19, 0.0], "2/26/2016": [12.0, -0.015586546349466737], "3/1/2016": [12.2, 0.016666666666666607], "3/2/2016": [12.24, 0.00327868852459024], "3/3/2016": [12.24, 0.0], "3/4/2016": [12.25, 0.0008169934640522702], "3/7/2016": [12.5, 0.02040816326530612], "3/8/2016": [12.3, -0.015999999999999945], "3/9/2016": [12.3, 0.0], "3/10/2016": [12.3, 0.0], "3/11/2016": [13.35, 0.0853658536585365], "3/14/2016": [12.76, -0.04419475655430711], "3/15/2016": [13.0, 0.018808777429467103], "3/16/2016": [12.9, -0.007692307692307665], "3/17/2016": [13.0, 0.007751937984496096], "3/18/2016": [12.9, -0.007692307692307665], "3/21/2016": [12.9, 0.0], "3/22/2016": [12.8, -0.007751937984496096], "3/23/2016": [12.7, -0.007812500000000111], "3/24/2016": [12.73, 0.0023622047244095386], "3/25/2016": [12.5, -0.018067556952081728], "3/28/2016": [12.88, 0.030400000000000062], "3/29/2016": [12.93, 0.0038819875776396687], "3/30/2016": [12.93, 0.0], "3/31/2016": [12.93, 0.0], "4/1/2016": [12.93, 0.0], "4/6/2016": [12.85, -0.00618716163959784], "4/7/2016": [12.85, 0.0], "4/8/2016": [12.85, 0.0], "4/11/2016": [12.85, 0.0], "4/12/2016": [12.35, -0.038910505836575876], "4/13/2016": [12.92, 0.04615384615384618], "4/14/2016": [12.92, 0.0], "4/15/2016": [12.5, -0.03250773993808049], "4/18/2016": [12.5, 0.0], "4/19/2016": [12.88, 0.030400000000000062], "4/20/2016": [12.88, 0.0], "4/21/2016": [12.35, -0.04114906832298145], "4/22/2016": [12.35, 0.0], "4/25/2016": [12.3, -0.004048582995951331], "4/26/2016": [12.35, 0.004065040650406417], "4/27/2016": [12.35, 0.0], "4/28/2016": [12.31, -0.0032388663967610645], "4/29/2016": [12.45, 0.011372867587327277], "5/3/2016": [12.45, 0.0], "5/4/2016": [12.35, -0.008032128514056196], "5/5/2016": [12.4, 0.004048582995951474], "5/6/2016": [12.3, -0.008064516129032228], "5/9/2016": [12.4, 0.00813008130081298], "5/10/2016": [12.45, 0.004032258064516043], "5/11/2016": [12.4, -0.004016064257028027], "5/12/2016": [12.4, 0.0], "5/13/2016": [12.35, -0.004032258064516186], "5/16/2016": [11.88, -0.03805668016194323], "5/17/2016": [11.88, 0.0], "5/18/2016": [11.88, 0.0], "5/19/2016": [12.4, 0.04377104377104373], "5/20/2016": [12.4, 0.0], "5/23/2016": [12.4, 0.0], "5/24/2016": [12.4, 0.0], "5/25/2016": [12.4, 0.0], "5/26/2016": [12.4, 0.0], "5/27/2016": [12.84, 0.035483870967741894], "5/30/2016": [13.35, 0.03971962616822428], "5/31/2016": [13.35, 0.0], "6/1/2016": [13.05, -0.02247191011235947], "6/2/2016": [13.05, 0.0], "6/3/2016": [13.05, 0.0], "6/4/2016": [13.05, 0.0], "6/6/2016": [13.05, 0.0], "6/7/2016": [14.01, 0.07356321839080453], "6/8/2016": [14.61, 0.04282655246252674], "6/13/2016": [14.26, -0.023956194387405864], "6/14/2016": [15.73, 0.103085553997195], "6/15/2016": [16.26, 0.033693579148124674], "6/16/2016": [14.15, -0.1297662976629767], "6/17/2016": [13.7, -0.03180212014134283], "6/20/2016": [13.89, 0.013868613138686226], "6/21/2016": [13.89, 0.0], "6/22/2016": [13.9, 0.000719942404607616], "6/23/2016": [14.0, 0.007194244604316521], "6/24/2016": [14.0, 0.0], "6/27/2016": [13.96, -0.0028571428571427964], "6/28/2016": [13.96, 0.0], "6/29/2016": [14.14, 0.012893982808022902], "6/30/2016": [14.1, -0.002828854314002894], "7/1/2016": [14.1, 0.0], "7/4/2016": [14.3, 0.014184397163120643], "7/5/2016": [13.96, -0.023776223776223765], "7/6/2016": [13.95, -0.0007163323782236077], "7/7/2016": [13.6, -0.025089605734767], "7/11/2016": [13.6, 0.0], "7/12/2016": [13.6, 0.0], "7/13/2016": [13.6, 0.0], "7/14/2016": [13.6, 0.0], "7/15/2016": [13.6, 0.0], "7/18/2016": [13.6, 0.0], "7/19/2016": [13.32, -0.0205882352941176], "7/20/2016": [13.32, 0.0], "7/21/2016": [13.4, 0.006006006006006011], "7/22/2016": [13.4, 0.0], "7/25/2016": [13.15, -0.018656716417910446], "7/26/2016": [13.15, 0.0], "7/27/2016": [13.15, 0.0], "7/28/2016": [13.15, 0.0], "7/29/2016": [12.96, -0.014448669201520874], "8/1/2016": [13.1, 0.010802469135802375], "8/2/2016": [13.1, 0.0], "8/3/2016": [13.1, 0.0], "8/4/2016": [13.1, 0.0], "8/5/2016": [13.1, 0.0], "8/8/2016": [13.1, 0.0], "8/9/2016": [13.1, 0.0], "8/10/2016": [13.1, 0.0], "8/11/2016": [12.8, -0.022900763358778546], "8/12/2016": [12.85, 0.0039062499999999167], "8/15/2016": [12.85, 0.0], "8/16/2016": [12.85, 0.0], "8/17/2016": [12.85, 0.0], "8/18/2016": [13.15, 0.02334630350194558], "8/19/2016": [13.15, 0.0], "8/22/2016": [12.56, -0.04486692015209124], "8/23/2016": [12.56, 0.0], "8/24/2016": [12.56, 0.0], "8/25/2016": [12.56, 0.0], "8/26/2016": [13.16, 0.047770700636942644], "8/29/2016": [13.15, -0.0007598784194528714], "8/30/2016": [13.53, 0.028897338403041747], "8/31/2016": [13.21, -0.023651145602365007], "9/1/2016": [13.21, 0.0], "9/2/2016": [13.21, 0.0], "9/5/2016": [13.73, 0.03936411809235424], "9/6/2016": [13.77, 0.002913328477785808], "9/7/2016": [13.52, -0.01815541031227306], "9/8/2016": [13.1, -0.031065088757396445], "9/9/2016": [13.1, 0.0], "9/10/2016": [13.2, 0.007633587786259515], "9/12/2016": [13.18, -0.0015151515151514828], "9/13/2016": [13.12, -0.004552352048558459], "9/14/2016": [13.55, 0.03277439024390255], "9/19/2016": [13.55, 0.0], "9/20/2016": [13.55, 0.0], "9/21/2016": [13.56, 0.000738007380073785], "9/22/2016": [13.56, 0.0], "9/23/2016": [13.5, -0.004424778761061983], "9/26/2016": [13.5, 0.0], "9/29/2016": [13.5, 0.0], "9/30/2016": [13.5, 0.0], "10/3/2016": [13.5, 0.0], "10/4/2016": [13.5, 0.0], "10/5/2016": [13.5, 0.0], "10/6/2016": [13.5, 0.0], "10/7/2016": [13.5, 0.0], "10/11/2016": [13.5, 0.0], "10/12/2016": [13.5, 0.0], "10/13/2016": [13.5, 0.0], "10/14/2016": [13.6, 0.007407407407407381], "10/17/2016": [13.6, 0.0], "10/18/2016": [13.6, 0.0], "10/19/2016": [13.6, 0.0], "10/20/2016": [13.6, 0.0], "10/21/2016": [13.6, 0.0], "10/24/2016": [13.5, -0.007352941176470562], "10/25/2016": [13.41, -0.006666666666666656], "10/26/2016": [13.41, 0.0], "10/27/2016": [13.41, 0.0], "10/28/2016": [13.6, 0.0141685309470544], "10/31/2016": [13.6, 0.0], "11/1/2016": [13.6, 0.0], "11/2/2016": [13.6, 0.0], "11/3/2016": [13.41, -0.013970588235294082], "11/4/2016": [13.41, 0.0], "11/7/2016": [13.4, -0.0007457121551081124], "11/8/2016": [13.4, 0.0], "11/9/2016": [13.15, -0.018656716417910446], "11/10/2016": [13.15, 0.0], "11/11/2016": [13.15, 0.0], "11/14/2016": [13.15, 0.0], "11/15/2016": [13.15, 0.0], "11/16/2016": [13.15, 0.0], "11/17/2016": [13.15, 0.0], "11/18/2016": [13.15, 0.0], "11/21/2016": [13.15, 0.0], "11/22/2016": [13.15, 0.0], "11/23/2016": [13.15, 0.0], "11/24/2016": [13.3, 0.011406844106463905], "11/25/2016": [13.3, 0.0], "11/28/2016": [13.3, 0.0], "11/29/2016": [12.92, -0.02857142857142863], "11/30/2016": [12.92, 0.0]}