{"1/4/2016": [66.89, ""], "1/5/2016": [66.0, -0.013305426820152498], "1/6/2016": [65.0, -0.015151515151515152], "1/7/2016": [63.69, -0.02015384615384619], "1/8/2016": [63.69, 0.0], "1/11/2016": [62.4, -0.020254357041921797], "1/12/2016": [62.89, 0.007852564102564135], "1/13/2016": [63.0, 0.0017490857051995457], "1/14/2016": [61.8, -0.019047619047619094], "1/15/2016": [61.27, -0.008576051779935178], "1/18/2016": [62.0, 0.011914476905500192], "1/19/2016": [61.99, -0.00016129032258061307], "1/20/2016": [60.0, -0.03210195192773031], "1/21/2016": [61.5, 0.025], "1/22/2016": [60.0, -0.024390243902439025], "1/25/2016": [60.0, 0.0], "1/26/2016": [59.5, -0.008333333333333333], "1/27/2016": [59.72, 0.0036974789915966196], "1/28/2016": [59.14, -0.009711989283322143], "1/29/2016": [59.8, 0.01115995941832933], "1/30/2016": [59.5, -0.005016722408026708], "2/1/2016": [59.9, 0.006722689075630228], "2/2/2016": [59.58, -0.005342237061769621], "2/3/2016": [59.69, 0.0018462571332661872], "2/15/2016": [59.69, 0.0], "2/16/2016": [56.5, -0.05344278773663927], "2/17/2016": [57.0, 0.008849557522123894], "2/18/2016": [58.0, 0.017543859649122806], "2/19/2016": [58.0, 0.0], "2/22/2016": [58.5, 0.008620689655172414], "2/23/2016": [58.3, -0.0034188034188034674], "2/24/2016": [58.3, 0.0], "2/25/2016": [60.0, 0.02915951972555751], "2/26/2016": [59.5, -0.008333333333333333], "3/1/2016": [58.98, -0.008739495798319381], "3/2/2016": [58.0, -0.016615801966768345], "3/3/2016": [57.98, -0.00034482758620695046], "3/4/2016": [58.0, 0.0003449465332873944], "3/7/2016": [58.2, 0.0034482758620690145], "3/8/2016": [58.8, 0.010309278350515367], "3/9/2016": [59.1, 0.005102040816326603], "3/10/2016": [59.35, 0.004230118443316413], "3/11/2016": [59.8, 0.007582139848357131], "3/14/2016": [59.1, -0.011705685618729027], "3/15/2016": [58.3, -0.013536379018612594], "3/16/2016": [57.5, -0.01372212692967405], "3/17/2016": [58.0, 0.008695652173913044], "3/18/2016": [58.0, 0.0], "3/21/2016": [57.21, -0.013620689655172399], "3/22/2016": [56.2, -0.0176542562489075], "3/23/2016": [57.39, 0.021174377224199247], "3/24/2016": [57.39, 0.0], "3/25/2016": [57.49, 0.0017424638438752642], "3/28/2016": [56.6, -0.015480953209253792], "3/29/2016": [57.27, 0.011837455830388723], "3/30/2016": [56.2, -0.01868342936965253], "3/31/2016": [56.99, 0.014056939501779343], "4/1/2016": [55.82, -0.02052991752939115], "4/6/2016": [55.3, -0.009315657470440759], "4/7/2016": [55.01, -0.0052441229656419374], "4/8/2016": [55.26, 0.004544628249409198], "4/11/2016": [55.26, 0.0], "4/12/2016": [55.29, 0.0005428881650380228], "4/13/2016": [55.49, 0.003617290649303723], "4/14/2016": [55.5, 0.0001802126509280593], "4/15/2016": [55.2, -0.0054054054054053545], "4/18/2016": [56.0, 0.014492753623188354], "4/19/2016": [55.2, -0.014285714285714235], "4/20/2016": [53.0, -0.03985507246376817], "4/21/2016": [53.44, 0.008301886792452787], "4/22/2016": [52.49, -0.017776946107784353], "4/25/2016": [51.5, -0.018860735378167306], "4/26/2016": [56.0, 0.08737864077669903], "4/27/2016": [57.33, 0.02374999999999997], "4/28/2016": [57.79, 0.00802372230943661], "4/29/2016": [57.8, 0.0001730403183941514], "5/3/2016": [58.0, 0.003460207612456797], "5/4/2016": [58.0, 0.0], "5/5/2016": [57.78, -0.0037931034482758426], "5/6/2016": [57.29, -0.008480443059882346], "5/9/2016": [57.0, -0.005061965438994574], "5/10/2016": [57.47, 0.0082456140350877], "5/11/2016": [57.19, -0.0048721071863581196], "5/12/2016": [57.22, 0.0005245672320335922], "5/13/2016": [58.0, 0.013631597343586179], "5/16/2016": [60.5, 0.04310344827586207], "5/17/2016": [59.2, -0.021487603305785075], "5/18/2016": [59.49, 0.004898648648648634], "5/19/2016": [59.5, 0.00016809547823160213], "5/20/2016": [59.5, 0.0], "5/23/2016": [59.02, -0.00806722689075625], "5/24/2016": [59.99, 0.016435106743476768], "5/25/2016": [59.29, -0.011668611435239253], "5/26/2016": [60.1, 0.013661663012312402], "5/27/2016": [59.5, -0.009983361064891871], "5/30/2016": [58.81, -0.011596638655462147], "5/31/2016": [59.69, 0.014963441591565983], "6/1/2016": [61.09, 0.023454514994136467], "6/2/2016": [58.45, -0.04321492879358325], "6/3/2016": [58.64, 0.0032506415739948285], "6/4/2016": [59.0, 0.006139154160982255], "6/6/2016": [58.91, -0.001525423728813617], "6/7/2016": [58.49, -0.007129519606178826], "6/8/2016": [57.6, -0.015216276286544718], "6/13/2016": [56.5, -0.019097222222222248], "6/14/2016": [56.5, 0.0], "6/15/2016": [56.5, 0.0], "6/16/2016": [54.1, -0.04247787610619466], "6/17/2016": [54.49, 0.007208872458410362], "6/20/2016": [54.69, 0.0036703982382087674], "6/21/2016": [54.69, 0.0], "6/22/2016": [53.0, -0.030901444505393998], "6/23/2016": [54.19, 0.0224528301886792], "6/24/2016": [54.19, 0.0], "6/27/2016": [54.93, 0.013655656025096918], "6/28/2016": [54.93, 0.0], "6/29/2016": [54.0, -0.016930638995084648], "6/30/2016": [54.2, 0.0037037037037037563], "7/1/2016": [54.39, 0.0035055350553505112], "7/4/2016": [53.49, -0.016547159404302236], "7/5/2016": [53.29, -0.003739016638624095], "7/6/2016": [53.27, -0.000375304935259824], "7/7/2016": [52.29, -0.0183968462549278], "7/11/2016": [51.03, -0.024096385542168638], "7/12/2016": [52.29, 0.02469135802469132], "7/13/2016": [51.2, -0.020845285905526797], "7/14/2016": [51.0, -0.0039062500000000555], "7/15/2016": [51.0, 0.0], "7/18/2016": [51.0, 0.0], "7/19/2016": [51.0, 0.0], "7/20/2016": [50.39, -0.011960784313725478], "7/21/2016": [51.0, 0.012105576503274448], "7/22/2016": [50.18, -0.016078431372549024], "7/25/2016": [49.5, -0.013551215623754479], "7/26/2016": [47.5, -0.04040404040404041], "7/27/2016": [45.0, -0.05263157894736842], "7/28/2016": [43.5, -0.03333333333333333], "7/29/2016": [45.3, 0.04137931034482752], "8/1/2016": [46.29, 0.021854304635761636], "8/2/2016": [46.01, -0.006048822639879048], "8/3/2016": [47.0, 0.02151706150836779], "8/4/2016": [47.36, 0.007659574468085095], "8/5/2016": [47.36, 0.0], "8/8/2016": [46.61, -0.01583614864864865], "8/9/2016": [46.61, 0.0], "8/10/2016": [46.99, 0.008152756919116124], "8/11/2016": [46.84, -0.0031921685464992248], "8/12/2016": [46.84, 0.0], "8/15/2016": [48.0, 0.024765157984628448], "8/16/2016": [52.0, 0.08333333333333333], "8/17/2016": [52.5, 0.009615384615384616], "8/18/2016": [52.8, 0.0057142857142856605], "8/19/2016": [52.1, -0.013257575757575678], "8/22/2016": [51.01, -0.020921305182341716], "8/23/2016": [51.01, 0.0], "8/24/2016": [51.83, 0.016075279356988832], "8/25/2016": [52.0, 0.003279953694771401], "8/26/2016": [51.01, -0.019038461538461577], "8/29/2016": [50.86, -0.002940599882375977], "8/30/2016": [50.7, -0.0031458906802987927], "8/31/2016": [49.6, -0.021696252465483262], "9/1/2016": [48.8, -0.016129032258064602], "9/2/2016": [48.9, 0.0020491803278688816], "9/5/2016": [48.9, 0.0], "9/6/2016": [48.5, -0.00817995910020447], "9/7/2016": [48.19, -0.0063917525773196345], "9/8/2016": [48.0, -0.003942726706785593], "9/9/2016": [48.0, 0.0], "9/10/2016": [48.0, 0.0], "9/12/2016": [48.0, 0.0], "9/13/2016": [47.8, -0.004166666666666726], "9/14/2016": [47.94, 0.0029288702928870415], "9/19/2016": [47.6, -0.007092198581560207], "9/20/2016": [47.3, -0.006302521008403451], "9/21/2016": [47.5, 0.004228329809725219], "9/22/2016": [47.6, 0.0021052631578947667], "9/23/2016": [47.7, 0.0021008403361344836], "9/26/2016": [47.7, 0.0], "9/29/2016": [47.0, -0.014675052410901526], "9/30/2016": [47.65, 0.013829787234042523], "10/3/2016": [47.4, -0.005246589716684156], "10/4/2016": [47.7, 0.006329113924050723], "10/5/2016": [47.49, -0.0044025157232704575], "10/6/2016": [47.28, -0.004421983575489594], "10/7/2016": [47.0, -0.0059221658206430015], "10/11/2016": [47.27, 0.005744680851063897], "10/12/2016": [47.27, 0.0], "10/13/2016": [46.5, -0.016289401311614198], "10/14/2016": [47.12, 0.013333333333333279], "10/17/2016": [47.12, 0.0], "10/18/2016": [46.51, -0.01294567062818335], "10/19/2016": [46.69, 0.00387013545474091], "10/20/2016": [46.69, 0.0], "10/21/2016": [45.6, -0.023345470122081737], "10/24/2016": [45.0, -0.013157894736842136],