{"1/4/2016": [39.9, ""], "1/5/2016": [37.9, -0.050125313283208024], "1/6/2016": [38.4, 0.013192612137203167], "1/7/2016": [36.0, -0.062499999999999965], "1/8/2016": [39.55, 0.09861111111111104], "1/11/2016": [37.4, -0.054361567635903885], "1/12/2016": [37.1, -0.008021390374331475], "1/13/2016": [36.9, -0.005390835579514901], "1/14/2016": [35.45, -0.03929539295392943], "1/15/2016": [35.4, -0.0014104372355431384], "1/18/2016": [37.0, 0.04519774011299439], "1/19/2016": [39.05, 0.055405405405405325], "1/20/2016": [37.2, -0.047375160051216246], "1/21/2016": [38.15, 0.025537634408602034], "1/22/2016": [41.5, 0.08781127129750987], "1/25/2016": [41.5, 0.0], "1/26/2016": [41.65, 0.003614457831325267], "1/27/2016": [42.3, 0.015606242496998766], "1/28/2016": [40.2, -0.049645390070921856], "1/29/2016": [39.05, -0.028606965174129494], "1/30/2016": [39.5, 0.011523687580025681], "2/1/2016": [39.5, 0.0], "2/2/2016": [39.35, -0.0037974683544303436], "2/3/2016": [38.8, -0.013977128335451188], "2/15/2016": [37.6, -0.030927835051546285], "2/16/2016": [37.95, 0.00930851063829791], "2/17/2016": [37.5, -0.011857707509881497], "2/18/2016": [38.15, 0.017333333333333294], "2/19/2016": [39.0, 0.022280471821756263], "2/22/2016": [40.2, 0.030769230769230844], "2/23/2016": [40.1, -0.0024875621890547614], "2/24/2016": [38.75, -0.033665835411471355], "2/25/2016": [38.6, -0.003870967741935447], "2/26/2016": [38.6, 0.0], "3/1/2016": [38.5, -0.00259067357512957], "3/2/2016": [39.1, 0.01558441558441562], "3/3/2016": [39.35, 0.00639386189258312], "3/4/2016": [39.7, 0.008894536213468906], "3/7/2016": [39.55, -0.003778337531486289], "3/8/2016": [39.3, -0.006321112515802782], "3/9/2016": [39.05, -0.0063613231552162855], "3/10/2016": [38.8, -0.006402048655569783], "3/11/2016": [40.4, 0.041237113402061897], "3/14/2016": [41.55, 0.02846534653465343], "3/15/2016": [39.25, -0.055354993983152766], "3/16/2016": [40.2, 0.024203821656051026], "3/17/2016": [38.9, -0.032338308457711545], "3/18/2016": [39.1, 0.005141388174807271], "3/21/2016": [38.9, -0.005115089514066569], "3/22/2016": [39.3, 0.01028277634961436], "3/23/2016": [38.8, -0.012722646310432571], "3/24/2016": [38.5, -0.007731958762886525], "3/25/2016": [38.55, 0.001298701298701225], "3/28/2016": [38.1, -0.011673151750972654], "3/29/2016": [36.8, -0.034120734908136593], "3/30/2016": [38.7, 0.051630434782608856], "3/31/2016": [37.85, -0.02196382428940572], "4/1/2016": [38.4, 0.014531043593130703], "4/6/2016": [38.2, -0.005208333333333223], "4/7/2016": [38.45, 0.006544502617801046], "4/8/2016": [38.5, 0.0013003901170350366], "4/11/2016": [38.2, -0.0077922077922077185], "4/12/2016": [36.75, -0.03795811518324615], "4/13/2016": [37.5, 0.02040816326530612], "4/14/2016": [36.8, -0.01866666666666674], "4/15/2016": [36.6, -0.005434782608695537], "4/18/2016": [36.4, -0.005464480874317017], "4/19/2016": [35.9, -0.013736263736263736], "4/20/2016": [35.95, 0.0013927576601672498], "4/21/2016": [35.7, -0.006954102920723226], "4/22/2016": [34.05, -0.04621848739495814], "4/25/2016": [34.35, 0.008810572687224795], "4/26/2016": [34.1, -0.00727802037845706], "4/27/2016": [34.15, 0.0014662756598239634], "4/28/2016": [34.3, 0.0043923865300146], "4/29/2016": [33.9, -0.011661807580174887], "5/3/2016": [32.3, -0.04719764011799414], "5/4/2016": [31.3, -0.030959752321981317], "5/5/2016": [31.7, 0.012779552715654906], "5/6/2016": [31.35, -0.01104100946372233], "5/9/2016": [31.4, 0.0015948963317383464], "5/10/2016": [31.85, 0.014331210191082893], "5/11/2016": [31.25, -0.01883830455259031], "5/12/2016": [34.35, 0.09920000000000005], "5/13/2016": [31.65, -0.07860262008733633], "5/16/2016": [31.75, 0.0031595576619273752], "5/17/2016": [32.2, 0.014173228346456783], "5/18/2016": [33.7, 0.046583850931677016], "5/19/2016": [33.1, -0.017804154302670665], "5/20/2016": [32.85, -0.007552870090634441], "5/23/2016": [34.05, 0.03652968036529667], "5/24/2016": [34.0, -0.0014684287812040283], "5/25/2016": [34.6, 0.017647058823529453], "5/26/2016": [35.4, 0.02312138728323691], "5/27/2016": [34.9, -0.014124293785310734], "5/30/2016": [34.6, -0.008595988538681867], "5/31/2016": [34.8, 0.005780346820809125], "6/1/2016": [38.25, 0.09913793103448285], "6/2/2016": [36.35, -0.04967320261437905], "6/3/2016": [36.45, 0.002751031636863863], "6/4/2016": [37.85, 0.038408779149519845], "6/6/2016": [37.8, -0.0013210039630120016], "6/7/2016": [37.3, -0.013227513227513229], "6/8/2016": [36.85, -0.01206434316353876], "6/13/2016": [35.5, -0.03663500678426055], "6/14/2016": [35.25, -0.007042253521126761], "6/15/2016": [35.5, 0.0070921985815602835], "6/16/2016": [34.8, -0.01971830985915501], "6/17/2016": [37.25, 0.0704022988505748], "6/20/2016": [37.0, -0.006711409395973154], "6/21/2016": [36.9, -0.002702702702702741], "6/22/2016": [37.15, 0.006775067750677507], "6/23/2016": [36.95, -0.005383580080753587], "6/24/2016": [35.3, -0.04465493910690137], "6/27/2016": [35.9, 0.01699716713881024], "6/28/2016": [36.2, 0.008356545961002904], "6/29/2016": [36.2, 0.0], "6/30/2016": [37.0, 0.022099447513812074], "7/1/2016": [36.4, -0.016216216216216255], "7/4/2016": [36.1, -0.008241758241758164], "7/5/2016": [36.25, 0.0041551246537395725], "7/6/2016": [35.55, -0.019310344827586284], "7/7/2016": [35.6, 0.0014064697609002606], "7/11/2016": [35.45, -0.004213483146067376], "7/12/2016": [35.75, 0.00846262341325803], "7/13/2016": [35.65, -0.002797202797202837], "7/14/2016": [35.9, 0.007012622720897616], "7/15/2016": [36.35, 0.012534818941504258], "7/18/2016": [37.3, 0.02613480055020621], "7/19/2016": [37.25, -0.0013404825737264655], "7/20/2016": [37.35, 0.0026845637583892998], "7/21/2016": [37.3, -0.0013386880856761515], "7/22/2016": [37.0, -0.008042895442359173], "7/25/2016": [38.0, 0.02702702702702703], "7/26/2016": [37.75, -0.006578947368421052], "7/27/2016": [37.15, -0.015894039735099376], "7/28/2016": [36.9, -0.006729475100942127], "7/29/2016": [36.4, -0.013550135501355014], "8/1/2016": [36.4, 0.0], "8/2/2016": [36.9, 0.013736263736263736], "8/3/2016": [40.55, 0.09891598915989157], "8/4/2016": [44.6, 0.09987669543773131], "8/5/2016": [49.05, 0.09977578475336313], "8/8/2016": [53.9, 0.09887869520897047], "8/9/2016": [48.55, -0.09925788497217071], "8/10/2016": [51.0, 0.05046343975283219], "8/11/2016": [48.5, -0.049019607843137254], "8/12/2016": [48.2, -0.00618556701030922], "8/15/2016": [50.2, 0.04149377593360996], "8/16/2016": [46.8, -0.06772908366533875], "8/17/2016": [45.75, -0.022435897435897377], "8/18/2016": [46.1, 0.007650273224043747], "8/19/2016": [45.6, -0.010845986984815618], "8/22/2016": [46.35, 0.01644736842105263], "8/23/2016": [48.15, 0.038834951456310614], "8/24/2016": [46.15, -0.04153686396677051], "8/25/2016": [45.1, -0.02275189599133255], "8/26/2016": [45.65, 0.012195121951219448], "8/29/2016": [44.45, -0.026286966046002096], "8/30/2016": [43.35, -0.024746906636670448], "8/31/2016": [41.05, -0.05305651672433689], "9/1/2016": [41.05, 0.0], "9/2/2016": [38.6, -0.059683313032886626], "9/5/2016": [40.2, 0.041450777202072575], "9/6/2016": [39.95, -0.006218905472636815], "9/7/2016": [39.35, -0.015018773466833576], "9/8/2016": [40.8, 0.03684879288437092], "9/9/2016": [40.9, 0.002450980392156898], "9/10/2016": [39.7, -0.029339853300733392], "9/12/2016": [39.0, -0.017632241813602085], "9/13/2016": [38.4, -0.015384615384615422], "9/14/2016": [37.7, -0.018229166666666557], "9/19/2016": [38.4, 0.018567639257294315], "9/20/2016": [38.15, -0.006510416666666667], "9/21/2016": [37.75, -0.01048492791612054], "9/22/2016": [37.95, 0.005298013245033188], "9/23/2016": [39.8, 0.04874835309617903], "9/26/2016": [39.5, -0.007537688442210985], "9/29/2016": [38.75, -0.0189873417721519], "9/30/2016": [38.9, 0.003870967741935447], "10/3/2016": [38.8, -0.0025706940874036356], "10/4/2016": [38.1, -0.018041237113401953], "10/5/2016": [37.95, -0.003937007874015711], "10/6/2016": [37.8, -0.003952569169960624], "10/7/2016": [37.2, -0.015873015873015723], "10/11/2016": [36.65, -0.014784946236559253],