{"1/4/2016": [18.15, ""], "1/5/2016": [18.3, 0.008264462809917474], "1/6/2016": [17.45, -0.04644808743169406], "1/7/2016": [17.45, 0.0], "1/8/2016": [18.1, 0.0372492836676219], "1/11/2016": [17.2, -0.049723756906077464], "1/12/2016": [17.05, -0.008720930232558058], "1/13/2016": [16.35, -0.04105571847507327], "1/14/2016": [16.65, 0.018348623853210833], "1/15/2016": [16.3, -0.021021021021020894], "1/18/2016": [16.5, 0.012269938650306704], "1/19/2016": [16.75, 0.015151515151515152], "1/20/2016": [17.45, 0.04179104477611936], "1/21/2016": [16.7, -0.042979942693409746], "1/22/2016": [17.25, 0.03293413173652699], "1/25/2016": [17.25, 0.0], "1/26/2016": [17.7, 0.02608695652173909], "1/27/2016": [17.6, -0.005649717514124173], "1/28/2016": [17.8, 0.011363636363636322], "1/29/2016": [18.75, 0.05337078651685389], "1/30/2016": [18.6, -0.007999999999999924], "2/1/2016": [18.7, 0.0053763440860213904], "2/2/2016": [18.55, -0.008021390374331475], "2/3/2016": [18.2, -0.018867924528301962], "2/15/2016": [18.05, -0.008241758241758164], "2/16/2016": [18.3, 0.013850415512465374], "2/17/2016": [19.3, 0.0546448087431694], "2/18/2016": [19.15, -0.007772020725388711], "2/19/2016": [19.15, 0.0], "2/22/2016": [19.1, -0.002610966057441105], "2/23/2016": [19.0, -0.005235602094240912], "2/24/2016": [19.5, 0.02631578947368421], "2/25/2016": [19.6, 0.005128205128205201], "2/26/2016": [19.8, 0.010204081632653024], "3/1/2016": [19.75, -0.002525252525252561], "3/2/2016": [19.95, 0.010126582278480976], "3/3/2016": [20.05, 0.005012531328320874], "3/4/2016": [20.05, 0.0], "3/7/2016": [21.0, 0.047381546134663305], "3/8/2016": [20.5, -0.023809523809523808], "3/9/2016": [20.85, 0.017073170731707388], "3/10/2016": [21.05, 0.009592326139088694], "3/11/2016": [21.0, -0.0023752969121140478], "3/14/2016": [21.7, 0.0333333333333333], "3/15/2016": [21.15, -0.0253456221198157], "3/16/2016": [21.35, 0.009456264775413847], "3/17/2016": [21.0, -0.016393442622950886], "3/18/2016": [21.6, 0.02857142857142864], "3/21/2016": [23.0, 0.06481481481481474], "3/22/2016": [22.15, -0.0369565217391305], "3/23/2016": [21.45, -0.031602708803611705], "3/24/2016": [20.65, -0.03729603729603733], "3/25/2016": [20.3, -0.01694915254237278], "3/28/2016": [19.35, -0.04679802955665021], "3/29/2016": [19.0, -0.018087855297157694], "3/30/2016": [20.5, 0.07894736842105263], "3/31/2016": [19.9, -0.029268292682926897], "4/1/2016": [19.7, -0.010050251256281372], "4/6/2016": [19.45, -0.012690355329949238], "4/7/2016": [19.45, 0.0], "4/8/2016": [19.25, -0.01028277634961436], "4/11/2016": [19.5, 0.012987012987012988], "4/12/2016": [19.05, -0.02307692307692304], "4/13/2016": [19.3, 0.013123359580052493], "4/14/2016": [19.0, -0.015544041450777238], "4/15/2016": [19.4, 0.021052631578947295], "4/18/2016": [19.35, -0.0025773195876287198], "4/19/2016": [19.4, 0.0025839793281652278], "4/20/2016": [18.85, -0.02835051546391738], "4/21/2016": [18.7, -0.007957559681697726], "4/22/2016": [18.55, -0.008021390374331475], "4/25/2016": [18.95, 0.02156334231805922], "4/26/2016": [19.2, 0.013192612137203167], "4/27/2016": [18.7, -0.026041666666666668], "4/28/2016": [19.3, 0.03208556149732628], "4/29/2016": [19.1, -0.010362694300518097], "5/3/2016": [18.7, -0.02094240837696346], "5/4/2016": [18.3, -0.021390374331550728], "5/5/2016": [17.9, -0.021857923497267874], "5/6/2016": [17.95, 0.002793296089385515], "5/9/2016": [18.25, 0.01671309192200561], "5/10/2016": [18.45, 0.010958904109589003], "5/11/2016": [17.45, -0.05420054200542006], "5/12/2016": [17.15, -0.01719197707736394], "5/13/2016": [17.05, -0.005830903790087339], "5/16/2016": [18.2, 0.06744868035190607], "5/17/2016": [18.9, 0.03846153846153842], "5/18/2016": [18.4, -0.026455026455026457], "5/19/2016": [18.35, -0.0027173913043476716], "5/20/2016": [19.15, 0.043596730245231446], "5/23/2016": [20.15, 0.05221932114882507], "5/24/2016": [19.95, -0.009925558312655052], "5/25/2016": [20.1, 0.00751879699248131], "5/26/2016": [20.6, 0.02487562189054726], "5/27/2016": [20.45, -0.007281553398058355], "5/30/2016": [20.6, 0.007334963325183479], "5/31/2016": [20.95, 0.016990291262135818], "6/1/2016": [20.8, -0.007159904534606138], "6/2/2016": [20.4, -0.019230769230769332], "6/3/2016": [20.9, 0.02450980392156863], "6/4/2016": [20.8, -0.004784688995215209], "6/6/2016": [20.85, 0.002403846153846188], "6/7/2016": [21.3, 0.021582733812949603], "6/8/2016": [21.3, 0.0], "6/13/2016": [20.9, -0.018779342723004796], "6/14/2016": [21.7, 0.03827751196172252], "6/15/2016": [21.65, -0.002304147465437821], "6/16/2016": [21.55, -0.004618937644341703], "6/17/2016": [21.7, 0.006960556844547498], "6/20/2016": [21.4, -0.013824884792626762], "6/21/2016": [21.95, 0.025700934579439286], "6/22/2016": [22.05, 0.004555808656036511], "6/23/2016": [22.05, 0.0], "6/24/2016": [21.5, -0.024943310657596404], "6/27/2016": [21.8, 0.013953488372093056], "6/28/2016": [21.7, -0.004587155963302818], "6/29/2016": [22.1, 0.0184331797235024], "6/30/2016": [22.4, 0.013574660633484033], "7/1/2016": [22.4, 0.0], "7/4/2016": [22.7, 0.013392857142857175], "7/5/2016": [22.7, 0.0], "7/6/2016": [22.7, 0.0], "7/7/2016": [23.2, 0.022026431718061675], "7/11/2016": [23.8, 0.025862068965517303], "7/12/2016": [23.65, -0.006302521008403451], "7/13/2016": [24.45, 0.0338266384778013], "7/14/2016": [25.0, 0.0224948875255624], "7/15/2016": [24.8, -0.007999999999999972], "7/18/2016": [23.75, -0.04233870967741938], "7/19/2016": [24.9, 0.048421052631578886], "7/20/2016": [24.9, 0.0], "7/21/2016": [24.9, 0.0], "7/22/2016": [25.0, 0.004016064257028169], "7/25/2016": [24.9, -0.0040000000000000565], "7/26/2016": [24.95, 0.0020080321285140847], "7/27/2016": [25.0, 0.0020040080160320926], "7/28/2016": [24.95, -0.0020000000000000282], "7/29/2016": [25.35, 0.0160320641282566], "8/1/2016": [24.4, -0.03747534516765297], "8/2/2016": [23.8, -0.024590163934426142], "8/3/2016": [23.3, -0.021008403361344536], "8/4/2016": [23.15, -0.006437768240343439], "8/5/2016": [23.1, -0.0021598272138227716], "8/8/2016": [23.8, 0.03030303030303027], "8/9/2016": [22.3, -0.06302521008403361], "8/10/2016": [22.0, -0.01345291479820631], "8/11/2016": [21.55, -0.020454545454545423], "8/12/2016": [22.15, 0.027842227378190157], "8/15/2016": [21.15, -0.045146726862302484], "8/16/2016": [21.85, 0.03309692671394813], "8/17/2016": [22.85, 0.04576659038901602], "8/18/2016": [22.55, -0.01312910284463898], "8/19/2016": [22.55, 0.0], "8/22/2016": [22.05, -0.022172949002217293], "8/23/2016": [22.4, 0.015873015873015775], "8/24/2016": [22.2, -0.008928571428571397], "8/25/2016": [22.4, 0.009009009009008978], "8/26/2016": [22.5, 0.004464285714285778], "8/29/2016": [22.45, -0.002222222222222254], "8/30/2016": [22.4, -0.0022271714922049313], "8/31/2016": [23.3, 0.04017857142857153], "9/1/2016": [22.45, -0.03648068669527903], "9/2/2016": [22.35, -0.004454342984409705], "9/5/2016": [22.7, 0.015659955257270597], "9/6/2016": [23.5, 0.03524229074889871], "9/7/2016": [23.25, -0.010638297872340425], "9/8/2016": [22.95, -0.012903225806451644], "9/9/2016": [22.95, 0.0], "9/10/2016": [22.35, -0.02614379084967311], "9/12/2016": [21.85, -0.022371364653243846], "9/13/2016": [21.55, -0.013729977116704838], "9/14/2016": [21.55, 0.0], "9/19/2016": [22.4, 0.039443155452436096], "9/20/2016": [22.45, 0.002232142857142889], "9/21/2016": [22.5, 0.0022271714922049313], "9/22/2016": [22.8, 0.013333333333333365], "9/23/2016": [23.45, 0.028508771929824497], "9/26/2016": [23.15, -0.012793176972281481], "9/29/2016": [23.85, 0.030237580993520644], "9/30/2016": [23.3, -0.023060796645702333], "10/3/2016": [23.0, -0.012875536480686725], "10/4/2016": [23.55, 0.0239130434782609], "10/5/2016": [23.7, 0.006369426751592296], "10/6/2016": [23.85, 0.006329113924050723], "10/7/2016": [24.0, 0.0062893081761005686], "10/11/2016": [23.8, -0.008333333333333304], "10/12/2016": [23.9, 0.004201680672268818], "10/13/2016": [23.7, -0.008368200836820055], "10/14/2016": [23.7, 0.0], "10/17/2016": [23.8, 0.004219409282700482],