{"1/4/2016": [12.95, ""], "1/5/2016": [12.7, -0.019305019305019305], "1/6/2016": [12.25, -0.035433070866141676], "1/7/2016": [12.15, -0.00816326530612242], "1/8/2016": [12.3, 0.012345679012345708], "1/11/2016": [12.0, -0.02439024390243908], "1/12/2016": [11.9, -0.008333333333333304], "1/13/2016": [11.8, -0.008403361344537785], "1/14/2016": [11.45, -0.02966101694915266], "1/15/2016": [11.5, 0.004366812227074298], "1/18/2016": [11.7, 0.017391304347826025], "1/19/2016": [11.85, 0.012820512820512851], "1/20/2016": [11.55, -0.02531645569620244], "1/21/2016": [11.55, 0.0], "1/22/2016": [11.6, 0.004329004329004236], "1/25/2016": [11.6, 0.0], "1/26/2016": [11.5, -0.008620689655172384], "1/27/2016": [11.6, 0.008695652173913012], "1/28/2016": [11.6, 0.0], "1/29/2016": [11.8, 0.01724137931034492], "1/30/2016": [12.05, 0.0211864406779661], "2/1/2016": [12.05, 0.0], "2/2/2016": [12.1, 0.004149377593360907], "2/3/2016": [11.95, -0.012396694214876063], "2/15/2016": [11.75, -0.01673640167364011], "2/16/2016": [12.0, 0.02127659574468085], "2/17/2016": [12.0, 0.0], "2/18/2016": [12.0, 0.0], "2/19/2016": [12.0, 0.0], "2/22/2016": [12.3, 0.02500000000000006], "2/23/2016": [12.4, 0.00813008130081298], "2/24/2016": [12.35, -0.004032258064516186], "2/25/2016": [12.45, 0.008097165991902806], "2/26/2016": [12.45, 0.0], "3/1/2016": [12.85, 0.03212851405622493], "3/2/2016": [12.85, 0.0], "3/3/2016": [13.05, 0.015564202334630434], "3/4/2016": [13.8, 0.05747126436781609], "3/7/2016": [14.6, 0.05797101449275354], "3/8/2016": [14.25, -0.023972602739726005], "3/9/2016": [14.35, 0.007017543859649098], "3/10/2016": [14.4, 0.0034843205574913386], "3/11/2016": [15.0, 0.041666666666666644], "3/14/2016": [15.4, 0.02666666666666669], "3/15/2016": [14.6, -0.05194805194805199], "3/16/2016": [14.6, 0.0], "3/17/2016": [14.65, 0.003424657534246624], "3/18/2016": [14.6, -0.003412969283276499], "3/21/2016": [14.6, 0.0], "3/22/2016": [14.6, 0.0], "3/23/2016": [14.9, 0.020547945205479503], "3/24/2016": [15.05, 0.010067114093959755], "3/25/2016": [16.55, 0.09966777408637874], "3/28/2016": [16.75, 0.012084592145015062], "3/29/2016": [16.05, -0.04179104477611936], "3/30/2016": [16.45, 0.024922118380062214], "3/31/2016": [16.0, -0.02735562310030391], "4/1/2016": [16.4, 0.02499999999999991], "4/6/2016": [16.45, 0.0030487804878049215], "4/7/2016": [16.2, -0.015197568389057751], "4/8/2016": [16.2, 0.0], "4/11/2016": [16.15, -0.003086419753086464], "4/12/2016": [16.05, -0.006191950464396153], "4/13/2016": [16.2, 0.009345794392523275], "4/14/2016": [16.5, 0.018518518518518563], "4/15/2016": [16.4, -0.0060606060606061465], "4/18/2016": [16.2, -0.01219512195121947], "4/19/2016": [16.35, 0.00925925925925939], "4/20/2016": [16.15, -0.012232415902140846], "4/21/2016": [16.2, 0.003095975232198187], "4/22/2016": [16.2, 0.0], "4/25/2016": [16.2, 0.0], "4/26/2016": [16.15, -0.003086419753086464], "4/27/2016": [16.15, 0.0], "4/28/2016": [16.05, -0.006191950464396153], "4/29/2016": [16.25, 0.012461059190031107], "5/3/2016": [16.35, 0.0061538461538462414], "5/4/2016": [16.15, -0.012232415902140846], "5/5/2016": [16.15, 0.0], "5/6/2016": [16.15, 0.0], "5/9/2016": [16.05, -0.006191950464396153], "5/10/2016": [16.2, 0.009345794392523275], "5/11/2016": [16.15, -0.003086419753086464], "5/12/2016": [16.0, -0.00928792569659434], "5/13/2016": [15.0, -0.0625], "5/16/2016": [14.95, -0.003333333333333381], "5/17/2016": [15.15, 0.013377926421404755], "5/18/2016": [15.0, -0.009900990099009924], "5/19/2016": [15.05, 0.003333333333333381], "5/20/2016": [14.95, -0.006644518272425343], "5/23/2016": [15.25, 0.020066889632107072], "5/24/2016": [15.2, -0.0032786885245902103], "5/25/2016": [15.2, 0.0], "5/26/2016": [15.2, 0.0], "5/27/2016": [15.45, 0.01644736842105263], "5/30/2016": [15.55, 0.0064724919093852055], "5/31/2016": [15.5, -0.0032154340836013317], "6/1/2016": [15.5, 0.0], "6/2/2016": [15.8, 0.019354838709677465], "6/3/2016": [15.75, -0.003164556962025361], "6/4/2016": [15.85, 0.006349206349206327], "6/6/2016": [16.0, 0.009463722397476363], "6/7/2016": [15.85, -0.009375000000000022], "6/8/2016": [15.9, 0.0031545741324921586], "6/13/2016": [15.95, 0.0031446540880502474], "6/14/2016": [16.05, 0.006269592476489117], "6/15/2016": [16.2, 0.009345794392523275], "6/16/2016": [16.85, 0.04012345679012359], "6/17/2016": [17.05, 0.011869436201780372], "6/20/2016": [17.5, 0.0263929618768328], "6/21/2016": [17.8, 0.017142857142857182], "6/22/2016": [17.6, -0.011235955056179735], "6/23/2016": [17.45, -0.008522727272727394], "6/24/2016": [16.85, -0.03438395415472767], "6/27/2016": [17.3, 0.02670623145400589], "6/28/2016": [17.2, -0.005780346820809331], "6/29/2016": [17.35, 0.008720930232558264], "6/30/2016": [15.45, -0.10951008645533153], "7/1/2016": [15.1, -0.022653721682847874], "7/4/2016": [15.0, -0.006622516556291367], "7/5/2016": [14.9, -0.006666666666666643], "7/6/2016": [14.85, -0.003355704697986625], "7/7/2016": [14.85, 0.0], "7/11/2016": [14.95, 0.00673400673400671], "7/12/2016": [15.0, 0.003344481605351218], "7/13/2016": [14.85, -0.010000000000000024], "7/14/2016": [15.0, 0.010101010101010124], "7/15/2016": [14.95, -0.003333333333333381], "7/18/2016": [14.95, 0.0], "7/19/2016": [15.0, 0.003344481605351218], "7/20/2016": [15.1, 0.006666666666666643], "7/21/2016": [15.25, 0.009933774834437109], "7/22/2016": [15.35, 0.0065573770491803044], "7/25/2016": [15.35, 0.0], "7/26/2016": [15.65, 0.019543973941368125], "7/27/2016": [15.45, -0.01277955271565502], "7/28/2016": [15.55, 0.0064724919093852055], "7/29/2016": [15.7, 0.009646302250803767], "8/1/2016": [16.0, 0.019108280254777118], "8/2/2016": [16.25, 0.015625], "8/3/2016": [16.7, 0.027692307692307648], "8/4/2016": [16.5, -0.011976047904191574], "8/5/2016": [16.6, 0.0060606060606061465], "8/8/2016": [16.55, -0.003012048192771127], "8/9/2016": [16.75, 0.012084592145015062], "8/10/2016": [16.95, 0.011940298507462643], "8/11/2016": [17.45, 0.029498525073746312], "8/12/2016": [17.3, -0.008595988538681867], "8/15/2016": [17.45, 0.00867052023121379], "8/16/2016": [17.55, 0.005730659025788047], "8/17/2016": [17.2, -0.019943019943020023], "8/18/2016": [17.35, 0.008720930232558264], "8/19/2016": [17.4, 0.002881844380403294], "8/22/2016": [17.65, 0.014367816091954025], "8/23/2016": [17.75, 0.00566572237960348], "8/24/2016": [18.7, 0.053521126760563344], "8/25/2016": [19.6, 0.04812834224598942], "8/26/2016": [19.4, -0.010204081632653206], "8/29/2016": [20.4, 0.051546391752577324], "8/30/2016": [20.65, 0.012254901960784315], "8/31/2016": [20.4, -0.012106537530266345], "9/1/2016": [20.65, 0.012254901960784315], "9/2/2016": [20.5, -0.007263922518159738], "9/5/2016": [20.5, 0.0], "9/6/2016": [19.7, -0.039024390243902474], "9/7/2016": [20.05, 0.017766497461929008], "9/8/2016": [20.1, 0.0024937655860349482], "9/9/2016": [20.15, 0.002487562189054585], "9/10/2016": [19.95, -0.009925558312655052], "9/12/2016": [20.05, 0.005012531328320874], "9/13/2016": [19.85, -0.009975062344139616], "9/14/2016": [19.7, -0.007556675062972399], "9/19/2016": [20.2, 0.025380710659898477], "9/20/2016": [20.55, 0.017326732673267398], "9/21/2016": [20.75, 0.009732360097323567], "9/22/2016": [20.65, -0.004819277108433803], "9/23/2016": [20.65, 0.0], "9/26/2016": [20.6, -0.0024213075060531314], "9/29/2016": [20.5, -0.004854368932038904], "9/30/2016": [20.5, 0.0], "10/3/2016": [20.1, -0.01951219512195115], "10/4/2016": [19.85, -0.01243781094527363], "10/5/2016": [19.9, 0.0025188916876572875], "10/6/2016": [19.75, -0.007537688442210985], "10/7/2016": [19.95, 0.010126582278480976], "10/11/2016": [19.55, -0.020050125313283138], "10/12/2016": [19.5, -0.0025575447570332843], "10/13/2016": [19.35, -0.007692307692307619], "10/14/2016": [19.2, -0.007751937984496233], "10/17/2016": [18.95, -0.013020833333333334], "10/18/2016": [18.95, 0.0], "10/19/2016": [19.05, 0.005277044854881342], "10/20/2016": [19.05, 0.0], "10/21/2016": [18.9, -0.007874015748031607], "10/24/2016": [18.85, -0.0026455026455024953],