{"1/4/2016": [12.15, ""], "1/5/2016": [12.3, 0.012345679012345708], "1/6/2016": [12.3, 0.0], "1/7/2016": [12.25, -0.004065040650406562], "1/8/2016": [12.3, 0.004081632653061282], "1/11/2016": [12.2, -0.008130081300813123], "1/12/2016": [12.2, 0.0], "1/13/2016": [12.25, 0.004098360655737763], "1/14/2016": [12.3, 0.004081632653061282], "1/15/2016": [12.4, 0.00813008130081298], "1/18/2016": [12.6, 0.016129032258064457], "1/19/2016": [12.7, 0.007936507936507908], "1/20/2016": [12.6, -0.007874015748031468], "1/21/2016": [12.5, -0.007936507936507908], "1/22/2016": [12.45, -0.0040000000000000565], "1/25/2016": [12.6, 0.012048192771084366], "1/26/2016": [12.6, 0.0], "1/27/2016": [12.45, -0.011904761904761934], "1/28/2016": [12.6, 0.012048192771084366], "1/29/2016": [12.6, 0.0], "1/30/2016": [12.55, -0.003968253968253884], "2/1/2016": [12.55, 0.0], "2/2/2016": [12.55, 0.0], "2/3/2016": [12.6, 0.003984063745019835], "2/15/2016": [12.6, 0.0], "2/16/2016": [12.5, -0.007936507936507908], "2/17/2016": [12.55, 0.0040000000000000565], "2/18/2016": [12.55, 0.0], "2/19/2016": [12.6, 0.003984063745019835], "2/22/2016": [12.55, -0.003968253968253884], "2/23/2016": [12.85, 0.023904382470119435], "2/24/2016": [12.7, -0.01167315175097279], "2/25/2016": [12.45, -0.01968503937007874], "2/26/2016": [12.65, 0.016064257028112535], "3/1/2016": [12.45, -0.01581027667984198], "3/2/2016": [12.5, 0.004016064257028169], "3/3/2016": [12.65, 0.012000000000000028], "3/4/2016": [12.55, -0.00790513833992092], "3/7/2016": [12.6, 0.003984063745019835], "3/8/2016": [12.6, 0.0], "3/9/2016": [12.5, -0.007936507936507908], "3/10/2016": [12.45, -0.0040000000000000565], "3/11/2016": [12.6, 0.012048192771084366], "3/14/2016": [12.55, -0.003968253968253884], "3/15/2016": [12.3, -0.0199203187250996], "3/16/2016": [12.4, 0.00813008130081298], "3/17/2016": [12.3, -0.008064516129032228], "3/18/2016": [12.3, 0.0], "3/21/2016": [12.25, -0.004065040650406562], "3/22/2016": [12.25, 0.0], "3/23/2016": [12.45, 0.01632653061224484], "3/24/2016": [12.45, 0.0], "3/25/2016": [12.6, 0.012048192771084366], "3/28/2016": [12.45, -0.011904761904761934], "3/29/2016": [12.35, -0.008032128514056196], "3/30/2016": [12.55, 0.016194331983805755], "3/31/2016": [12.6, 0.003984063745019835], "4/1/2016": [12.4, -0.015873015873015817], "4/6/2016": [12.3, -0.008064516129032228], "4/7/2016": [12.55, 0.02032520325203252], "4/8/2016": [12.5, -0.003984063745019977], "4/11/2016": [12.45, -0.0040000000000000565], "4/12/2016": [12.55, 0.008032128514056339], "4/13/2016": [12.3, -0.0199203187250996], "4/14/2016": [12.3, 0.0], "4/15/2016": [12.25, -0.004065040650406562], "4/18/2016": [12.25, 0.0], "4/19/2016": [12.25, 0.0], "4/20/2016": [12.3, 0.004081632653061282], "4/21/2016": [12.25, -0.004065040650406562], "4/22/2016": [12.35, 0.00816326530612242], "4/25/2016": [12.25, -0.008097165991902806], "4/26/2016": [12.2, -0.004081632653061282], "4/27/2016": [12.3, 0.008196721311475526], "4/28/2016": [12.35, 0.004065040650406417], "4/29/2016": [12.35, 0.0], "5/3/2016": [12.3, -0.004048582995951331], "5/4/2016": [12.4, 0.00813008130081298], "5/5/2016": [12.45, 0.004032258064516043], "5/6/2016": [12.5, 0.004016064257028169], "5/9/2016": [12.5, 0.0], "5/10/2016": [12.45, -0.0040000000000000565], "5/11/2016": [12.4, -0.004016064257028027], "5/12/2016": [12.4, 0.0], "5/13/2016": [12.45, 0.004032258064516043], "5/16/2016": [12.5, 0.004016064257028169], "5/17/2016": [12.5, 0.0], "5/18/2016": [12.55, 0.0040000000000000565], "5/19/2016": [12.5, -0.003984063745019977], "5/20/2016": [12.45, -0.0040000000000000565], "5/23/2016": [12.45, 0.0], "5/24/2016": [12.5, 0.004016064257028169], "5/25/2016": [12.45, -0.0040000000000000565], "5/26/2016": [12.5, 0.004016064257028169], "5/27/2016": [12.4, -0.007999999999999972], "5/30/2016": [12.5, 0.008064516129032228], "5/31/2016": [12.45, -0.0040000000000000565], "6/1/2016": [12.45, 0.0], "6/2/2016": [12.3, -0.012048192771084223], "6/3/2016": [12.4, 0.00813008130081298], "6/4/2016": [12.25, -0.012096774193548416], "6/6/2016": [12.15, -0.00816326530612242], "6/7/2016": [12.0, -0.012345679012345708], "6/8/2016": [11.9, -0.008333333333333304], "6/13/2016": [11.9, 0.0], "6/14/2016": [11.95, 0.004201680672268818], "6/15/2016": [12.0, 0.004184100418410101], "6/16/2016": [12.0, 0.0], "6/17/2016": [12.05, 0.004166666666666726], "6/20/2016": [12.1, 0.004149377593360907], "6/21/2016": [12.15, 0.004132231404958737], "6/22/2016": [12.2, 0.0041152263374484715], "6/23/2016": [12.2, 0.0], "6/24/2016": [12.1, -0.00819672131147538], "6/27/2016": [12.25, 0.012396694214876063], "6/28/2016": [12.2, -0.004081632653061282], "6/29/2016": [12.25, 0.004098360655737763], "6/30/2016": [12.25, 0.0], "7/1/2016": [12.25, 0.0], "7/4/2016": [12.35, 0.00816326530612242], "7/5/2016": [12.35, 0.0], "7/6/2016": [12.4, 0.004048582995951474], "7/7/2016": [12.45, 0.004032258064516043], "7/11/2016": [12.45, 0.0], "7/12/2016": [12.45, 0.0], "7/13/2016": [12.45, 0.0], "7/14/2016": [12.55, 0.008032128514056339], "7/15/2016": [12.6, 0.003984063745019835], "7/18/2016": [12.55, -0.003968253968253884], "7/19/2016": [12.55, 0.0], "7/20/2016": [12.55, 0.0], "7/21/2016": [12.6, 0.003984063745019835], "7/22/2016": [12.55, -0.003968253968253884], "7/25/2016": [12.6, 0.003984063745019835], "7/26/2016": [12.65, 0.003968253968254024], "7/27/2016": [12.6, -0.00395256916996053], "7/28/2016": [12.65, 0.003968253968254024], "7/29/2016": [12.65, 0.0], "8/1/2016": [12.6, -0.00395256916996053], "8/2/2016": [12.6, 0.0], "8/3/2016": [12.6, 0.0], "8/4/2016": [12.4, -0.015873015873015817], "8/5/2016": [12.4, 0.0], "8/8/2016": [12.3, -0.008064516129032228], "8/9/2016": [12.35, 0.004065040650406417], "8/10/2016": [12.3, -0.004048582995951331], "8/11/2016": [12.35, 0.004065040650406417], "8/12/2016": [12.25, -0.008097165991902806], "8/15/2016": [12.95, 0.057142857142857086], "8/16/2016": [13.0, 0.003861003861003916], "8/17/2016": [13.0, 0.0], "8/18/2016": [14.05, 0.08076923076923083], "8/19/2016": [13.7, -0.02491103202846985], "8/22/2016": [13.7, 0.0], "8/23/2016": [13.75, 0.0036496350364964023], "8/24/2016": [13.5, -0.01818181818181818], "8/25/2016": [13.55, 0.0037037037037037563], "8/26/2016": [13.5, -0.003690036900369056], "8/29/2016": [13.6, 0.007407407407407381], "8/30/2016": [13.5, -0.007352941176470562], "8/31/2016": [13.45, -0.0037037037037037563], "9/1/2016": [13.45, 0.0], "9/2/2016": [13.3, -0.011152416356877219], "9/5/2016": [13.35, 0.003759398496240521], "9/6/2016": [13.35, 0.0], "9/7/2016": [13.4, 0.0037453183520599785], "9/8/2016": [13.25, -0.011194029850746294], "9/9/2016": [13.3, 0.003773584905660431], "9/10/2016": [13.3, 0.0], "9/12/2016": [13.35, 0.003759398496240521], "9/13/2016": [13.35, 0.0], "9/14/2016": [13.35, 0.0], "9/19/2016": [13.35, 0.0], "9/20/2016": [13.3, -0.0037453183520598453], "9/21/2016": [13.45, 0.011278195488721696], "9/22/2016": [13.4, -0.0037174721189590287], "9/23/2016": [13.4, 0.0], "9/26/2016": [13.25, -0.011194029850746294], "9/29/2016": [13.25, 0.0], "9/30/2016": [13.25, 0.0], "10/3/2016": [13.3, 0.003773584905660431], "10/4/2016": [13.3, 0.0], "10/5/2016": [13.2, -0.007518796992481309], "10/6/2016": [13.15, -0.0037878787878787073], "10/7/2016": [13.2, 0.0038022813688212117], "10/11/2016": [13.25, 0.0037878787878788418], "10/12/2016": [13.2, -0.003773584905660431], "10/13/2016": [13.3, 0.0075757575757576835], "10/14/2016": [13.25, -0.0037593984962406546], "10/17/2016": [13.0, -0.018867924528301886], "10/18/2016": [12.9, -0.007692307692307665], "10/19/2016": [12.85, -0.003875968992248117], "10/20/2016": [12.9, 0.003891050583657643], "10/21/2016": [12.6, -0.023255813953488427], "10/24/2016": [12.9, 0.023809523809523867], "10/25/2016": [12.8, -0.007751937984496096], "10/26/2016": [13.05, 0.01953125], "10/27/2016": [12.85, -0.015325670498084372], "10/28/2016": [12.75, -0.0077821011673151474], "10/31/2016": [12.75, 0.0], "11/1/2016": [12.7, -0.003921568627451036], "11/2/2016": [12.6, -0.007874015748031468], "11/3/2016": [12.6, 0.0],