{"1/4/2016": [1.93, ""], "1/5/2016": [1.9, -0.015544041450777216], "1/6/2016": [1.9, 0.0], "1/7/2016": [1.87, -0.015789473684210423], "1/8/2016": [1.86, -0.0053475935828877046], "1/11/2016": [1.79, -0.03763440860215057], "1/12/2016": [1.75, -0.022346368715083817], "1/13/2016": [1.81, 0.034285714285714315], "1/14/2016": [1.78, -0.01657458563535913], "1/15/2016": [1.77, -0.005617977528089893], "1/18/2016": [1.8, 0.016949152542372895], "1/19/2016": [1.8, 0.0], "1/20/2016": [1.8, 0.0], "1/21/2016": [1.8, 0.0], "1/22/2016": [1.79, -0.00555555555555556], "1/25/2016": [1.8, 0.005586592178770954], "1/26/2016": [1.79, -0.00555555555555556], "1/27/2016": [1.76, -0.016759776536312863], "1/28/2016": [1.8, 0.02272727272727275], "1/29/2016": [1.8, 0.0], "1/30/2016": [1.85, 0.0277777777777778], "2/1/2016": [1.82, -0.01621621621621623], "2/2/2016": [1.82, 0.0], "2/3/2016": [1.9, 0.04395604395604387], "2/15/2016": [1.92, 0.010526315789473694], "2/16/2016": [1.88, -0.020833333333333353], "2/17/2016": [1.83, -0.02659574468085097], "2/18/2016": [1.85, 0.010928961748633888], "2/19/2016": [1.85, 0.0], "2/22/2016": [1.86, 0.00540540540540541], "2/23/2016": [1.77, -0.04838709677419359], "2/24/2016": [1.74, -0.016949152542372895], "2/25/2016": [1.78, 0.022988505747126457], "2/26/2016": [1.75, -0.016853932584269676], "3/1/2016": [1.8, 0.0285714285714286], "3/2/2016": [1.74, -0.03333333333333336], "3/3/2016": [1.78, 0.022988505747126457], "3/4/2016": [1.78, 0.0], "3/7/2016": [1.77, -0.005617977528089893], "3/8/2016": [1.74, -0.016949152542372895], "3/9/2016": [1.91, 0.09770114942528732], "3/10/2016": [1.9, -0.005235602094240842], "3/11/2016": [1.91, 0.005263157894736847], "3/14/2016": [1.86, -0.026178010471204098], "3/15/2016": [1.83, -0.01612903225806453], "3/16/2016": [1.88, 0.0273224043715846], "3/17/2016": [2.0, 0.06382978723404262], "3/18/2016": [1.96, -0.020000000000000018], "3/21/2016": [1.91, -0.025510204081632678], "3/22/2016": [1.9, -0.005235602094240842], "3/23/2016": [1.89, -0.005263157894736847], "3/24/2016": [1.87, -0.010582010582010474], "3/25/2016": [1.88, 0.005347593582887587], "3/28/2016": [1.88, 0.0], "3/29/2016": [1.86, -0.010638297872340318], "3/30/2016": [1.88, 0.0107526881720429], "3/31/2016": [1.86, -0.010638297872340318], "4/1/2016": [1.85, -0.00537634408602151], "4/6/2016": [1.85, 0.0], "4/7/2016": [1.85, 0.0], "4/8/2016": [1.85, 0.0], "4/11/2016": [1.84, -0.00540540540540541], "4/12/2016": [1.82, -0.010869565217391313], "4/13/2016": [1.83, 0.005494505494505499], "4/14/2016": [1.83, 0.0], "4/15/2016": [1.8, -0.016393442622950834], "4/18/2016": [1.8, 0.0], "4/19/2016": [1.79, -0.00555555555555556], "4/20/2016": [1.8, 0.005586592178770954], "4/21/2016": [1.8, 0.0], "4/22/2016": [1.8, 0.0], "4/25/2016": [1.77, -0.01666666666666668], "4/26/2016": [1.78, 0.005649717514124299], "4/27/2016": [1.78, 0.0], "4/28/2016": [1.78, 0.0], "4/29/2016": [1.79, 0.005617977528089893], "5/3/2016": [1.77, -0.011173184357541908], "5/4/2016": [1.78, 0.005649717514124299], "5/5/2016": [1.79, 0.005617977528089893], "5/6/2016": [1.78, -0.005586592178770954], "5/9/2016": [1.78, 0.0], "5/10/2016": [1.8, 0.011235955056179785], "5/11/2016": [1.79, -0.00555555555555556], "5/12/2016": [1.78, -0.005586592178770954], "5/13/2016": [1.78, 0.0], "5/16/2016": [1.72, -0.03370786516853935], "5/17/2016": [1.75, 0.017441860465116296], "5/18/2016": [1.74, -0.0057142857142857195], "5/19/2016": [1.73, -0.005747126436781614], "5/20/2016": [1.73, 0.0], "5/23/2016": [1.75, 0.011560693641618507], "5/24/2016": [1.74, -0.0057142857142857195], "5/25/2016": [1.78, 0.022988505747126457], "5/26/2016": [1.73, -0.02808988764044946], "5/27/2016": [1.74, 0.0057803468208092535], "5/30/2016": [1.76, 0.011494252873563229], "5/31/2016": [1.75, -0.005681818181818187], "6/1/2016": [1.75, 0.0], "6/2/2016": [1.74, -0.0057142857142857195], "6/3/2016": [1.71, -0.017241379310344845], "6/4/2016": [1.72, 0.005847953216374275], "6/6/2016": [1.72, 0.0], "6/7/2016": [1.73, 0.005813953488372098], "6/8/2016": [1.72, -0.0057803468208092535], "6/13/2016": [1.7, -0.011627906976744196], "6/14/2016": [1.72, 0.011764705882352951], "6/15/2016": [1.72, 0.0], "6/16/2016": [1.71, -0.005813953488372098], "6/17/2016": [1.71, 0.0], "6/20/2016": [1.71, 0.0], "6/21/2016": [1.71, 0.0], "6/22/2016": [1.71, 0.0], "6/23/2016": [1.71, 0.0], "6/24/2016": [1.69, -0.01169590643274855], "6/27/2016": [1.67, -0.011834319526627229], "6/28/2016": [1.67, 0.0], "6/29/2016": [1.68, 0.005988023952095814], "6/30/2016": [1.68, 0.0], "7/1/2016": [1.67, -0.005952380952380958], "7/4/2016": [1.69, 0.011976047904191628], "7/5/2016": [1.67, -0.011834319526627229], "7/6/2016": [1.69, 0.011976047904191628], "7/7/2016": [1.69, 0.0], "7/11/2016": [1.69, 0.0], "7/12/2016": [1.69, 0.0], "7/13/2016": [1.68, -0.0059171597633136145], "7/14/2016": [1.69, 0.005952380952380958], "7/15/2016": [1.68, -0.0059171597633136145], "7/18/2016": [1.68, 0.0], "7/19/2016": [1.7, 0.011904761904761916], "7/20/2016": [1.69, -0.005882352941176476], "7/21/2016": [1.7, 0.0059171597633136145], "7/22/2016": [1.7, 0.0], "7/25/2016": [1.7, 0.0], "7/26/2016": [1.71, 0.005882352941176476], "7/27/2016": [1.72, 0.005847953216374275], "7/28/2016": [1.71, -0.005813953488372098], "7/29/2016": [1.69, -0.01169590643274855], "8/1/2016": [1.69, 0.0], "8/2/2016": [1.7, 0.0059171597633136145], "8/3/2016": [1.69, -0.005882352941176476], "8/4/2016": [1.74, 0.029585798816568074], "8/5/2016": [1.72, -0.011494252873563229], "8/8/2016": [1.7, -0.011627906976744196], "8/9/2016": [1.71, 0.005882352941176476], "8/10/2016": [1.71, 0.0], "8/11/2016": [1.7, -0.005847953216374275], "8/12/2016": [1.7, 0.0], "8/15/2016": [1.69, -0.005882352941176476], "8/16/2016": [1.69, 0.0], "8/17/2016": [1.69, 0.0], "8/18/2016": [1.85, 0.09467455621301783], "8/19/2016": [1.91, 0.03243243243243234], "8/22/2016": [1.91, 0.0], "8/23/2016": [1.96, 0.026178010471204213], "8/24/2016": [1.95, -0.005102040816326535], "8/25/2016": [1.94, -0.0051282051282051325], "8/26/2016": [1.97, 0.01546391752577321], "8/29/2016": [1.98, 0.0050761421319797], "8/30/2016": [1.93, -0.025252525252525276], "8/31/2016": [1.89, -0.020725388601036288], "9/1/2016": [1.91, 0.010582010582010592], "9/2/2016": [1.88, -0.015706806282722526], "9/5/2016": [1.88, 0.0], "9/6/2016": [1.89, 0.005319148936170218], "9/7/2016": [1.9, 0.005291005291005296], "9/8/2016": [1.88, -0.010526315789473694], "9/9/2016": [1.91, 0.015957446808510654], "9/10/2016": [1.92, 0.005235602094240842], "9/12/2016": [1.92, 0.0], "9/13/2016": [1.88, -0.020833333333333353], "9/14/2016": [1.88, 0.0], "9/19/2016": [1.89, 0.005319148936170218], "9/20/2016": [1.87, -0.010582010582010474], "9/21/2016": [1.9, 0.016042780748662996], "9/22/2016": [1.88, -0.010526315789473694], "9/23/2016": [1.88, 0.0], "9/26/2016": [1.89, 0.005319148936170218], "9/29/2016": [1.93, 0.021164021164021184], "9/30/2016": [1.92, -0.005181347150259072], "10/3/2016": [1.9, -0.010416666666666676], "10/4/2016": [1.88, -0.010526315789473694], "10/5/2016": [1.89, 0.005319148936170218], "10/6/2016": [1.9, 0.005291005291005296], "10/7/2016": [1.9, 0.0], "10/11/2016": [1.87, -0.015789473684210423], "10/12/2016": [1.86, -0.0053475935828877046], "10/13/2016": [1.86, 0.0], "10/14/2016": [1.84, -0.01075268817204302], "10/17/2016": [1.82, -0.010869565217391313], "10/18/2016": [1.81, -0.005494505494505499], "10/19/2016": [1.81, 0.0], "10/20/2016": [1.81, 0.0], "10/21/2016": [1.81, 0.0], "10/24/2016": [1.8, -0.005524861878453044], "10/25/2016": [1.8, 0.0], "10/26/2016": [1.82, 0.01111111111111112], "10/27/2016": [1.82, 0.0], "10/28/2016": [1.8, -0.010989010989010999], "10/31/2016": [1.82, 0.01111111111111112], "11/1/2016": [1.82, 0.0], "11/2/2016": [1.8, -0.010989010989010999], "11/3/2016": [1.78, -0.01111111111111112], "11/4/2016": [1.79, 0.005617977528089893], "11/7/2016": [1.79, 0.0], "11/8/2016": [1.78, -0.005586592178770954], "11/9/2016": [1.75, -0.016853932584269676], "11/10/2016": [1.78, 0.017142857142857158],