{"1/4/2016": [14.65, ""], "1/5/2016": [14.55, -0.006825938566552877], "1/6/2016": [14.0, -0.037800687285223414], "1/7/2016": [14.0, 0.0], "1/8/2016": [15.2, 0.08571428571428566], "1/11/2016": [14.95, -0.01644736842105263], "1/12/2016": [15.9, 0.06354515050167231], "1/13/2016": [14.6, -0.08176100628930821], "1/14/2016": [14.4, -0.013698630136986254], "1/15/2016": [15.05, 0.045138888888888916], "1/18/2016": [15.05, 0.0], "1/19/2016": [15.05, 0.0], "1/20/2016": [14.55, -0.03322259136212624], "1/21/2016": [14.9, 0.02405498281786939], "1/22/2016": [14.85, -0.003355704697986625], "1/25/2016": [14.9, 0.003367003367003415], "1/26/2016": [14.35, -0.03691275167785239], "1/27/2016": [14.9, 0.038327526132404234], "1/28/2016": [14.7, -0.01342281879194638], "1/29/2016": [14.85, 0.010204081632653086], "1/30/2016": [14.95, 0.00673400673400671], "2/1/2016": [15.3, 0.02341137123745829], "2/2/2016": [15.3, 0.0], "2/3/2016": [15.2, -0.006535947712418394], "2/15/2016": [15.2, 0.0], "2/16/2016": [15.35, 0.009868421052631603], "2/17/2016": [15.35, 0.0], "2/18/2016": [15.55, 0.013029315960912122], "2/19/2016": [15.55, 0.0], "2/22/2016": [15.45, -0.006430868167202663], "2/23/2016": [15.7, 0.016181229773462785], "2/24/2016": [15.1, -0.03821656050955412], "2/25/2016": [15.1, 0.0], "2/26/2016": [15.1, 0.0], "3/1/2016": [15.1, 0.0], "3/2/2016": [15.4, 0.019867549668874218], "3/3/2016": [15.05, -0.022727272727272704], "3/4/2016": [16.3, 0.08305647840531562], "3/7/2016": [15.8, -0.03067484662576687], "3/8/2016": [16.1, 0.018987341772151944], "3/9/2016": [16.0, -0.0062111801242236905], "3/10/2016": [16.1, 0.006250000000000089], "3/11/2016": [16.2, 0.006211180124223469], "3/14/2016": [16.0, -0.012345679012345635], "3/15/2016": [15.85, -0.009375000000000022], "3/16/2016": [15.9, 0.0031545741324921586], "3/17/2016": [15.9, 0.0], "3/18/2016": [15.85, -0.003144654088050359], "3/21/2016": [15.75, -0.006309148264984205], "3/22/2016": [15.7, -0.0031746031746032197], "3/23/2016": [15.45, -0.01592356687898089], "3/24/2016": [15.5, 0.0032362459546926028], "3/25/2016": [15.5, 0.0], "3/28/2016": [15.35, -0.009677419354838733], "3/29/2016": [14.45, -0.05863192182410426], "3/30/2016": [15.2, 0.051903114186851215], "3/31/2016": [15.3, 0.006578947368421147], "4/1/2016": [15.0, -0.019607843137254947], "4/6/2016": [14.7, -0.02000000000000005], "4/7/2016": [14.7, 0.0], "4/8/2016": [14.9, 0.01360544217687082], "4/11/2016": [14.8, -0.00671140939597313], "4/12/2016": [14.8, 0.0], "4/13/2016": [15.4, 0.040540540540540515], "4/14/2016": [14.95, -0.02922077922077929], "4/15/2016": [15.6, 0.043478260869565244], "4/18/2016": [15.75, 0.009615384615384638], "4/19/2016": [15.2, -0.03492063492063496], "4/20/2016": [16.0, 0.052631578947368474], "4/21/2016": [15.2, -0.050000000000000044], "4/22/2016": [15.2, 0.0], "4/25/2016": [15.1, -0.00657894736842103], "4/26/2016": [15.1, 0.0], "4/27/2016": [14.85, -0.016556291390728478], "4/28/2016": [14.9, 0.003367003367003415], "4/29/2016": [14.6, -0.02013422818791951], "5/3/2016": [14.65, 0.003424657534246624], "5/4/2016": [15.0, 0.023890784982935127], "5/5/2016": [15.0, 0.0], "5/6/2016": [15.05, 0.003333333333333381], "5/9/2016": [15.15, 0.006644518272425225], "5/10/2016": [15.15, 0.0], "5/11/2016": [15.3, 0.009900990099009924], "5/12/2016": [15.3, 0.0], "5/13/2016": [15.3, 0.0], "5/16/2016": [15.3, 0.0], "5/17/2016": [15.75, 0.029411764705882304], "5/18/2016": [15.8, 0.0031746031746032197], "5/19/2016": [15.5, -0.018987341772151944], "5/20/2016": [15.85, 0.0225806451612903], "5/23/2016": [15.55, -0.018927444794952616], "5/24/2016": [15.25, -0.01929260450160776], "5/25/2016": [15.6, 0.022950819672131126], "5/26/2016": [15.2, -0.025641025641025664], "5/27/2016": [15.2, 0.0], "5/30/2016": [15.2, 0.0], "5/31/2016": [15.4, 0.013157894736842176], "6/1/2016": [15.5, 0.0064935064935064705], "6/2/2016": [15.5, 0.0], "6/3/2016": [15.6, 0.006451612903225784], "6/4/2016": [15.6, 0.0], "6/6/2016": [15.8, 0.01282051282051289], "6/7/2016": [16.1, 0.018987341772151944], "6/8/2016": [16.2, 0.006211180124223469], "6/13/2016": [16.5, 0.018518518518518563], "6/14/2016": [16.1, -0.024242424242424156], "6/15/2016": [16.2, 0.006211180124223469], "6/16/2016": [15.95, -0.0154320987654321], "6/17/2016": [16.2, 0.015673981191222573], "6/20/2016": [16.75, 0.033950617283950664], "6/21/2016": [16.95, 0.011940298507462643], "6/22/2016": [17.75, 0.04719764011799414], "6/23/2016": [17.15, -0.03380281690140853], "6/24/2016": [16.5, -0.03790087463556843], "6/27/2016": [17.8, 0.07878787878787884], "6/28/2016": [17.4, -0.022471910112359668], "6/29/2016": [17.3, -0.005747126436781487], "6/30/2016": [17.65, 0.020231213872832245], "7/1/2016": [17.75, 0.00566572237960348], "7/4/2016": [18.4, 0.03661971830985907], "7/5/2016": [18.0, -0.021739130434782532], "7/6/2016": [18.05, 0.0027777777777778173], "7/7/2016": [18.05, 0.0], "7/11/2016": [18.0, -0.0027700831024931143], "7/12/2016": [18.2, 0.011111111111111072], "7/13/2016": [18.1, -0.005494505494505378], "7/14/2016": [18.1, 0.0], "7/15/2016": [18.1, 0.0], "7/18/2016": [18.15, 0.0027624309392263622], "7/19/2016": [17.45, -0.038567493112947625], "7/20/2016": [18.0, 0.03151862464183385], "7/21/2016": [17.75, -0.013888888888888888], "7/22/2016": [17.75, 0.0], "7/25/2016": [18.2, 0.025352112676056297], "7/26/2016": [17.55, -0.035714285714285636], "7/27/2016": [17.55, 0.0], "7/28/2016": [17.65, 0.005698005698005576], "7/29/2016": [17.65, 0.0], "8/1/2016": [17.3, -0.01983002832861178], "8/2/2016": [18.0, 0.0404624277456647], "8/3/2016": [17.5, -0.027777777777777776], "8/4/2016": [18.2, 0.03999999999999996], "8/5/2016": [17.75, -0.024725274725274686], "8/8/2016": [18.25, 0.028169014084507043], "8/9/2016": [18.25, 0.0], "8/10/2016": [18.15, -0.005479452054794599], "8/11/2016": [17.9, -0.013774104683195593], "8/12/2016": [18.3, 0.02234636871508392], "8/15/2016": [18.1, -0.01092896174863384], "8/16/2016": [19.0, 0.04972375690607726], "8/17/2016": [19.0, 0.0], "8/18/2016": [19.15, 0.007894736842105189], "8/19/2016": [18.5, -0.03394255874673622], "8/22/2016": [18.5, 0.0], "8/23/2016": [18.4, -0.005405405405405482], "8/24/2016": [18.7, 0.016304347826086998], "8/25/2016": [18.95, 0.013368983957219251], "8/26/2016": [19.1, 0.007915567282322013], "8/29/2016": [18.5, -0.0314136125654451], "8/30/2016": [19.45, 0.05135135135135131], "8/31/2016": [19.25, -0.01028277634961436], "9/1/2016": [19.6, 0.018181818181818257], "9/2/2016": [19.55, -0.0025510204081633015], "9/5/2016": [19.25, -0.015345268542199524], "9/6/2016": [21.15, 0.09870129870129862], "9/7/2016": [23.25, 0.09929078014184405], "9/8/2016": [23.9, 0.027956989247311766], "9/9/2016": [26.25, 0.09832635983263605], "9/10/2016": [24.5, -0.06666666666666667], "9/12/2016": [25.7, 0.048979591836734664], "9/13/2016": [25.3, -0.015564202334630295], "9/14/2016": [27.8, 0.09881422924901186], "9/19/2016": [29.0, 0.043165467625899255], "9/20/2016": [31.9, 0.09999999999999995], "9/21/2016": [31.0, -0.028213166144200583], "9/22/2016": [30.6, -0.012903225806451568], "9/23/2016": [31.7, 0.03594771241830058], "9/26/2016": [30.5, -0.03785488958990534], "9/29/2016": [31.6, 0.03606557377049185], "9/30/2016": [30.1, -0.04746835443037974], "10/3/2016": [30.15, 0.0016611295681062178], "10/4/2016": [30.0, -0.004975124378109406], "10/5/2016": [31.0, 0.03333333333333333], "10/6/2016": [30.55, -0.014516129032258041], "10/7/2016": [31.0, 0.014729950900163642], "10/11/2016": [30.35, -0.020967741935483824], "10/12/2016": [32.0, 0.05436573311367376], "10/13/2016": [34.1, 0.06562500000000004], "10/14/2016": [32.0, -0.06158357771261001], "10/17/2016": [30.9, -0.034375000000000044], "10/18/2016": [31.2, 0.009708737864077693], "10/19/2016": [31.1, -0.003205128205128137], "10/20/2016": [31.8, 0.02250803858520898], "10/21/2016": [31.15, -0.02044025157232711], "10/24/2016": [31.3, 0.0048154093097914005], "10/25/2016": [31.5, 0.006389776357827453], "10/26/2016": [31.05, -0.014285714285714263], "10/27/2016": [31.15, 0.0032206119162640216],