{"1/4/2016": [30.0, ""], "1/5/2016": [29.95, -0.0016666666666666904], "1/6/2016": [30.0, 0.0016694490818030287], "1/7/2016": [30.15, 0.004999999999999952], "1/8/2016": [30.1, -0.0016583747927030566], "1/11/2016": [29.9, -0.006644518272425343], "1/12/2016": [29.7, -0.006688963210702318], "1/13/2016": [29.4, -0.010101010101010124], "1/14/2016": [29.2, -0.0068027210884353505], "1/15/2016": [29.2, 0.0], "1/18/2016": [29.25, 0.001712328767123312], "1/19/2016": [29.45, 0.006837606837606813], "1/20/2016": [29.0, -0.015280135823429518], "1/21/2016": [29.0, 0.0], "1/22/2016": [29.05, 0.0017241379310345072], "1/25/2016": [29.15, 0.0034423407917383085], "1/26/2016": [29.15, 0.0], "1/27/2016": [29.05, -0.003430531732418452], "1/28/2016": [29.0, -0.0017211703958692154], "1/29/2016": [29.1, 0.0034482758620690145], "1/30/2016": [29.6, 0.017182130584192438], "2/1/2016": [29.35, -0.008445945945945945], "2/2/2016": [29.45, 0.00340715502555359], "2/3/2016": [29.6, 0.0050933786078099196], "2/15/2016": [31.55, 0.06587837837837836], "2/16/2016": [31.95, 0.012678288431061762], "2/17/2016": [31.75, -0.006259780907668209], "2/18/2016": [31.8, 0.0015748031496063215], "2/19/2016": [31.9, 0.0031446540880502474], "2/22/2016": [32.9, 0.031347962382445145], "2/23/2016": [32.9, 0.0], "2/24/2016": [32.7, -0.006079027355622971], "2/25/2016": [32.75, 0.001529051987767497], "2/26/2016": [32.65, -0.00305343511450386], "3/1/2016": [34.1, 0.04441041347626349], "3/2/2016": [34.05, -0.0014662756598241718], "3/3/2016": [34.1, 0.0014684287812042369], "3/4/2016": [36.15, 0.060117302052785836], "3/7/2016": [36.0, -0.004149377593360957], "3/8/2016": [37.0, 0.027777777777777776], "3/9/2016": [37.75, 0.02027027027027027], "3/10/2016": [38.0, 0.006622516556291391], "3/11/2016": [37.8, -0.005263157894736917], "3/14/2016": [37.95, 0.003968253968254119], "3/15/2016": [36.8, -0.03030303030303045], "3/16/2016": [36.85, 0.001358695652174029], "3/17/2016": [36.85, 0.0], "3/18/2016": [37.25, 0.01085481682496604], "3/21/2016": [37.3, 0.0013422818791945545], "3/22/2016": [37.45, 0.004021447721179777], "3/23/2016": [38.3, 0.02269692923898516], "3/24/2016": [37.5, -0.020887728459529954], "3/25/2016": [36.6, -0.023999999999999962], "3/28/2016": [36.05, -0.0150273224043717], "3/29/2016": [35.65, -0.011095700416088728], "3/30/2016": [36.5, 0.023842917251051934], "3/31/2016": [36.55, 0.0013698630136985523], "4/1/2016": [36.75, 0.005471956224350283], "4/6/2016": [36.8, 0.0013605442176869975], "4/7/2016": [36.75, -0.0013586956521738358], "4/8/2016": [37.25, 0.013605442176870748], "4/11/2016": [36.5, -0.020134228187919462], "4/12/2016": [36.3, -0.005479452054794599], "4/13/2016": [36.2, -0.002754820936638962], "4/14/2016": [36.1, -0.0027624309392265583], "4/15/2016": [36.05, -0.0013850415512466554], "4/18/2016": [35.7, -0.009708737864077513], "4/19/2016": [35.5, -0.005602240896358622], "4/20/2016": [35.3, -0.0056338028169014885], "4/21/2016": [35.35, 0.0014164305949009707], "4/22/2016": [35.35, 0.0], "4/25/2016": [35.0, -0.009900990099009941], "4/26/2016": [35.3, 0.00857142857142849], "4/27/2016": [35.2, -0.002832861189801539], "4/28/2016": [35.0, -0.005681818181818262], "4/29/2016": [35.0, 0.0], "5/3/2016": [34.8, -0.005714285714285796], "5/4/2016": [34.4, -0.011494252873563178], "5/5/2016": [34.5, 0.002906976744186088], "5/6/2016": [34.8, 0.00869565217391296], "5/9/2016": [34.4, -0.011494252873563178], "5/10/2016": [34.5, 0.002906976744186088], "5/11/2016": [34.5, 0.0], "5/12/2016": [34.3, -0.005797101449275445], "5/13/2016": [34.4, 0.0029154518950437734], "5/16/2016": [34.25, -0.004360465116279029], "5/17/2016": [34.5, 0.0072992700729927005], "5/18/2016": [34.6, 0.0028985507246377224], "5/19/2016": [34.5, -0.0028901734104046653], "5/20/2016": [34.55, 0.0014492753623187582], "5/23/2016": [35.3, 0.021707670043415343], "5/24/2016": [35.35, 0.0014164305949009707], "5/25/2016": [35.55, 0.0056577086280055365], "5/26/2016": [35.1, -0.012658227848101148], "5/27/2016": [35.3, 0.005698005698005576], "5/30/2016": [35.45, 0.004249291784702711], "5/31/2016": [35.5, 0.001410437235542938], "6/1/2016": [35.45, -0.001408450704225272], "6/2/2016": [35.4, -0.0014104372355431384], "6/3/2016": [35.05, -0.009887005649717555], "6/4/2016": [35.6, 0.01569186875891596], "6/6/2016": [36.05, 0.012640449438202127], "6/7/2016": [36.55, 0.013869625520110958], "6/8/2016": [36.8, 0.006839945280437757], "6/13/2016": [36.4, -0.010869565217391266], "6/14/2016": [36.4, 0.0], "6/15/2016": [36.4, 0.0], "6/16/2016": [36.1, -0.008241758241758164], "6/17/2016": [36.3, 0.005540166204986032], "6/20/2016": [36.65, 0.009641873278236955], "6/21/2016": [36.6, -0.0013642564802182036], "6/22/2016": [34.55, -0.05601092896174875], "6/23/2016": [34.45, -0.002894356005788548], "6/24/2016": [34.25, -0.005805515239477586], "6/27/2016": [34.5, 0.0072992700729927005], "6/28/2016": [34.9, 0.011594202898550683], "6/29/2016": [35.55, 0.018624641833810848], "6/30/2016": [36.1, 0.015471167369901668], "7/1/2016": [36.0, -0.0027700831024931143], "7/4/2016": [36.45, 0.012500000000000079], "7/5/2016": [36.6, 0.00411522633744852], "7/6/2016": [36.6, 0.0], "7/7/2016": [36.55, -0.0013661202185793514], "7/11/2016": [36.35, -0.005471956224350089], "7/12/2016": [36.6, 0.0068775790921595595], "7/13/2016": [36.35, -0.006830601092896175], "7/14/2016": [36.5, 0.0041265474552956965], "7/15/2016": [36.65, 0.004109589041095852], "7/18/2016": [36.7, 0.0013642564802183975], "7/19/2016": [36.65, -0.0013623978201636037], "7/20/2016": [36.45, -0.005457025920873008], "7/21/2016": [36.25, -0.0054869684499314906], "7/22/2016": [36.45, 0.005517241379310423], "7/25/2016": [36.6, 0.00411522633744852], "7/26/2016": [36.7, 0.0027322404371585085], "7/27/2016": [36.8, 0.0027247956403268206], "7/28/2016": [37.75, 0.025815217391304428], "7/29/2016": [37.85, 0.002649006622516594], "8/1/2016": [39.35, 0.03963011889035667], "8/2/2016": [39.65, 0.007623888182973244], "8/3/2016": [39.3, -0.008827238335435092], "8/4/2016": [39.4, 0.00254452926208655], "8/5/2016": [39.15, -0.006345177664974619], "8/8/2016": [39.0, -0.0038314176245210366], "8/9/2016": [38.7, -0.007692307692307619], "8/10/2016": [38.8, 0.0025839793281652278], "8/11/2016": [38.4, -0.010309278350515427], "8/12/2016": [38.85, 0.011718750000000075], "8/15/2016": [38.9, 0.0012870012870012139], "8/16/2016": [39.45, 0.014138817480719905], "8/17/2016": [39.35, -0.0025348542458808977], "8/18/2016": [39.25, -0.0025412960609911416], "8/19/2016": [39.2, -0.0012738853503183988], "8/22/2016": [38.95, -0.0063775510204081625], "8/23/2016": [39.0, 0.0012836970474967176], "8/24/2016": [38.9, -0.0025641025641026005], "8/25/2016": [38.9, 0.0], "8/26/2016": [38.9, 0.0], "8/29/2016": [38.7, -0.005141388174807088], "8/30/2016": [38.9, 0.0051679586563306385], "8/31/2016": [39.15, 0.006426735218508998], "9/1/2016": [39.0, -0.0038314176245210366], "9/2/2016": [39.2, 0.005128205128205201], "9/5/2016": [39.1, -0.0025510204081633015], "9/6/2016": [38.9, -0.005115089514066569], "9/7/2016": [38.9, 0.0], "9/8/2016": [38.75, -0.003856041131105362], "9/9/2016": [38.65, -0.0025806451612903594], "9/10/2016": [38.65, 0.0], "9/12/2016": [38.3, -0.009055627425614526], "9/13/2016": [37.6, -0.018276762402088663], "9/14/2016": [37.0, -0.015957446808510675], "9/19/2016": [37.1, 0.002702702702702741], "9/20/2016": [37.0, -0.0026954177897574507], "9/21/2016": [37.8, 0.021621621621621546], "9/22/2016": [37.8, 0.0], "9/23/2016": [37.9, 0.002645502645502683], "9/26/2016": [38.0, 0.002638522427440671], "9/29/2016": [37.7, -0.007894736842105189], "9/30/2016": [37.2, -0.01326259946949602], "10/3/2016": [37.0, -0.005376344086021581], "10/4/2016": [36.65, -0.009459459459459498], "10/5/2016": [37.15, 0.013642564802182811], "10/6/2016": [37.0, -0.004037685060565238], "10/7/2016": [37.05, 0.0013513513513512744], "10/11/2016": [36.9, -0.004048582995951379], "10/12/2016": [36.95, 0.001355013550135617], "10/13/2016": [36.9, -0.0013531799729365158], "10/14/2016": [36.7, -0.00542005420054189],