{"1/4/2016": [63.2, ""], "1/5/2016": [61.3, -0.030063291139240594], "1/6/2016": [60.0, -0.021207177814029317], "1/7/2016": [57.4, -0.043333333333333356], "1/8/2016": [59.3, 0.033101045296167225], "1/11/2016": [59.0, -0.0050590219224282825], "1/12/2016": [57.3, -0.028813559322033947], "1/13/2016": [57.5, 0.0034904013961606084], "1/14/2016": [55.7, -0.03130434782608691], "1/15/2016": [55.9, 0.003590664272890408], "1/18/2016": [58.7, 0.050089445438282726], "1/19/2016": [58.9, 0.00340715502555359], "1/20/2016": [57.1, -0.030560271646859035], "1/21/2016": [56.5, -0.010507880910683037], "1/22/2016": [56.8, 0.005309734513274286], "1/25/2016": [57.8, 0.017605633802816902], "1/26/2016": [57.4, -0.006920415224913471], "1/27/2016": [56.9, -0.008710801393728223], "1/28/2016": [58.0, 0.0193321616871705], "1/29/2016": [58.5, 0.008620689655172414], "1/30/2016": [59.3, 0.013675213675213627], "2/1/2016": [59.1, -0.0033726812816188153], "2/2/2016": [59.1, 0.0], "2/3/2016": [59.4, 0.005076142131979647], "2/15/2016": [60.0, 0.010101010101010124], "2/16/2016": [60.1, 0.0016666666666666904], "2/17/2016": [59.6, -0.008319467554076539], "2/18/2016": [61.8, 0.036912751677852275], "2/19/2016": [62.4, 0.009708737864077693], "2/22/2016": [61.8, -0.009615384615384638], "2/23/2016": [62.7, 0.014563106796116597], "2/24/2016": [61.4, -0.020733652312599746], "2/25/2016": [61.6, 0.0032573289902280596], "2/26/2016": [62.4, 0.012987012987012941], "3/1/2016": [63.3, 0.014423076923076901], "3/2/2016": [63.4, 0.0015797788309636876], "3/3/2016": [63.8, 0.006309148264984205], "3/4/2016": [64.1, 0.004702194357366727], "3/7/2016": [63.5, -0.009360374414976511], "3/8/2016": [63.3, -0.003149606299212643], "3/9/2016": [62.4, -0.014218009478672964], "3/10/2016": [62.3, -0.0016025641025641253], "3/11/2016": [62.5, 0.0032102728731942675], "3/14/2016": [63.4, 0.014399999999999977], "3/15/2016": [62.3, -0.01735015772870665], "3/16/2016": [63.2, 0.014446227929374089], "3/17/2016": [63.6, 0.00632911392405061], "3/18/2016": [66.2, 0.04088050314465411], "3/21/2016": [66.4, 0.0030211480362538194], "3/22/2016": [65.6, -0.012048192771084508], "3/23/2016": [64.6, -0.015243902439024392], "3/24/2016": [64.3, -0.00464396284829717], "3/25/2016": [63.8, -0.007776049766718507], "3/28/2016": [57.5, -0.09874608150470215], "3/29/2016": [57.8, 0.005217391304347777], "3/30/2016": [57.7, -0.0017301038062282755], "3/31/2016": [57.2, -0.008665511265164644], "4/1/2016": [56.2, -0.01748251748251748], "4/6/2016": [57.2, 0.01779359430604982], "4/7/2016": [58.6, 0.024475524475524448], "4/8/2016": [58.8, 0.0034129692832763777], "4/11/2016": [57.9, -0.015306122448979569], "4/12/2016": [57.8, -0.001727115716753047], "4/13/2016": [57.7, -0.0017301038062282755], "4/14/2016": [57.6, -0.0017331022530329536], "4/15/2016": [56.8, -0.013888888888888963], "4/18/2016": [56.1, -0.012323943661971757], "4/19/2016": [55.9, -0.003565062388591851], "4/20/2016": [55.2, -0.012522361359570586], "4/21/2016": [54.3, -0.01630434782608706], "4/22/2016": [52.0, -0.042357274401473244], "4/25/2016": [52.7, 0.013461538461538516], "4/26/2016": [51.7, -0.018975332068311195], "4/27/2016": [51.4, -0.005802707930367587], "4/28/2016": [51.0, -0.0077821011673151474], "4/29/2016": [51.4, 0.007843137254901933], "5/3/2016": [51.0, -0.0077821011673151474], "5/4/2016": [50.1, -0.017647058823529384], "5/5/2016": [50.3, 0.003992015968063787], "5/6/2016": [50.8, 0.009940357852882704], "5/9/2016": [49.15, -0.0324803149606299], "5/10/2016": [49.0, -0.0030518819938962073], "5/11/2016": [49.3, 0.006122448979591778], "5/12/2016": [49.25, -0.0010141987829614028], "5/13/2016": [47.8, -0.02944162436548229], "5/16/2016": [46.8, -0.020920502092050212], "5/17/2016": [49.3, 0.05341880341880342], "5/18/2016": [49.7, 0.0081135902636918], "5/19/2016": [49.2, -0.01006036217303823], "5/20/2016": [49.95, 0.01524390243902439], "5/23/2016": [51.1, 0.023023023023022993], "5/24/2016": [51.0, -0.001956947162426642], "5/25/2016": [51.0, 0.0], "5/26/2016": [51.3, 0.005882352941176415], "5/27/2016": [51.4, 0.0019493177387914509], "5/30/2016": [51.4, 0.0], "5/31/2016": [51.0, -0.0077821011673151474], "6/1/2016": [50.9, -0.001960784313725518], "6/2/2016": [50.6, -0.0058939096267190015], "6/3/2016": [50.4, -0.00395256916996053], "6/4/2016": [50.4, 0.0], "6/6/2016": [50.4, 0.0], "6/7/2016": [50.5, 0.001984126984127012], "6/8/2016": [50.4, -0.0019801980198020084], "6/13/2016": [50.4, 0.0], "6/14/2016": [50.5, 0.001984126984127012], "6/15/2016": [50.5, 0.0], "6/16/2016": [50.3, -0.003960396039604017], "6/17/2016": [50.5, 0.003976143141153138], "6/20/2016": [50.6, 0.0019801980198020084], "6/21/2016": [51.2, 0.01185770750988145], "6/22/2016": [51.3, 0.001953124999999889], "6/23/2016": [51.0, -0.005847953216374214], "6/24/2016": [50.1, -0.017647058823529384], "6/27/2016": [51.1, 0.01996007984031936], "6/28/2016": [54.0, 0.05675146771037179], "6/29/2016": [54.0, 0.0], "6/30/2016": [53.9, -0.0018518518518518782], "7/1/2016": [53.9, 0.0], "7/4/2016": [53.2, -0.012987012987012908], "7/5/2016": [53.1, -0.0018796992481203273], "7/6/2016": [52.6, -0.009416195856873822], "7/7/2016": [52.6, 0.0], "7/11/2016": [51.5, -0.020912547528517136], "7/12/2016": [51.7, 0.0038834951456311233], "7/13/2016": [51.6, -0.0019342359767891956], "7/14/2016": [51.9, 0.005813953488372037], "7/15/2016": [52.3, 0.007707129094412304], "7/18/2016": [52.4, 0.0019120458891013657], "7/19/2016": [53.0, 0.01145038167938934], "7/20/2016": [53.0, 0.0], "7/21/2016": [53.3, 0.005660377358490513], "7/22/2016": [53.2, -0.0018761726078798185], "7/25/2016": [52.8, -0.007518796992481309], "7/26/2016": [52.8, 0.0], "7/27/2016": [52.7, -0.0018939393939392864], "7/28/2016": [52.7, 0.0], "7/29/2016": [52.3, -0.007590132827324586], "8/1/2016": [52.6, 0.005736137667304097], "8/2/2016": [52.5, -0.0019011406844106733], "8/3/2016": [52.6, 0.0019047619047619319], "8/4/2016": [52.4, -0.0038022813688213465], "8/5/2016": [52.7, 0.005725190839694738], "8/8/2016": [52.4, -0.005692599620493439], "8/9/2016": [52.3, -0.0019083969465649127], "8/10/2016": [52.1, -0.0038240917782025956], "8/11/2016": [51.3, -0.015355086372360926], "8/12/2016": [51.3, 0.0], "8/15/2016": [49.8, -0.029239766081871347], "8/16/2016": [50.2, 0.008032128514056339], "8/17/2016": [50.2, 0.0], "8/18/2016": [50.9, 0.013944223107569636], "8/19/2016": [51.0, 0.0019646365422397137], "8/22/2016": [50.6, -0.007843137254901933], "8/23/2016": [51.0, 0.00790513833992092], "8/24/2016": [51.1, 0.001960784313725518], "8/25/2016": [52.5, 0.027397260273972573], "8/26/2016": [52.7, 0.0038095238095238637], "8/29/2016": [52.8, 0.0018975332068310116], "8/30/2016": [51.6, -0.022727272727272648], "8/31/2016": [52.0, 0.007751937984496096], "9/1/2016": [51.8, -0.003846153846153901], "9/2/2016": [51.9, 0.001930501930501958], "9/5/2016": [51.9, 0.0], "9/6/2016": [53.0, 0.021194605009633938], "9/7/2016": [55.2, 0.041509433962264204], "9/8/2016": [55.2, 0.0], "9/9/2016": [54.3, -0.01630434782608706], "9/10/2016": [55.0, 0.012891344383057144], "9/12/2016": [55.5, 0.00909090909090909], "9/13/2016": [56.3, 0.014414414414414363], "9/14/2016": [55.7, -0.010657193605683736], "9/19/2016": [56.4, 0.012567324955116619], "9/20/2016": [57.4, 0.01773049645390071], "9/21/2016": [58.0, 0.010452961672473893], "9/22/2016": [57.9, -0.0017241379310345072], "9/23/2016": [58.1, 0.003454231433506094], "9/26/2016": [58.7, 0.010327022375215171], "9/29/2016": [58.7, 0.0], "9/30/2016": [59.8, 0.01873935264054505], "10/3/2016": [61.1, 0.02173913043478268], "10/4/2016": [60.2, -0.014729950900163642], "10/5/2016": [61.0, 0.01328903654485045], "10/6/2016": [61.0, 0.0], "10/7/2016": [62.7, 0.02786885245901644], "10/11/2016": [62.7, 0.0], "10/12/2016": [62.4, -0.0047846889952153785], "10/13/2016": [60.0, -0.03846153846153844], "10/14/2016": [60.1, 0.0016666666666666904], "10/17/2016": [61.1, 0.016638935108153077], "10/18/2016": [61.1, 0.0], "10/19/2016": [61.5, 0.006546644844517162], "10/20/2016": [61.5, 0.0],