{"1/4/2016": [182.0, ""], "1/5/2016": [180.0, -0.01098901098901099], "1/6/2016": [180.0, 0.0], "1/7/2016": [173.0, -0.03888888888888889], "1/8/2016": [180.0, 0.04046242774566474], "1/11/2016": [183.0, 0.016666666666666666], "1/12/2016": [182.1, -0.004918032786885277], "1/13/2016": [182.1, 0.0], "1/14/2016": [181.0, -0.006040637012630392], "1/15/2016": [180.0, -0.0055248618784530384], "1/18/2016": [182.0, 0.011111111111111112], "1/19/2016": [180.0, -0.01098901098901099], "1/20/2016": [181.0, 0.005555555555555556], "1/21/2016": [180.0, -0.0055248618784530384], "1/22/2016": [180.0, 0.0], "1/25/2016": [186.0, 0.03333333333333333], "1/26/2016": [181.0, -0.026881720430107527], "1/27/2016": [187.0, 0.03314917127071823], "1/28/2016": [196.0, 0.0481283422459893], "1/29/2016": [200.0, 0.02040816326530612], "1/30/2016": [215.78, 0.07890000000000001], "2/1/2016": [197.0, -0.08703308925757716], "2/2/2016": [200.0, 0.015228426395939087], "2/3/2016": [200.0, 0.0], "2/15/2016": [200.0, 0.0], "2/16/2016": [202.0, 0.01], "2/17/2016": [202.0, 0.0], "2/18/2016": [214.0, 0.0594059405940594], "2/19/2016": [209.5, -0.02102803738317757], "2/22/2016": [208.0, -0.007159904534606206], "2/23/2016": [210.0, 0.009615384615384616], "2/24/2016": [208.0, -0.009523809523809525], "2/25/2016": [210.0, 0.009615384615384616], "2/26/2016": [210.0, 0.0], "3/1/2016": [210.0, 0.0], "3/2/2016": [212.0, 0.009523809523809525], "3/3/2016": [210.6, -0.0066037735849056875], "3/4/2016": [211.0, 0.001899335232668593], "3/7/2016": [211.0, 0.0], "3/8/2016": [218.0, 0.03317535545023697], "3/9/2016": [224.0, 0.027522935779816515], "3/10/2016": [224.0, 0.0], "3/11/2016": [242.0, 0.08035714285714286], "3/14/2016": [243.0, 0.004132231404958678], "3/15/2016": [240.0, -0.012345679012345678], "3/16/2016": [232.0, -0.03333333333333333], "3/17/2016": [231.5, -0.0021551724137931034], "3/18/2016": [234.0, 0.01079913606911447], "3/21/2016": [233.0, -0.004273504273504274], "3/22/2016": [233.0, 0.0], "3/23/2016": [233.0, 0.0], "3/24/2016": [235.0, 0.008583690987124463], "3/25/2016": [234.0, -0.00425531914893617], "3/28/2016": [231.0, -0.01282051282051282], "3/29/2016": [235.0, 0.017316017316017316], "3/30/2016": [257.0, 0.09361702127659574], "3/31/2016": [249.0, -0.0311284046692607], "4/1/2016": [246.0, -0.012048192771084338], "4/6/2016": [251.0, 0.02032520325203252], "4/7/2016": [249.0, -0.00796812749003984], "4/8/2016": [245.0, -0.01606425702811245], "4/11/2016": [260.0, 0.061224489795918366], "4/12/2016": [261.0, 0.0038461538461538464], "4/13/2016": [265.0, 0.01532567049808429], "4/14/2016": [282.06, 0.06437735849056604], "4/15/2016": [279.5, -0.009076083102885919], "4/18/2016": [270.0, -0.03398926654740608], "4/19/2016": [275.0, 0.018518518518518517], "4/20/2016": [274.0, -0.0036363636363636364], "4/21/2016": [289.0, 0.05474452554744526], "4/22/2016": [285.0, -0.01384083044982699], "4/25/2016": [281.0, -0.014035087719298246], "4/26/2016": [278.0, -0.010676156583629894], "4/27/2016": [281.0, 0.01079136690647482], "4/28/2016": [277.0, -0.014234875444839857], "4/29/2016": [277.0, 0.0], "5/3/2016": [274.0, -0.010830324909747292], "5/4/2016": [270.0, -0.014598540145985401], "5/5/2016": [270.0, 0.0], "5/6/2016": [275.0, 0.018518518518518517], "5/9/2016": [268.0, -0.025454545454545455], "5/10/2016": [268.0, 0.0], "5/11/2016": [273.0, 0.018656716417910446], "5/12/2016": [268.0, -0.018315018315018316], "5/13/2016": [267.0, -0.0037313432835820895], "5/16/2016": [271.99, 0.01868913857677906], "5/17/2016": [265.0, -0.0256994742453767], "5/18/2016": [266.31, 0.004943396226415103], "5/19/2016": [245.26, -0.07904322030716086], "5/20/2016": [250.0, 0.01932642909565363], "5/23/2016": [253.0, 0.012], "5/24/2016": [260.0, 0.02766798418972332], "5/25/2016": [272.0, 0.046153846153846156], "5/26/2016": [267.0, -0.01838235294117647], "5/27/2016": [270.0, 0.011235955056179775], "5/30/2016": [270.0, 0.0], "5/31/2016": [266.0, -0.014814814814814815], "6/1/2016": [279.0, 0.04887218045112782], "6/2/2016": [276.0, -0.010752688172043012], "6/3/2016": [275.0, -0.0036231884057971015], "6/4/2016": [280.0, 0.01818181818181818], "6/6/2016": [287.0, 0.025], "6/7/2016": [295.0, 0.027874564459930314], "6/8/2016": [296.0, 0.003389830508474576], "6/13/2016": [300.0, 0.013513513513513514], "6/14/2016": [299.0, -0.0033333333333333335], "6/15/2016": [296.0, -0.010033444816053512], "6/16/2016": [298.0, 0.006756756756756757], "6/17/2016": [298.0, 0.0], "6/20/2016": [296.0, -0.006711409395973154], "6/21/2016": [293.0, -0.010135135135135136], "6/22/2016": [295.0, 0.006825938566552901], "6/23/2016": [293.0, -0.006779661016949152], "6/24/2016": [288.0, -0.017064846416382253], "6/27/2016": [291.0, 0.010416666666666666], "6/28/2016": [288.0, -0.010309278350515464], "6/29/2016": [289.0, 0.003472222222222222], "6/30/2016": [290.0, 0.0034602076124567475], "7/1/2016": [292.0, 0.006896551724137931], "7/4/2016": [293.0, 0.003424657534246575], "7/5/2016": [293.0, 0.0], "7/6/2016": [293.0, 0.0], "7/7/2016": [293.0, 0.0], "7/11/2016": [297.0, 0.013651877133105802], "7/12/2016": [297.0, 0.0], "7/13/2016": [293.0, -0.013468013468013467], "7/14/2016": [288.0, -0.017064846416382253], "7/15/2016": [285.0, -0.010416666666666666], "7/18/2016": [290.0, 0.017543859649122806], "7/19/2016": [290.0, 0.0], "7/20/2016": [293.0, 0.010344827586206896], "7/21/2016": [293.0, 0.0], "7/22/2016": [293.0, 0.0], "7/25/2016": [293.0, 0.0], "7/26/2016": [292.0, -0.0034129692832764505], "7/27/2016": [288.0, -0.0136986301369863], "7/28/2016": [288.0, 0.0], "7/29/2016": [286.1, -0.006597222222222143], "8/1/2016": [291.0, 0.017126878713736374], "8/2/2016": [292.0, 0.003436426116838488], "8/3/2016": [292.0, 0.0], "8/4/2016": [285.0, -0.023972602739726026], "8/5/2016": [291.0, 0.021052631578947368], "8/8/2016": [292.0, 0.003436426116838488], "8/9/2016": [210.0, -0.2808219178082192], "8/10/2016": [212.0, 0.009523809523809525], "8/11/2016": [213.0, 0.0047169811320754715], "8/12/2016": [207.9, -0.02394366197183096], "8/15/2016": [213.0, 0.024531024531024504], "8/16/2016": [213.0, 0.0], "8/17/2016": [213.0, 0.0], "8/18/2016": [206.0, -0.03286384976525822], "8/19/2016": [204.0, -0.009708737864077669], "8/22/2016": [210.0, 0.029411764705882353], "8/23/2016": [205.5, -0.02142857142857143], "8/24/2016": [203.0, -0.012165450121654502], "8/25/2016": [203.0, 0.0], "8/26/2016": [197.0, -0.029556650246305417], "8/29/2016": [205.5, 0.04314720812182741], "8/30/2016": [199.0, -0.031630170316301706], "8/31/2016": [196.0, -0.01507537688442211], "9/1/2016": [195.0, -0.00510204081632653], "9/2/2016": [181.05, -0.07153846153846148], "9/5/2016": [166.25, -0.08174537420602049], "9/6/2016": [168.0, 0.010526315789473684], "9/7/2016": [165.26, -0.016309523809523864], "9/8/2016": [174.0, 0.05288636088587686], "9/9/2016": [184.0, 0.05747126436781609], "9/10/2016": [186.0, 0.010869565217391304], "9/12/2016": [193.0, 0.03763440860215054], "9/13/2016": [187.3, -0.029533678756476625], "9/14/2016": [179.0, -0.044313934863854834], "9/19/2016": [177.0, -0.0111731843575419], "9/20/2016": [178.0, 0.005649717514124294], "9/21/2016": [177.0, -0.0056179775280898875], "9/22/2016": [171.0, -0.03389830508474576], "9/23/2016": [171.0, 0.0], "9/26/2016": [169.8, -0.007017543859649056], "9/29/2016": [169.0, -0.004711425206124919], "9/30/2016": [174.5, 0.03254437869822485], "10/3/2016": [175.0, 0.0028653295128939827], "10/4/2016": [170.0, -0.02857142857142857], "10/5/2016": [173.0, 0.01764705882352941], "10/6/2016": [169.0, -0.023121387283236993], "10/7/2016": [168.0, -0.005917159763313609], "10/11/2016": [165.0, -0.017857142857142856], "10/12/2016": [168.0, 0.01818181818181818], "10/13/2016": [166.0, -0.011904761904761904], "10/14/2016": [158.5, -0.045180722891566265], "10/17/2016": [158.0, -0.0031545741324921135], "10/18/2016": [155.5, -0.015822784810126583], "10/19/2016": [162.0, 0.04180064308681672], "10/20/2016": [161.0, -0.006172839506172839], "10/21/2016": [158.0, -0.018633540372670808], "10/24/2016": [167.0, 0.056962025316455694],