{"1/4/2016": [15.15, ""], "1/5/2016": [15.05, -0.006600660066006577], "1/6/2016": [15.1, 0.0033222591362125535], "1/7/2016": [15.0, -0.006622516556291367], "1/8/2016": [15.0, 0.0], "1/11/2016": [14.9, -0.006666666666666643], "1/12/2016": [14.9, 0.0], "1/13/2016": [15.0, 0.00671140939597313], "1/14/2016": [14.85, -0.010000000000000024], "1/15/2016": [14.65, -0.01346801346801342], "1/18/2016": [15.0, 0.023890784982935127], "1/19/2016": [14.9, -0.006666666666666643], "1/20/2016": [14.4, -0.03355704697986577], "1/21/2016": [14.4, 0.0], "1/22/2016": [14.4, 0.0], "1/25/2016": [14.85, 0.03124999999999995], "1/26/2016": [14.9, 0.003367003367003415], "1/27/2016": [14.85, -0.003355704697986625], "1/28/2016": [14.85, 0.0], "1/29/2016": [14.85, 0.0], "1/30/2016": [14.9, 0.003367003367003415], "2/1/2016": [14.9, 0.0], "2/2/2016": [14.85, -0.003355704697986625], "2/3/2016": [14.8, -0.0033670033670032953], "2/15/2016": [15.3, 0.03378378378378378], "2/16/2016": [15.25, -0.003267973856209197], "2/17/2016": [15.15, -0.0065573770491803044], "2/18/2016": [15.15, 0.0], "2/19/2016": [15.2, 0.00330033003300323], "2/22/2016": [15.45, 0.01644736842105263], "2/23/2016": [15.4, -0.003236245954692488], "2/24/2016": [15.4, 0.0], "2/25/2016": [15.45, 0.0032467532467531776], "2/26/2016": [15.55, 0.0064724919093852055], "3/1/2016": [15.45, -0.006430868167202663], "3/2/2016": [15.4, -0.003236245954692488], "3/3/2016": [15.55, 0.009740259740259763], "3/4/2016": [15.35, -0.012861736334405212], "3/7/2016": [15.65, 0.019543973941368125], "3/8/2016": [15.5, -0.009584664536741236], "3/9/2016": [15.6, 0.006451612903225784], "3/10/2016": [15.75, 0.009615384615384638], "3/11/2016": [15.6, -0.009523809523809547], "3/14/2016": [15.35, -0.016025641025641028], "3/15/2016": [15.35, 0.0], "3/16/2016": [15.35, 0.0], "3/17/2016": [15.35, 0.0], "3/18/2016": [15.3, -0.003257328990227944], "3/21/2016": [15.1, -0.013071895424836671], "3/22/2016": [15.3, 0.013245033112582853], "3/23/2016": [15.35, 0.0032679738562090806], "3/24/2016": [15.35, 0.0], "3/25/2016": [15.45, 0.006514657980456003], "3/28/2016": [15.65, 0.012944983818770297], "3/29/2016": [15.5, -0.009584664536741236], "3/30/2016": [15.4, -0.006451612903225784], "3/31/2016": [15.25, -0.009740259740259763], "4/1/2016": [15.0, -0.01639344262295082], "4/6/2016": [14.65, -0.02333333333333331], "4/7/2016": [14.8, 0.010238907849829375], "4/8/2016": [14.4, -0.02702702702702705], "4/11/2016": [14.4, 0.0], "4/12/2016": [14.2, -0.013888888888888963], "4/13/2016": [14.3, 0.007042253521126861], "4/14/2016": [14.25, -0.003496503496503546], "4/15/2016": [14.3, 0.0035087719298246113], "4/18/2016": [14.4, 0.006993006993006968], "4/19/2016": [14.2, -0.013888888888888963], "4/20/2016": [14.2, 0.0], "4/21/2016": [14.2, 0.0], "4/22/2016": [14.15, -0.0035211267605633053], "4/25/2016": [14.2, 0.003533568904593564], "4/26/2016": [14.1, -0.007042253521126736], "4/27/2016": [14.15, 0.0035460992907801925], "4/28/2016": [14.15, 0.0], "4/29/2016": [14.05, -0.007067137809187254], "5/3/2016": [13.8, -0.01779359430604982], "5/4/2016": [13.1, -0.05072463768115949], "5/5/2016": [13.05, -0.0038167938931296897], "5/6/2016": [13.1, 0.003831417624520991], "5/9/2016": [13.1, 0.0], "5/10/2016": [13.15, 0.0038167938931298255], "5/11/2016": [13.15, 0.0], "5/12/2016": [13.0, -0.011406844106463905], "5/13/2016": [13.0, 0.0], "5/16/2016": [12.3, -0.053846153846153794], "5/17/2016": [12.3, 0.0], "5/18/2016": [12.25, -0.004065040650406562], "5/19/2016": [12.2, -0.004081632653061282], "5/20/2016": [12.2, 0.0], "5/23/2016": [12.2, 0.0], "5/24/2016": [12.15, -0.0040983606557376175], "5/25/2016": [12.25, 0.00823045267489709], "5/26/2016": [12.3, 0.004081632653061282], "5/27/2016": [12.55, 0.02032520325203252], "5/30/2016": [12.55, 0.0], "5/31/2016": [12.55, 0.0], "6/1/2016": [12.25, -0.023904382470119577], "6/2/2016": [12.4, 0.012244897959183702], "6/3/2016": [12.3, -0.008064516129032228], "6/4/2016": [12.3, 0.0], "6/6/2016": [12.35, 0.004065040650406417], "6/7/2016": [12.3, -0.004048582995951331], "6/8/2016": [12.3, 0.0], "6/13/2016": [12.25, -0.004065040650406562], "6/14/2016": [12.15, -0.00816326530612242], "6/15/2016": [12.1, -0.004115226337448618], "6/16/2016": [12.05, -0.004132231404958589], "6/17/2016": [12.1, 0.004149377593360907], "6/20/2016": [12.0, -0.008264462809917326], "6/21/2016": [12.0, 0.0], "6/22/2016": [12.0, 0.0], "6/23/2016": [12.0, 0.0], "6/24/2016": [11.8, -0.016666666666666607], "6/27/2016": [11.6, -0.01694915254237297], "6/28/2016": [12.0, 0.03448275862068969], "6/29/2016": [12.1, 0.008333333333333304], "6/30/2016": [12.0, -0.008264462809917326], "7/1/2016": [11.9, -0.008333333333333304], "7/4/2016": [11.85, -0.004201680672268967], "7/5/2016": [11.75, -0.008438818565400814], "7/6/2016": [11.8, 0.004255319148936231], "7/7/2016": [12.3, 0.0423728813559322], "7/11/2016": [12.15, -0.01219512195121954], "7/12/2016": [12.25, 0.00823045267489709], "7/13/2016": [12.45, 0.01632653061224484], "7/14/2016": [12.6, 0.012048192771084366], "7/15/2016": [12.95, 0.027777777777777752], "7/18/2016": [13.1, 0.011583011583011612], "7/19/2016": [12.9, -0.01526717557251903], "7/20/2016": [12.65, -0.01937984496124031], "7/21/2016": [12.5, -0.01185770750988145], "7/22/2016": [12.5, 0.0], "7/25/2016": [12.8, 0.024000000000000056], "7/26/2016": [12.5, -0.023437500000000056], "7/27/2016": [12.5, 0.0], "7/28/2016": [12.4, -0.007999999999999972], "7/29/2016": [12.65, 0.020161290322580645], "8/1/2016": [12.65, 0.0], "8/2/2016": [12.9, 0.019762845849802372], "8/3/2016": [12.85, -0.003875968992248117], "8/4/2016": [13.0, 0.01167315175097279], "8/5/2016": [12.85, -0.011538461538461565], "8/8/2016": [12.85, 0.0], "8/9/2016": [12.85, 0.0], "8/10/2016": [12.8, -0.0038910505836575048], "8/11/2016": [12.75, -0.0039062500000000555], "8/12/2016": [12.8, 0.003921568627451036], "8/15/2016": [12.55, -0.01953125], "8/16/2016": [12.85, 0.023904382470119435], "8/17/2016": [12.8, -0.0038910505836575048], "8/18/2016": [12.7, -0.007812500000000111], "8/19/2016": [12.5, -0.015748031496062936], "8/22/2016": [12.5, 0.0], "8/23/2016": [12.5, 0.0], "8/24/2016": [12.85, 0.027999999999999973], "8/25/2016": [12.8, -0.0038910505836575048], "8/26/2016": [12.4, -0.03125000000000003], "8/29/2016": [12.75, 0.028225806451612875], "8/30/2016": [12.85, 0.007843137254901933], "8/31/2016": [12.65, -0.015564202334630295], "9/1/2016": [12.4, -0.019762845849802372], "9/2/2016": [12.7, 0.024193548387096687], "9/5/2016": [12.5, -0.015748031496062936], "9/6/2016": [12.6, 0.007999999999999972], "9/7/2016": [12.6, 0.0], "9/8/2016": [12.55, -0.003968253968253884], "9/9/2016": [12.5, -0.003984063745019977], "9/10/2016": [12.8, 0.024000000000000056], "9/12/2016": [12.25, -0.042968750000000056], "9/13/2016": [12.65, 0.03265306122448983], "9/14/2016": [12.35, -0.0237154150197629], "9/19/2016": [12.45, 0.008097165991902806], "9/20/2016": [12.25, -0.016064257028112393], "9/21/2016": [12.4, 0.012244897959183702], "9/22/2016": [12.3, -0.008064516129032228], "9/23/2016": [12.3, 0.0], "9/26/2016": [12.3, 0.0], "9/29/2016": [12.05, -0.02032520325203252], "9/30/2016": [12.4, 0.02904564315352694], "10/3/2016": [12.4, 0.0], "10/4/2016": [12.4, 0.0], "10/5/2016": [12.25, -0.012096774193548416], "10/6/2016": [12.0, -0.02040816326530612], "10/7/2016": [11.9, -0.008333333333333304], "10/11/2016": [11.85, -0.004201680672268967], "10/12/2016": [11.5, -0.029535864978902926], "10/13/2016": [11.75, 0.021739130434782608], "10/14/2016": [11.2, -0.04680851063829793], "10/17/2016": [11.15, -0.0044642857142856195], "10/18/2016": [11.4, 0.02242152466367713], "10/19/2016": [11.6, 0.017543859649122744], "10/20/2016": [11.6, 0.0], "10/21/2016": [11.6, 0.0], "10/24/2016": [11.1, -0.04310344827586207], "10/25/2016": [11.1, 0.0], "10/26/2016": [11.1, 0.0], "10/27/2016": [10.8, -0.02702702702702693], "10/28/2016": [10.5, -0.027777777777777842], "10/31/2016": [10.3, -0.01904761904761898], "11/1/2016": [10.25, -0.004854368932038904], "11/2/2016": [10.2, -0.004878048780487874],