{"1/4/2016": [1.37, ""], "1/5/2016": [1.34, -0.02189781021897812], "1/6/2016": [1.29, -0.03731343283582093], "1/7/2016": [1.3, 0.007751937984496131], "1/8/2016": [1.31, 0.007692307692307699], "1/11/2016": [1.26, -0.038167938931297746], "1/12/2016": [1.27, 0.007936507936507943], "1/13/2016": [1.31, 0.03149606299212601], "1/14/2016": [1.29, -0.015267175572519097], "1/15/2016": [1.3, 0.007751937984496131], "1/18/2016": [1.24, -0.04615384615384619], "1/19/2016": [1.23, -0.008064516129032265], "1/20/2016": [1.21, -0.016260162601626032], "1/21/2016": [1.19, -0.016528925619834725], "1/22/2016": [1.17, -0.016806722689075647], "1/25/2016": [1.17, 0.0], "1/26/2016": [1.19, 0.01709401709401711], "1/27/2016": [1.14, -0.042016806722689114], "1/28/2016": [1.14, 0.0], "1/29/2016": [1.2, 0.052631578947368474], "1/30/2016": [1.18, -0.016666666666666684], "2/1/2016": [1.13, -0.04237288135593224], "2/2/2016": [1.14, 0.008849557522123902], "2/3/2016": [1.14, 0.0], "2/15/2016": [1.05, -0.07894736842105252], "2/16/2016": [1.07, 0.019047619047619063], "2/17/2016": [1.04, -0.028037383177570117], "2/18/2016": [1.09, 0.04807692307692312], "2/19/2016": [1.11, 0.018348623853211024], "2/22/2016": [1.14, 0.027027027027026848], "2/23/2016": [1.14, 0.0], "2/24/2016": [1.15, 0.008771929824561412], "2/25/2016": [1.22, 0.06086956521739136], "2/26/2016": [1.28, 0.04918032786885251], "3/1/2016": [1.21, -0.05468750000000005], "3/2/2016": [1.23, 0.016528925619834725], "3/3/2016": [1.23, 0.0], "3/4/2016": [1.21, -0.016260162601626032], "3/7/2016": [1.17, -0.03305785123966945], "3/8/2016": [1.21, 0.03418803418803422], "3/9/2016": [1.24, 0.024793388429752088], "3/10/2016": [1.23, -0.008064516129032265], "3/11/2016": [1.23, 0.0], "3/14/2016": [1.19, -0.032520325203252064], "3/15/2016": [1.19, 0.0], "3/16/2016": [1.15, -0.033613445378151294], "3/17/2016": [1.18, 0.026086956521739157], "3/18/2016": [1.19, 0.00847457627118645], "3/21/2016": [1.19, 0.0], "3/22/2016": [1.18, -0.008403361344537823], "3/23/2016": [1.18, 0.0], "3/24/2016": [1.21, 0.025423728813559344], "3/25/2016": [1.21, 0.0], "3/28/2016": [1.2, -0.008264462809917363], "3/29/2016": [1.17, -0.025000000000000022], "3/30/2016": [1.18, 0.008547008547008555], "3/31/2016": [1.18, 0.0], "4/1/2016": [1.19, 0.00847457627118645], "4/6/2016": [1.19, 0.0], "4/7/2016": [1.17, -0.016806722689075647], "4/8/2016": [1.23, 0.05128205128205133], "4/11/2016": [1.19, -0.032520325203252064], "4/12/2016": [1.18, -0.008403361344537823], "4/13/2016": [1.14, -0.0338983050847458], "4/14/2016": [1.18, 0.03508771929824565], "4/15/2016": [1.11, -0.059322033898304954], "4/18/2016": [1.15, 0.03603603603603586], "4/19/2016": [1.12, -0.026086956521738962], "4/20/2016": [1.13, 0.008928571428571237], "4/21/2016": [1.19, 0.05309734513274342], "4/22/2016": [1.19, 0.0], "4/25/2016": [1.18, -0.008403361344537823], "4/26/2016": [1.16, -0.0169491525423729], "4/27/2016": [1.23, 0.060344827586206955], "4/28/2016": [1.18, -0.040650406504065074], "4/29/2016": [1.12, -0.0508474576271185], "5/3/2016": [1.16, 0.035714285714285546], "5/4/2016": [1.16, 0.0], "5/5/2016": [1.15, -0.008620689655172422], "5/6/2016": [1.08, -0.06086956521739117], "5/9/2016": [1.07, -0.009259259259259267], "5/10/2016": [1.07, 0.0], "5/11/2016": [1.05, -0.018691588785046745], "5/12/2016": [1.08, 0.028571428571428595], "5/13/2016": [1.02, -0.0555555555555556], "5/16/2016": [1.04, 0.01960784313725492], "5/17/2016": [1.04, 0.0], "5/18/2016": [1.0, -0.03846153846153849], "5/19/2016": [1.02, 0.020000000000000018], "5/20/2016": [1.01, -0.00980392156862746], "5/23/2016": [0.98, -0.02970297029702973], "5/24/2016": [1.01, 0.03061224489795921], "5/25/2016": [1.02, 0.00990099009900991], "5/26/2016": [1.0, -0.01960784313725492], "5/27/2016": [1.04, 0.040000000000000036], "5/30/2016": [1.05, 0.009615384615384623], "5/31/2016": [1.04, -0.009523809523809532], "6/1/2016": [1.0, -0.03846153846153849], "6/2/2016": [1.02, 0.020000000000000018], "6/3/2016": [1.04, 0.01960784313725492], "6/4/2016": [1.07, 0.028846153846153872], "6/6/2016": [1.14, 0.06542056074766339], "6/7/2016": [1.04, -0.08771929824561392], "6/8/2016": [1.04, 0.0], "6/13/2016": [1.01, -0.028846153846153872], "6/14/2016": [1.07, 0.05940594059405946], "6/15/2016": [1.11, 0.03738317757009349], "6/16/2016": [1.03, -0.07207207207207213], "6/17/2016": [1.05, 0.019417475728155355], "6/20/2016": [1.03, -0.019047619047619063], "6/21/2016": [1.03, 0.0], "6/22/2016": [1.02, -0.009708737864077678], "6/23/2016": [1.08, 0.058823529411764754], "6/24/2016": [1.08, 0.0], "6/27/2016": [1.09, 0.009259259259259267], "6/28/2016": [1.11, 0.018348623853211024], "6/29/2016": [1.09, -0.018018018018018032], "6/30/2016": [1.09, 0.0], "7/1/2016": [1.06, -0.027522935779816536], "7/4/2016": [1.06, 0.0], "7/5/2016": [1.06, 0.0], "7/6/2016": [1.0, -0.05660377358490571], "7/7/2016": [1.07, 0.07000000000000006], "7/11/2016": [1.05, -0.018691588785046745], "7/12/2016": [0.97, -0.07619047619047625], "7/13/2016": [1.05, 0.08247422680412379], "7/14/2016": [0.97, -0.07619047619047625], "7/15/2016": [1.04, 0.07216494845360831], "7/18/2016": [1.06, 0.019230769230769246], "7/19/2016": [1.11, 0.047169811320754755], "7/20/2016": [1.11, 0.0], "7/21/2016": [1.09, -0.018018018018018032], "7/22/2016": [1.09, 0.0], "7/25/2016": [1.09, 0.0], "7/26/2016": [1.11, 0.018348623853211024], "7/27/2016": [1.11, 0.0], "7/28/2016": [1.05, -0.0540540540540541], "7/29/2016": [1.12, 0.06666666666666672], "8/1/2016": [1.1, -0.01785714285714287], "8/2/2016": [1.05, -0.04545454545454549], "8/3/2016": [1.12, 0.06666666666666672], "8/4/2016": [1.13, 0.008928571428571237], "8/5/2016": [1.13, 0.0], "8/8/2016": [1.13, 0.0], "8/9/2016": [1.1, -0.02654867256637151], "8/10/2016": [1.12, 0.018181818181818195], "8/11/2016": [1.05, -0.06250000000000006], "8/12/2016": [1.14, 0.08571428571428558], "8/15/2016": [1.14, 0.0], "8/16/2016": [1.14, 0.0], "8/17/2016": [0.94, -0.17543859649122803], "8/18/2016": [1.03, 0.09574468085106393], "8/19/2016": [1.08, 0.04854368932038839], "8/22/2016": [1.09, 0.009259259259259267], "8/23/2016": [0.99, -0.09174311926605512], "8/24/2016": [1.04, 0.05050505050505055], "8/25/2016": [1.0, -0.03846153846153849], "8/26/2016": [1.04, 0.040000000000000036], "8/29/2016": [1.04, 0.0], "8/30/2016": [1.06, 0.019230769230769246], "8/31/2016": [1.06, 0.0], "9/1/2016": [1.09, 0.028301886792452855], "9/2/2016": [1.09, 0.0], "9/5/2016": [1.07, -0.018348623853211024], "9/6/2016": [1.08, 0.009345794392523372], "9/7/2016": [1.08, 0.0], "9/8/2016": [1.07, -0.009259259259259267], "9/9/2016": [1.08, 0.009345794392523372], "9/10/2016": [1.08, 0.0], "9/12/2016": [1.18, 0.09259259259259246], "9/13/2016": [1.18, 0.0], "9/14/2016": [1.17, -0.00847457627118645], "9/19/2016": [1.14, -0.025641025641025664], "9/20/2016": [1.15, 0.008771929824561412], "9/21/2016": [1.14, -0.008695652173913052], "9/22/2016": [1.03, -0.09649122807017534], "9/23/2016": [1.1, 0.06796116504854374], "9/26/2016": [1.15, 0.04545454545454529], "9/29/2016": [1.1, -0.043478260869565064], "9/30/2016": [1.05, -0.04545454545454549], "10/3/2016": [1.14, 0.08571428571428558], "10/4/2016": [1.03, -0.09649122807017534], "10/5/2016": [1.03, 0.0], "10/6/2016": [1.13, 0.09708737864077657], "10/7/2016": [1.12, -0.008849557522123706], "10/11/2016": [1.03, -0.08035714285714292], "10/12/2016": [1.12, 0.0873786407766991], "10/13/2016": [1.12, 0.0], "10/14/2016": [1.12, 0.0], "10/17/2016": [1.05, -0.06250000000000006], "10/18/2016": [1.03, -0.019047619047619063], "10/19/2016": [1.1, 0.06796116504854374], "10/20/2016": [1.0, -0.09090909090909098], "10/21/2016": [1.08, 0.08000000000000007], "10/24/2016": [1.01, -0.06481481481481487], "10/25/2016": [1.1, 0.08910891089108919], "10/26/2016": [1.1, 0.0], "10/27/2016": [1.1, 0.0], "10/28/2016": [1.13, 0.027272727272727094], "10/31/2016": [1.13, 0.0], "11/1/2016": [1.13, 0.0], "11/2/2016": [1.13, 0.0], "11/3/2016": [1.03, -0.08849557522123883], "11/4/2016": [1.03, 0.0], "11/7/2016": [1.0, -0.029126213592233035],