{"1/4/2016": [27.25, ""], "1/5/2016": [27.4, 0.005504587155963251], "1/6/2016": [26.8, -0.021897810218978027], "1/7/2016": [26.2, -0.022388059701492588], "1/8/2016": [26.7, 0.019083969465648856], "1/11/2016": [26.3, -0.014981273408239647], "1/12/2016": [26.2, -0.0038022813688213465], "1/13/2016": [26.4, 0.007633587786259515], "1/14/2016": [26.9, 0.01893939393939394], "1/15/2016": [26.95, 0.0018587360594795805], "1/18/2016": [27.0, 0.0018552875695733103], "1/19/2016": [27.25, 0.009259259259259259], "1/20/2016": [26.55, -0.025688073394495387], "1/21/2016": [26.65, 0.003766478342749449], "1/22/2016": [26.65, 0.0], "1/25/2016": [26.4, -0.009380863039399626], "1/26/2016": [26.2, -0.007575757575757549], "1/27/2016": [26.3, 0.0038167938931298255], "1/28/2016": [26.45, 0.005703422053231885], "1/29/2016": [26.5, 0.001890359168241993], "1/30/2016": [26.7, 0.007547169811320728], "2/1/2016": [26.6, -0.0037453183520598453], "2/2/2016": [26.75, 0.005639097744360848], "2/3/2016": [26.7, -0.0018691588785046994], "2/15/2016": [26.7, 0.0], "2/16/2016": [27.15, 0.016853932584269638], "2/17/2016": [27.2, 0.0018416206261510392], "2/18/2016": [27.7, 0.01838235294117647], "2/19/2016": [27.7, 0.0], "2/22/2016": [27.4, -0.010830324909747318], "2/23/2016": [27.2, -0.007299270072992675], "2/24/2016": [27.3, 0.0036764705882353465], "2/25/2016": [27.25, -0.0018315018315018575], "2/26/2016": [27.35, 0.003669724770642254], "3/1/2016": [27.7, 0.012797074954296082], "3/2/2016": [28.0, 0.010830324909747318], "3/3/2016": [28.3, 0.01071428571428574], "3/4/2016": [28.5, 0.007067137809187254], "3/7/2016": [28.2, -0.01052631578947371], "3/8/2016": [28.2, 0.0], "3/9/2016": [28.2, 0.0], "3/10/2016": [28.15, -0.0017730496453900962], "3/11/2016": [28.15, 0.0], "3/14/2016": [28.5, 0.012433392539964528], "3/15/2016": [28.65, 0.0052631578947367925], "3/16/2016": [28.75, 0.0034904013961606084], "3/17/2016": [28.8, 0.0017391304347826335], "3/18/2016": [29.0, 0.00694444444444442], "3/21/2016": [29.65, 0.022413793103448227], "3/22/2016": [29.5, -0.0050590219224282825], "3/23/2016": [28.85, -0.022033898305084697], "3/24/2016": [28.6, -0.008665511265164644], "3/25/2016": [28.6, 0.0], "3/28/2016": [28.45, -0.005244755244755319], "3/29/2016": [28.0, -0.015817223198594], "3/30/2016": [28.8, 0.0285714285714286], "3/31/2016": [28.4, -0.013888888888888963], "4/1/2016": [28.3, -0.0035211267605633053], "4/6/2016": [28.3, 0.0], "4/7/2016": [27.7, -0.021201413427561887], "4/8/2016": [27.8, 0.0036101083032491488], "4/11/2016": [28.0, 0.007194244604316521], "4/12/2016": [28.0, 0.0], "4/13/2016": [27.6, -0.014285714285714235], "4/14/2016": [27.6, 0.0], "4/15/2016": [27.9, 0.0108695652173912], "4/18/2016": [27.65, -0.00896057347670251], "4/19/2016": [28.25, 0.02169981916817365], "4/20/2016": [28.1, -0.005309734513274286], "4/21/2016": [27.85, -0.00889679715302491], "4/22/2016": [27.8, -0.0017953321364452678], "4/25/2016": [28.2, 0.014388489208633042], "4/26/2016": [28.45, 0.008865248226950355], "4/27/2016": [28.2, -0.008787346221441126], "4/28/2016": [28.2, 0.0], "4/29/2016": [27.65, -0.019503546099290805], "5/3/2016": [27.5, -0.0054249547920433485], "5/4/2016": [27.9, 0.014545454545454493], "5/5/2016": [27.85, -0.0017921146953404], "5/6/2016": [27.9, 0.0017953321364451403], "5/9/2016": [28.35, 0.01612903225806462], "5/10/2016": [28.3, -0.001763668430335122], "5/11/2016": [28.25, -0.001766784452296845], "5/12/2016": [27.55, -0.024778761061946878], "5/13/2016": [27.55, 0.0], "5/16/2016": [26.95, -0.02177858439201457], "5/17/2016": [27.25, 0.01113172541743973], "5/18/2016": [27.2, -0.001834862385321127], "5/19/2016": [26.9, -0.011029411764705909], "5/20/2016": [27.0, 0.003717472118959161], "5/23/2016": [28.3, 0.048148148148148176], "5/24/2016": [27.4, -0.03180212014134283], "5/25/2016": [27.4, 0.0], "5/26/2016": [27.0, -0.01459854014598535], "5/27/2016": [27.35, 0.012962962962963016], "5/30/2016": [27.7, 0.012797074954296082], "5/31/2016": [27.3, -0.014440433212996338], "6/1/2016": [27.3, 0.0], "6/2/2016": [27.15, -0.005494505494505572], "6/3/2016": [27.2, 0.0018416206261510392], "6/4/2016": [27.3, 0.0036764705882353465], "6/6/2016": [27.4, 0.003663003663003585], "6/7/2016": [27.55, 0.005474452554744604], "6/8/2016": [27.55, 0.0], "6/13/2016": [27.5, -0.0018148820326679023], "6/14/2016": [27.8, 0.010909090909090934], "6/15/2016": [27.55, -0.008992805755395683], "6/16/2016": [27.5, -0.0018148820326679023], "6/17/2016": [27.5, 0.0], "6/20/2016": [27.25, -0.00909090909090909], "6/21/2016": [27.4, 0.005504587155963251], "6/22/2016": [27.5, 0.0036496350364964023], "6/23/2016": [27.45, -0.001818181818181844], "6/24/2016": [27.35, -0.003642987249544549], "6/27/2016": [27.35, 0.0], "6/28/2016": [27.35, 0.0], "6/29/2016": [27.25, -0.0036563071297989547], "6/30/2016": [27.45, 0.007339449541284377], "7/1/2016": [27.5, 0.0018214936247723393], "7/4/2016": [27.35, -0.005454545454545403], "7/5/2016": [27.6, 0.009140767824497258], "7/6/2016": [27.4, -0.007246376811594305], "7/7/2016": [27.3, -0.0036496350364962726], "7/11/2016": [27.4, 0.003663003663003585], "7/12/2016": [27.6, 0.007299270072992805], "7/13/2016": [27.5, -0.0036231884057971527], "7/14/2016": [26.7, -0.029090909090909115], "7/15/2016": [26.6, -0.0037453183520598453], "7/18/2016": [26.65, 0.0018796992481201937], "7/19/2016": [26.65, 0.0], "7/20/2016": [26.8, 0.0056285178236398555], "7/21/2016": [26.85, 0.0018656716417910712], "7/22/2016": [26.65, -0.007448789571694705], "7/25/2016": [26.6, -0.0018761726078798185], "7/26/2016": [26.75, 0.005639097744360848], "7/27/2016": [26.55, -0.007476635514018665], "7/28/2016": [26.5, -0.0018832391713747914], "7/29/2016": [26.65, 0.005660377358490513], "8/1/2016": [26.65, 0.0], "8/2/2016": [26.5, -0.005628517823639722], "8/3/2016": [26.3, -0.007547169811320728], "8/4/2016": [26.2, -0.0038022813688213465], "8/5/2016": [26.0, -0.007633587786259515], "8/8/2016": [25.75, -0.009615384615384616], "8/9/2016": [25.55, -0.007766990291262109], "8/10/2016": [25.75, 0.00782778864970643], "8/11/2016": [25.75, 0.0], "8/12/2016": [25.7, -0.0019417475728155617], "8/15/2016": [25.55, -0.005836575875486326], "8/16/2016": [25.5, -0.001956947162426642], "8/17/2016": [25.45, -0.001960784313725518], "8/18/2016": [25.45, 0.0], "8/19/2016": [25.45, 0.0], "8/22/2016": [25.5, 0.0019646365422397137], "8/23/2016": [25.5, 0.0], "8/24/2016": [25.45, -0.001960784313725518], "8/25/2016": [25.45, 0.0], "8/26/2016": [25.45, 0.0], "8/29/2016": [25.4, -0.0019646365422397137], "8/30/2016": [25.4, 0.0], "8/31/2016": [25.15, -0.00984251968503937], "9/1/2016": [25.3, 0.005964214711729707], "9/2/2016": [24.95, -0.013833992094861716], "9/5/2016": [25.0, 0.0020040080160320926], "9/6/2016": [25.15, 0.005999999999999943], "9/7/2016": [25.15, 0.0], "9/8/2016": [25.15, 0.0], "9/9/2016": [25.4, 0.009940357852882704], "9/10/2016": [25.4, 0.0], "9/12/2016": [25.2, -0.007874015748031468], "9/13/2016": [25.3, 0.003968253968254024], "9/14/2016": [25.15, -0.005928853754940795], "9/19/2016": [25.3, 0.005964214711729707], "9/20/2016": [25.2, -0.00395256916996053], "9/21/2016": [25.2, 0.0], "9/22/2016": [25.15, -0.001984126984127012], "9/23/2016": [25.15, 0.0], "9/26/2016": [25.0, -0.005964214711729566], "9/29/2016": [25.0, 0.0], "9/30/2016": [25.0, 0.0], "10/3/2016": [24.9, -0.0040000000000000565], "10/4/2016": [25.0, 0.004016064257028169], "10/5/2016": [25.0, 0.0], "10/6/2016": [25.15, 0.005999999999999943], "10/7/2016": [25.15, 0.0], "10/11/2016": [24.8, -0.013916500994035701], "10/12/2016": [24.9, 0.004032258064516043], "10/13/2016": [24.95, 0.0020080321285140847], "10/14/2016": [24.9, -0.0020040080160320926], "10/17/2016": [24.9, 0.0], "10/18/2016": [24.75, -0.006024096385542112], "10/19/2016": [24.7, -0.002020202020202049], "10/20/2016": [24.45, -0.010121457489878543], "10/21/2016": [24.2, -0.010224948875255624], "10/24/2016": [24.0, -0.008264462809917326], "10/25/2016": [24.2, 0.008333333333333304], "10/26/2016": [24.6, 0.016528925619834798], "10/27/2016": [24.6, 0.0],