{"1/4/2016": [2.1, ""], "1/5/2016": [2.08, -0.009523809523809532], "1/6/2016": [2.17, 0.0432692307692307], "1/7/2016": [2.18, 0.004608294930875683], "1/8/2016": [2.19, 0.0045871559633026545], "1/11/2016": [2.13, -0.02739726027397263], "1/12/2016": [2.13, 0.0], "1/13/2016": [2.22, 0.04225352112676071], "1/14/2016": [2.36, 0.06306306306306292], "1/15/2016": [2.22, -0.059322033898304954], "1/18/2016": [2.26, 0.018018018018017834], "1/19/2016": [2.25, -0.004424778761061853], "1/20/2016": [2.23, -0.008888888888888898], "1/21/2016": [2.21, -0.00896860986547086], "1/22/2016": [2.25, 0.018099547511312233], "1/25/2016": [2.17, -0.03555555555555559], "1/26/2016": [2.21, 0.01843317972350232], "1/27/2016": [2.19, -0.009049773755656116], "1/28/2016": [2.19, 0.0], "1/29/2016": [2.21, 0.009132420091324209], "1/30/2016": [2.21, 0.0], "2/1/2016": [2.21, 0.0], "2/2/2016": [2.33, 0.0542986425339367], "2/3/2016": [2.55, 0.094420600858369], "2/15/2016": [2.5, -0.019607843137254832], "2/16/2016": [2.41, -0.03599999999999994], "2/17/2016": [2.34, -0.029045643153527086], "2/18/2016": [2.4, 0.025641025641025664], "2/19/2016": [2.4, 0.0], "2/22/2016": [2.32, -0.03333333333333337], "2/23/2016": [2.34, 0.008620689655172422], "2/24/2016": [2.34, 0.0], "2/25/2016": [2.31, -0.012820512820512739], "2/26/2016": [2.32, 0.004329004329004236], "3/1/2016": [2.55, 0.09913793103448276], "3/2/2016": [2.8, 0.09803921568627452], "3/3/2016": [3.03, 0.08214285714285714], "3/4/2016": [3.06, 0.009900990099009984], "3/7/2016": [2.89, -0.05555555555555553], "3/8/2016": [2.98, 0.031141868512110676], "3/9/2016": [2.76, -0.07382550335570476], "3/10/2016": [2.74, -0.007246376811594049], "3/11/2016": [2.51, -0.0839416058394162], "3/14/2016": [2.56, 0.01992031872509971], "3/15/2016": [2.57, 0.0039062499999999167], "3/16/2016": [2.64, 0.027237354085603224], "3/17/2016": [2.62, -0.007575757575757582], "3/18/2016": [2.64, 0.007633587786259549], "3/21/2016": [2.67, 0.01136363636363629], "3/22/2016": [2.64, -0.011235955056179702], "3/23/2016": [2.65, 0.003787878787878707], "3/24/2016": [2.65, 0.0], "3/25/2016": [2.59, -0.022641509433962283], "3/28/2016": [2.57, -0.007722007722007729], "3/29/2016": [2.4, -0.06614785992217896], "3/30/2016": [2.64, 0.10000000000000009], "3/31/2016": [2.54, -0.03787878787878791], "4/1/2016": [2.54, 0.0], "4/6/2016": [2.54, 0.0], "4/7/2016": [2.54, 0.0], "4/8/2016": [2.54, 0.0], "4/11/2016": [2.29, -0.09842519685039369], "4/12/2016": [2.15, -0.061135371179039354], "4/13/2016": [2.28, 0.06046511627906972], "4/14/2016": [2.39, 0.04824561403508786], "4/15/2016": [2.38, -0.004184100418410139], "4/18/2016": [2.35, -0.012605042016806641], "4/19/2016": [2.29, -0.025531914893617044], "4/20/2016": [2.25, -0.01746724890829696], "4/21/2016": [2.25, 0.0], "4/22/2016": [2.22, -0.013333333333333246], "4/25/2016": [2.2, -0.009009009009009016], "4/26/2016": [2.18, -0.009090909090909097], "4/27/2016": [2.12, -0.027522935779816536], "4/28/2016": [2.11, -0.004716981132075581], "4/29/2016": [2.11, 0.0], "5/3/2016": [2.01, -0.04739336492891], "5/4/2016": [1.81, -0.09950248756218893], "5/5/2016": [1.82, 0.005524861878453044], "5/6/2016": [1.84, 0.010989010989010999], "5/9/2016": [1.84, 0.0], "5/10/2016": [1.8, -0.021739130434782625], "5/11/2016": [1.79, -0.00555555555555556], "5/12/2016": [1.73, -0.033519553072625725], "5/13/2016": [1.69, -0.023121387283237014], "5/16/2016": [1.66, -0.017751479289940846], "5/17/2016": [1.74, 0.048192771084337394], "5/18/2016": [1.72, -0.011494252873563229], "5/19/2016": [1.73, 0.005813953488372098], "5/20/2016": [1.74, 0.0057803468208092535], "5/23/2016": [1.79, 0.028735632183908073], "5/24/2016": [1.76, -0.016759776536312863], "5/25/2016": [1.79, 0.01704545454545456], "5/26/2016": [1.76, -0.016759776536312863], "5/27/2016": [1.77, 0.005681818181818187], "5/30/2016": [1.71, -0.03389830508474579], "5/31/2016": [1.8, 0.05263157894736847], "6/1/2016": [1.74, -0.03333333333333336], "6/2/2016": [1.74, 0.0], "6/3/2016": [1.69, -0.028735632183908073], "6/4/2016": [1.68, -0.0059171597633136145], "6/6/2016": [1.68, 0.0], "6/7/2016": [1.58, -0.059523809523809444], "6/8/2016": [1.63, 0.03164556962025305], "6/13/2016": [1.67, 0.024539877300613522], "6/14/2016": [1.67, 0.0], "6/15/2016": [1.64, -0.017964071856287442], "6/16/2016": [1.5, -0.08536585365853654], "6/17/2016": [1.55, 0.03333333333333336], "6/20/2016": [1.63, 0.051612903225806354], "6/21/2016": [1.58, -0.030674846625766763], "6/22/2016": [1.5, -0.050632911392405104], "6/23/2016": [1.53, 0.020000000000000018], "6/24/2016": [1.54, 0.006535947712418306], "6/27/2016": [1.55, 0.006493506493506499], "6/28/2016": [1.5, -0.03225806451612906], "6/29/2016": [1.54, 0.02666666666666669], "6/30/2016": [1.55, 0.006493506493506499], "7/1/2016": [1.56, 0.006451612903225812], "7/4/2016": [1.5, -0.03846153846153849], "7/5/2016": [1.52, 0.013333333333333345], "7/6/2016": [1.39, -0.08552631578947376], "7/7/2016": [1.5, 0.07913669064748209], "7/11/2016": [1.53, 0.020000000000000018], "7/12/2016": [1.49, -0.026143790849673224], "7/13/2016": [1.45, -0.02684563758389264], "7/14/2016": [1.43, -0.013793103448275874], "7/15/2016": [1.43, 0.0], "7/18/2016": [1.41, -0.013986013986014], "7/19/2016": [1.37, -0.028368794326241006], "7/20/2016": [1.32, -0.036496350364963535], "7/21/2016": [1.32, 0.0], "7/22/2016": [1.3, -0.015151515151515164], "7/25/2016": [1.42, 0.09230769230769222], "7/26/2016": [1.38, -0.028169014084507067], "7/27/2016": [1.32, -0.0434782608695651], "7/28/2016": [1.27, -0.03787878787878791], "7/29/2016": [1.37, 0.07874015748031503], "8/1/2016": [1.39, 0.014598540145985252], "8/2/2016": [1.36, -0.021582733812949503], "8/3/2016": [1.34, -0.014705882352941188], "8/4/2016": [1.4, 0.04477611940298495], "8/5/2016": [1.34, -0.04285714285714274], "8/8/2016": [1.29, -0.03731343283582093], "8/9/2016": [1.32, 0.023255813953488393], "8/10/2016": [1.32, 0.0], "8/11/2016": [1.28, -0.030303030303030328], "8/12/2016": [1.34, 0.04687500000000004], "8/15/2016": [1.26, -0.05970149253731348], "8/16/2016": [1.27, 0.007936507936507943], "8/17/2016": [1.27, 0.0], "8/18/2016": [1.29, 0.015748031496063006], "8/19/2016": [1.27, -0.015503875968992262], "8/22/2016": [1.27, 0.0], "8/23/2016": [1.26, -0.007874015748031503], "8/24/2016": [1.22, -0.03174603174603177], "8/25/2016": [1.2, -0.016393442622950834], "8/26/2016": [1.2, 0.0], "8/29/2016": [1.23, 0.025000000000000022], "8/30/2016": [1.23, 0.0], "8/31/2016": [1.18, -0.040650406504065074], "9/1/2016": [1.19, 0.00847457627118645], "9/2/2016": [1.18, -0.008403361344537823], "9/5/2016": [1.21, 0.025423728813559344], "9/6/2016": [1.12, -0.07438016528925609], "9/7/2016": [1.23, 0.09821428571428559], "9/8/2016": [1.22, -0.008130081300813016], "9/9/2016": [1.22, 0.0], "9/10/2016": [1.22, 0.0], "9/12/2016": [1.17, -0.04098360655737709], "9/13/2016": [1.16, -0.008547008547008555], "9/14/2016": [1.25, 0.0775862068965518], "9/19/2016": [1.17, -0.06400000000000006], "9/20/2016": [1.17, 0.0], "9/21/2016": [1.2, 0.025641025641025664], "9/22/2016": [1.16, -0.03333333333333337], "9/23/2016": [1.15, -0.008620689655172422], "9/26/2016": [1.16, 0.008695652173913052], "9/29/2016": [1.17, 0.008620689655172422], "9/30/2016": [1.09, -0.06837606837606826], "10/3/2016": [1.1, 0.009174311926605512], "10/4/2016": [1.05, -0.04545454545454549], "10/5/2016": [1.05, 0.0], "10/6/2016": [1.03, -0.019047619047619063], "10/7/2016": [1.04, 0.009708737864077678], "10/11/2016": [1.04, 0.0], "10/12/2016": [1.04, 0.0], "10/13/2016": [1.04, 0.0], "10/14/2016": [1.04, 0.0], "10/17/2016": [1.04, 0.0], "10/18/2016": [1.04, 0.0], "10/19/2016": [1.04, 0.0], "10/20/2016": [1.04, 0.0], "10/21/2016": [1.04, 0.0], "10/24/2016": [1.04, 0.0], "10/25/2016": [0.94, -0.09615384615384624], "10/26/2016": [0.85, -0.0957446808510638], "10/27/2016": [0.77, -0.09411764705882349], "10/28/2016": [0.84, 0.09090909090909084], "10/31/2016": [0.76, -0.09523809523809519], "11/1/2016": [0.76, 0.0], "11/2/2016": [0.71, -0.06578947368421058],