{"1/4/2016": [9.12, ""], "1/5/2016": [9.1, -0.0021929824561403044], "1/6/2016": [9.08, -0.002197802197802151], "1/7/2016": [8.98, -0.011013215859030798], "1/8/2016": [9.03, 0.005567928730512131], "1/11/2016": [8.99, -0.004429678848283406], "1/12/2016": [8.45, -0.06006674082313692], "1/13/2016": [8.3, -0.017751479289940662], "1/14/2016": [8.4, 0.012048192771084293], "1/15/2016": [8.3, -0.011904761904761862], "1/18/2016": [8.2, -0.012048192771084508], "1/19/2016": [8.26, 0.0073170731707317685], "1/20/2016": [8.22, -0.0048426150121064345], "1/21/2016": [8.13, -0.010948905109489033], "1/22/2016": [8.14, 0.0012300123001229748], "1/25/2016": [8.18, 0.004914004914004809], "1/26/2016": [8.03, -0.018337408312958478], "1/27/2016": [8.07, 0.004981320049813316], "1/28/2016": [8.22, 0.01858736059479558], "1/29/2016": [8.22, 0.0], "1/30/2016": [8.3, 0.009732360097323608], "2/1/2016": [8.28, -0.00240963855421703], "2/2/2016": [8.2, -0.00966183574879228], "2/3/2016": [8.3, 0.012195121951219686], "2/15/2016": [8.21, -0.010843373493975886], "2/16/2016": [8.25, 0.0048721071863579955], "2/17/2016": [8.24, -0.0012121212121211863], "2/18/2016": [8.27, 0.0036407766990290487], "2/19/2016": [8.26, -0.0012091898428052948], "2/22/2016": [8.33, 0.008474576271186475], "2/23/2016": [8.54, 0.025210084033613335], "2/24/2016": [8.47, -0.008196721311475237], "2/25/2016": [8.45, -0.002361275088547975], "2/26/2016": [8.55, 0.011834319526627389], "3/1/2016": [8.53, -0.0023391812865498655], "3/2/2016": [8.53, 0.0], "3/3/2016": [8.62, 0.010550996483001156], "3/4/2016": [8.86, 0.027842227378190282], "3/7/2016": [9.5, 0.07223476297968404], "3/8/2016": [9.45, -0.005263157894736917], "3/9/2016": [9.28, -0.017989417989417982], "3/10/2016": [9.37, 0.00969827586206895], "3/11/2016": [9.38, 0.0010672358591250334], "3/14/2016": [9.3, -0.00852878464818764], "3/15/2016": [9.01, -0.031182795698924827], "3/16/2016": [9.18, 0.01886792452830188], "3/17/2016": [9.18, 0.0], "3/18/2016": [9.22, 0.004357298474945635], "3/21/2016": [9.25, 0.003253796095444616], "3/22/2016": [9.35, 0.010810810810810773], "3/23/2016": [9.64, 0.03101604278074876], "3/24/2016": [10.05, 0.04253112033195022], "3/25/2016": [10.75, 0.06965174129353226], "3/28/2016": [10.75, 0.0], "3/29/2016": [10.2, -0.05116279069767449], "3/30/2016": [10.5, 0.029411764705882425], "3/31/2016": [10.45, -0.00476190476190483], "4/1/2016": [10.5, 0.004784688995215379], "4/6/2016": [10.75, 0.023809523809523808], "4/7/2016": [10.6, -0.013953488372093056], "4/8/2016": [10.7, 0.00943396226415091], "4/11/2016": [10.8, 0.009345794392523497], "4/12/2016": [10.75, -0.004629629629629695], "4/13/2016": [10.6, -0.013953488372093056], "4/14/2016": [10.7, 0.00943396226415091], "4/15/2016": [10.75, 0.004672897196261749], "4/18/2016": [10.7, -0.00465116279069774], "4/19/2016": [10.85, 0.014018691588785081], "4/20/2016": [10.7, -0.013824884792626762], "4/21/2016": [10.7, 0.0], "4/22/2016": [10.75, 0.004672897196261749], "4/25/2016": [10.75, 0.0], "4/26/2016": [10.75, 0.0], "4/27/2016": [10.9, 0.013953488372093056], "4/28/2016": [11.25, 0.03211009174311923], "4/29/2016": [11.75, 0.044444444444444446], "5/3/2016": [12.15, 0.03404255319148939], "5/4/2016": [11.45, -0.05761316872427992], "5/5/2016": [11.65, 0.017467248908297036], "5/6/2016": [11.5, -0.012875536480686725], "5/9/2016": [11.25, -0.021739130434782608], "5/10/2016": [11.2, -0.004444444444444508], "5/11/2016": [11.15, -0.0044642857142856195], "5/12/2016": [10.9, -0.02242152466367713], "5/13/2016": [10.7, -0.018348623853211107], "5/16/2016": [10.95, 0.023364485981308414], "5/17/2016": [11.0, 0.004566210045662165], "5/18/2016": [10.9, -0.00909090909090906], "5/19/2016": [10.85, -0.004587155963302818], "5/20/2016": [10.9, 0.004608294930875642], "5/23/2016": [11.15, 0.02293577981651376], "5/24/2016": [11.35, 0.01793721973094164], "5/25/2016": [11.25, -0.00881057268722464], "5/26/2016": [11.25, 0.0], "5/27/2016": [11.3, 0.004444444444444508], "5/30/2016": [11.35, 0.004424778761061852], "5/31/2016": [11.3, -0.004405286343612241], "6/1/2016": [11.4, 0.008849557522123862], "6/2/2016": [11.4, 0.0], "6/3/2016": [11.4, 0.0], "6/4/2016": [11.45, 0.004385964912280608], "6/6/2016": [11.3, -0.013100436681222584], "6/7/2016": [11.3, 0.0], "6/8/2016": [11.25, -0.004424778761062009], "6/13/2016": [11.1, -0.013333333333333365], "6/14/2016": [11.05, -0.004504504504504409], "6/15/2016": [11.05, 0.0], "6/16/2016": [11.05, 0.0], "6/17/2016": [11.1, 0.0045248868778279576], "6/20/2016": [11.1, 0.0], "6/21/2016": [11.15, 0.004504504504504569], "6/22/2016": [11.05, -0.00896860986547082], "6/23/2016": [11.05, 0.0], "6/24/2016": [10.9, -0.013574660633484194], "6/27/2016": [11.15, 0.02293577981651376], "6/28/2016": [11.15, 0.0], "6/29/2016": [11.25, 0.00896860986547082], "6/30/2016": [11.2, -0.004444444444444508], "7/1/2016": [11.15, -0.0044642857142856195], "7/4/2016": [11.15, 0.0], "7/5/2016": [11.15, 0.0], "7/6/2016": [11.15, 0.0], "7/7/2016": [11.05, -0.00896860986547082], "7/11/2016": [11.05, 0.0], "7/12/2016": [11.1, 0.0045248868778279576], "7/13/2016": [11.05, -0.004504504504504409], "7/14/2016": [11.15, 0.009049773755656076], "7/15/2016": [11.25, 0.00896860986547082], "7/18/2016": [11.25, 0.0], "7/19/2016": [11.2, -0.004444444444444508], "7/20/2016": [11.15, -0.0044642857142856195], "7/21/2016": [11.5, 0.03139013452914795], "7/22/2016": [11.4, -0.008695652173913012], "7/25/2016": [11.35, -0.004385964912280764], "7/26/2016": [11.35, 0.0], "7/27/2016": [11.3, -0.004405286343612241], "7/28/2016": [11.25, -0.004424778761062009], "7/29/2016": [11.2, -0.004444444444444508], "8/1/2016": [11.2, 0.0], "8/2/2016": [11.2, 0.0], "8/3/2016": [11.15, -0.0044642857142856195], "8/4/2016": [11.2, 0.0044843049327353305], "8/5/2016": [11.2, 0.0], "8/8/2016": [11.15, -0.0044642857142856195], "8/9/2016": [11.1, -0.004484304932735489], "8/10/2016": [11.1, 0.0], "8/11/2016": [11.25, 0.013513513513513545], "8/12/2016": [11.25, 0.0], "8/15/2016": [11.35, 0.008888888888888858], "8/16/2016": [11.35, 0.0], "8/17/2016": [11.3, -0.004405286343612241], "8/18/2016": [11.25, -0.004424778761062009], "8/19/2016": [11.2, -0.004444444444444508], "8/22/2016": [11.2, 0.0], "8/23/2016": [11.2, 0.0], "8/24/2016": [11.3, 0.008928571428571556], "8/25/2016": [11.4, 0.008849557522123862], "8/26/2016": [12.3, 0.07894736842105265], "8/29/2016": [12.8, 0.04065040650406504], "8/30/2016": [12.7, -0.007812500000000111], "8/31/2016": [12.55, -0.011811023622047133], "9/1/2016": [12.4, -0.011952191235059789], "9/2/2016": [12.3, -0.008064516129032228], "9/5/2016": [12.6, 0.024390243902438935], "9/6/2016": [12.4, -0.015873015873015817], "9/7/2016": [11.05, -0.10887096774193546], "9/8/2016": [10.95, -0.009049773755656236], "9/9/2016": [10.7, -0.022831050228310504], "9/10/2016": [10.3, -0.03738317757009333], "9/12/2016": [10.3, 0.0], "9/13/2016": [10.25, -0.004854368932038904], "9/14/2016": [10.1, -0.014634146341463448], "9/19/2016": [10.15, 0.004950495049505021], "9/20/2016": [10.05, -0.009852216748768438], "9/21/2016": [10.1, 0.004975124378109346], "9/22/2016": [10.1, 0.0], "9/23/2016": [10.15, 0.004950495049505021], "9/26/2016": [10.05, -0.009852216748768438], "9/29/2016": [10.0, -0.004975124378109523], "9/30/2016": [9.92, -0.008000000000000007], "10/3/2016": [9.74, -0.01814516129032255], "10/4/2016": [9.71, -0.003080082135523548], "10/5/2016": [9.85, 0.014418125643666197], "10/6/2016": [10.15, 0.030456852791878247], "10/7/2016": [10.0, -0.014778325123152743], "10/11/2016": [9.7, -0.030000000000000072], "10/12/2016": [9.55, -0.01546391752577305], "10/13/2016": [9.5, -0.005235602094240912], "10/14/2016": [9.39, -0.011578947368420993], "10/17/2016": [9.2, -0.02023429179978714], "10/18/2016": [9.25, 0.00543478260869573], "10/19/2016": [9.35, 0.010810810810810773], "10/20/2016": [9.36, 0.0010695187165775174], "10/21/2016": [9.35, -0.0010683760683760457], "10/24/2016": [9.34, -0.0010695187165775174], "10/25/2016": [9.27, -0.007494646680942215], "10/26/2016": [9.18, -0.009708737864077655],