{"1/4/2016": [66.8, ""], "1/5/2016": [65.4, -0.020958083832335203], "1/6/2016": [63.1, -0.035168195718654496], "1/7/2016": [60.5, -0.041204437400950894], "1/8/2016": [66.5, 0.09917355371900827], "1/11/2016": [68.6, 0.03157894736842097], "1/12/2016": [64.8, -0.055393586005830865], "1/13/2016": [67.5, 0.04166666666666671], "1/14/2016": [67.7, 0.002962962962963005], "1/15/2016": [69.8, 0.031019202363367714], "1/18/2016": [70.8, 0.014326647564469915], "1/19/2016": [70.1, -0.009887005649717555], "1/20/2016": [66.5, -0.051355206847360835], "1/21/2016": [67.1, 0.009022556390977357], "1/22/2016": [67.4, 0.004470938897168575], "1/25/2016": [69.1, 0.025222551928783213], "1/26/2016": [68.5, -0.008683068017366055], "1/27/2016": [68.5, 0.0], "1/28/2016": [68.1, -0.0058394160583942435], "1/29/2016": [68.7, 0.008810572687224795], "1/30/2016": [69.8, 0.01601164483260545], "2/1/2016": [68.6, -0.01719197707736394], "2/2/2016": [69.3, 0.010204081632653104], "2/3/2016": [68.8, -0.007215007215007215], "2/15/2016": [69.1, 0.004360465116279029], "2/16/2016": [70.1, 0.014471780028943561], "2/17/2016": [70.6, 0.007132667617689016], "2/18/2016": [74.7, 0.05807365439093497], "2/19/2016": [73.3, -0.0187416331994646], "2/22/2016": [70.8, -0.034106412005457026], "2/23/2016": [71.8, 0.014124293785310734], "2/24/2016": [70.8, -0.01392757660167131], "2/25/2016": [70.9, 0.001412429378531194], "2/26/2016": [73.0, 0.0296191819464033], "3/1/2016": [72.7, -0.004109589041095852], "3/2/2016": [72.0, -0.009628610729023422], "3/3/2016": [72.1, 0.00138888888888881], "3/4/2016": [73.3, 0.01664355062413319], "3/7/2016": [72.0, -0.017735334242837617], "3/8/2016": [72.4, 0.005555555555555635], "3/9/2016": [72.5, 0.0013812154696131811], "3/10/2016": [71.9, -0.00827586206896544], "3/11/2016": [72.4, 0.006954102920723226], "3/14/2016": [72.5, 0.0013812154696131811], "3/15/2016": [71.0, -0.020689655172413793], "3/16/2016": [70.7, -0.004225352112676016], "3/17/2016": [69.6, -0.015558698727015678], "3/18/2016": [68.8, -0.011494252873563178], "3/21/2016": [70.6, 0.02616279069767438], "3/22/2016": [69.9, -0.00991501416430579], "3/23/2016": [68.9, -0.014306151645207437], "3/24/2016": [69.0, 0.0014513788098692933], "3/25/2016": [68.8, -0.0028985507246377224], "3/28/2016": [66.8, -0.029069767441860465], "3/29/2016": [65.6, -0.01796407185628747], "3/30/2016": [67.1, 0.02286585365853659], "3/31/2016": [67.1, 0.0], "4/1/2016": [67.5, 0.005961251862891292], "4/6/2016": [66.2, -0.019259259259259216], "4/7/2016": [67.6, 0.021148036253776304], "4/8/2016": [69.5, 0.028106508875739733], "4/11/2016": [70.8, 0.018705035971222982], "4/12/2016": [69.7, -0.015536723163841729], "4/13/2016": [70.4, 0.010043041606886698], "4/14/2016": [70.1, -0.004261363636363797], "4/15/2016": [71.2, 0.01569186875891596], "4/18/2016": [72.5, 0.018258426966292093], "4/19/2016": [71.9, -0.00827586206896544], "4/20/2016": [72.0, 0.0013908205841445661], "4/21/2016": [73.5, 0.020833333333333332], "4/22/2016": [72.9, -0.008163265306122372], "4/25/2016": [73.2, 0.00411522633744852], "4/26/2016": [72.5, -0.009562841530054683], "4/27/2016": [74.4, 0.026206896551724215], "4/28/2016": [74.6, 0.0026881720430106], "4/29/2016": [74.0, -0.008042895442359173], "5/3/2016": [73.0, -0.013513513513513514], "5/4/2016": [72.6, -0.005479452054794599], "5/5/2016": [73.7, 0.01515151515151527], "5/6/2016": [72.7, -0.013568521031207597], "5/9/2016": [77.4, 0.0646492434662999], "5/10/2016": [76.9, -0.006459948320413436], "5/11/2016": [72.0, -0.06371911573472049], "5/12/2016": [70.0, -0.027777777777777776], "5/13/2016": [70.8, 0.011428571428571389], "5/16/2016": [72.5, 0.02401129943502829], "5/17/2016": [73.8, 0.01793103448275858], "5/18/2016": [75.2, 0.018970189701897098], "5/19/2016": [74.2, -0.013297872340425532], "5/20/2016": [76.9, 0.036388140161725105], "5/23/2016": [79.0, 0.027308192457737246], "5/24/2016": [80.3, 0.01645569620253161], "5/25/2016": [81.0, 0.008717310087173136], "5/26/2016": [82.0, 0.012345679012345678], "5/27/2016": [81.0, -0.012195121951219513], "5/30/2016": [83.3, 0.028395061728395028], "5/31/2016": [84.2, 0.010804321728691545], "6/1/2016": [83.4, -0.009501187648456023], "6/2/2016": [82.0, -0.01678657074340534], "6/3/2016": [83.6, 0.01951219512195115], "6/4/2016": [82.8, -0.009569377990430589], "6/6/2016": [81.8, -0.012077294685990338], "6/7/2016": [83.6, 0.02200488997555009], "6/8/2016": [82.3, -0.015550239234449727], "6/13/2016": [81.6, -0.008505467800729074], "6/14/2016": [81.5, -0.0012254901960783617], "6/15/2016": [81.0, -0.006134969325153374], "6/16/2016": [81.6, 0.0074074074074073374], "6/17/2016": [82.0, 0.004901960784313796], "6/20/2016": [81.4, -0.007317073170731638], "6/21/2016": [83.1, 0.020884520884520745], "6/22/2016": [83.3, 0.002406738868832766], "6/23/2016": [86.2, 0.03481392557022816], "6/24/2016": [82.3, -0.04524361948955923], "6/27/2016": [85.0, 0.03280680437424062], "6/28/2016": [89.8, 0.056470588235294085], "6/29/2016": [89.5, -0.003340757238307318], "6/30/2016": [89.4, -0.0011173184357541265], "7/1/2016": [90.5, 0.012304250559284052], "7/4/2016": [90.0, -0.0055248618784530384], "7/5/2016": [89.4, -0.006666666666666604], "7/6/2016": [90.2, 0.008948545861297506], "7/7/2016": [90.3, 0.0011086474501108016], "7/11/2016": [88.3, -0.0221483942414175], "7/12/2016": [86.6, -0.01925254813137036], "7/13/2016": [88.0, 0.016166281755196372], "7/14/2016": [87.5, -0.005681818181818182], "7/15/2016": [88.2, 0.008000000000000033], "7/18/2016": [88.5, 0.003401360544217655], "7/19/2016": [87.8, -0.007909604519774044], "7/20/2016": [85.1, -0.030751708428246045], "7/21/2016": [83.5, -0.018801410105757865], "7/22/2016": [81.8, -0.020359281437125783], "7/25/2016": [81.0, -0.009779951100244464], "7/26/2016": [81.1, 0.0012345679012344976], "7/27/2016": [78.9, -0.02712700369913673], "7/28/2016": [81.4, 0.03168567807351077], "7/29/2016": [81.4, 0.0], "8/1/2016": [81.1, -0.003685503685503825], "8/2/2016": [82.3, 0.01479654747225651], "8/3/2016": [82.6, 0.003645200486026697], "8/4/2016": [83.4, 0.009685230024213213], "8/5/2016": [82.3, -0.013189448441247104], "8/8/2016": [79.5, -0.03402187120291613], "8/9/2016": [75.1, -0.055345911949685606], "8/10/2016": [74.3, -0.010652463382157086], "8/11/2016": [73.0, -0.017496635262449493], "8/12/2016": [74.3, 0.017808219178082153], "8/15/2016": [72.9, -0.01884253028263784], "8/16/2016": [73.6, 0.009602194787379816], "8/17/2016": [72.4, -0.016304347826086803], "8/18/2016": [71.9, -0.006906077348066298], "8/19/2016": [71.8, -0.0013908205841447639], "8/22/2016": [72.9, 0.01532033426183856], "8/23/2016": [71.6, -0.017832647462277248], "8/24/2016": [71.4, -0.0027932960893853162], "8/25/2016": [71.5, 0.001400560224089556], "8/26/2016": [71.8, 0.004195804195804156], "8/29/2016": [71.9, 0.0013927576601672498], "8/30/2016": [72.1, 0.0027816411682891323], "8/31/2016": [71.1, -0.013869625520110958], "9/1/2016": [71.2, 0.0014064697609002606], "9/2/2016": [71.0, -0.0028089887640449836], "9/5/2016": [71.0, 0.0], "9/6/2016": [69.9, -0.015492957746478794], "9/7/2016": [70.8, 0.012875536480686572], "9/8/2016": [73.8, 0.04237288135593221], "9/9/2016": [73.6, -0.0027100271002710413], "9/10/2016": [72.7, -0.012228260869565102], "9/12/2016": [72.0, -0.009628610729023422], "9/13/2016": [71.8, -0.0027777777777778173], "9/14/2016": [71.4, -0.005571030640668405], "9/19/2016": [71.5, 0.001400560224089556], "9/20/2016": [71.7, 0.002797202797202837], "9/21/2016": [73.6, 0.026499302649930143], "9/22/2016": [74.0, 0.00543478260869573], "9/23/2016": [75.1, 0.014864864864864788], "9/26/2016": [74.8, -0.003994673768308884], "9/29/2016": [74.4, -0.005347593582887587], "9/30/2016": [74.7, 0.004032258064516091], "10/3/2016": [74.9, 0.002677376171352113], "10/4/2016": [73.5, -0.018691588785046804], "10/5/2016": [73.6, 0.0013605442176869975], "10/6/2016": [73.5, -0.0013586956521738358], "10/7/2016": [73.0, -0.006802721088435374], "10/11/2016": [71.6, -0.0191780821917809], "10/12/2016": [70.8, -0.01117318435754186],