{"1/4/2016": [9.06, ""], "1/5/2016": [9.0, -0.006622516556291445], "1/6/2016": [8.79, -0.023333333333333428], "1/7/2016": [8.5, -0.032992036405005594], "1/8/2016": [8.68, 0.021176470588235262], "1/11/2016": [8.48, -0.023041474654377798], "1/12/2016": [8.42, -0.007075471698113266], "1/13/2016": [8.43, 0.0011876484560569818], "1/14/2016": [8.26, -0.020166073546856456], "1/15/2016": [8.18, -0.009685230024213084], "1/18/2016": [8.4, 0.02689486552567245], "1/19/2016": [8.5, 0.011904761904761862], "1/20/2016": [8.39, -0.012941176470588168], "1/21/2016": [8.38, -0.0011918951132300103], "1/22/2016": [8.46, 0.009546539379474948], "1/25/2016": [8.53, 0.00827423167848682], "1/26/2016": [8.48, -0.005861664712778304], "1/27/2016": [8.53, 0.005896226415094213], "1/28/2016": [8.65, 0.014067995310668347], "1/29/2016": [8.73, 0.009248554913294805], "1/30/2016": [8.79, 0.006872852233676829], "2/1/2016": [8.74, -0.0056882821387939635], "2/2/2016": [8.62, -0.01372997711670492], "2/3/2016": [8.47, -0.017401392111368746], "2/15/2016": [8.47, 0.0], "2/16/2016": [8.71, 0.028335301062573814], "2/17/2016": [8.62, -0.01033295063145828], "2/18/2016": [8.71, 0.010440835266821536], "2/19/2016": [8.67, -0.00459242250287037], "2/22/2016": [8.71, 0.004613610149942437], "2/23/2016": [8.83, 0.013777267508610701], "2/24/2016": [8.71, -0.01359003397508485], "2/25/2016": [8.76, 0.005740528128587707], "2/26/2016": [9.11, 0.03995433789954334], "3/1/2016": [9.07, -0.004390779363336899], "3/2/2016": [9.08, 0.0011025358324145299], "3/3/2016": [9.32, 0.02643171806167403], "3/4/2016": [9.39, 0.007510729613733936], "3/7/2016": [9.53, 0.014909478168263981], "3/8/2016": [9.87, 0.03567681007345224], "3/9/2016": [9.66, -0.02127659574468076], "3/10/2016": [9.65, -0.0010351966873705784], "3/11/2016": [9.53, -0.012435233160621863], "3/14/2016": [9.55, 0.002098635886673804], "3/15/2016": [9.22, -0.034554973821989535], "3/16/2016": [9.43, 0.022776572668112696], "3/17/2016": [9.36, -0.007423117709437994], "3/18/2016": [9.35, -0.0010683760683760457], "3/21/2016": [9.25, -0.010695187165775364], "3/22/2016": [9.23, -0.0021621621621621162], "3/23/2016": [9.18, -0.005417118093174508], "3/24/2016": [9.19, 0.0010893246187363603], "3/25/2016": [9.17, -0.0021762785636561016], "3/28/2016": [9.11, -0.006543075245365376], "3/29/2016": [8.96, -0.016465422612513565], "3/30/2016": [9.01, 0.005580357142857023], "3/31/2016": [9.03, 0.0022197558268589983], "4/1/2016": [9.02, -0.0011074197120708514], "4/6/2016": [8.95, -0.007760532150776085], "4/7/2016": [8.97, 0.002234636871508531], "4/8/2016": [8.97, 0.0], "4/11/2016": [8.97, 0.0], "4/12/2016": [8.93, -0.004459308807134996], "4/13/2016": [9.05, 0.01343784994400907], "4/14/2016": [9.04, -0.0011049723756907804], "4/15/2016": [9.05, 0.0011061946902656597], "4/18/2016": [9.0, -0.0055248618784531165], "4/19/2016": [9.01, 0.0011111111111110875], "4/20/2016": [8.97, -0.0044395116537179966], "4/21/2016": [9.01, 0.004459308807134799], "4/22/2016": [8.88, -0.014428412874583687], "4/25/2016": [8.88, 0.0], "4/26/2016": [8.95, 0.007882882882882714], "4/27/2016": [8.89, -0.006703910614524997], "4/28/2016": [8.85, -0.004499437570303816], "4/29/2016": [8.72, -0.014689265536723051], "5/3/2016": [8.71, -0.0011467889908256636], "5/4/2016": [8.58, -0.014925373134328446], "5/5/2016": [8.59, 0.0011655011655011406], "5/6/2016": [8.59, 0.0], "5/9/2016": [8.51, -0.009313154831199077], "5/10/2016": [8.54, 0.0035252643948295373], "5/11/2016": [8.46, -0.00936768149882884], "5/12/2016": [8.43, -0.0035460992907802758], "5/13/2016": [8.32, -0.01304863582443647], "5/16/2016": [8.46, 0.016826923076923146], "5/17/2016": [8.52, 0.007092198581560132], "5/18/2016": [8.51, -0.0011737089201877685], "5/19/2016": [8.7, 0.022326674500587486], "5/20/2016": [8.72, 0.002298850574712799], "5/23/2016": [8.82, 0.01146788990825684], "5/24/2016": [8.74, -0.009070294784580506], "5/25/2016": [8.78, 0.004576659038901504], "5/26/2016": [8.81, 0.0034168564920274646], "5/27/2016": [8.9, 0.010215664018161165], "5/30/2016": [8.96, 0.006741573033707921], "5/31/2016": [8.85, -0.012276785714285848], "6/1/2016": [8.9, 0.005649717514124374], "6/2/2016": [8.88, -0.002247191011235907], "6/3/2016": [8.87, -0.001126126126126302], "6/4/2016": [8.93, 0.0067643742953777345], "6/6/2016": [9.05, 0.01343784994400907], "6/7/2016": [9.11, 0.006629834254143504], "6/8/2016": [8.96, -0.016465422612513565], "6/13/2016": [8.72, -0.02678571428571431], "6/14/2016": [8.85, 0.01490825688073383], "6/15/2016": [8.98, 0.014689265536723253], "6/16/2016": [8.95, -0.003340757238307476], "6/17/2016": [8.61, -0.037988826815642446], "6/20/2016": [8.9, 0.033681765389082574], "6/21/2016": [8.96, 0.006741573033707921], "6/22/2016": [8.99, 0.003348214285714214], "6/23/2016": [9.01, 0.0022246941045605756], "6/24/2016": [8.77, -0.02663706992230857], "6/27/2016": [8.89, 0.013683010262257812], "6/28/2016": [8.91, 0.002249718785151808], "6/29/2016": [9.03, 0.01346801346801338], "6/30/2016": [9.06, 0.003322259136212751], "7/1/2016": [9.07, 0.0011037527593818748], "7/4/2016": [9.13, 0.006615214994487376], "7/5/2016": [9.13, 0.0], "7/6/2016": [9.03, -0.010952902519167734], "7/7/2016": [9.13, 0.011074197120708907], "7/11/2016": [9.14, 0.0010952902519167345], "7/12/2016": [9.06, -0.008752735229759306], "7/13/2016": [9.1, 0.004415011037527499], "7/14/2016": [9.1, 0.0], "7/15/2016": [9.09, -0.0010989010989010755], "7/18/2016": [9.15, 0.006600660066006655], "7/19/2016": [9.15, 0.0], "7/20/2016": [9.15, 0.0], "7/21/2016": [9.18, 0.003278688524590094], "7/22/2016": [9.12, -0.006535947712418355], "7/25/2016": [9.19, 0.00767543859649126], "7/26/2016": [9.2, 0.0010881392818280508], "7/27/2016": [9.18, -0.0021739130434782145], "7/28/2016": [9.17, -0.0010893246187363603], "7/29/2016": [9.12, -0.005452562704471179], "8/1/2016": [9.16, 0.004385964912280803], "8/2/2016": [9.01, -0.016375545851528422], "8/3/2016": [8.95, -0.006659267480577192], "8/4/2016": [8.98, 0.0033519553072626973], "8/5/2016": [9.06, 0.008908685968819607], "8/8/2016": [9.3, 0.026490066225165584], "8/9/2016": [9.27, -0.003225806451613025], "8/10/2016": [9.25, -0.0021574973031283254], "8/11/2016": [9.27, 0.0021621621621621162], "8/12/2016": [9.72, 0.04854368932038847], "8/15/2016": [9.83, 0.01131687242798348], "8/16/2016": [9.9, 0.007121057985757913], "8/17/2016": [9.85, -0.005050505050505122], "8/18/2016": [9.81, -0.00406091370558367], "8/19/2016": [9.79, -0.0020387359836902498], "8/22/2016": [9.76, -0.0030643513789580554], "8/23/2016": [9.74, -0.0020491803278688088], "8/24/2016": [9.61, -0.013347022587269074], "8/25/2016": [9.7, 0.009365244536940672], "8/26/2016": [9.57, -0.013402061855670002], "8/29/2016": [9.57, 0.0], "8/30/2016": [9.54, -0.003134796238244633], "8/31/2016": [9.69, 0.01572327044025161], "9/1/2016": [9.61, -0.008255933952528388], "9/2/2016": [9.39, -0.02289281997918823], "9/5/2016": [9.72, 0.035143769968051124], "9/6/2016": [9.77, 0.0051440329218105894], "9/7/2016": [9.84, 0.0071647901740020765], "9/8/2016": [9.8, -0.004065040650406418], "9/9/2016": [9.86, 0.0061224489795917054], "9/10/2016": [9.68, -0.01825557809330626], "9/12/2016": [9.57, -0.011363636363636305], "9/13/2016": [9.56, -0.0010449320794148158], "9/14/2016": [9.62, 0.006276150627614929], "9/19/2016": [9.6, -0.002079002079002035], "9/20/2016": [9.55, -0.005208333333333223], "9/21/2016": [9.7, 0.015706806282722363], "9/22/2016": [9.75, 0.005154639175257806], "9/23/2016": [9.84, 0.009230769230769216], "9/26/2016": [9.77, -0.007113821138211411], "9/29/2016": [10.1, 0.03377686796315252], "9/30/2016": [10.45, 0.03465346534653462], "10/3/2016": [10.45, 0.0], "10/4/2016": [10.5, 0.004784688995215379], "10/5/2016": [10.45, -0.00476190476190483], "10/6/2016": [10.4, -0.004784688995215209], "10/7/2016": [10.75, 0.03365384615384612], "10/11/2016": [10.35, -0.03720930232558143], "10/12/2016": [10.4, 0.004830917874396204], "10/13/2016": [10.5, 0.009615384615384581], "10/14/2016": [10.35, -0.01428571428571432],