{"1/4/2016": [11.8, ""], "1/5/2016": [11.75, -0.00423728813559328], "1/6/2016": [11.75, 0.0], "1/7/2016": [11.45, -0.025531914893617082], "1/8/2016": [11.4, -0.004366812227074143], "1/11/2016": [11.05, -0.03070175438596488], "1/12/2016": [11.1, 0.0045248868778279576], "1/13/2016": [11.05, -0.004504504504504409], "1/14/2016": [11.15, 0.009049773755656076], "1/15/2016": [11.25, 0.00896860986547082], "1/18/2016": [11.15, -0.008888888888888858], "1/19/2016": [11.15, 0.0], "1/20/2016": [11.1, -0.004484304932735489], "1/21/2016": [11.1, 0.0], "1/22/2016": [11.25, 0.013513513513513545], "1/25/2016": [11.45, 0.017777777777777715], "1/26/2016": [11.7, 0.02183406113537118], "1/27/2016": [11.7, 0.0], "1/28/2016": [12.75, 0.08974358974358981], "1/29/2016": [12.85, 0.007843137254901933], "1/30/2016": [12.75, -0.0077821011673151474], "2/1/2016": [12.9, 0.011764705882352969], "2/2/2016": [13.1, 0.015503875968992192], "2/3/2016": [12.9, -0.01526717557251903], "2/15/2016": [13.2, 0.02325581395348829], "2/16/2016": [13.15, -0.0037878787878787073], "2/17/2016": [13.25, 0.007604562737642559], "2/18/2016": [13.4, 0.011320754716981159], "2/19/2016": [13.2, -0.014925373134328438], "2/22/2016": [13.2, 0.0], "2/23/2016": [13.2, 0.0], "2/24/2016": [13.2, 0.0], "2/25/2016": [13.25, 0.0037878787878788418], "2/26/2016": [13.35, 0.007547169811320728], "3/1/2016": [13.4, 0.0037453183520599785], "3/2/2016": [13.35, -0.0037313432835821424], "3/3/2016": [13.45, 0.007490636704119823], "3/4/2016": [13.4, -0.0037174721189590287], "3/7/2016": [13.4, 0.0], "3/8/2016": [13.2, -0.014925373134328438], "3/9/2016": [12.9, -0.022727272727272648], "3/10/2016": [13.15, 0.01937984496124031], "3/11/2016": [13.25, 0.007604562737642559], "3/14/2016": [13.4, 0.011320754716981159], "3/15/2016": [13.25, -0.011194029850746294], "3/16/2016": [13.25, 0.0], "3/17/2016": [13.3, 0.003773584905660431], "3/18/2016": [13.3, 0.0], "3/21/2016": [13.35, 0.003759398496240521], "3/22/2016": [13.3, -0.0037453183520598453], "3/23/2016": [13.2, -0.007518796992481309], "3/24/2016": [13.25, 0.0037878787878788418], "3/25/2016": [13.1, -0.011320754716981159], "3/28/2016": [13.1, 0.0], "3/29/2016": [12.9, -0.01526717557251903], "3/30/2016": [13.25, 0.027131782945736406], "3/31/2016": [13.3, 0.003773584905660431], "4/1/2016": [13.15, -0.01127819548872183], "4/6/2016": [12.75, -0.03041825095057037], "4/7/2016": [12.6, -0.011764705882352969], "4/8/2016": [12.75, 0.011904761904761934], "4/11/2016": [12.6, -0.011764705882352969], "4/12/2016": [12.9, 0.023809523809523867], "4/13/2016": [12.9, 0.0], "4/14/2016": [12.85, -0.003875968992248117], "4/15/2016": [12.85, 0.0], "4/18/2016": [12.9, 0.003891050583657643], "4/19/2016": [12.65, -0.01937984496124031], "4/20/2016": [12.6, -0.00395256916996053], "4/21/2016": [12.55, -0.003968253968253884], "4/22/2016": [12.7, 0.011952191235059646], "4/25/2016": [12.7, 0.0], "4/26/2016": [12.7, 0.0], "4/27/2016": [12.55, -0.011811023622047133], "4/28/2016": [12.0, -0.043824701195219175], "4/29/2016": [12.0, 0.0], "5/3/2016": [11.65, -0.029166666666666636], "5/4/2016": [11.45, -0.017167381974249017], "5/5/2016": [11.3, -0.013100436681222584], "5/6/2016": [11.3, 0.0], "5/9/2016": [11.25, -0.004424778761062009], "5/10/2016": [11.25, 0.0], "5/11/2016": [11.25, 0.0], "5/12/2016": [11.4, 0.013333333333333365], "5/13/2016": [11.3, -0.008771929824561372], "5/16/2016": [11.45, 0.013274336283185714], "5/17/2016": [11.55, 0.008733624454148596], "5/18/2016": [11.55, 0.0], "5/19/2016": [11.5, -0.004329004329004391], "5/20/2016": [11.55, 0.004347826086956583], "5/23/2016": [11.8, 0.021645021645021644], "5/24/2016": [11.8, 0.0], "5/25/2016": [12.0, 0.01694915254237282], "5/26/2016": [12.1, 0.008333333333333304], "5/27/2016": [12.15, 0.004132231404958737], "5/30/2016": [12.2, 0.0041152263374484715], "5/31/2016": [12.2, 0.0], "6/1/2016": [12.25, 0.004098360655737763], "6/2/2016": [12.25, 0.0], "6/3/2016": [12.4, 0.012244897959183702], "6/4/2016": [12.35, -0.004032258064516186], "6/6/2016": [12.4, 0.004048582995951474], "6/7/2016": [12.45, 0.004032258064516043], "6/8/2016": [12.4, -0.004016064257028027], "6/13/2016": [12.2, -0.016129032258064602], "6/14/2016": [12.1, -0.00819672131147538], "6/15/2016": [12.25, 0.012396694214876063], "6/16/2016": [12.0, -0.02040816326530612], "6/17/2016": [12.15, 0.01250000000000003], "6/20/2016": [12.45, 0.02469135802469127], "6/21/2016": [12.25, -0.016064257028112393], "6/22/2016": [12.45, 0.01632653061224484], "6/23/2016": [12.55, 0.008032128514056339], "6/24/2016": [12.0, -0.043824701195219175], "6/27/2016": [12.45, 0.03749999999999994], "6/28/2016": [12.3, -0.012048192771084223], "6/29/2016": [12.55, 0.02032520325203252], "6/30/2016": [12.6, 0.003984063745019835], "7/1/2016": [12.55, -0.003968253968253884], "7/4/2016": [12.65, 0.007968127490039813], "7/5/2016": [12.6, -0.00395256916996053], "7/6/2016": [12.35, -0.01984126984126984], "7/7/2016": [12.4, 0.004048582995951474], "7/11/2016": [12.95, 0.04435483870967733], "7/12/2016": [12.45, -0.03861003861003861], "7/13/2016": [12.5, 0.004016064257028169], "7/14/2016": [12.5, 0.0], "7/15/2016": [12.35, -0.012000000000000028], "7/18/2016": [12.5, 0.01214574898785428], "7/19/2016": [12.45, -0.0040000000000000565], "7/20/2016": [12.35, -0.008032128514056196], "7/21/2016": [12.5, 0.01214574898785428], "7/22/2016": [12.3, -0.015999999999999945], "7/25/2016": [12.3, 0.0], "7/26/2016": [12.4, 0.00813008130081298], "7/27/2016": [12.55, 0.012096774193548416], "7/28/2016": [12.1, -0.03585657370517937], "7/29/2016": [11.9, -0.016528925619834652], "8/1/2016": [11.9, 0.0], "8/2/2016": [11.95, 0.004201680672268818], "8/3/2016": [11.8, -0.012552301255230007], "8/4/2016": [11.9, 0.00847457627118641], "8/5/2016": [11.9, 0.0], "8/8/2016": [11.9, 0.0], "8/9/2016": [11.95, 0.004201680672268818], "8/10/2016": [11.9, -0.004184100418409953], "8/11/2016": [11.95, 0.004201680672268818], "8/12/2016": [12.0, 0.004184100418410101], "8/15/2016": [11.85, -0.01250000000000003], "8/16/2016": [11.75, -0.008438818565400814], "8/17/2016": [11.75, 0.0], "8/18/2016": [11.65, -0.00851063829787231], "8/19/2016": [11.55, -0.008583690987124432], "8/22/2016": [11.4, -0.012987012987013017], "8/23/2016": [11.45, 0.004385964912280608], "8/24/2016": [11.45, 0.0], "8/25/2016": [11.85, 0.03493449781659392], "8/26/2016": [11.8, -0.004219409282700332], "8/29/2016": [11.6, -0.01694915254237297], "8/30/2016": [11.6, 0.0], "8/31/2016": [11.5, -0.008620689655172384], "9/1/2016": [11.5, 0.0], "9/2/2016": [11.6, 0.008695652173913012], "9/5/2016": [11.65, 0.004310344827586268], "9/6/2016": [11.75, 0.008583690987124432], "9/7/2016": [11.85, 0.00851063829787231], "9/8/2016": [11.75, -0.008438818565400814], "9/9/2016": [11.65, -0.00851063829787231], "9/10/2016": [11.55, -0.008583690987124432], "9/12/2016": [11.55, 0.0], "9/13/2016": [11.5, -0.004329004329004391], "9/14/2016": [11.4, -0.008695652173913012], "9/19/2016": [11.55, 0.013157894736842136], "9/20/2016": [11.55, 0.0], "9/21/2016": [11.8, 0.021645021645021644], "9/22/2016": [11.75, -0.00423728813559328], "9/23/2016": [11.75, 0.0], "9/26/2016": [11.6, -0.012765957446808541], "9/29/2016": [11.65, 0.004310344827586268], "9/30/2016": [11.55, -0.008583690987124432], "10/3/2016": [11.6, 0.004329004329004236], "10/4/2016": [11.6, 0.0], "10/5/2016": [11.6, 0.0], "10/6/2016": [11.6, 0.0], "10/7/2016": [11.5, -0.008620689655172384], "10/11/2016": [11.65, 0.013043478260869596], "10/12/2016": [11.55, -0.008583690987124432], "10/13/2016": [11.5, -0.004329004329004391], "10/14/2016": [11.65, 0.013043478260869596], "10/17/2016": [11.55, -0.008583690987124432], "10/18/2016": [11.65, 0.008658008658008627], "10/19/2016": [11.7, 0.00429184549356214], "10/20/2016": [11.65, -0.004273504273504183], "10/21/2016": [11.7, 0.00429184549356214], "10/24/2016": [11.65, -0.004273504273504183], "10/25/2016": [11.7, 0.00429184549356214], "10/26/2016": [11.55, -0.0128205128205127], "10/27/2016": [11.5, -0.004329004329004391],