{"1/4/2016": [64.4, ""], "1/5/2016": [63.1, -0.020186335403726774], "1/6/2016": [61.5, -0.025356576862123635], "1/7/2016": [58.8, -0.04390243902439029], "1/8/2016": [60.9, 0.03571428571428574], "1/11/2016": [58.2, -0.04433497536945806], "1/12/2016": [57.1, -0.018900343642611707], "1/13/2016": [57.6, 0.008756567425569177], "1/14/2016": [56.1, -0.026041666666666664], "1/15/2016": [57.5, 0.024955436720142575], "1/18/2016": [60.6, 0.0539130434782609], "1/19/2016": [64.0, 0.056105610561056084], "1/20/2016": [60.0, -0.0625], "1/21/2016": [59.2, -0.013333333333333286], "1/22/2016": [59.6, 0.006756756756756733], "1/25/2016": [60.6, 0.016778523489932886], "1/26/2016": [59.5, -0.018151815181518174], "1/27/2016": [60.1, 0.010084033613445401], "1/28/2016": [59.6, -0.008319467554076539], "1/29/2016": [61.0, 0.023489932885906017], "1/30/2016": [62.0, 0.01639344262295082], "2/1/2016": [60.3, -0.027419354838709723], "2/2/2016": [60.0, -0.004975124378109406], "2/3/2016": [60.0, 0.0], "2/15/2016": [59.9, -0.0016666666666666904], "2/16/2016": [61.1, 0.02003338898163611], "2/17/2016": [61.4, 0.004909983633387842], "2/18/2016": [61.6, 0.0032573289902280596], "2/19/2016": [61.7, 0.0016233766233766465], "2/22/2016": [59.0, -0.04376012965964348], "2/23/2016": [59.8, 0.013559322033898256], "2/24/2016": [59.0, -0.013377926421404635], "2/25/2016": [58.6, -0.006779661016949128], "2/26/2016": [59.5, 0.015358361774744003], "3/1/2016": [59.2, -0.005042016806722642], "3/2/2016": [59.6, 0.006756756756756733], "3/3/2016": [60.0, 0.00671140939597313], "3/4/2016": [60.2, 0.003333333333333381], "3/7/2016": [59.7, -0.00830564784053156], "3/8/2016": [59.1, -0.01005025125628143], "3/9/2016": [59.6, 0.008460236886632826], "3/10/2016": [59.5, -0.0016778523489933124], "3/11/2016": [59.5, 0.0], "3/14/2016": [59.5, 0.0], "3/15/2016": [65.3, 0.09747899159663861], "3/16/2016": [65.5, 0.003062787136294071], "3/17/2016": [64.4, -0.016793893129770907], "3/18/2016": [67.4, 0.046583850931677016], "3/21/2016": [70.6, 0.04747774480712149], "3/22/2016": [68.0, -0.03682719546742202], "3/23/2016": [66.2, -0.026470588235294076], "3/24/2016": [65.1, -0.0166163141993959], "3/25/2016": [65.9, 0.012288786482335045], "3/28/2016": [64.3, -0.024279210925645042], "3/29/2016": [61.9, -0.037325038880248816], "3/30/2016": [63.9, 0.03231017770597738], "3/31/2016": [63.5, -0.006259780907668209], "4/1/2016": [64.8, 0.020472440944881844], "4/6/2016": [65.5, 0.010802469135802514], "4/7/2016": [66.9, 0.021374045801526805], "4/8/2016": [66.8, -0.001494768310911936], "4/11/2016": [67.0, 0.002994011976047947], "4/12/2016": [64.7, -0.03432835820895518], "4/13/2016": [64.9, 0.0030911901081916975], "4/14/2016": [68.8, 0.06009244992295826], "4/15/2016": [69.2, 0.005813953488372176], "4/18/2016": [71.0, 0.026011560693641578], "4/19/2016": [69.5, -0.02112676056338028], "4/20/2016": [68.1, -0.020143884892086412], "4/21/2016": [69.2, 0.016152716593245353], "4/22/2016": [66.3, -0.041907514450867135], "4/25/2016": [67.7, 0.021116138763197675], "4/26/2016": [67.7, 0.0], "4/27/2016": [66.3, -0.020679468242245282], "4/28/2016": [65.1, -0.01809954751131226], "4/29/2016": [66.2, 0.016897081413210578], "5/3/2016": [65.1, -0.0166163141993959], "5/4/2016": [64.2, -0.013824884792626599], "5/5/2016": [64.3, 0.0015576323987538056], "5/6/2016": [64.4, 0.001555209953343834], "5/9/2016": [62.2, -0.03416149068322986], "5/10/2016": [62.5, 0.004823151125401884], "5/11/2016": [61.8, -0.011200000000000045], "5/12/2016": [60.3, -0.024271844660194174], "5/13/2016": [60.5, 0.003316749585406349], "5/16/2016": [60.2, -0.004958677685950366], "5/17/2016": [60.7, 0.00830564784053156], "5/18/2016": [60.4, -0.004942339373970416], "5/19/2016": [62.5, 0.034768211920529826], "5/20/2016": [63.6, 0.017600000000000022], "5/23/2016": [64.0, 0.006289308176100607], "5/24/2016": [63.5, -0.0078125], "5/25/2016": [64.6, 0.0173228346456692], "5/26/2016": [63.9, -0.010835913312693433], "5/27/2016": [63.8, -0.0015649452269170803], "5/30/2016": [64.2, 0.006269592476489117], "5/31/2016": [63.9, -0.004672897196261749], "6/1/2016": [63.5, -0.006259780907668209], "6/2/2016": [62.0, -0.023622047244094488], "6/3/2016": [61.8, -0.003225806451612949], "6/4/2016": [61.9, 0.0016181229773463014], "6/6/2016": [61.0, -0.0145395799676898], "6/7/2016": [61.5, 0.00819672131147541], "6/8/2016": [61.7, 0.0032520325203252497], "6/13/2016": [60.2, -0.02431118314424635], "6/14/2016": [60.2, 0.0], "6/15/2016": [60.5, 0.00498338870431889], "6/16/2016": [59.8, -0.011570247933884344], "6/17/2016": [60.0, 0.003344481605351218], "6/20/2016": [60.2, 0.003333333333333381], "6/21/2016": [60.0, -0.0033222591362126715], "6/22/2016": [62.0, 0.03333333333333333], "6/23/2016": [61.0, -0.016129032258064516], "6/24/2016": [61.0, 0.0], "6/27/2016": [60.5, -0.00819672131147541], "6/28/2016": [61.2, 0.011570247933884344], "6/29/2016": [61.7, 0.008169934640522876], "6/30/2016": [61.2, -0.008103727714748784], "7/1/2016": [61.1, -0.0016339869281045984], "7/4/2016": [61.3, 0.003273322422258523], "7/5/2016": [62.0, 0.011419249592169705], "7/6/2016": [61.4, -0.009677419354838733], "7/7/2016": [60.8, -0.009771986970684063], "7/11/2016": [60.6, -0.0032894736842104563], "7/12/2016": [60.5, -0.0016501650165016736], "7/13/2016": [61.9, 0.023140495867768573], "7/14/2016": [62.0, 0.0016155088852988922], "7/15/2016": [62.2, 0.003225806451612949], "7/18/2016": [62.7, 0.008038585209003215], "7/19/2016": [62.9, 0.003189792663476806], "7/20/2016": [62.2, -0.011128775834658121], "7/21/2016": [61.8, -0.006430868167202663], "7/22/2016": [61.6, -0.003236245954692488], "7/25/2016": [61.6, 0.0], "7/26/2016": [61.0, -0.009740259740259763], "7/27/2016": [60.0, -0.01639344262295082], "7/28/2016": [59.5, -0.008333333333333333], "7/29/2016": [59.7, 0.003361344537815174], "8/1/2016": [59.3, -0.006700167504187699], "8/2/2016": [59.5, 0.003372681281618935], "8/3/2016": [59.6, 0.001680672268907587], "8/4/2016": [59.7, 0.0016778523489933124], "8/5/2016": [62.0, 0.038525963149078676], "8/8/2016": [62.5, 0.008064516129032258], "8/9/2016": [61.3, -0.019200000000000047], "8/10/2016": [61.3, 0.0], "8/11/2016": [61.0, -0.004893964110929807], "8/12/2016": [61.1, 0.0016393442622951052], "8/15/2016": [61.2, 0.0016366612111293195], "8/16/2016": [61.1, -0.0016339869281045984], "8/17/2016": [60.6, -0.008183306055646482], "8/18/2016": [60.6, 0.0], "8/19/2016": [60.7, 0.0016501650165016736], "8/22/2016": [60.0, -0.011532125205930853], "8/23/2016": [60.1, 0.0016666666666666904], "8/24/2016": [60.0, -0.0016638935108153315], "8/25/2016": [60.1, 0.0016666666666666904], "8/26/2016": [60.0, -0.0016638935108153315], "8/29/2016": [60.7, 0.011666666666666714], "8/30/2016": [60.6, -0.0016474464579901388], "8/31/2016": [60.2, -0.006600660066006577], "9/1/2016": [59.2, -0.01661129568106312], "9/2/2016": [58.0, -0.020270270270270316], "9/5/2016": [58.3, 0.0051724137931034], "9/6/2016": [59.0, 0.012006861063464887], "9/7/2016": [59.0, 0.0], "9/8/2016": [59.2, 0.0033898305084746243], "9/9/2016": [63.8, 0.0777027027027026], "9/10/2016": [61.5, -0.03605015673981187], "9/12/2016": [61.5, 0.0], "9/13/2016": [60.4, -0.01788617886178864], "9/14/2016": [60.8, 0.006622516556291367], "9/19/2016": [60.5, -0.004934210526315743], "9/20/2016": [60.1, -0.006611570247933861], "9/21/2016": [60.6, 0.008319467554076539], "9/22/2016": [60.0, -0.009900990099009924], "9/23/2016": [60.3, 0.004999999999999952], "9/26/2016": [59.8, -0.008291873963515755], "9/29/2016": [60.5, 0.011705685618729145], "9/30/2016": [60.4, -0.0016528925619834947], "10/3/2016": [59.9, -0.008278145695364239], "10/4/2016": [59.6, -0.005008347245408968], "10/5/2016": [59.5, -0.0016778523489933124], "10/6/2016": [59.6, 0.001680672268907587], "10/7/2016": [59.4, -0.003355704697986625], "10/11/2016": [58.0, -0.023569023569023545], "10/12/2016": [59.9, 0.03275862068965515], "10/13/2016": [58.5, -0.023372287145242046], "10/14/2016": [56.7, -0.030769230769230722], "10/17/2016": [56.1, -0.010582010582010606],