{"1/4/2016": [128.5, ""], "1/5/2016": [126.0, -0.019455252918287938], "1/6/2016": [120.0, -0.047619047619047616], "1/7/2016": [118.0, -0.016666666666666666], "1/8/2016": [128.0, 0.0847457627118644], "1/11/2016": [125.0, -0.0234375], "1/12/2016": [130.0, 0.04], "1/13/2016": [133.0, 0.023076923076923078], "1/14/2016": [127.5, -0.041353383458646614], "1/15/2016": [127.0, -0.00392156862745098], "1/18/2016": [128.0, 0.007874015748031496], "1/19/2016": [135.0, 0.0546875], "1/20/2016": [130.5, -0.03333333333333333], "1/21/2016": [129.0, -0.011494252873563218], "1/22/2016": [131.5, 0.01937984496124031], "1/25/2016": [136.0, 0.034220532319391636], "1/26/2016": [135.0, -0.007352941176470588], "1/27/2016": [135.5, 0.003703703703703704], "1/28/2016": [136.0, 0.0036900369003690036], "1/29/2016": [136.0, 0.0], "1/30/2016": [135.0, -0.007352941176470588], "2/1/2016": [136.5, 0.011111111111111112], "2/2/2016": [137.0, 0.003663003663003663], "2/3/2016": [137.0, 0.0], "2/15/2016": [140.5, 0.025547445255474453], "2/16/2016": [144.5, 0.028469750889679714], "2/17/2016": [146.0, 0.010380622837370242], "2/18/2016": [145.0, -0.00684931506849315], "2/19/2016": [146.5, 0.010344827586206896], "2/22/2016": [147.5, 0.006825938566552901], "2/23/2016": [151.0, 0.023728813559322035], "2/24/2016": [153.0, 0.013245033112582781], "2/25/2016": [153.0, 0.0], "2/26/2016": [153.5, 0.0032679738562091504], "3/1/2016": [158.0, 0.029315960912052116], "3/2/2016": [156.0, -0.012658227848101266], "3/3/2016": [159.5, 0.022435897435897436], "3/4/2016": [158.5, -0.006269592476489028], "3/7/2016": [155.5, -0.01892744479495268], "3/8/2016": [153.0, -0.01607717041800643], "3/9/2016": [153.0, 0.0], "3/10/2016": [155.0, 0.013071895424836602], "3/11/2016": [154.0, -0.0064516129032258064], "3/14/2016": [155.0, 0.006493506493506494], "3/15/2016": [151.5, -0.02258064516129032], "3/16/2016": [153.5, 0.013201320132013201], "3/17/2016": [151.5, -0.013029315960912053], "3/18/2016": [151.0, -0.0033003300330033004], "3/21/2016": [154.5, 0.023178807947019868], "3/22/2016": [152.5, -0.012944983818770227], "3/23/2016": [152.0, -0.003278688524590164], "3/24/2016": [145.0, -0.046052631578947366], "3/25/2016": [144.5, -0.0034482758620689655], "3/28/2016": [144.0, -0.0034602076124567475], "3/29/2016": [149.5, 0.03819444444444445], "3/30/2016": [153.0, 0.023411371237458192], "3/31/2016": [153.5, 0.0032679738562091504], "4/1/2016": [152.0, -0.009771986970684038], "4/6/2016": [154.0, 0.013157894736842105], "4/7/2016": [150.0, -0.025974025974025976], "4/8/2016": [152.0, 0.013333333333333334], "4/11/2016": [149.5, -0.01644736842105263], "4/12/2016": [147.5, -0.013377926421404682], "4/13/2016": [149.5, 0.013559322033898305], "4/14/2016": [149.0, -0.0033444816053511705], "4/15/2016": [151.5, 0.016778523489932886], "4/18/2016": [153.0, 0.009900990099009901], "4/19/2016": [153.0, 0.0], "4/20/2016": [156.5, 0.02287581699346405], "4/21/2016": [172.0, 0.09904153354632587], "4/22/2016": [166.0, -0.03488372093023256], "4/25/2016": [167.0, 0.006024096385542169], "4/26/2016": [164.5, -0.014970059880239521], "4/27/2016": [160.0, -0.02735562310030395], "4/28/2016": [154.0, -0.0375], "4/29/2016": [150.0, -0.025974025974025976], "5/3/2016": [148.0, -0.013333333333333334], "5/4/2016": [145.5, -0.016891891891891893], "5/5/2016": [148.5, 0.020618556701030927], "5/6/2016": [140.0, -0.05723905723905724], "5/9/2016": [133.5, -0.04642857142857143], "5/10/2016": [140.0, 0.04868913857677903], "5/11/2016": [134.0, -0.04285714285714286], "5/12/2016": [124.5, -0.0708955223880597], "5/13/2016": [132.5, 0.0642570281124498], "5/16/2016": [132.5, 0.0], "5/17/2016": [135.0, 0.018867924528301886], "5/18/2016": [135.0, 0.0], "5/19/2016": [131.0, -0.02962962962962963], "5/20/2016": [129.5, -0.011450381679389313], "5/23/2016": [135.0, 0.04247104247104247], "5/24/2016": [132.5, -0.018518518518518517], "5/25/2016": [136.5, 0.03018867924528302], "5/26/2016": [138.0, 0.01098901098901099], "5/27/2016": [136.0, -0.014492753623188406], "5/30/2016": [138.0, 0.014705882352941176], "5/31/2016": [140.5, 0.018115942028985508], "6/1/2016": [139.5, -0.0071174377224199285], "6/2/2016": [139.0, -0.0035842293906810036], "6/3/2016": [136.0, -0.02158273381294964], "6/4/2016": [136.0, 0.0], "6/6/2016": [135.0, -0.007352941176470588], "6/7/2016": [135.0, 0.0], "6/8/2016": [134.0, -0.007407407407407408], "6/13/2016": [126.5, -0.055970149253731345], "6/14/2016": [129.0, 0.019762845849802372], "6/15/2016": [132.5, 0.027131782945736434], "6/16/2016": [136.0, 0.026415094339622643], "6/17/2016": [138.5, 0.01838235294117647], "6/20/2016": [136.0, -0.018050541516245487], "6/21/2016": [138.0, 0.014705882352941176], "6/22/2016": [138.0, 0.0], "6/23/2016": [137.0, -0.007246376811594203], "6/24/2016": [132.0, -0.0364963503649635], "6/27/2016": [132.5, 0.003787878787878788], "6/28/2016": [135.0, 0.018867924528301886], "6/29/2016": [137.5, 0.018518518518518517], "6/30/2016": [138.5, 0.007272727272727273], "7/1/2016": [137.5, -0.007220216606498195], "7/4/2016": [138.0, 0.0036363636363636364], "7/5/2016": [136.5, -0.010869565217391304], "7/6/2016": [133.5, -0.02197802197802198], "7/7/2016": [135.0, 0.011235955056179775], "7/11/2016": [138.0, 0.022222222222222223], "7/12/2016": [138.0, 0.0], "7/13/2016": [144.0, 0.043478260869565216], "7/14/2016": [146.0, 0.013888888888888888], "7/15/2016": [144.5, -0.010273972602739725], "7/18/2016": [143.0, -0.010380622837370242], "7/19/2016": [141.0, -0.013986013986013986], "7/20/2016": [140.5, -0.0035460992907801418], "7/21/2016": [143.0, 0.017793594306049824], "7/22/2016": [142.5, -0.0034965034965034965], "7/25/2016": [141.0, -0.010526315789473684], "7/26/2016": [141.5, 0.0035460992907801418], "7/27/2016": [141.0, -0.0035335689045936395], "7/28/2016": [140.0, -0.0070921985815602835], "7/29/2016": [142.5, 0.017857142857142856], "8/1/2016": [143.5, 0.007017543859649123], "8/2/2016": [143.0, -0.003484320557491289], "8/3/2016": [142.0, -0.006993006993006993], "8/4/2016": [145.5, 0.02464788732394366], "8/5/2016": [149.5, 0.027491408934707903], "8/8/2016": [149.5, 0.0], "8/9/2016": [147.0, -0.016722408026755852], "8/10/2016": [157.0, 0.06802721088435375], "8/11/2016": [161.0, 0.025477707006369428], "8/12/2016": [162.0, 0.006211180124223602], "8/15/2016": [160.5, -0.009259259259259259], "8/16/2016": [158.0, -0.01557632398753894], "8/17/2016": [157.0, -0.006329113924050633], "8/18/2016": [158.0, 0.006369426751592357], "8/19/2016": [157.0, -0.006329113924050633], "8/22/2016": [154.0, -0.01910828025477707], "8/23/2016": [155.5, 0.00974025974025974], "8/24/2016": [155.0, -0.003215434083601286], "8/25/2016": [156.5, 0.00967741935483871], "8/26/2016": [155.5, -0.006389776357827476], "8/29/2016": [158.5, 0.01929260450160772], "8/30/2016": [161.0, 0.015772870662460567], "8/31/2016": [160.5, -0.003105590062111801], "9/1/2016": [157.5, -0.018691588785046728], "9/2/2016": [159.0, 0.009523809523809525], "9/5/2016": [159.0, 0.0], "9/6/2016": [158.0, -0.006289308176100629], "9/7/2016": [160.0, 0.012658227848101266], "9/8/2016": [155.0, -0.03125], "9/9/2016": [154.0, -0.0064516129032258064], "9/10/2016": [147.5, -0.04220779220779221], "9/12/2016": [145.0, -0.01694915254237288], "9/13/2016": [144.5, -0.0034482758620689655], "9/14/2016": [145.0, 0.0034602076124567475], "9/19/2016": [148.0, 0.020689655172413793], "9/20/2016": [148.5, 0.0033783783783783786], "9/21/2016": [150.0, 0.010101010101010102], "9/22/2016": [151.5, 0.01], "9/23/2016": [155.0, 0.0231023102310231], "9/26/2016": [153.0, -0.012903225806451613], "9/29/2016": [155.5, 0.016339869281045753], "9/30/2016": [156.5, 0.006430868167202572], "10/3/2016": [156.5, 0.0], "10/4/2016": [158.0, 0.009584664536741214], "10/5/2016": [155.5, -0.015822784810126583], "10/6/2016": [153.5, -0.012861736334405145], "10/7/2016": [154.0, 0.003257328990228013], "10/11/2016": [151.0, -0.01948051948051948], "10/12/2016": [153.5, 0.016556291390728478], "10/13/2016": [154.0, 0.003257328990228013], "10/14/2016": [152.0, -0.012987012987012988],