{"1/4/2016": [28.15, ""], "1/5/2016": [28.05, -0.0035523978685612035], "1/6/2016": [27.75, -0.010695187165775426], "1/7/2016": [27.0, -0.02702702702702703], "1/8/2016": [27.5, 0.018518518518518517], "1/11/2016": [27.35, -0.005454545454545403], "1/12/2016": [27.45, 0.003656307129798825], "1/13/2016": [27.2, -0.009107468123861567], "1/14/2016": [27.6, 0.014705882352941256], "1/15/2016": [27.0, -0.02173913043478266], "1/18/2016": [27.3, 0.011111111111111138], "1/19/2016": [27.0, -0.010989010989011014], "1/20/2016": [26.5, -0.018518518518518517], "1/21/2016": [26.15, -0.013207547169811375], "1/22/2016": [26.1, -0.00191204588910123], "1/25/2016": [26.0, -0.0038314176245211272], "1/26/2016": [26.3, 0.011538461538461565], "1/27/2016": [26.2, -0.0038022813688213465], "1/28/2016": [26.5, 0.01145038167938934], "1/29/2016": [25.6, -0.03396226415094334], "1/30/2016": [26.15, 0.02148437499999989], "2/1/2016": [26.3, 0.005736137667304097], "2/2/2016": [26.5, 0.007604562737642559], "2/3/2016": [25.75, -0.02830188679245283], "2/15/2016": [26.15, 0.015533980582524217], "2/16/2016": [25.5, -0.024856596558317345], "2/17/2016": [26.0, 0.0196078431372549], "2/18/2016": [25.65, -0.013461538461538516], "2/19/2016": [25.75, 0.0038986354775829017], "2/22/2016": [25.5, -0.009708737864077669], "2/23/2016": [27.4, 0.07450980392156857], "2/24/2016": [26.0, -0.05109489051094886], "2/25/2016": [25.9, -0.003846153846153901], "2/26/2016": [25.7, -0.007722007722007695], "3/1/2016": [26.3, 0.02334630350194558], "3/2/2016": [26.3, 0.0], "3/3/2016": [26.35, 0.0019011406844106733], "3/4/2016": [26.3, -0.0018975332068311465], "3/7/2016": [26.0, -0.011406844106463905], "3/8/2016": [25.85, -0.005769230769230715], "3/9/2016": [25.85, 0.0], "3/10/2016": [25.7, -0.005802707930367587], "3/11/2016": [26.8, 0.04280155642023352], "3/14/2016": [27.6, 0.029850746268656744], "3/15/2016": [27.15, -0.01630434782608706], "3/16/2016": [29.85, 0.0994475138121548], "3/17/2016": [28.6, -0.041876046901172526], "3/18/2016": [28.7, 0.003496503496503422], "3/21/2016": [29.7, 0.03484320557491289], "3/22/2016": [30.15, 0.015151515151515128], "3/23/2016": [30.15, 0.0], "3/24/2016": [28.55, -0.05306799336650076], "3/25/2016": [28.8, 0.008756567425569177], "3/28/2016": [29.05, 0.008680555555555556], "3/29/2016": [28.75, -0.010327022375215171], "3/30/2016": [28.8, 0.0017391304347826335], "3/31/2016": [29.0, 0.00694444444444442], "4/1/2016": [29.55, 0.018965517241379334], "4/6/2016": [29.5, -0.0016920473773265892], "4/7/2016": [29.0, -0.01694915254237288], "4/8/2016": [28.9, -0.0034482758620690145], "4/11/2016": [28.6, -0.010380622837370145], "4/12/2016": [28.55, -0.001748251748251773], "4/13/2016": [28.8, 0.008756567425569177], "4/14/2016": [28.2, -0.02083333333333338], "4/15/2016": [28.9, 0.02482269503546097], "4/18/2016": [28.15, -0.025951557093425608], "4/19/2016": [28.3, 0.005328596802841994], "4/20/2016": [28.3, 0.0], "4/21/2016": [28.6, 0.010600706713780944], "4/22/2016": [28.0, -0.02097902097902103], "4/25/2016": [28.2, 0.0071428571428571175], "4/26/2016": [28.25, 0.0017730496453900962], "4/27/2016": [28.4, 0.005309734513274286], "4/28/2016": [28.3, -0.0035211267605633053], "4/29/2016": [27.75, -0.01943462897526504], "5/3/2016": [28.0, 0.009009009009009009], "5/4/2016": [28.05, 0.001785714285714311], "5/5/2016": [27.8, -0.008912655971479501], "5/6/2016": [28.2, 0.014388489208633042], "5/9/2016": [28.05, -0.005319148936170162], "5/10/2016": [28.1, 0.0017825311942959254], "5/11/2016": [28.0, -0.003558718861210015], "5/12/2016": [27.75, -0.008928571428571428], "5/13/2016": [27.7, -0.0018018018018018274], "5/16/2016": [28.1, 0.014440433212996467], "5/17/2016": [27.6, -0.01779359430604982], "5/18/2016": [27.5, -0.0036231884057971527], "5/19/2016": [27.4, -0.003636363636363688], "5/20/2016": [26.5, -0.032846715328467106], "5/23/2016": [26.9, 0.015094339622641456], "5/24/2016": [26.3, -0.02230483271375457], "5/25/2016": [26.7, 0.015209125475285117], "5/26/2016": [26.6, -0.0037453183520598453], "5/27/2016": [26.6, 0.0], "5/30/2016": [27.0, 0.015037593984962351], "5/31/2016": [26.7, -0.011111111111111138], "6/1/2016": [26.95, 0.009363295880149813], "6/2/2016": [27.05, 0.0037105751391466207], "6/3/2016": [27.15, 0.0036968576709795883], "6/4/2016": [27.15, 0.0], "6/6/2016": [27.15, 0.0], "6/7/2016": [26.85, -0.011049723756905973], "6/8/2016": [26.85, 0.0], "6/13/2016": [26.85, 0.0], "6/14/2016": [27.05, 0.007448789571694573], "6/15/2016": [27.15, 0.0036968576709795883], "6/16/2016": [26.9, -0.009208103130755065], "6/17/2016": [27.05, 0.005576208178438741], "6/20/2016": [26.95, -0.0036968576709797197], "6/21/2016": [27.15, 0.0074211502782931095], "6/22/2016": [26.55, -0.022099447513812077], "6/23/2016": [26.55, 0.0], "6/24/2016": [26.5, -0.0018832391713747914], "6/27/2016": [26.7, 0.007547169811320728], "6/28/2016": [26.25, -0.016853932584269638], "6/29/2016": [26.25, 0.0], "6/30/2016": [26.45, 0.007619047619047592], "7/1/2016": [26.8, 0.013232514177693815], "7/4/2016": [26.55, -0.009328358208955223], "7/5/2016": [28.15, 0.06026365348399239], "7/6/2016": [30.85, 0.09591474245115464], "7/7/2016": [29.5, -0.04376012965964348], "7/11/2016": [28.8, -0.02372881355932201], "7/12/2016": [27.55, -0.043402777777777776], "7/13/2016": [26.7, -0.030852994555353952], "7/14/2016": [27.3, 0.022471910112359605], "7/15/2016": [26.75, -0.020146520146520172], "7/18/2016": [27.3, 0.02056074766355143], "7/19/2016": [27.35, 0.0018315018315018575], "7/20/2016": [26.8, -0.020109689213893993], "7/21/2016": [26.9, 0.00373134328358201], "7/22/2016": [26.6, -0.011152416356877219], "7/25/2016": [26.35, -0.009398496240601503], "7/26/2016": [26.65, 0.01138519924098661], "7/27/2016": [26.6, -0.0018761726078798185], "7/28/2016": [26.5, -0.0037593984962406546], "7/29/2016": [26.5, 0.0], "8/1/2016": [26.3, -0.007547169811320728], "8/2/2016": [26.3, 0.0], "8/3/2016": [26.2, -0.0038022813688213465], "8/4/2016": [26.45, 0.009541984732824428], "8/5/2016": [26.65, 0.007561436672967837], "8/8/2016": [26.85, 0.0075046904315198065], "8/9/2016": [27.0, 0.005586592178770896], "8/10/2016": [27.0, 0.0], "8/11/2016": [26.7, -0.011111111111111138], "8/12/2016": [26.6, -0.0037453183520598453], "8/15/2016": [26.3, -0.01127819548872183], "8/16/2016": [26.3, 0.0], "8/17/2016": [26.2, -0.0038022813688213465], "8/18/2016": [26.0, -0.007633587786259515], "8/19/2016": [26.55, 0.021153846153846183], "8/22/2016": [26.5, -0.0018832391713747914], "8/23/2016": [26.45, -0.0018867924528302156], "8/24/2016": [26.45, 0.0], "8/25/2016": [26.4, -0.001890359168241993], "8/26/2016": [26.55, 0.005681818181818263], "8/29/2016": [26.4, -0.0056497175141243736], "8/30/2016": [26.3, -0.0037878787878787073], "8/31/2016": [26.3, 0.0], "9/1/2016": [26.1, -0.007604562737642559], "9/2/2016": [26.1, 0.0], "9/5/2016": [26.2, 0.003831417624520991], "9/6/2016": [26.1, -0.0038167938931296897], "9/7/2016": [26.1, 0.0], "9/8/2016": [26.1, 0.0], "9/9/2016": [25.95, -0.005747126436781691], "9/10/2016": [25.95, 0.0], "9/12/2016": [25.6, -0.013487475915221498], "9/13/2016": [25.8, 0.007812499999999972], "9/14/2016": [25.8, 0.0], "9/19/2016": [25.4, -0.015503875968992331], "9/20/2016": [25.5, 0.003937007874015804], "9/21/2016": [25.3, -0.007843137254901933], "9/22/2016": [25.8, 0.019762845849802372], "9/23/2016": [25.6, -0.007751937984496096], "9/26/2016": [25.5, -0.0039062500000000555], "9/29/2016": [25.7, 0.007843137254901933], "9/30/2016": [25.65, -0.0019455252918288216], "10/3/2016": [25.65, 0.0], "10/4/2016": [25.35, -0.011695906432748428], "10/5/2016": [25.4, 0.001972386587771091], "10/6/2016": [25.5, 0.003937007874015804], "10/7/2016": [25.85, 0.013725490196078487], "10/11/2016": [25.5, -0.013539651837524232], "10/12/2016": [25.45, -0.001960784313725518], "10/13/2016": [25.5, 0.0019646365422397137], "10/14/2016": [25.3, -0.007843137254901933], "10/17/2016": [25.5, 0.00790513833992092], "10/18/2016": [26.6, 0.04313725490196084], "10/19/2016": [27.0, 0.015037593984962351],