{"1/4/2016": [60.1, ""], "1/5/2016": [59.2, -0.014975041597337747], "1/6/2016": [57.0, -0.037162162162162206], "1/7/2016": [55.6, -0.024561403508771906], "1/8/2016": [56.2, 0.010791366906474845], "1/11/2016": [56.8, 0.010676156583629791], "1/12/2016": [55.0, -0.03169014084507037], "1/13/2016": [55.0, 0.0], "1/14/2016": [54.6, -0.007272727272727247], "1/15/2016": [54.4, -0.003663003663003715], "1/18/2016": [56.2, 0.033088235294117724], "1/19/2016": [56.2, 0.0], "1/20/2016": [55.2, -0.01779359430604982], "1/21/2016": [53.9, -0.023550724637681236], "1/22/2016": [54.7, 0.014842300556586351], "1/25/2016": [56.0, 0.02376599634369282], "1/26/2016": [55.8, -0.003571428571428622], "1/27/2016": [55.5, -0.005376344086021455], "1/28/2016": [57.1, 0.028828828828828854], "1/29/2016": [57.7, 0.010507880910683037], "1/30/2016": [58.2, 0.008665511265164644], "2/1/2016": [58.3, 0.0017182130584191462], "2/2/2016": [59.0, 0.012006861063464887], "2/3/2016": [57.9, -0.018644067796610195], "2/15/2016": [57.5, -0.006908462867012065], "2/16/2016": [58.6, 0.01913043478260872], "2/17/2016": [58.2, -0.006825938566552877], "2/18/2016": [64.0, 0.0996563573883161], "2/19/2016": [70.4, 0.10000000000000009], "2/22/2016": [74.5, 0.05823863636363628], "2/23/2016": [74.5, 0.0], "2/24/2016": [78.1, 0.04832214765100663], "2/25/2016": [78.9, 0.010243277848911799], "2/26/2016": [81.5, 0.03295310519645113], "3/1/2016": [81.5, 0.0], "3/2/2016": [79.4, -0.025766871165644103], "3/3/2016": [79.9, 0.006297229219143576], "3/4/2016": [79.7, -0.002503128911138959], "3/7/2016": [78.2, -0.018820577164366373], "3/8/2016": [78.8, 0.007672634271099672], "3/9/2016": [77.5, -0.016497461928933976], "3/10/2016": [80.2, 0.034838709677419394], "3/11/2016": [77.9, -0.02867830423940146], "3/14/2016": [78.2, 0.0038510911424903356], "3/15/2016": [74.8, -0.043478260869565286], "3/16/2016": [75.3, 0.0066844919786096255], "3/17/2016": [75.5, 0.002656042496679985], "3/18/2016": [75.6, 0.001324503311258203], "3/21/2016": [74.6, -0.013227513227513229], "3/22/2016": [75.5, 0.012064343163538951], "3/23/2016": [75.0, -0.006622516556291391], "3/24/2016": [73.9, -0.01466666666666659], "3/25/2016": [72.9, -0.013531799729364004], "3/28/2016": [72.6, -0.004115226337448715], "3/29/2016": [70.3, -0.03168044077134983], "3/30/2016": [72.9, 0.036984352773826584], "3/31/2016": [70.1, -0.038408779149520046], "4/1/2016": [71.4, 0.018544935805991605], "4/6/2016": [70.5, -0.012605042016806801], "4/7/2016": [70.2, -0.0042553191489361295], "4/8/2016": [69.0, -0.017094017094017134], "4/11/2016": [70.6, 0.023188405797101366], "4/12/2016": [67.6, -0.042492917847025496], "4/13/2016": [69.1, 0.022189349112426038], "4/14/2016": [70.4, 0.018813314037626795], "4/15/2016": [70.5, 0.0014204545454544646], "4/18/2016": [70.5, 0.0], "4/19/2016": [70.0, -0.0070921985815602835], "4/20/2016": [69.0, -0.014285714285714285], "4/21/2016": [69.3, 0.00434782608695648], "4/22/2016": [67.3, -0.02886002886002886], "4/25/2016": [67.9, 0.008915304606240841], "4/26/2016": [67.8, -0.0014727540500737632], "4/27/2016": [67.6, -0.0029498525073746733], "4/28/2016": [68.7, 0.016272189349112554], "4/29/2016": [66.8, -0.027656477438136907], "5/3/2016": [65.8, -0.014970059880239521], "5/4/2016": [65.3, -0.007598784194528876], "5/5/2016": [66.3, 0.015313935681470138], "5/6/2016": [65.0, -0.01960784313725486], "5/9/2016": [63.0, -0.03076923076923077], "5/10/2016": [64.1, 0.01746031746031737], "5/11/2016": [66.2, 0.03276131045241823], "5/12/2016": [65.0, -0.018126888217522702], "5/13/2016": [64.5, -0.007692307692307693], "5/16/2016": [62.6, -0.02945736434108525], "5/17/2016": [62.6, 0.0], "5/18/2016": [61.0, -0.025559105431309927], "5/19/2016": [60.6, -0.0065573770491803044], "5/20/2016": [60.8, 0.00330033003300323], "5/23/2016": [62.7, 0.0312500000000001], "5/24/2016": [61.9, -0.012759170653907564], "5/25/2016": [62.6, 0.01130856219709213], "5/26/2016": [63.6, 0.01597444089456869], "5/27/2016": [63.7, 0.0015723270440251794], "5/30/2016": [64.0, 0.004709576138147522], "5/31/2016": [63.4, -0.009375000000000022], "6/1/2016": [65.5, 0.033123028391167215], "6/2/2016": [64.0, -0.022900763358778626], "6/3/2016": [63.5, -0.0078125], "6/4/2016": [63.6, 0.0015748031496063215], "6/6/2016": [63.3, -0.004716981132075538], "6/7/2016": [63.4, 0.0015797788309636876], "6/8/2016": [63.6, 0.0031545741324921586], "6/13/2016": [62.5, -0.01729559748427675], "6/14/2016": [62.7, 0.0032000000000000457], "6/15/2016": [62.5, -0.003189792663476919], "6/16/2016": [62.1, -0.006399999999999977], "6/17/2016": [63.6, 0.024154589371980676], "6/20/2016": [64.5, 0.014150943396226393], "6/21/2016": [64.1, -0.006201550387596988], "6/22/2016": [64.2, 0.001560062402496233], "6/23/2016": [64.0, -0.0031152647975078323], "6/24/2016": [62.5, -0.0234375], "6/27/2016": [62.9, 0.006399999999999977], "6/28/2016": [63.5, 0.009538950715421327], "6/29/2016": [64.3, 0.012598425196850348], "6/30/2016": [66.2, 0.029548989113530415], "7/1/2016": [72.0, 0.08761329305135947], "7/4/2016": [66.4, -0.0777777777777777], "7/5/2016": [65.3, -0.01656626506024109], "7/6/2016": [63.1, -0.03369065849923424], "7/7/2016": [65.0, 0.030110935023771768], "7/11/2016": [64.2, -0.012307692307692264], "7/12/2016": [64.5, 0.004672897196261638], "7/13/2016": [65.2, 0.010852713178294617], "7/14/2016": [67.0, 0.02760736196319014], "7/15/2016": [66.0, -0.014925373134328358], "7/18/2016": [66.8, 0.012121212121212078], "7/19/2016": [67.3, 0.0074850299401197605], "7/20/2016": [66.6, -0.010401188707280875], "7/21/2016": [66.7, 0.0015015015015016296], "7/22/2016": [67.6, 0.013493253373313216], "7/25/2016": [66.5, -0.016272189349112343], "7/26/2016": [66.1, -0.006015037593985048], "7/27/2016": [66.3, 0.0030257186081694837], "7/28/2016": [66.1, -0.0030165912518854126], "7/29/2016": [65.2, -0.013615733736762354], "8/1/2016": [65.7, 0.007668711656441718], "8/2/2016": [66.4, 0.010654490106544944], "8/3/2016": [65.6, -0.012048192771084508], "8/4/2016": [65.3, -0.004573170731707274], "8/5/2016": [65.1, -0.003062787136294071], "8/8/2016": [67.9, 0.04301075268817222], "8/9/2016": [67.7, -0.002945508100147317], "8/10/2016": [67.0, -0.010339734121122641], "8/11/2016": [68.5, 0.022388059701492536], "8/12/2016": [66.7, -0.02627737226277368], "8/15/2016": [66.7, 0.0], "8/16/2016": [65.6, -0.016491754122938657], "8/17/2016": [65.2, -0.006097560975609627], "8/18/2016": [65.7, 0.007668711656441718], "8/19/2016": [64.5, -0.018264840182648446], "8/22/2016": [65.6, 0.017054263565891386], "8/23/2016": [64.7, -0.013719512195121823], "8/24/2016": [64.2, -0.0077279752704791345], "8/25/2016": [64.0, -0.0031152647975078323], "8/26/2016": [63.9, -0.0015625000000000222], "8/29/2016": [64.4, 0.0078247261345854], "8/30/2016": [64.2, -0.0031055900621118453], "8/31/2016": [64.0, -0.0031152647975078323], "9/1/2016": [63.5, -0.0078125], "9/2/2016": [62.8, -0.01102362204724414], "9/5/2016": [62.6, -0.0031847133757961104], "9/6/2016": [63.6, 0.01597444089456869], "9/7/2016": [64.6, 0.01572327044025146], "9/8/2016": [64.7, 0.0015479876160992034], "9/9/2016": [64.9, 0.0030911901081916975], "9/10/2016": [64.0, -0.013867488443759717], "9/12/2016": [64.0, 0.0], "9/13/2016": [63.5, -0.0078125], "9/14/2016": [64.9, 0.02204724409448828], "9/19/2016": [65.4, 0.007704160246533127], "9/20/2016": [65.4, 0.0], "9/21/2016": [69.1, 0.05657492354740043], "9/22/2016": [68.7, -0.005788712011577301], "9/23/2016": [68.9, 0.002911208151382865], "9/26/2016": [68.6, -0.004354136429608292], "9/29/2016": [68.6, 0.0], "9/30/2016": [68.4, -0.0029154518950435665], "10/3/2016": [69.7, 0.01900584795321633], "10/4/2016": [69.2, -0.007173601147776184], "10/5/2016": [71.1, 0.027456647398843806], "10/6/2016": [73.0, 0.026722925457102753], "10/7/2016": [71.8, -0.0164383561643836], "10/11/2016": [69.0, -0.038997214484679625], "10/12/2016": [69.5, 0.007246376811594203], "10/13/2016": [70.1, 0.008633093525179774], "10/14/2016": [68.0, -0.029957203994293788], "10/17/2016": [68.1, 0.0014705882352940341],