{"1/4/2016": [7.99, ""], "1/5/2016": [7.99, 0.0], "1/6/2016": [8.02, 0.003754693366708305], "1/7/2016": [7.9, -0.014962593516209379], "1/8/2016": [7.91, 0.0012658227848100995], "1/11/2016": [7.8, -0.013906447534766159], "1/12/2016": [7.81, 0.0012820512820512547], "1/13/2016": [7.83, 0.0025608194622279722], "1/14/2016": [7.77, -0.007662835249042209], "1/15/2016": [7.71, -0.007722007722007672], "1/18/2016": [7.74, 0.0038910505836576197], "1/19/2016": [7.76, 0.0025839793281653197], "1/20/2016": [7.65, -0.01417525773195869], "1/21/2016": [7.56, -0.011764705882353038], "1/22/2016": [7.6, 0.005291005291005296], "1/25/2016": [7.71, 0.014473684210526359], "1/26/2016": [7.64, -0.009079118028534408], "1/27/2016": [7.69, 0.006544502617801141], "1/28/2016": [7.73, 0.005201560468140447], "1/29/2016": [8.02, 0.037516170763259915], "1/30/2016": [8.07, 0.0062344139650873705], "2/1/2016": [8.08, 0.0012391573729863428], "2/2/2016": [8.05, -0.0037128712871286338], "2/3/2016": [7.96, -0.011180124223602575], "2/15/2016": [8.05, 0.011306532663316677], "2/16/2016": [8.15, 0.012422360248447159], "2/17/2016": [8.08, -0.008588957055214758], "2/18/2016": [8.1, 0.0024752475247524224], "2/19/2016": [8.11, 0.0012345679012345416], "2/22/2016": [8.14, 0.003699136868064259], "2/23/2016": [8.14, 0.0], "2/24/2016": [8.06, -0.009828009828009836], "2/25/2016": [8.19, 0.01612903225806439], "2/26/2016": [8.39, 0.024420024420024552], "3/1/2016": [8.32, -0.008343265792610284], "3/2/2016": [8.35, 0.0036057692307691538], "3/3/2016": [8.4, 0.005988023952095894], "3/4/2016": [8.42, 0.00238095238095233], "3/7/2016": [8.46, 0.004750593824228138], "3/8/2016": [8.49, 0.003546099290780066], "3/9/2016": [8.38, -0.012956419316843278], "3/10/2016": [8.48, 0.011933174224343632], "3/11/2016": [8.49, 0.0011792452830188427], "3/14/2016": [8.56, 0.008244994110718525], "3/15/2016": [8.46, -0.011682242990654164], "3/16/2016": [8.57, 0.013002364066193785], "3/17/2016": [8.52, -0.005834305717619686], "3/18/2016": [8.6, 0.009389671361502356], "3/21/2016": [8.6, 0.0], "3/22/2016": [8.59, -0.0011627906976743939], "3/23/2016": [8.61, 0.0023282887077997177], "3/24/2016": [8.52, -0.010452961672473851], "3/25/2016": [8.53, 0.0011737089201877685], "3/28/2016": [8.53, 0.0], "3/29/2016": [8.5, -0.0035169988276669826], "3/30/2016": [8.6, 0.0117647058823529], "3/31/2016": [8.53, -0.008139534883720963], "4/1/2016": [8.48, -0.005861664712778304], "4/6/2016": [8.56, 0.009433962264150952], "4/7/2016": [8.44, -0.014018691588785163], "4/8/2016": [8.38, -0.007109004739336342], "4/11/2016": [8.49, 0.013126491646777974], "4/12/2016": [8.55, 0.007067137809187337], "4/13/2016": [8.59, 0.004678362573099315], "4/14/2016": [8.56, -0.0034924330616995765], "4/15/2016": [8.61, 0.005841121495326978], "4/18/2016": [8.66, 0.005807200929152232], "4/19/2016": [8.53, -0.015011547344110945], "4/20/2016": [8.51, -0.002344665885111322], "4/21/2016": [8.57, 0.007050528789659283], "4/22/2016": [8.53, -0.004667444574095791], "4/25/2016": [8.51, -0.002344665885111322], "4/26/2016": [8.58, 0.008225616921269129], "4/27/2016": [8.51, -0.008158508158508191], "4/28/2016": [8.38, -0.015276145710928203], "4/29/2016": [8.32, -0.007159904534606264], "5/3/2016": [8.31, -0.0012019230769230512], "5/4/2016": [8.25, -0.007220216606498254], "5/5/2016": [8.13, -0.01454545454545445], "5/6/2016": [8.13, 0.0], "5/9/2016": [8.01, -0.014760147601476136], "5/10/2016": [8.11, 0.012484394506866373], "5/11/2016": [8.03, -0.009864364981504324], "5/12/2016": [8.08, 0.00622665006226659], "5/13/2016": [7.92, -0.01980198019801982], "5/16/2016": [7.87, -0.0063131313131312905], "5/17/2016": [7.98, 0.01397712833545112], "5/18/2016": [7.99, 0.0012531328320801738], "5/19/2016": [7.89, -0.012515644555694684], "5/20/2016": [7.87, -0.002534854245880808], "5/23/2016": [8.04, 0.021601016518424273], "5/24/2016": [8.0, -0.004975124378109347], "5/25/2016": [8.06, 0.007500000000000062], "5/26/2016": [8.04, -0.002481389578163939], "5/27/2016": [8.09, 0.006218905472636905], "5/30/2016": [8.12, 0.003708281829418957], "5/31/2016": [8.26, 0.0172413793103449], "6/1/2016": [8.22, -0.0048426150121064345], "6/2/2016": [8.2, -0.0024330900243310642], "6/3/2016": [8.2, 0.0], "6/4/2016": [8.19, -0.0012195121951219254], "6/6/2016": [8.18, -0.001221001221001195], "6/7/2016": [8.32, 0.01711491442542794], "6/8/2016": [8.37, 0.006009615384615257], "6/13/2016": [8.21, -0.019115890083631827], "6/14/2016": [8.25, 0.0048721071863579955], "6/15/2016": [8.23, -0.0024242424242423726], "6/16/2016": [8.13, -0.012150668286755728], "6/17/2016": [8.2, 0.008610086100860824], "6/20/2016": [8.26, 0.0073170731707317685], "6/21/2016": [8.27, 0.0012106537530266086], "6/22/2016": [8.29, 0.0024183796856105896], "6/23/2016": [8.27, -0.002412545235223109], "6/24/2016": [8.1, -0.02055622732769044], "6/27/2016": [8.1, 0.0], "6/28/2016": [8.1, 0.0], "6/29/2016": [8.16, 0.007407407407407469], "6/30/2016": [8.18, 0.0024509803921568107], "7/1/2016": [8.28, 0.012224938875305581], "7/4/2016": [8.26, -0.0024154589371980163], "7/5/2016": [8.26, 0.0], "7/6/2016": [8.18, -0.009685230024213084], "7/7/2016": [8.2, 0.0024449877750610726], "7/11/2016": [8.3, 0.012195121951219686], "7/12/2016": [8.32, 0.002409638554216816], "7/13/2016": [8.34, 0.0024038461538461024], "7/14/2016": [8.38, 0.004796163069544475], "7/15/2016": [8.47, 0.01073985680190929], "7/18/2016": [8.48, 0.0011806375442738827], "7/19/2016": [8.53, 0.005896226415094213], "7/20/2016": [8.52, -0.001172332942555661], "7/21/2016": [8.53, 0.0011737089201877685], "7/22/2016": [8.49, -0.004689331770222644], "7/25/2016": [8.5, 0.001177856301531188], "7/26/2016": [8.5, 0.0], "7/27/2016": [8.46, -0.004705882352941076], "7/28/2016": [8.46, 0.0], "7/29/2016": [8.41, -0.005910165484633653], "8/1/2016": [8.48, 0.00832342449464926], "8/2/2016": [8.4, -0.009433962264150952], "8/3/2016": [8.42, 0.00238095238095233], "8/4/2016": [8.41, -0.0011876484560569818], "8/5/2016": [8.48, 0.00832342449464926], "8/8/2016": [8.49, 0.0011792452830188427], "8/9/2016": [8.45, -0.004711425206124962], "8/10/2016": [8.5, 0.005917159763313694], "8/11/2016": [8.47, -0.003529411764705807], "8/12/2016": [8.54, 0.008264462809917179], "8/15/2016": [8.53, -0.001170960187353605], "8/16/2016": [8.54, 0.001172332942555661], "8/17/2016": [8.55, 0.0011709601873538132], "8/18/2016": [8.59, 0.004678362573099315], "8/19/2016": [8.52, -0.00814901047729922], "8/22/2016": [8.45, -0.008215962441314588], "8/23/2016": [8.49, 0.004733727810650997], "8/24/2016": [8.52, 0.003533568904593564], "8/25/2016": [8.55, 0.003521126760563514], "8/26/2016": [8.54, -0.0011695906432750366], "8/29/2016": [8.54, 0.0], "8/30/2016": [8.54, 0.0], "8/31/2016": [8.48, -0.007025761124121631], "9/1/2016": [8.43, -0.005896226415094423], "9/2/2016": [8.01, -0.049822064056939494], "9/5/2016": [8.12, 0.013732833957552988], "9/6/2016": [8.14, 0.002463054187192285], "9/7/2016": [8.13, -0.0012285012285012022], "9/8/2016": [8.14, 0.0012300123001229748], "9/9/2016": [8.11, -0.003685503685503825], "9/10/2016": [8.05, -0.00739827373612808], "9/12/2016": [8.01, -0.004968944099378997], "9/13/2016": [7.97, -0.004993757802746571], "9/14/2016": [7.97, 0.0], "9/19/2016": [8.01, 0.005018820577164371], "9/20/2016": [8.01, 0.0], "9/21/2016": [8.05, 0.004993757802746682], "9/22/2016": [8.05, 0.0], "9/23/2016": [8.07, 0.0024844720496893877], "9/26/2016": [8.05, -0.0024783147459726857], "9/29/2016": [8.02, -0.0037267080745343024], "9/30/2016": [7.97, -0.00623441396508726], "10/3/2016": [7.97, 0.0], "10/4/2016": [8.04, 0.008782936010037566], "10/5/2016": [8.02, -0.0024875621890546734], "10/6/2016": [7.99, -0.0037406483790522896], "10/7/2016": [7.98, -0.0012515644555694352], "10/11/2016": [8.01, 0.003759398496240521], "10/12/2016": [7.97, -0.004993757802746571], "10/13/2016": [7.95, -0.0025094102885821297], "10/14/2016": [7.91, -0.005031446540880507], "10/17/2016": [7.93, 0.0025284450063210585], "10/18/2016": [7.98, 0.006305170239596559], "10/19/2016": [8.0, 0.0025062656641603475],