{"1/4/2016": [61.8, ""], "1/5/2016": [61.2, -0.009708737864077579], "1/6/2016": [60.7, -0.008169934640522876], "1/7/2016": [59.6, -0.018121911037891292], "1/8/2016": [62.4, 0.046979865771812034], "1/11/2016": [61.2, -0.019230769230769162], "1/12/2016": [60.1, -0.01797385620915035], "1/13/2016": [61.0, 0.014975041597337747], "1/14/2016": [59.6, -0.022950819672131126], "1/15/2016": [60.3, 0.011744966442952948], "1/18/2016": [62.3, 0.03316749585406302], "1/19/2016": [63.0, 0.011235955056179822], "1/20/2016": [61.2, -0.028571428571428525], "1/21/2016": [61.8, 0.009803921568627357], "1/22/2016": [63.0, 0.019417475728155387], "1/25/2016": [65.6, 0.04126984126984118], "1/26/2016": [65.3, -0.004573170731707274], "1/27/2016": [65.6, 0.004594180704440998], "1/28/2016": [65.3, -0.004573170731707274], "1/29/2016": [66.1, 0.012251148545176067], "1/30/2016": [66.0, -0.0015128593040846343], "2/1/2016": [66.0, 0.0], "2/2/2016": [65.9, -0.001515151515151429], "2/3/2016": [65.9, 0.0], "2/15/2016": [67.5, 0.024279210925644827], "2/16/2016": [68.0, 0.007407407407407408], "2/17/2016": [67.9, -0.0014705882352940341], "2/18/2016": [68.3, 0.005891016200294425], "2/19/2016": [70.6, 0.033674963396778876], "2/22/2016": [70.6, 0.0], "2/23/2016": [69.8, -0.01133144475920676], "2/24/2016": [68.4, -0.02005730659025776], "2/25/2016": [70.1, 0.024853801169590475], "2/26/2016": [73.1, 0.0427960057061341], "3/1/2016": [77.5, 0.06019151846785234], "3/2/2016": [77.0, -0.0064516129032258064], "3/3/2016": [78.0, 0.012987012987012988], "3/4/2016": [76.5, -0.019230769230769232], "3/7/2016": [76.0, -0.006535947712418301], "3/8/2016": [73.1, -0.03815789473684218], "3/9/2016": [74.7, 0.02188782489740094], "3/10/2016": [75.6, 0.012048192771084223], "3/11/2016": [75.9, 0.003968253968254119], "3/14/2016": [76.0, 0.0013175230566534165], "3/15/2016": [74.0, -0.02631578947368421], "3/16/2016": [77.0, 0.04054054054054054], "3/17/2016": [75.9, -0.014285714285714212], "3/18/2016": [76.5, 0.007905138339920873], "3/21/2016": [76.3, -0.0026143790849673574], "3/22/2016": [76.8, 0.006553079947575361], "3/23/2016": [76.7, -0.0013020833333332593], "3/24/2016": [76.9, 0.0026075619295958647], "3/25/2016": [77.4, 0.006501950585175552], "3/28/2016": [76.7, -0.009043927648578847], "3/29/2016": [73.8, -0.03780964797913958], "3/30/2016": [75.4, 0.02168021680216814], "3/31/2016": [74.2, -0.015915119363395264], "4/1/2016": [73.5, -0.009433962264150981], "4/6/2016": [73.3, -0.0027210884353741885], "4/7/2016": [72.6, -0.009549795361528007], "4/8/2016": [72.6, 0.0], "4/11/2016": [74.0, 0.01928374655647391], "4/12/2016": [74.0, 0.0], "4/13/2016": [73.8, -0.002702702702702741], "4/14/2016": [72.8, -0.013550135501355014], "4/15/2016": [72.9, 0.0013736263736264908], "4/18/2016": [72.3, -0.008230452674897236], "4/19/2016": [72.8, 0.006915629322268327], "4/20/2016": [71.2, -0.0219780219780219], "4/21/2016": [71.4, 0.0028089887640449836], "4/22/2016": [71.0, -0.005602240896358622], "4/25/2016": [71.0, 0.0], "4/26/2016": [71.0, 0.0], "4/27/2016": [70.7, -0.004225352112676016], "4/28/2016": [69.8, -0.01272984441301281], "4/29/2016": [69.0, -0.011461318051575891], "5/3/2016": [68.5, -0.007246376811594203], "5/4/2016": [67.6, -0.013138686131386945], "5/5/2016": [68.6, 0.014792899408284025], "5/6/2016": [68.3, -0.004373177842565556], "5/9/2016": [65.5, -0.040995607613469945], "5/10/2016": [66.0, 0.007633587786259542], "5/11/2016": [66.2, 0.0030303030303030732], "5/12/2016": [64.5, -0.025679758308157143], "5/13/2016": [64.9, 0.006201550387596988], "5/16/2016": [66.0, 0.01694915254237279], "5/17/2016": [65.8, -0.0030303030303030732], "5/18/2016": [65.3, -0.007598784194528876], "5/19/2016": [64.6, -0.01071975497702914], "5/20/2016": [65.2, 0.00928792569659456], "5/23/2016": [67.0, 0.02760736196319014], "5/24/2016": [67.1, 0.001492537313432751], "5/25/2016": [67.5, 0.005961251862891292], "5/26/2016": [68.0, 0.007407407407407408], "5/27/2016": [67.5, -0.007352941176470588], "5/30/2016": [68.1, 0.008888888888888804], "5/31/2016": [67.5, -0.008810572687224587], "6/1/2016": [67.4, -0.0014814814814813973], "6/2/2016": [66.0, -0.02077151335311581], "6/3/2016": [65.1, -0.013636363636363722], "6/4/2016": [65.9, 0.012288786482335045], "6/6/2016": [66.1, 0.0030349013657054416], "6/7/2016": [66.0, -0.0015128593040846343], "6/8/2016": [65.6, -0.0060606060606061465], "6/13/2016": [64.6, -0.015243902439024392], "6/14/2016": [64.7, 0.0015479876160992034], "6/15/2016": [65.0, 0.004636785162287436], "6/16/2016": [64.1, -0.013846153846153933], "6/17/2016": [64.1, 0.0], "6/20/2016": [64.7, 0.009360374414976733], "6/21/2016": [64.9, 0.0030911901081916975], "6/22/2016": [64.6, -0.0046224961479200515], "6/23/2016": [64.4, -0.0030959752321979665], "6/24/2016": [62.5, -0.0295031055900622], "6/27/2016": [63.9, 0.02239999999999998], "6/28/2016": [63.5, -0.006259780907668209], "6/29/2016": [63.9, 0.006299212598425174], "6/30/2016": [64.8, 0.014084507042253499], "7/1/2016": [64.3, -0.00771604938271605], "7/4/2016": [64.6, 0.00466562986003106], "7/5/2016": [66.3, 0.026315789473684258], "7/6/2016": [64.5, -0.027149321266968285], "7/7/2016": [65.2, 0.010852713178294617], "7/11/2016": [65.0, -0.0030674846625767306], "7/12/2016": [65.2, 0.0030769230769231207], "7/13/2016": [65.5, 0.004601226993864987], "7/14/2016": [67.1, 0.024427480916030447], "7/15/2016": [68.6, 0.022354694485842028], "7/18/2016": [69.4, 0.011661807580175093], "7/19/2016": [69.0, -0.005763688760806998], "7/20/2016": [68.0, -0.014492753623188406], "7/21/2016": [68.6, 0.008823529411764622], "7/22/2016": [68.1, -0.00728862973760933], "7/25/2016": [68.3, 0.002936857562408265], "7/26/2016": [68.1, -0.0029282576866764692], "7/27/2016": [68.5, 0.00587371512481653], "7/28/2016": [69.6, 0.01605839416058386], "7/29/2016": [69.7, 0.001436781609195525], "8/1/2016": [70.5, 0.011477761836441853], "8/2/2016": [71.0, 0.0070921985815602835], "8/3/2016": [71.2, 0.0028169014084507443], "8/4/2016": [70.9, -0.004213483146067376], "8/5/2016": [71.1, 0.002820874471085876], "8/8/2016": [71.9, 0.011251758087201287], "8/9/2016": [71.7, -0.00278164116828933], "8/10/2016": [67.4, -0.059972105997210555], "8/11/2016": [66.5, -0.01335311572700305], "8/12/2016": [66.7, 0.003007518796992524], "8/15/2016": [67.8, 0.016491754122938445], "8/16/2016": [67.5, -0.004424778761061905], "8/17/2016": [67.1, -0.00592592592592601], "8/18/2016": [67.0, -0.0014903129657227172], "8/19/2016": [66.6, -0.005970149253731428], "8/22/2016": [65.1, -0.022522522522522525], "8/23/2016": [67.6, 0.03840245775729647], "8/24/2016": [67.5, -0.0014792899408283184], "8/25/2016": [67.9, 0.00592592592592601], "8/26/2016": [67.5, -0.005891016200294634], "8/29/2016": [67.0, -0.007407407407407408], "8/30/2016": [67.5, 0.007462686567164179], "8/31/2016": [66.5, -0.014814814814814815], "9/1/2016": [66.3, -0.003007518796992524], "9/2/2016": [65.5, -0.012066365007541435], "9/5/2016": [65.5, 0.0], "9/6/2016": [65.6, 0.0015267175572518216], "9/7/2016": [65.9, 0.004573170731707491], "9/8/2016": [64.2, -0.025796661608497765], "9/9/2016": [62.9, -0.020249221183800688], "9/10/2016": [62.5, -0.006359300476947514], "9/12/2016": [62.3, -0.0032000000000000457], "9/13/2016": [61.1, -0.019261637239165262], "9/14/2016": [61.0, -0.0016366612111293195], "9/19/2016": [61.1, 0.0016393442622951052], "9/20/2016": [61.2, 0.0016366612111293195], "9/21/2016": [61.2, 0.0], "9/22/2016": [61.8, 0.009803921568627357], "9/23/2016": [62.1, 0.004854368932038904], "9/26/2016": [61.4, -0.01127214170692436], "9/29/2016": [61.3, -0.0016286644951140298], "9/30/2016": [60.8, -0.008156606851549756], "10/3/2016": [61.2, 0.006578947368421147], "10/4/2016": [60.9, -0.004901960784313795], "10/5/2016": [60.8, -0.0016420361247947688], "10/6/2016": [59.5, -0.021381578947368376], "10/7/2016": [59.9, 0.006722689075630228], "10/11/2016": [57.0, -0.048414023372287125], "10/12/2016": [57.0, 0.0], "10/13/2016": [56.4, -0.01052631578947371], "10/14/2016": [55.2, -0.021276595744680778],