{"1/4/2016": [7.02, ""], "1/5/2016": [6.8, -0.031339031339031306], "1/6/2016": [6.98, 0.026470588235294207], "1/7/2016": [6.98, 0.0], "1/8/2016": [6.89, -0.012893982808023029], "1/11/2016": [6.74, -0.021770682148040562], "1/12/2016": [6.3, -0.06528189910979235], "1/13/2016": [6.4, 0.01587301587301596], "1/14/2016": [6.42, 0.0031249999999999334], "1/15/2016": [6.42, 0.0], "1/18/2016": [6.69, 0.042056074766355214], "1/19/2016": [6.35, -0.050822122571001604], "1/20/2016": [6.35, 0.0], "1/21/2016": [6.63, 0.04409448818897642], "1/22/2016": [6.7, 0.010558069381598836], "1/25/2016": [6.45, -0.03731343283582089], "1/26/2016": [6.3, -0.023255813953488427], "1/27/2016": [6.55, 0.03968253968253968], "1/28/2016": [6.3, -0.03816793893129771], "1/29/2016": [6.3, 0.0], "1/30/2016": [6.46, 0.02539682539682542], "2/1/2016": [6.46, 0.0], "2/2/2016": [6.41, -0.007739938080495328], "2/3/2016": [6.28, -0.02028081123244928], "2/15/2016": [6.12, -0.02547770700636945], "2/16/2016": [6.33, 0.034313725490196074], "2/17/2016": [6.15, -0.028436018957345925], "2/18/2016": [6.15, 0.0], "2/19/2016": [6.15, 0.0], "2/22/2016": [6.15, 0.0], "2/23/2016": [6.1, -0.008130081300813123], "2/24/2016": [6.02, -0.013114754098360668], "2/25/2016": [6.05, 0.004983388704318978], "2/26/2016": [6.1, 0.008264462809917326], "3/1/2016": [6.1, 0.0], "3/2/2016": [6.26, 0.026229508196721336], "3/3/2016": [6.13, -0.020766773162939282], "3/4/2016": [6.3, 0.027732463295269155], "3/7/2016": [6.37, 0.011111111111111157], "3/8/2016": [6.21, -0.02511773940345371], "3/9/2016": [6.21, 0.0], "3/10/2016": [6.2, -0.0016103059581320108], "3/11/2016": [6.12, -0.012903225806451623], "3/14/2016": [6.28, 0.026143790849673224], "3/15/2016": [6.1, -0.0286624203821657], "3/16/2016": [6.25, 0.024590163934426288], "3/17/2016": [6.1, -0.024000000000000056], "3/18/2016": [6.2, 0.016393442622950907], "3/21/2016": [6.19, -0.0016129032258064171], "3/22/2016": [6.28, 0.014539579967689798], "3/23/2016": [6.28, 0.0], "3/24/2016": [6.19, -0.014331210191082779], "3/25/2016": [6.18, -0.001615508885298978], "3/28/2016": [6.06, -0.01941747572815536], "3/29/2016": [6.22, 0.026402640264026427], "3/30/2016": [6.19, -0.004823151125401826], "3/31/2016": [6.27, 0.01292407108239082], "4/1/2016": [6.23, -0.006379585326953613], "4/6/2016": [6.07, -0.025682182985553793], "4/7/2016": [6.11, 0.006589785831960467], "4/8/2016": [6.08, -0.0049099836333879295], "4/11/2016": [6.08, 0.0], "4/12/2016": [6.0, -0.013157894736842117], "4/13/2016": [6.18, 0.029999999999999954], "4/14/2016": [6.13, -0.008090614886731363], "4/15/2016": [6.15, 0.0032626427406199777], "4/18/2016": [6.15, 0.0], "4/19/2016": [6.08, -0.011382113821138257], "4/20/2016": [6.0, -0.013157894736842117], "4/21/2016": [6.13, 0.02166666666666665], "4/22/2016": [6.13, 0.0], "4/25/2016": [6.13, 0.0], "4/26/2016": [5.91, -0.035889070146818886], "4/27/2016": [6.03, 0.0203045685279188], "4/28/2016": [5.91, -0.019900497512437828], "4/29/2016": [5.98, 0.011844331641286003], "5/3/2016": [6.17, 0.03177257525083604], "5/4/2016": [6.13, -0.006482982171799033], "5/5/2016": [6.05, -0.01305057096247962], "5/6/2016": [5.89, -0.02644628099173556], "5/9/2016": [5.97, 0.013582342954159604], "5/10/2016": [5.99, 0.00335008375209388], "5/11/2016": [6.0, 0.0016694490818029693], "5/12/2016": [5.76, -0.040000000000000036], "5/13/2016": [5.85, 0.015624999999999976], "5/16/2016": [5.85, 0.0], "5/17/2016": [5.91, 0.010256410256410341], "5/18/2016": [5.95, 0.006768189509306266], "5/19/2016": [6.0, 0.008403361344537785], "5/20/2016": [6.0, 0.0], "5/23/2016": [6.01, 0.0016666666666666312], "5/24/2016": [5.9, -0.018302828618968293], "5/25/2016": [5.9, 0.0], "5/26/2016": [5.96, 0.010169491525423662], "5/27/2016": [5.8, -0.02684563758389264], "5/30/2016": [5.84, 0.006896551724137937], "5/31/2016": [5.81, -0.005136986301369906], "6/1/2016": [5.88, 0.012048192771084387], "6/2/2016": [5.91, 0.005102040816326573], "6/3/2016": [5.75, -0.027072758037225066], "6/4/2016": [5.92, 0.029565217391304334], "6/6/2016": [5.9, -0.0033783783783783066], "6/7/2016": [5.87, -0.0050847457627119065], "6/8/2016": [5.66, -0.03577512776831345], "6/13/2016": [5.68, 0.003533568904593564], "6/14/2016": [5.77, 0.015845070422535187], "6/15/2016": [5.79, 0.0034662045060659384], "6/16/2016": [5.82, 0.00518134715025911], "6/17/2016": [5.84, 0.0034364261168384146], "6/20/2016": [5.94, 0.01712328767123297], "6/21/2016": [5.94, 0.0], "6/22/2016": [5.71, -0.03872053872053879], "6/23/2016": [5.7, -0.001751313485113798], "6/24/2016": [5.65, -0.008771929824561372], "6/27/2016": [5.78, 0.023008849557522103], "6/28/2016": [5.81, 0.005190311418685011], "6/29/2016": [5.69, -0.02065404475043016], "6/30/2016": [5.8, 0.019332161687170373], "7/1/2016": [5.8, 0.0], "7/4/2016": [5.68, -0.020689655172413814], "7/5/2016": [5.68, 0.0], "7/6/2016": [5.54, -0.02464788732394361], "7/7/2016": [5.68, 0.025270758122743625], "7/11/2016": [5.78, 0.017605633802816996], "7/12/2016": [6.15, 0.06401384083044984], "7/13/2016": [5.97, -0.029268292682926925], "7/14/2016": [5.8, -0.02847571189279731], "7/15/2016": [5.9, 0.01724137931034492], "7/18/2016": [5.99, 0.015254237288135568], "7/19/2016": [5.96, -0.005008347245409057], "7/20/2016": [5.92, -0.00671140939597316], "7/21/2016": [5.84, -0.013513513513513526], "7/22/2016": [5.76, -0.013698630136986314], "7/25/2016": [5.77, 0.0017361111111110742], "7/26/2016": [5.76, -0.0017331022530328922], "7/27/2016": [5.82, 0.010416666666666753], "7/28/2016": [5.7, -0.020618556701030945], "7/29/2016": [5.7, 0.0], "8/1/2016": [5.7, 0.0], "8/2/2016": [5.9, 0.03508771929824565], "8/3/2016": [6.04, 0.02372881355932198], "8/4/2016": [5.98, -0.00993377483443702], "8/5/2016": [5.88, -0.016722408026755942], "8/8/2016": [5.88, 0.0], "8/9/2016": [5.98, 0.017006802721088527], "8/10/2016": [5.96, -0.0033444816053512477], "8/11/2016": [5.9, -0.010067114093959667], "8/12/2016": [5.99, 0.015254237288135568], "8/15/2016": [5.9, -0.015025041736227021], "8/16/2016": [5.92, 0.0033898305084745037], "8/17/2016": [5.94, 0.0033783783783784566], "8/18/2016": [5.82, -0.020202020202020218], "8/19/2016": [5.9, 0.013745704467353964], "8/22/2016": [5.93, 0.005084745762711756], "8/23/2016": [5.95, 0.003372681281618965], "8/24/2016": [5.95, 0.0], "8/25/2016": [5.92, -0.005042016806722731], "8/26/2016": [5.89, -0.0050675675675676095], "8/29/2016": [5.93, 0.006791171477079802], "8/30/2016": [5.9, -0.005059021922428223], "8/31/2016": [5.94, 0.006779661016949158], "9/1/2016": [5.94, 0.0], "9/2/2016": [5.9, -0.00673400673400674], "9/5/2016": [5.78, -0.020338983050847474], "9/6/2016": [5.78, 0.0], "9/7/2016": [5.78, 0.0], "9/8/2016": [5.8, 0.0034602076124566734], "9/9/2016": [5.8, 0.0], "9/10/2016": [5.87, 0.01206896551724143], "9/12/2016": [5.95, 0.013628620102214663], "9/13/2016": [6.04, 0.015126050420168043], "9/14/2016": [6.1, 0.00993377483443702], "9/19/2016": [6.05, -0.00819672131147538], "9/20/2016": [6.0, -0.008264462809917326], "9/21/2016": [5.9, -0.016666666666666607], "9/22/2016": [5.89, -0.0016949152542374024], "9/23/2016": [5.72, -0.028862478777589122], "9/26/2016": [5.9, 0.031468531468531576], "9/29/2016": [5.81, -0.015254237288135719], "9/30/2016": [5.89, 0.013769363166953541], "10/3/2016": [5.72, -0.028862478777589122], "10/4/2016": [5.76, 0.006993006993007], "10/5/2016": [5.76, 0.0], "10/6/2016": [5.76, 0.0], "10/7/2016": [5.76, 0.0], "10/11/2016": [5.76, 0.0], "10/12/2016": [5.8, 0.006944444444444451], "10/13/2016": [5.8, 0.0], "10/14/2016": [5.8, 0.0], "10/17/2016": [5.8, 0.0], "10/18/2016": [5.8, 0.0], "10/19/2016": [5.87, 0.01206896551724143], "10/20/2016": [5.87, 0.0], "10/21/2016": [5.64, -0.03918228279386719], "10/24/2016": [5.64, 0.0], "10/25/2016": [5.88, 0.04255319148936174], "10/26/2016": [5.88, 0.0], "10/27/2016": [5.84, -0.00680272108843538], "10/28/2016": [5.75, -0.015410958904109566], "10/31/2016": [5.76, 0.0017391304347825717], "11/1/2016": [5.75, -0.0017361111111110742], "11/2/2016": [5.75, 0.0], "11/3/2016": [5.75, 0.0],