{"1/4/2016": [23.45, ""], "1/5/2016": [23.3, -0.006396588486140664], "1/6/2016": [23.0, -0.012875536480686725], "1/7/2016": [21.35, -0.07173913043478254], "1/8/2016": [22.0, 0.03044496487119431], "1/11/2016": [21.4, -0.027272727272727337], "1/12/2016": [20.0, -0.06542056074766349], "1/13/2016": [20.05, 0.0025000000000000356], "1/14/2016": [19.5, -0.027431421446384073], "1/15/2016": [19.5, 0.0], "1/18/2016": [20.25, 0.038461538461538464], "1/19/2016": [20.4, 0.0074074074074073374], "1/20/2016": [19.8, -0.029411764705882252], "1/21/2016": [19.5, -0.015151515151515187], "1/22/2016": [19.3, -0.01025641025641022], "1/25/2016": [19.55, 0.012953367875647668], "1/26/2016": [19.25, -0.015345268542199524], "1/27/2016": [19.05, -0.010389610389610353], "1/28/2016": [19.35, 0.01574803149606303], "1/29/2016": [19.8, 0.023255813953488334], "1/30/2016": [20.2, 0.02020202020202013], "2/1/2016": [19.9, -0.014851485148514887], "2/2/2016": [20.15, 0.01256281407035176], "2/3/2016": [19.9, -0.01240694789081886], "2/15/2016": [20.95, 0.05276381909547743], "2/16/2016": [21.5, 0.02625298329355612], "2/17/2016": [21.75, 0.011627906976744186], "2/18/2016": [23.25, 0.06896551724137931], "2/19/2016": [22.95, -0.012903225806451644], "2/22/2016": [23.8, 0.0370370370370371], "2/23/2016": [23.75, -0.0021008403361344836], "2/24/2016": [23.15, -0.0252631578947369], "2/25/2016": [23.1, -0.0021598272138227716], "2/26/2016": [22.7, -0.017316017316017406], "3/1/2016": [22.95, 0.011013215859030838], "3/2/2016": [22.95, 0.0], "3/3/2016": [23.9, 0.041394335511982544], "3/4/2016": [24.7, 0.03347280334728037], "3/7/2016": [24.75, 0.002024291497975737], "3/8/2016": [24.85, 0.004040404040404098], "3/9/2016": [24.5, -0.014084507042253577], "3/10/2016": [23.85, -0.026530612244897903], "3/11/2016": [24.0, 0.0062893081761005686], "3/14/2016": [23.65, -0.014583333333333393], "3/15/2016": [23.4, -0.010570824524312896], "3/16/2016": [23.6, 0.00854700854700867], "3/17/2016": [23.1, -0.0211864406779661], "3/18/2016": [23.55, 0.01948051948051945], "3/21/2016": [23.85, 0.012738853503184744], "3/22/2016": [23.75, -0.0041928721174004785], "3/23/2016": [23.8, 0.0021052631578947667], "3/24/2016": [23.8, 0.0], "3/25/2016": [24.05, 0.010504201680672268], "3/28/2016": [23.65, -0.01663201663201672], "3/29/2016": [23.25, -0.016913319238900576], "3/30/2016": [23.35, 0.004301075268817265], "3/31/2016": [23.5, 0.006423982869378953], "4/1/2016": [24.2, 0.02978723404255316], "4/6/2016": [24.4, 0.008264462809917326], "4/7/2016": [23.95, -0.018442622950819644], "4/8/2016": [23.65, -0.012526096033402953], "4/11/2016": [23.55, -0.0042283298097250685], "4/12/2016": [22.95, -0.025477707006369487], "4/13/2016": [23.2, 0.010893246187363835], "4/14/2016": [23.2, 0.0], "4/15/2016": [23.0, -0.008620689655172384], "4/18/2016": [25.3, 0.10000000000000003], "4/19/2016": [24.65, -0.025691699604743167], "4/20/2016": [24.7, 0.00202839756592295], "4/21/2016": [25.4, 0.02834008097165989], "4/22/2016": [24.5, -0.035433070866141676], "4/25/2016": [25.6, 0.04489795918367353], "4/26/2016": [25.3, -0.011718750000000028], "4/27/2016": [24.8, -0.019762845849802372], "4/28/2016": [24.2, -0.024193548387096833], "4/29/2016": [24.55, 0.014462809917355431], "5/3/2016": [23.65, -0.036659877800407414], "5/4/2016": [23.4, -0.010570824524312896], "5/5/2016": [24.0, 0.025641025641025703], "5/6/2016": [23.5, -0.020833333333333332], "5/9/2016": [23.25, -0.010638297872340425], "5/10/2016": [22.5, -0.03225806451612903], "5/11/2016": [22.5, 0.0], "5/12/2016": [22.7, 0.008888888888888858], "5/13/2016": [22.3, -0.01762114537444928], "5/16/2016": [22.6, 0.01345291479820631], "5/17/2016": [23.1, 0.022123893805309734], "5/18/2016": [22.95, -0.006493506493506585], "5/19/2016": [22.7, -0.010893246187363835], "5/20/2016": [22.75, 0.002202643171806199], "5/23/2016": [23.45, 0.03076923076923074], "5/24/2016": [23.45, 0.0], "5/25/2016": [23.65, 0.008528784648187604], "5/26/2016": [23.5, -0.006342494714587678], "5/27/2016": [23.55, 0.0021276595744681155], "5/30/2016": [23.7, 0.006369426751592296], "5/31/2016": [24.2, 0.02109704641350211], "6/1/2016": [24.1, -0.004132231404958589], "6/2/2016": [23.7, -0.01659751037344407], "6/3/2016": [23.65, -0.002109704641350241], "6/4/2016": [23.8, 0.006342494714587829], "6/6/2016": [24.3, 0.021008403361344536], "6/7/2016": [24.35, 0.002057613168724309], "6/8/2016": [24.2, -0.006160164271047315], "6/13/2016": [24.15, -0.0020661157024793684], "6/14/2016": [24.5, 0.014492753623188465], "6/15/2016": [24.45, -0.002040816326530641], "6/16/2016": [23.9, -0.0224948875255624], "6/17/2016": [24.25, 0.014644351464435207], "6/20/2016": [24.25, 0.0], "6/21/2016": [25.0, 0.030927835051546393], "6/22/2016": [25.0, 0.0], "6/23/2016": [25.2, 0.007999999999999972], "6/24/2016": [24.3, -0.03571428571428566], "6/27/2016": [24.5, 0.00823045267489709], "6/28/2016": [24.5, 0.0], "6/29/2016": [24.3, -0.00816326530612242], "6/30/2016": [24.15, -0.006172839506172927], "7/1/2016": [24.35, 0.008281573498964922], "7/4/2016": [24.55, 0.008213552361396275], "7/5/2016": [24.8, 0.010183299389002037], "7/6/2016": [24.25, -0.02217741935483874], "7/7/2016": [26.65, 0.0989690721649484], "7/11/2016": [29.0, 0.08818011257035653], "7/12/2016": [28.4, -0.02068965517241384], "7/13/2016": [28.5, 0.0035211267605634307], "7/14/2016": [28.95, 0.015789473684210503], "7/15/2016": [28.65, -0.01036269430051816], "7/18/2016": [27.9, -0.02617801047120419], "7/19/2016": [28.15, 0.00896057347670251], "7/20/2016": [28.0, -0.005328596802841868], "7/21/2016": [28.85, 0.03035714285714291], "7/22/2016": [28.8, -0.0017331022530329536], "7/25/2016": [28.45, -0.012152777777777827], "7/26/2016": [28.8, 0.012302284710017625], "7/27/2016": [28.95, 0.005208333333333284], "7/28/2016": [29.3, 0.012089810017271206], "7/29/2016": [29.4, 0.0034129692832763777], "8/1/2016": [29.2, -0.0068027210884353505], "8/2/2016": [29.35, 0.0051369863013699365], "8/3/2016": [28.75, -0.020442930153322023], "8/4/2016": [29.2, 0.015652173913043455], "8/5/2016": [29.1, -0.0034246575342465023], "8/8/2016": [30.2, 0.037800687285223296], "8/9/2016": [29.2, -0.033112582781456956], "8/10/2016": [29.0, -0.006849315068493127], "8/11/2016": [28.1, -0.03103448275862064], "8/12/2016": [28.5, 0.014234875444839807], "8/15/2016": [27.9, -0.02105263157894742], "8/16/2016": [27.8, -0.0035842293906809273], "8/17/2016": [27.75, -0.0017985611510791622], "8/18/2016": [27.75, 0.0], "8/19/2016": [27.65, -0.003603603603603655], "8/22/2016": [27.3, -0.01265822784810119], "8/23/2016": [27.75, 0.016483516483516456], "8/24/2016": [28.15, 0.014414414414414363], "8/25/2016": [27.0, -0.04085257548845466], "8/26/2016": [27.15, 0.005555555555555503], "8/29/2016": [27.0, -0.005524861878452986], "8/30/2016": [27.05, 0.0018518518518518782], "8/31/2016": [27.4, 0.012939001848428756], "9/1/2016": [27.5, 0.0036496350364964023], "9/2/2016": [27.05, -0.016363636363636337], "9/5/2016": [27.5, 0.016635859519408477], "9/6/2016": [27.5, 0.0], "9/7/2016": [28.05, 0.020000000000000025], "9/8/2016": [29.05, 0.035650623885918005], "9/9/2016": [29.55, 0.01721170395869191], "9/10/2016": [29.25, -0.010152284263959414], "9/12/2016": [29.85, 0.02051282051282056], "9/13/2016": [29.5, -0.011725293132328356], "9/14/2016": [29.05, -0.01525423728813557], "9/19/2016": [29.65, 0.020654044750430218], "9/20/2016": [29.5, -0.0050590219224282825], "9/21/2016": [30.3, 0.027118644067796634], "9/22/2016": [29.9, -0.013201320132013271], "9/23/2016": [29.8, -0.0033444816053510994], "9/26/2016": [29.6, -0.00671140939597313], "9/29/2016": [29.6, 0.0], "9/30/2016": [29.45, -0.005067567567567639], "10/3/2016": [30.05, 0.02037351443123944], "10/4/2016": [30.35, 0.009983361064891871], "10/5/2016": [30.4, 0.0016474464579900217], "10/6/2016": [30.25, -0.004934210526315743], "10/7/2016": [30.15, -0.0033057851239669893], "10/11/2016": [29.45, -0.02321724709784409], "10/12/2016": [29.3, -0.005093378607809799], "10/13/2016": [29.8, 0.017064846416382253], "10/14/2016": [29.0, -0.02684563758389264],