{"1/4/2016": [7.68, ""], "1/5/2016": [7.7, 0.002604166666666727], "1/6/2016": [7.57, -0.016883116883116868], "1/7/2016": [7.18, -0.051519154557463746], "1/8/2016": [7.16, -0.0027855153203342024], "1/11/2016": [6.77, -0.05446927374301684], "1/12/2016": [6.6, -0.025110782865583447], "1/13/2016": [6.65, 0.0075757575757576835], "1/14/2016": [6.64, -0.001503759398496342], "1/15/2016": [6.64, 0.0], "1/18/2016": [6.66, 0.003012048192771154], "1/19/2016": [6.95, 0.04354354354354355], "1/20/2016": [6.86, -0.012949640287769763], "1/21/2016": [6.88, 0.0029154518950436693], "1/22/2016": [6.89, 0.0014534883720929922], "1/25/2016": [6.94, 0.007256894049346983], "1/26/2016": [6.91, -0.004322766570605223], "1/27/2016": [6.91, 0.0], "1/28/2016": [6.78, -0.01881331403762661], "1/29/2016": [6.72, -0.008849557522123967], "1/30/2016": [6.77, 0.007440476190476164], "2/1/2016": [6.79, 0.0029542097488922396], "2/2/2016": [6.85, 0.008836524300441769], "2/3/2016": [6.82, -0.004379562043795527], "2/15/2016": [6.89, 0.01026392961876824], "2/16/2016": [7.01, 0.017416545718432527], "2/17/2016": [7.0, -0.0014265335235377728], "2/18/2016": [7.06, 0.008571428571428516], "2/19/2016": [7.06, 0.0], "2/22/2016": [7.04, -0.0028328611898016396], "2/23/2016": [7.09, 0.007102272727272702], "2/24/2016": [7.15, 0.00846262341325818], "2/25/2016": [7.6, 0.06293706293706283], "2/26/2016": [7.75, 0.019736842105263205], "3/1/2016": [7.85, 0.012903225806451568], "3/2/2016": [7.69, -0.020382165605095447], "3/3/2016": [7.69, 0.0], "3/4/2016": [7.77, 0.010403120936280777], "3/7/2016": [7.9, 0.01673101673101683], "3/8/2016": [7.88, -0.0025316455696203113], "3/9/2016": [7.83, -0.006345177664974597], "3/10/2016": [7.95, 0.015325670498084304], "3/11/2016": [8.2, 0.031446540880503034], "3/14/2016": [8.12, -0.009756097560975618], "3/15/2016": [7.64, -0.059113300492610786], "3/16/2016": [7.72, 0.010471204188481685], "3/17/2016": [7.66, -0.007772020725388551], "3/18/2016": [7.5, -0.020887728459530044], "3/21/2016": [7.36, -0.018666666666666623], "3/22/2016": [7.2, -0.021739130434782625], "3/23/2016": [7.1, -0.013888888888888963], "3/24/2016": [7.08, -0.0028169014084506445], "3/25/2016": [7.08, 0.0], "3/28/2016": [7.04, -0.005649717514124299], "3/29/2016": [6.9, -0.01988636363636359], "3/30/2016": [6.9, 0.0], "3/31/2016": [6.92, 0.002898550724637619], "4/1/2016": [6.97, 0.007225433526011535], "4/6/2016": [6.83, -0.020086083213773268], "4/7/2016": [6.85, 0.002928257686676365], "4/8/2016": [6.81, -0.005839416058394166], "4/11/2016": [6.85, 0.005873715124816452], "4/12/2016": [6.58, -0.03941605839416052], "4/13/2016": [6.5, -0.012158054711246211], "4/14/2016": [6.45, -0.007692307692307665], "4/15/2016": [6.4, -0.007751937984496096], "4/18/2016": [6.37, -0.004687500000000039], "4/19/2016": [6.72, 0.05494505494505489], "4/20/2016": [6.78, 0.008928571428571503], "4/21/2016": [6.79, 0.0014749262536872842], "4/22/2016": [6.6, -0.027982326951399173], "4/25/2016": [6.49, -0.016666666666666583], "4/26/2016": [6.44, -0.0077041602465331], "4/27/2016": [6.4, -0.006211180124223607], "4/28/2016": [6.38, -0.003125000000000072], "4/29/2016": [6.31, -0.010971786833855844], "5/3/2016": [6.68, 0.058637083993660875], "5/4/2016": [6.8, 0.017964071856287442], "5/5/2016": [6.61, -0.027941176470588164], "5/6/2016": [6.43, -0.02723146747352505], "5/9/2016": [6.46, 0.004665629860031143], "5/10/2016": [6.48, 0.0030959752321982137], "5/11/2016": [6.62, 0.02160493827160489], "5/12/2016": [6.65, 0.004531722054380702], "5/13/2016": [6.57, -0.012030075187969934], "5/16/2016": [6.57, 0.0], "5/17/2016": [6.6, 0.004566210045662003], "5/18/2016": [6.54, -0.009090909090909031], "5/19/2016": [6.56, 0.003058103975535103], "5/20/2016": [6.67, 0.01676829268292688], "5/23/2016": [6.5, -0.025487256371814083], "5/24/2016": [6.45, -0.007692307692307665], "5/25/2016": [6.45, 0.0], "5/26/2016": [6.47, 0.003100775193798383], "5/27/2016": [6.39, -0.012364760432766627], "5/30/2016": [6.37, -0.003129890453834049], "5/31/2016": [6.36, -0.001569858712715822], "6/1/2016": [6.45, 0.014150943396226393], "6/2/2016": [6.38, -0.010852713178294617], "6/3/2016": [6.4, 0.0031347962382445864], "6/4/2016": [6.33, -0.010937500000000044], "6/6/2016": [6.34, 0.0015797788309636315], "6/7/2016": [6.49, 0.02365930599369091], "6/8/2016": [6.41, -0.012326656394453015], "6/13/2016": [6.36, -0.007800312012480472], "6/14/2016": [6.37, 0.0015723270440251237], "6/15/2016": [6.5, 0.020408163265306107], "6/16/2016": [6.4, -0.01538461538461533], "6/17/2016": [6.39, -0.0015625000000001055], "6/20/2016": [6.4, 0.0015649452269171635], "6/21/2016": [6.39, -0.0015625000000001055], "6/22/2016": [6.37, -0.003129890453834049], "6/23/2016": [6.34, -0.004709576138147605], "6/24/2016": [6.01, -0.05205047318611988], "6/27/2016": [5.94, -0.011647254575707054], "6/28/2016": [5.95, 0.0016835016835016474], "6/29/2016": [5.99, 0.006722689075630258], "6/30/2016": [5.99, 0.0], "7/1/2016": [5.9, -0.015025041736227021], "7/4/2016": [5.94, 0.006779661016949158], "7/5/2016": [5.92, -0.0033670033670034445], "7/6/2016": [5.96, 0.006756756756756763], "7/7/2016": [5.98, 0.0033557046979866547], "7/11/2016": [5.96, -0.0033444816053512477], "7/12/2016": [5.9, -0.010067114093959667], "7/13/2016": [5.85, -0.00847457627118656], "7/14/2016": [5.91, 0.010256410256410341], "7/15/2016": [5.92, 0.001692047377326529], "7/18/2016": [5.93, 0.0016891891891891533], "7/19/2016": [5.9, -0.005059021922428223], "7/20/2016": [5.87, -0.0050847457627119065], "7/21/2016": [5.95, 0.013628620102214663], "7/22/2016": [6.01, 0.010084033613445313], "7/25/2016": [5.9, -0.018302828618968293], "7/26/2016": [5.93, 0.005084745762711756], "7/27/2016": [5.95, 0.003372681281618965], "7/28/2016": [5.9, -0.008403361344537785], "7/29/2016": [5.89, -0.0016949152542374024], "8/1/2016": [5.97, 0.013582342954159604], "8/2/2016": [5.92, -0.008375209380234476], "8/3/2016": [5.91, -0.0016891891891891533], "8/4/2016": [5.94, 0.0050761421319797375], "8/5/2016": [5.98, 0.00673400673400674], "8/8/2016": [6.13, 0.02508361204013369], "8/9/2016": [6.72, 0.09624796084828709], "8/10/2016": [6.63, -0.013392857142857123], "8/11/2016": [6.41, -0.03318250377073903], "8/12/2016": [6.33, -0.01248049921996881], "8/15/2016": [6.11, -0.03475513428120059], "8/16/2016": [6.04, -0.01145662847790512], "8/17/2016": [6.12, 0.013245033112582794], "8/18/2016": [6.11, -0.0016339869281045403], "8/19/2016": [6.01, -0.01636661211129305], "8/22/2016": [6.02, 0.0016638935108152725], "8/23/2016": [6.16, 0.02325581395348847], "8/24/2016": [6.19, 0.004870129870129911], "8/25/2016": [6.2, 0.0016155088852988345], "8/26/2016": [6.33, 0.02096774193548385], "8/29/2016": [6.33, 0.0], "8/30/2016": [6.3, -0.004739336492891035], "8/31/2016": [6.27, -0.004761904761904801], "9/1/2016": [6.18, -0.01435406698564591], "9/2/2016": [6.13, -0.008090614886731363], "9/5/2016": [6.1, -0.0048939641109298935], "9/6/2016": [6.1, 0.0], "9/7/2016": [6.12, 0.00327868852459024], "9/8/2016": [6.09, -0.004901960784313766], "9/9/2016": [6.04, -0.008210180623973698], "9/10/2016": [5.97, -0.01158940397350998], "9/12/2016": [5.83, -0.023450586264656563], "9/13/2016": [5.86, 0.00514579759862783], "9/14/2016": [5.86, 0.0], "9/19/2016": [5.82, -0.006825938566552906], "9/20/2016": [5.8, -0.0034364261168385673], "9/21/2016": [5.92, 0.020689655172413814], "9/22/2016": [5.83, -0.01520270270270268], "9/23/2016": [5.84, 0.0017152658662092258], "9/26/2016": [5.87, 0.005136986301369906], "9/29/2016": [5.92, 0.008517887563884127], "9/30/2016": [5.87, -0.008445945945945915], "10/3/2016": [5.81, -0.010221465076661072], "10/4/2016": [5.81, 0.0], "10/5/2016": [5.76, -0.008605851979345925], "10/6/2016": [5.79, 0.005208333333333376], "10/7/2016": [5.78, -0.0017271157167529857], "10/11/2016": [5.58, -0.034602076124567505], "10/12/2016": [5.04, -0.09677419354838711], "10/13/2016": [5.05, 0.001984126984126942], "10/14/2016": [5.04, -0.001980198019801938], "10/17/2016": [5.03, -0.001984126984126942], "10/18/2016": [5.04, 0.0019880715705764985],