{"1/4/2016": [6.73, ""], "1/5/2016": [6.69, -0.00594353640416048], "1/6/2016": [6.67, -0.0029895366218236864], "1/7/2016": [6.58, -0.013493253373313321], "1/8/2016": [6.64, 0.009118541033434591], "1/11/2016": [6.57, -0.010542168674698704], "1/12/2016": [6.56, -0.0015220700152208029], "1/13/2016": [6.53, -0.00457317073170722], "1/14/2016": [6.54, 0.001531393568146981], "1/15/2016": [6.54, 0.0], "1/18/2016": [6.52, -0.003058103975535239], "1/19/2016": [6.47, -0.007668711656441691], "1/20/2016": [6.42, -0.007727975270479108], "1/21/2016": [6.44, 0.00311526479750786], "1/22/2016": [6.4, -0.006211180124223607], "1/25/2016": [6.66, 0.04062499999999997], "1/26/2016": [6.5, -0.024024024024024045], "1/27/2016": [6.5, 0.0], "1/28/2016": [6.5, 0.0], "1/29/2016": [6.55, 0.007692307692307665], "1/30/2016": [6.6, 0.007633587786259515], "2/1/2016": [6.52, -0.012121212121212133], "2/2/2016": [6.56, 0.0061349693251533804], "2/3/2016": [6.59, 0.004573170731707355], "2/15/2016": [6.59, 0.0], "2/16/2016": [6.7, 0.016691957511380928], "2/17/2016": [6.65, -0.007462686567164152], "2/18/2016": [6.69, 0.006015037593984967], "2/19/2016": [6.66, -0.004484304932735463], "2/22/2016": [6.68, 0.003003003003002939], "2/23/2016": [6.85, 0.025449101796407175], "2/24/2016": [6.86, 0.0014598540145986387], "2/25/2016": [6.89, 0.004373177842565504], "2/26/2016": [6.9, 0.001451378809869474], "3/1/2016": [7.0, 0.014492753623188354], "3/2/2016": [6.97, -0.0042857142857143215], "3/3/2016": [7.07, 0.014347202295552444], "3/4/2016": [7.12, 0.007072135785007047], "3/7/2016": [7.75, 0.08848314606741571], "3/8/2016": [7.6, -0.019354838709677465], "3/9/2016": [7.41, -0.024999999999999935], "3/10/2016": [7.39, -0.0026990553306343403], "3/11/2016": [7.31, -0.010825439783491214], "3/14/2016": [7.33, 0.002735978112175166], "3/15/2016": [7.07, -0.035470668485675275], "3/16/2016": [7.18, 0.015558698727015478], "3/17/2016": [7.22, 0.005571030640668529], "3/18/2016": [7.2, -0.002770083102493016], "3/21/2016": [7.2, 0.0], "3/22/2016": [7.19, -0.0013888888888888592], "3/23/2016": [7.15, -0.005563282336578586], "3/24/2016": [7.06, -0.01258741258741269], "3/25/2016": [7.12, 0.00849858356940517], "3/28/2016": [7.08, -0.005617977528089893], "3/29/2016": [7.06, -0.002824858757062212], "3/30/2016": [7.05, -0.0014164305949008198], "3/31/2016": [7.18, 0.018439716312056723], "4/1/2016": [7.06, -0.016713091922005586], "4/6/2016": [7.05, -0.0014164305949008198], "4/7/2016": [7.05, 0.0], "4/8/2016": [7.05, 0.0], "4/11/2016": [7.03, -0.002836879432624053], "4/12/2016": [7.0, -0.004267425320056934], "4/13/2016": [7.04, 0.0057142857142857195], "4/14/2016": [7.11, 0.009943181818181858], "4/15/2016": [7.05, -0.008438818565400914], "4/18/2016": [7.03, -0.002836879432624053], "4/19/2016": [7.0, -0.004267425320056934], "4/20/2016": [7.02, 0.0028571428571427964], "4/21/2016": [6.97, -0.0071225071225070975], "4/22/2016": [6.94, -0.004304160688665619], "4/25/2016": [6.97, 0.004322766570605095], "4/26/2016": [6.95, -0.0028694404591104125], "4/27/2016": [6.96, 0.0014388489208632786], "4/28/2016": [6.81, -0.021551724137931084], "4/29/2016": [6.75, -0.008810572687224613], "5/3/2016": [6.7, -0.007407407407407381], "5/4/2016": [6.62, -0.011940298507462697], "5/5/2016": [6.66, 0.006042296072507558], "5/6/2016": [6.65, -0.0015015015015014694], "5/9/2016": [6.63, -0.0030075187969925503], "5/10/2016": [6.58, -0.007541478129713397], "5/11/2016": [6.53, -0.007598784194528849], "5/12/2016": [6.46, -0.01071975497702914], "5/13/2016": [6.33, -0.020123839009287908], "5/16/2016": [6.26, -0.011058451816745701], "5/17/2016": [6.31, 0.007987220447284317], "5/18/2016": [6.3, -0.001584786053882692], "5/19/2016": [6.33, 0.004761904761904801], "5/20/2016": [6.33, 0.0], "5/23/2016": [6.39, 0.009478672985781929], "5/24/2016": [6.39, 0.0], "5/25/2016": [6.41, 0.0031298904538341883], "5/26/2016": [6.4, -0.0015600624024960665], "5/27/2016": [6.42, 0.0031249999999999334], "5/30/2016": [6.4, -0.0031152647975077217], "5/31/2016": [6.45, 0.007812499999999972], "6/1/2016": [6.49, 0.006201550387596904], "6/2/2016": [6.42, -0.010785824345146423], "6/3/2016": [6.44, 0.00311526479750786], "6/4/2016": [6.43, -0.0015527950310560052], "6/6/2016": [6.44, 0.0015552099533438063], "6/7/2016": [6.4, -0.006211180124223607], "6/8/2016": [6.38, -0.003125000000000072], "6/13/2016": [6.34, -0.006269592476489034], "6/14/2016": [6.32, -0.0031545741324920462], "6/15/2016": [6.3, -0.0031645569620253893], "6/16/2016": [6.29, -0.0015873015873015535], "6/17/2016": [6.29, 0.0], "6/20/2016": [6.31, 0.0031796502384737], "6/21/2016": [6.29, -0.003169572107765384], "6/22/2016": [6.3, 0.00158982511923685], "6/23/2016": [6.3, 0.0], "6/24/2016": [6.21, -0.014285714285714263], "6/27/2016": [6.22, 0.0016103059581320108], "6/28/2016": [6.25, 0.0048231511254019695], "6/29/2016": [6.3, 0.007999999999999972], "6/30/2016": [6.35, 0.007936507936507908], "7/1/2016": [6.35, 0.0], "7/4/2016": [6.34, -0.0015748031496062658], "7/5/2016": [6.37, 0.0047318611987382094], "7/6/2016": [6.37, 0.0], "7/7/2016": [6.38, 0.001569858712715822], "7/11/2016": [6.4, 0.0031347962382445864], "7/12/2016": [6.39, -0.0015625000000001055], "7/13/2016": [6.52, 0.020344287949921738], "7/14/2016": [6.63, 0.01687116564417183], "7/15/2016": [6.53, -0.015082956259426794], "7/18/2016": [6.6, 0.010719754977029004], "7/19/2016": [6.6, 0.0], "7/20/2016": [6.67, 0.01060606060606065], "7/21/2016": [6.92, 0.037481259370314844], "7/22/2016": [6.8, -0.01734104046242776], "7/25/2016": [6.71, -0.013235294117647038], "7/26/2016": [6.71, 0.0], "7/27/2016": [6.73, 0.0029806259314456725], "7/28/2016": [6.82, 0.013372956909361048], "7/29/2016": [6.89, 0.01026392961876824], "8/1/2016": [7.05, 0.023222060957910035], "8/2/2016": [7.18, 0.018439716312056723], "8/3/2016": [7.2, 0.0027855153203343265], "8/4/2016": [7.1, -0.013888888888888963], "8/5/2016": [7.18, 0.011267605633802828], "8/8/2016": [7.11, -0.009749303621169833], "8/9/2016": [7.07, -0.005625879043600567], "8/10/2016": [7.01, -0.008486562942008556], "8/11/2016": [6.92, -0.012838801711840209], "8/12/2016": [6.92, 0.0], "8/15/2016": [6.95, 0.004335260115606972], "8/16/2016": [7.0, 0.007194244604316521], "8/17/2016": [7.05, 0.0071428571428571175], "8/18/2016": [7.02, -0.004255319148936206], "8/19/2016": [6.95, -0.009971509971509886], "8/22/2016": [6.87, -0.011510791366906485], "8/23/2016": [6.97, 0.014556040756914067], "8/24/2016": [6.93, -0.005738880918220952], "8/25/2016": [6.94, 0.0014430014430015404], "8/26/2016": [6.9, -0.005763688760806921], "8/29/2016": [6.87, -0.004347826086956557], "8/30/2016": [6.84, -0.004366812227074272], "8/31/2016": [6.84, 0.0], "9/1/2016": [6.91, 0.010233918128655012], "9/2/2016": [6.86, -0.0072358900144717546], "9/5/2016": [6.88, 0.0029154518950436693], "9/6/2016": [6.85, -0.004360465116279106], "9/7/2016": [6.86, 0.0014598540145986387], "9/8/2016": [6.9, 0.005830903790087469], "9/9/2016": [6.94, 0.005797101449275368], "9/10/2016": [6.85, -0.012968299711815668], "9/12/2016": [6.78, -0.010218978102189693], "9/13/2016": [6.75, -0.004424778761061983], "9/14/2016": [6.74, -0.00148148148148145], "9/19/2016": [6.91, 0.025222551928783372], "9/20/2016": [6.86, -0.0072358900144717546], "9/21/2016": [7.29, 0.06268221574344018], "9/22/2016": [7.27, -0.00274348422496577], "9/23/2016": [7.27, 0.0], "9/26/2016": [7.19, -0.011004126547455185], "9/29/2016": [7.14, -0.006954102920723325], "9/30/2016": [7.13, -0.0014005602240896062], "10/3/2016": [7.06, -0.009817671809256702], "10/4/2016": [7.03, -0.004249291784702459], "10/5/2016": [7.05, 0.0028449502133712054], "10/6/2016": [7.03, -0.002836879432624053], "10/7/2016": [7.23, 0.028449502133712685], "10/11/2016": [7.12, -0.015214384508990361], "10/12/2016": [7.11, -0.001404494382022442], "10/13/2016": [7.0, -0.015471167369901591], "10/14/2016": [6.91, -0.012857142857142836], "10/17/2016": [6.97, 0.00868306801736608], "10/18/2016": [7.04, 0.010043041606886698], "10/19/2016": [7.11, 0.009943181818181858],