{"1/4/2016": [39.3, ""], "1/5/2016": [39.7, 0.0101781170483462], "1/6/2016": [39.1, -0.015113350125944619], "1/7/2016": [37.5, -0.04092071611253201], "1/8/2016": [38.5, 0.02666666666666667], "1/11/2016": [37.85, -0.016883116883116847], "1/12/2016": [37.1, -0.019815059445178335], "1/13/2016": [37.3, 0.00539083557951471], "1/14/2016": [36.5, -0.02144772117962459], "1/15/2016": [36.1, -0.010958904109589003], "1/18/2016": [37.8, 0.047091412742382155], "1/19/2016": [38.3, 0.013227513227513229], "1/20/2016": [37.6, -0.018276762402088663], "1/21/2016": [37.3, -0.007978723404255433], "1/22/2016": [37.6, 0.008042895442359364], "1/25/2016": [38.25, 0.017287234042553154], "1/26/2016": [38.2, -0.0013071895424835859], "1/27/2016": [38.0, -0.005235602094240912], "1/28/2016": [38.2, 0.005263157894736917], "1/29/2016": [39.0, 0.020942408376963276], "1/30/2016": [39.5, 0.01282051282051282], "2/1/2016": [39.4, -0.002531645569620289], "2/2/2016": [39.5, 0.002538071065989884], "2/3/2016": [39.2, -0.007594936708860687], "2/15/2016": [39.75, 0.014030612244897886], "2/16/2016": [40.75, 0.025157232704402517], "2/17/2016": [42.1, 0.03312883435582826], "2/18/2016": [42.9, 0.019002375296912045], "2/19/2016": [43.05, 0.0034965034965034635], "2/22/2016": [42.7, -0.008130081300812877], "2/23/2016": [41.8, -0.02107728337236547], "2/24/2016": [41.25, -0.013157894736842039], "2/25/2016": [41.05, -0.004848484848484917], "2/26/2016": [41.3, 0.006090133982947625], "3/1/2016": [42.35, 0.025423728813559428], "3/2/2016": [42.7, 0.008264462809917389], "3/3/2016": [41.8, -0.02107728337236547], "3/4/2016": [42.45, 0.015550239234449897], "3/7/2016": [42.55, 0.002355712603062292], "3/8/2016": [43.3, 0.01762632197414806], "3/9/2016": [47.5, 0.0969976905311779], "3/10/2016": [46.1, -0.029473684210526287], "3/11/2016": [46.0, -0.0021691973969631545], "3/14/2016": [46.2, 0.004347826086956583], "3/15/2016": [44.3, -0.041125541125541246], "3/16/2016": [44.85, 0.01241534988713328], "3/17/2016": [44.75, -0.0022296544035674787], "3/18/2016": [44.55, -0.004469273743016824], "3/21/2016": [44.95, 0.00897867564534244], "3/22/2016": [44.9, -0.0011123470522804062], "3/23/2016": [44.4, -0.011135857461024499], "3/24/2016": [44.6, 0.004504504504504569], "3/25/2016": [44.75, 0.0033632286995515376], "3/28/2016": [43.75, -0.0223463687150838], "3/29/2016": [42.05, -0.03885714285714292], "3/30/2016": [42.45, 0.00951248513674211], "3/31/2016": [42.7, 0.005889281507656065], "4/1/2016": [42.5, -0.004683840749414586], "4/6/2016": [43.3, 0.01882352941176464], "4/7/2016": [43.25, -0.0011547344110853848], "4/8/2016": [43.35, 0.002312138728323732], "4/11/2016": [43.0, -0.00807381776239911], "4/12/2016": [42.2, -0.01860465116279063], "4/13/2016": [43.25, 0.024881516587677656], "4/14/2016": [44.5, 0.028901734104046242], "4/15/2016": [45.1, 0.013483146067415762], "4/18/2016": [46.7, 0.0354767184035477], "4/19/2016": [47.0, 0.006423982869378953], "4/20/2016": [46.05, -0.02021276595744687], "4/21/2016": [45.55, -0.010857763300760045], "4/22/2016": [44.3, -0.027442371020856202], "4/25/2016": [45.0, 0.015801354401805936], "4/26/2016": [44.95, -0.001111111111111048], "4/27/2016": [44.85, -0.0022246941045606546], "4/28/2016": [44.3, -0.012263099219621054], "4/29/2016": [44.35, 0.0011286681715576585], "5/3/2016": [44.6, 0.005636978579481398], "5/4/2016": [44.8, 0.0044843049327353305], "5/5/2016": [44.6, -0.0044642857142856195], "5/6/2016": [43.6, -0.02242152466367713], "5/9/2016": [42.4, -0.027522935779816578], "5/10/2016": [41.8, -0.014150943396226448], "5/11/2016": [41.35, -0.010765550239234348], "5/12/2016": [39.7, -0.039903264812575535], "5/13/2016": [40.55, 0.021410579345088016], "5/16/2016": [40.2, -0.008631319358816137], "5/17/2016": [40.2, 0.0], "5/18/2016": [39.75, -0.01119402985074634], "5/19/2016": [40.25, 0.012578616352201259], "5/20/2016": [40.25, 0.0], "5/23/2016": [40.3, 0.0012422360248446499], "5/24/2016": [40.05, -0.00620347394540943], "5/25/2016": [40.7, 0.016229712858926486], "5/26/2016": [40.7, 0.0], "5/27/2016": [40.8, 0.0024570024570023173], "5/30/2016": [41.05, 0.006127450980392158], "5/31/2016": [41.1, 0.001218026796589629], "6/1/2016": [41.25, 0.0036496350364963156], "6/2/2016": [40.4, -0.02060606060606064], "6/3/2016": [40.1, -0.007425742574257356], "6/4/2016": [40.0, -0.0024937655860349482], "6/6/2016": [40.1, 0.0025000000000000356], "6/7/2016": [42.0, 0.047381546134663305], "6/8/2016": [41.35, -0.015476190476190442], "6/13/2016": [40.7, -0.01571946795646913], "6/14/2016": [40.8, 0.0024570024570023173], "6/15/2016": [40.8, 0.0], "6/16/2016": [40.65, -0.0036764705882352594], "6/17/2016": [40.7, 0.0012300123001231062], "6/20/2016": [40.6, -0.0024570024570024916], "6/21/2016": [41.0, 0.009852216748768438], "6/22/2016": [40.8, -0.004878048780487874], "6/23/2016": [40.55, -0.006127450980392158], "6/24/2016": [39.95, -0.014796547472256335], "6/27/2016": [39.75, -0.005006257822277918], "6/28/2016": [39.95, 0.005031446540880575], "6/29/2016": [39.85, -0.002503128911138959], "6/30/2016": [39.95, 0.0025094102885822186], "7/1/2016": [40.1, 0.00375469336670835], "7/4/2016": [40.75, 0.016209476309226898], "7/5/2016": [40.7, -0.001226993865030605], "7/6/2016": [40.2, -0.012285012285012284], "7/7/2016": [40.2, 0.0], "7/11/2016": [40.2, 0.0], "7/12/2016": [41.85, 0.041044776119402944], "7/13/2016": [41.4, -0.010752688172043078], "7/14/2016": [42.0, 0.01449275362318844], "7/15/2016": [41.7, -0.007142857142857075], "7/18/2016": [42.4, 0.01678657074340517], "7/19/2016": [44.55, 0.05070754716981129], "7/20/2016": [44.5, -0.0011223344556677253], "7/21/2016": [44.0, -0.011235955056179775], "7/22/2016": [44.0, 0.0], "7/25/2016": [44.8, 0.01818181818181812], "7/26/2016": [44.2, -0.013392857142857017], "7/27/2016": [44.1, -0.002262443438914059], "7/28/2016": [43.7, -0.009070294784580466], "7/29/2016": [43.9, 0.004576659038901504], "8/1/2016": [44.3, 0.009111617312072861], "8/2/2016": [45.6, 0.02934537246049671], "8/3/2016": [45.4, -0.004385964912280764], "8/4/2016": [45.05, -0.007709251101321617], "8/5/2016": [45.05, 0.0], "8/8/2016": [44.85, -0.0044395116537179966], "8/9/2016": [44.2, -0.014492753623188373], "8/10/2016": [43.4, -0.018099547511312312], "8/11/2016": [45.0, 0.03686635944700464], "8/12/2016": [44.4, -0.013333333333333365], "8/15/2016": [44.25, -0.0033783783783783465], "8/16/2016": [44.05, -0.004519774011299499], "8/17/2016": [44.25, 0.004540295119182812], "8/18/2016": [43.95, -0.006779661016949088], "8/19/2016": [43.8, -0.0034129692832765798], "8/22/2016": [43.8, 0.0], "8/23/2016": [43.65, -0.003424657534246543], "8/24/2016": [40.65, -0.06872852233676977], "8/25/2016": [40.4, -0.006150061500615006], "8/26/2016": [40.5, 0.0024752475247525104], "8/29/2016": [40.15, -0.008641975308642011], "8/30/2016": [40.1, -0.0012453300124532294], "8/31/2016": [40.05, -0.0012468827930175626], "9/1/2016": [40.1, 0.0012484394506867482], "9/2/2016": [40.0, -0.0024937655860349482], "9/5/2016": [39.9, -0.0025000000000000356], "9/6/2016": [39.5, -0.010025062656641569], "9/7/2016": [39.5, 0.0], "9/8/2016": [39.9, 0.010126582278480976], "9/9/2016": [40.25, 0.00877192982456144], "9/10/2016": [39.5, -0.018633540372670808], "9/12/2016": [39.45, -0.0012658227848100546], "9/13/2016": [39.3, -0.0038022813688214367], "9/14/2016": [39.05, -0.0063613231552162855], "9/19/2016": [39.0, -0.0012804097311138838], "9/20/2016": [38.7, -0.007692307692307619], "9/21/2016": [39.5, 0.020671834625322922], "9/22/2016": [39.3, -0.005063291139240578], "9/23/2016": [39.35, 0.0012722646310433655], "9/26/2016": [39.15, -0.005082592121982283], "9/29/2016": [38.9, -0.006385696040868455], "9/30/2016": [38.85, -0.0012853470437017265], "10/3/2016": [38.7, -0.0038610038610038242], "10/4/2016": [38.55, -0.0038759689922482085], "10/5/2016": [39.0, 0.011673151750972837], "10/6/2016": [39.2, 0.005128205128205201], "10/7/2016": [39.1, -0.0025510204081633015], "10/11/2016": [37.75, -0.03452685421994888], "10/12/2016": [37.8, 0.001324503311258203],