{"1/4/2016": [9.02, ""], "1/5/2016": [8.92, -0.011086474501108608], "1/6/2016": [8.7, -0.024663677130044914], "1/7/2016": [8.26, -0.050574712643678105], "1/8/2016": [8.38, 0.014527845036319733], "1/11/2016": [8.27, -0.013126491646778185], "1/12/2016": [8.14, -0.015719467956469047], "1/13/2016": [8.18, 0.004914004914004809], "1/14/2016": [7.88, -0.03667481662591685], "1/15/2016": [7.94, 0.007614213197969607], "1/18/2016": [8.1, 0.02015113350125935], "1/19/2016": [8.3, 0.024691358024691492], "1/20/2016": [8.09, -0.02530120481927721], "1/21/2016": [7.95, -0.017305315203955462], "1/22/2016": [7.85, -0.012578616352201324], "1/25/2016": [7.97, 0.01528662420382167], "1/26/2016": [7.99, 0.002509410288582241], "1/27/2016": [7.83, -0.020025031289111407], "1/28/2016": [8.0, 0.021711366538952736], "1/29/2016": [8.04, 0.004999999999999893], "1/30/2016": [8.17, 0.01616915422885582], "2/1/2016": [8.11, -0.007343941248470073], "2/2/2016": [8.08, -0.00369913686806404], "2/3/2016": [7.91, -0.02103960396039603], "2/15/2016": [8.0, 0.011378002528444987], "2/16/2016": [7.76, -0.030000000000000027], "2/17/2016": [7.88, 0.01546391752577321], "2/18/2016": [8.0, 0.0152284263959391], "2/19/2016": [8.04, 0.004999999999999893], "2/22/2016": [8.23, 0.023631840796020064], "2/23/2016": [8.23, 0.0], "2/24/2016": [8.14, -0.010935601458080176], "2/25/2016": [8.2, 0.007371007371007213], "2/26/2016": [8.25, 0.006097560975609843], "3/1/2016": [8.53, 0.03393939393939386], "3/2/2016": [9.27, 0.08675263774912079], "3/3/2016": [9.15, -0.012944983818770142], "3/4/2016": [9.55, 0.043715846994535554], "3/7/2016": [9.35, -0.02094240837696346], "3/8/2016": [9.4, 0.0053475935828877766], "3/9/2016": [9.16, -0.025531914893617044], "3/10/2016": [9.23, 0.0076419213973799435], "3/11/2016": [9.18, -0.005417118093174508], "3/14/2016": [9.02, -0.01742919389978215], "3/15/2016": [9.03, 0.0011086474501108411], "3/16/2016": [9.06, 0.003322259136212751], "3/17/2016": [9.05, -0.0011037527593818748], "3/18/2016": [9.12, 0.007734806629834089], "3/21/2016": [9.1, -0.0021929824561403044], "3/22/2016": [9.05, -0.005494505494505378], "3/23/2016": [9.15, 0.011049723756906037], "3/24/2016": [9.08, -0.007650273224043746], "3/25/2016": [9.1, 0.0022026431718061203], "3/28/2016": [9.01, -0.009890109890109874], "3/29/2016": [9.03, 0.0022197558268589983], "3/30/2016": [9.06, 0.003322259136212751], "3/31/2016": [9.03, -0.0033112582781458207], "4/1/2016": [9.03, 0.0], "4/6/2016": [8.95, -0.008859357696567007], "4/7/2016": [8.68, -0.030167597765363083], "4/8/2016": [8.75, 0.00806451612903229], "4/11/2016": [8.74, -0.0011428571428571184], "4/12/2016": [8.68, -0.00686498855835246], "4/13/2016": [8.7, 0.002304147465437739], "4/14/2016": [8.71, 0.0011494252873565016], "4/15/2016": [8.66, -0.005740528128587911], "4/18/2016": [8.67, 0.0011547344110854256], "4/19/2016": [8.62, -0.005767012687427994], "4/20/2016": [8.59, -0.003480278422273708], "4/21/2016": [8.56, -0.0034924330616995765], "4/22/2016": [8.51, -0.005841121495327186], "4/25/2016": [8.3, -0.024676850763807177], "4/26/2016": [8.34, 0.004819277108433632], "4/27/2016": [8.35, 0.0011990407673860657], "4/28/2016": [8.4, 0.005988023952095894], "4/29/2016": [8.31, -0.010714285714285697], "5/3/2016": [8.32, 0.00120336943441634], "5/4/2016": [8.29, -0.003605769230769367], "5/5/2016": [8.29, 0.0], "5/6/2016": [8.3, 0.001206272617611769], "5/9/2016": [8.22, -0.009638554216867478], "5/10/2016": [8.21, -0.0012165450121654241], "5/11/2016": [8.16, -0.00609013398294771], "5/12/2016": [8.16, 0.0], "5/13/2016": [8.09, -0.008578431372549055], "5/16/2016": [8.0, -0.01112484548825709], "5/17/2016": [8.03, 0.00374999999999992], "5/18/2016": [8.07, 0.004981320049813316], "5/19/2016": [8.05, -0.0024783147459726857], "5/20/2016": [8.13, 0.009937888198757771], "5/23/2016": [8.7, 0.07011070110701088], "5/24/2016": [8.75, 0.0057471264367816915], "5/25/2016": [8.75, 0.0], "5/26/2016": [8.77, 0.002285714285714237], "5/27/2016": [8.79, 0.0022805017103762343], "5/30/2016": [8.84, 0.005688282138794166], "5/31/2016": [8.83, -0.0011312217194569894], "6/1/2016": [9.2, 0.0419026047565118], "6/2/2016": [9.02, -0.019565217391304318], "6/3/2016": [9.15, 0.01441241685144133], "6/4/2016": [9.2, 0.005464480874316823], "6/6/2016": [9.1, -0.010869565217391266], "6/7/2016": [9.12, 0.002197802197802151], "6/8/2016": [9.18, 0.006578947368421108], "6/13/2016": [9.05, -0.014161220043572877], "6/14/2016": [9.07, 0.0022099447513811684], "6/15/2016": [9.11, 0.004410143329658119], "6/16/2016": [9.11, 0.0], "6/17/2016": [9.02, -0.009879253567508219], "6/20/2016": [9.08, 0.006651884700665244], "6/21/2016": [9.12, 0.004405286343612241], "6/22/2016": [9.1, -0.0021929824561403044], "6/23/2016": [9.16, 0.006593406593406648], "6/24/2016": [8.99, -0.018558951965065493], "6/27/2016": [9.0, 0.0011123470522802878], "6/28/2016": [9.13, 0.01444444444444453], "6/29/2016": [9.13, 0.0], "6/30/2016": [9.09, -0.004381161007667132], "7/1/2016": [9.09, 0.0], "7/4/2016": [9.04, -0.005500550055005579], "7/5/2016": [8.91, -0.014380530973451218], "7/6/2016": [8.9, -0.001122334455667765], "7/7/2016": [8.92, 0.002247191011235907], "7/11/2016": [9.0, 0.00896860986547086], "7/12/2016": [8.95, -0.005555555555555635], "7/13/2016": [9.02, 0.007821229050279361], "7/14/2016": [9.0, -0.0022172949002216822], "7/15/2016": [9.0, 0.0], "7/18/2016": [8.99, -0.0011111111111110875], "7/19/2016": [9.0, 0.0011123470522802878], "7/20/2016": [9.01, 0.0011111111111110875], "7/21/2016": [9.18, 0.01886792452830188], "7/22/2016": [9.11, -0.007625272331154715], "7/25/2016": [9.01, -0.010976948408342442], "7/26/2016": [9.06, 0.005549389567147693], "7/27/2016": [9.14, 0.008830022075055195], "7/28/2016": [9.1, -0.00437636761487975], "7/29/2016": [9.29, 0.020879120879120826], "8/1/2016": [9.48, 0.0204520990312165], "8/2/2016": [9.4, -0.008438818565400852], "8/3/2016": [9.29, -0.011702127659574596], "8/4/2016": [9.25, -0.004305705059203353], "8/5/2016": [9.28, 0.003243243243243174], "8/8/2016": [9.3, 0.002155172413793249], "8/9/2016": [9.26, -0.004301075268817303], "8/10/2016": [9.3, 0.004319654427645888], "8/11/2016": [9.27, -0.003225806451613025], "8/12/2016": [9.37, 0.010787486515641818], "8/15/2016": [9.36, -0.001067235859124844], "8/16/2016": [9.33, -0.003205128205128137], "8/17/2016": [9.35, 0.002143622722400812], "8/18/2016": [9.34, -0.0010695187165775174], "8/19/2016": [9.37, 0.003211991434689439], "8/22/2016": [9.3, -0.007470651013873907], "8/23/2016": [9.13, -0.01827956989247311], "8/24/2016": [9.16, 0.0032858707557502035], "8/25/2016": [9.13, -0.003275109170305607], "8/26/2016": [9.2, 0.0076670317634171415], "8/29/2016": [9.23, 0.003260869565217515], "8/30/2016": [9.21, -0.0021668472372697264], "8/31/2016": [9.23, 0.0021715526601519624], "9/1/2016": [9.22, -0.0010834236186348632], "9/2/2016": [9.19, -0.0032537960954448085], "9/5/2016": [9.24, 0.005440696409140447], "9/6/2016": [9.22, -0.002164502164502118], "9/7/2016": [9.37, 0.016268980477223274], "9/8/2016": [9.46, 0.009605122732123975], "9/9/2016": [10.4, 0.09936575052854116], "9/10/2016": [10.35, -0.004807692307692376], "9/12/2016": [10.05, -0.02898550724637671], "9/13/2016": [10.15, 0.009950248756218869], "9/14/2016": [10.05, -0.009852216748768438], "9/19/2016": [10.5, 0.044776119402985], "9/20/2016": [10.3, -0.01904761904761898], "9/21/2016": [10.35, 0.004854368932038731], "9/22/2016": [10.6, 0.024154589371980676], "9/23/2016": [11.65, 0.09905660377358498], "9/26/2016": [11.65, 0.0], "9/29/2016": [11.5, -0.012875536480686725], "9/30/2016": [11.25, -0.021739130434782608], "10/3/2016": [11.45, 0.017777777777777715], "10/4/2016": [11.3, -0.013100436681222584], "10/5/2016": [11.25, -0.004424778761062009], "10/6/2016": [11.3, 0.004444444444444508], "10/7/2016": [11.4, 0.008849557522123862], "10/11/2016": [10.55, -0.0745614035087719], "10/12/2016": [10.55, 0.0], "10/13/2016": [10.4, -0.014218009478673018], "10/14/2016": [10.05, -0.03365384615384612], "10/17/2016": [10.2, 0.014925373134328216],