{"1/4/2016": [9.67, ""], "1/5/2016": [9.5, -0.017580144777662867], "1/6/2016": [9.45, -0.005263157894736917], "1/7/2016": [9.19, -0.027513227513227493], "1/8/2016": [9.43, 0.0261153427638738], "1/11/2016": [9.31, -0.012725344644750712], "1/12/2016": [9.24, -0.007518796992481233], "1/13/2016": [9.3, 0.006493506493506547], "1/14/2016": [9.2, -0.010752688172043163], "1/15/2016": [9.18, -0.0021739130434782145], "1/18/2016": [9.19, 0.0010893246187363603], "1/19/2016": [9.21, 0.002176278563656295], "1/20/2016": [9.18, -0.0032573289902281363], "1/21/2016": [9.19, 0.0010893246187363603], "1/22/2016": [9.18, -0.0010881392818280508], "1/25/2016": [9.14, -0.004357298474945441], "1/26/2016": [9.15, 0.001094091903719889], "1/27/2016": [9.14, -0.0010928961748633646], "1/28/2016": [9.21, 0.007658643326039418], "1/29/2016": [9.14, -0.007600434310532061], "1/30/2016": [9.28, 0.015317286652078642], "2/1/2016": [9.31, 0.003232758620689778], "2/2/2016": [9.28, -0.003222341568206352], "2/3/2016": [9.27, -0.0010775862068965287], "2/15/2016": [9.28, 0.0010787486515641627], "2/16/2016": [9.3, 0.002155172413793249], "2/17/2016": [9.25, -0.005376344086021581], "2/18/2016": [9.25, 0.0], "2/19/2016": [9.21, -0.0043243243243242325], "2/22/2016": [9.28, 0.007600434310531868], "2/23/2016": [9.34, 0.006465517241379364], "2/24/2016": [9.32, -0.002141327623126293], "2/25/2016": [9.34, 0.00214592274678107], "2/26/2016": [9.31, -0.003211991434689439], "3/1/2016": [9.39, 0.008592910848549953], "3/2/2016": [9.49, 0.010649627263045755], "3/3/2016": [9.73, 0.02528977871443627], "3/4/2016": [9.7, -0.003083247687564351], "3/7/2016": [9.7, 0.0], "3/8/2016": [9.84, 0.01443298969072171], "3/9/2016": [9.75, -0.00914634146341462], "3/10/2016": [9.81, 0.006153846153846205], "3/11/2016": [9.72, -0.00917431192660549], "3/14/2016": [9.85, 0.013374485596707716], "3/15/2016": [9.7, -0.015228426395939123], "3/16/2016": [9.72, 0.002061855670103232], "3/17/2016": [9.76, 0.0041152263374484715], "3/18/2016": [9.92, 0.016393442622950834], "3/21/2016": [9.98, 0.006048387096774244], "3/22/2016": [9.93, -0.005010020040080231], "3/23/2016": [9.88, -0.00503524672708952], "3/24/2016": [9.85, -0.0030364372469636777], "3/25/2016": [9.94, 0.009137055837563437], "3/28/2016": [9.9, -0.004024144869215206], "3/29/2016": [9.81, -0.009090909090909077], "3/30/2016": [9.86, 0.005096839959225171], "3/31/2016": [9.95, 0.00912778904665313], "4/1/2016": [9.99, 0.004020100502512656], "4/6/2016": [9.99, 0.0], "4/7/2016": [9.95, -0.004004004004004097], "4/8/2016": [9.95, 0.0], "4/11/2016": [9.95, 0.0], "4/12/2016": [10.0, 0.005025125628140776], "4/13/2016": [10.0, 0.0], "4/14/2016": [10.1, 0.009999999999999964], "4/15/2016": [10.1, 0.0], "4/18/2016": [10.15, 0.004950495049505021], "4/19/2016": [10.0, -0.014778325123152743], "4/20/2016": [9.98, -0.0019999999999999575], "4/21/2016": [10.0, 0.0020040080160320215], "4/22/2016": [9.93, -0.007000000000000029], "4/25/2016": [9.93, 0.0], "4/26/2016": [9.99, 0.006042296072507603], "4/27/2016": [9.95, -0.004004004004004097], "4/28/2016": [9.98, 0.0030150753768845365], "4/29/2016": [9.96, -0.0020040080160320215], "5/3/2016": [9.88, -0.008032128514056231], "5/4/2016": [9.81, -0.007085020242915008], "5/5/2016": [9.82, 0.0010193679918450342], "5/6/2016": [9.81, -0.0010183299389001819], "5/9/2016": [9.81, 0.0], "5/10/2016": [9.8, -0.0010193679918450342], "5/11/2016": [9.83, 0.0030612244897958527], "5/12/2016": [9.88, 0.005086469989827132], "5/13/2016": [9.85, -0.0030364372469636777], "5/16/2016": [9.42, -0.04365482233502535], "5/17/2016": [9.43, 0.0010615711252653702], "5/18/2016": [9.46, 0.0031813361611878195], "5/19/2016": [9.21, -0.02642706131078224], "5/20/2016": [9.23, 0.0021715526601519624], "5/23/2016": [9.33, 0.010834236186348824], "5/24/2016": [9.29, -0.004287245444801814], "5/25/2016": [9.38, 0.009687836383207927], "5/26/2016": [9.37, -0.0010660980810236207], "5/27/2016": [9.4, 0.003201707577374721], "5/30/2016": [9.42, 0.0021276595744680396], "5/31/2016": [9.43, 0.0010615711252653702], "6/1/2016": [9.4, -0.0031813361611876313], "6/2/2016": [9.36, -0.004255319148936268], "6/3/2016": [9.4, 0.004273504273504373], "6/4/2016": [9.4, 0.0], "6/6/2016": [9.4, 0.0], "6/7/2016": [9.35, -0.005319148936170288], "6/8/2016": [9.29, -0.006417112299465294], "6/13/2016": [9.3, 0.0010764262648010295], "6/14/2016": [9.36, 0.0064516129032256685], "6/15/2016": [9.38, 0.002136752136752281], "6/16/2016": [9.36, -0.0021321961620470523], "6/17/2016": [9.6, 0.025641025641025664], "6/20/2016": [9.49, -0.011458333333333275], "6/21/2016": [9.53, 0.0042149631190726185], "6/22/2016": [9.48, -0.005246589716684044], "6/23/2016": [9.5, 0.0021097046413501657], "6/24/2016": [9.3, -0.021052631578947295], "6/27/2016": [9.36, 0.0064516129032256685], "6/28/2016": [9.42, 0.006410256410256464], "6/29/2016": [9.47, 0.005307855626327039], "6/30/2016": [9.51, 0.004223864836325147], "7/1/2016": [9.56, 0.0052576235541535975], "7/4/2016": [9.73, 0.01778242677824267], "7/5/2016": [9.73, 0.0], "7/6/2016": [9.77, 0.004110996916752225], "7/7/2016": [9.79, 0.002047082906857684], "7/11/2016": [9.78, -0.0010214504596526852], "7/12/2016": [9.73, -0.005112474437627703], "7/13/2016": [9.8, 0.007194244604316576], "7/14/2016": [9.81, 0.0010204081632652843], "7/15/2016": [9.84, 0.0030581039755351027], "7/18/2016": [9.76, -0.008130081300813016], "7/19/2016": [9.27, -0.050204918032786906], "7/20/2016": [9.23, -0.004314994606256651], "7/21/2016": [9.25, 0.0021668472372697264], "7/22/2016": [9.22, -0.003243243243243174], "7/25/2016": [9.16, -0.0065075921908894245], "7/26/2016": [9.17, 0.0010917030567685357], "7/27/2016": [9.14, -0.003271537622682591], "7/28/2016": [9.15, 0.001094091903719889], "7/29/2016": [9.14, -0.0010928961748633646], "8/1/2016": [9.17, 0.003282275711159667], "8/2/2016": [9.15, -0.0021810250817883943], "8/3/2016": [9.14, -0.0010928961748633646], "8/4/2016": [9.15, 0.001094091903719889], "8/5/2016": [9.25, 0.01092896174863384], "8/8/2016": [9.18, -0.007567567567567599], "8/9/2016": [9.18, 0.0], "8/10/2016": [9.16, -0.0021786492374727207], "8/11/2016": [9.12, -0.004366812227074336], "8/12/2016": [9.12, 0.0], "8/15/2016": [9.12, 0.0], "8/16/2016": [9.13, 0.001096491228070347], "8/17/2016": [9.18, 0.0054764512595836725], "8/18/2016": [9.09, -0.009803921568627435], "8/19/2016": [9.1, 0.0011001100110010766], "8/22/2016": [9.01, -0.009890109890109874], "8/23/2016": [9.05, 0.0044395116537181934], "8/24/2016": [9.02, -0.0033149171270719486], "8/25/2016": [9.03, 0.0011086474501108411], "8/26/2016": [9.02, -0.0011074197120708514], "8/29/2016": [8.98, -0.0044345898004433644], "8/30/2016": [9.0, 0.0022271714922048524], "8/31/2016": [8.99, -0.0011111111111110875], "9/1/2016": [8.91, -0.008898776418242499], "9/2/2016": [8.9, -0.001122334455667765], "9/5/2016": [8.9, 0.0], "9/6/2016": [8.9, 0.0], "9/7/2016": [8.95, 0.005617977528089768], "9/8/2016": [9.0, 0.00558659217877103], "9/9/2016": [8.99, -0.0011111111111110875], "9/10/2016": [8.92, -0.007786429365962212], "9/12/2016": [8.88, -0.0044843049327353305], "9/13/2016": [8.81, -0.007882882882882913], "9/14/2016": [8.84, 0.003405221339386987], "9/19/2016": [8.84, 0.0], "9/20/2016": [8.82, -0.0022624434389139788], "9/21/2016": [8.89, 0.007936507936507969], "9/22/2016": [8.92, 0.003374578177727712], "9/23/2016": [8.92, 0.0], "9/26/2016": [8.88, -0.0044843049327353305], "9/29/2016": [8.91, 0.003378378378378306], "9/30/2016": [8.94, 0.0033670033670032953], "10/3/2016": [8.94, 0.0], "10/4/2016": [9.0, 0.006711409395973211], "10/5/2016": [9.06, 0.006666666666666722], "10/6/2016": [9.1, 0.004415011037527499], "10/7/2016": [9.02, -0.0087912087912088], "10/11/2016": [9.01, -0.0011086474501108411], "10/12/2016": [9.01, 0.0], "10/13/2016": [8.96, -0.005549389567147496], "10/14/2016": [8.9, -0.006696428571428627], "10/17/2016": [8.88, -0.002247191011235907], "10/18/2016": [8.93, 0.00563063063063051], "10/19/2016": [8.98, 0.005599104143337146], "10/20/2016": [9.13, 0.016703786191536788],