{"1/4/2016": [16.85, ""], "1/5/2016": [16.9, 0.002967359050444935], "1/6/2016": [16.7, -0.011834319526627177], "1/7/2016": [16.6, -0.005988023952095681], "1/8/2016": [16.85, 0.01506024096385542], "1/11/2016": [16.7, -0.008902077151335437], "1/12/2016": [16.7, 0.0], "1/13/2016": [16.65, -0.002994011976047947], "1/14/2016": [16.55, -0.0060060060060058785], "1/15/2016": [16.6, 0.0030211480362538194], "1/18/2016": [16.8, 0.012048192771084293], "1/19/2016": [16.8, 0.0], "1/20/2016": [16.7, -0.005952380952381037], "1/21/2016": [16.65, -0.002994011976047947], "1/22/2016": [16.6, -0.0030030030030028325], "1/25/2016": [16.9, 0.018072289156626332], "1/26/2016": [17.0, 0.005917159763313694], "1/27/2016": [17.0, 0.0], "1/28/2016": [17.2, 0.0117647058823529], "1/29/2016": [17.1, -0.005813953488371969], "1/30/2016": [17.2, 0.005847953216374144], "2/1/2016": [17.2, 0.0], "2/2/2016": [17.3, 0.005813953488372176], "2/3/2016": [17.2, -0.005780346820809331], "2/15/2016": [17.25, 0.002906976744186088], "2/16/2016": [18.05, 0.04637681159420294], "2/17/2016": [17.85, -0.01108033240997226], "2/18/2016": [17.8, -0.002801120448179311], "2/19/2016": [17.8, 0.0], "2/22/2016": [18.25, 0.025280898876404452], "2/23/2016": [18.65, 0.021917808219178006], "2/24/2016": [18.5, -0.008042895442359173], "2/25/2016": [18.55, 0.002702702702702741], "2/26/2016": [18.6, 0.0026954177897574507], "3/1/2016": [19.0, 0.021505376344085943], "3/2/2016": [19.8, 0.04210526315789478], "3/3/2016": [19.8, 0.0], "3/4/2016": [19.9, 0.0050505050505049425], "3/7/2016": [19.95, 0.002512562814070388], "3/8/2016": [20.0, 0.002506265664160437], "3/9/2016": [19.8, -0.009999999999999964], "3/10/2016": [19.7, -0.005050505050505122], "3/11/2016": [20.75, 0.05329949238578684], "3/14/2016": [20.95, 0.009638554216867436], "3/15/2016": [21.0, 0.002386634844868769], "3/16/2016": [21.85, 0.04047619047619054], "3/17/2016": [21.7, -0.0068649885583524995], "3/18/2016": [21.85, 0.0069124423963134625], "3/21/2016": [22.0, 0.006864988558352337], "3/22/2016": [22.5, 0.022727272727272728], "3/23/2016": [23.95, 0.06444444444444442], "3/24/2016": [24.6, 0.027139874739039754], "3/25/2016": [24.0, -0.02439024390243908], "3/28/2016": [23.15, -0.03541666666666673], "3/29/2016": [22.5, -0.028077753779697564], "3/30/2016": [23.15, 0.028888888888888825], "3/31/2016": [22.2, -0.04103671706263496], "4/1/2016": [21.95, -0.011261261261261262], "4/6/2016": [23.0, 0.04783599088838272], "4/7/2016": [22.9, -0.004347826086956583], "4/8/2016": [22.55, -0.015283842794759733], "4/11/2016": [22.45, -0.004434589800443521], "4/12/2016": [22.6, 0.006681514476614795], "4/13/2016": [23.0, 0.017699115044247725], "4/14/2016": [24.5, 0.06521739130434782], "4/15/2016": [24.15, -0.014285714285714344], "4/18/2016": [23.65, -0.020703933747412008], "4/19/2016": [23.6, -0.0021141649048624592], "4/20/2016": [23.85, 0.01059322033898305], "4/21/2016": [24.55, 0.029350104821802902], "4/22/2016": [24.45, -0.004073319755600872], "4/25/2016": [24.4, -0.002044989775051154], "4/26/2016": [24.5, 0.004098360655737763], "4/27/2016": [24.15, -0.014285714285714344], "4/28/2016": [23.9, -0.010351966873706004], "4/29/2016": [23.9, 0.0], "5/3/2016": [23.9, 0.0], "5/4/2016": [23.6, -0.012552301255230007], "5/5/2016": [23.35, -0.01059322033898305], "5/6/2016": [23.4, 0.0021413276231262166], "5/9/2016": [22.8, -0.02564102564102555], "5/10/2016": [23.05, 0.010964912280701754], "5/11/2016": [23.05, 0.0], "5/12/2016": [22.7, -0.015184381778741927], "5/13/2016": [22.35, -0.015418502202643078], "5/16/2016": [22.35, 0.0], "5/17/2016": [22.35, 0.0], "5/18/2016": [22.45, 0.004474272930648674], "5/19/2016": [22.35, -0.004454342984409705], "5/20/2016": [22.4, 0.0022371364653242577], "5/23/2016": [22.9, 0.022321428571428572], "5/24/2016": [22.75, -0.006550218340611292], "5/25/2016": [22.7, -0.002197802197802229], "5/26/2016": [22.7, 0.0], "5/27/2016": [22.8, 0.004405286343612398], "5/30/2016": [23.15, 0.015350877192982362], "5/31/2016": [22.95, -0.008639308855291546], "6/1/2016": [23.1, 0.006535947712418394], "6/2/2016": [23.2, 0.004329004329004236], "6/3/2016": [23.3, 0.004310344827586268], "6/4/2016": [23.3, 0.0], "6/6/2016": [23.15, -0.006437768240343439], "6/7/2016": [23.3, 0.006479481641468775], "6/8/2016": [23.7, 0.017167381974248865], "6/13/2016": [23.6, -0.004219409282700332], "6/14/2016": [23.6, 0.0], "6/15/2016": [23.85, 0.01059322033898305], "6/16/2016": [24.1, 0.010482180293501047], "6/17/2016": [23.9, -0.00829875518672211], "6/20/2016": [23.95, 0.0020920502092050507], "6/21/2016": [24.0, 0.00208768267223385], "6/22/2016": [24.15, 0.0062499999999999405], "6/23/2016": [24.1, -0.0020703933747410834], "6/24/2016": [23.7, -0.01659751037344407], "6/27/2016": [23.95, 0.010548523206751054], "6/28/2016": [24.0, 0.00208768267223385], "6/29/2016": [24.15, 0.0062499999999999405], "6/30/2016": [22.55, -0.06625258799171835], "7/1/2016": [22.5, -0.0022172949002217607], "7/4/2016": [23.0, 0.022222222222222223], "7/5/2016": [23.05, 0.0021739130434782917], "7/6/2016": [22.9, -0.0065075921908894635], "7/7/2016": [22.95, 0.002183406113537149], "7/11/2016": [23.0, 0.002178649237472798], "7/12/2016": [23.0, 0.0], "7/13/2016": [23.1, 0.004347826086956583], "7/14/2016": [23.4, 0.012987012987012863], "7/15/2016": [23.3, -0.004273504273504183], "7/18/2016": [23.3, 0.0], "7/19/2016": [23.3, 0.0], "7/20/2016": [23.2, -0.0042918454935622925], "7/21/2016": [23.2, 0.0], "7/22/2016": [23.3, 0.004310344827586268], "7/25/2016": [23.1, -0.008583690987124432], "7/26/2016": [23.15, 0.0021645021645020413], "7/27/2016": [23.2, 0.002159827213822925], "7/28/2016": [23.2, 0.0], "7/29/2016": [24.0, 0.03448275862068969], "8/1/2016": [24.0, 0.0], "8/2/2016": [24.0, 0.0], "8/3/2016": [23.9, -0.004166666666666726], "8/4/2016": [23.9, 0.0], "8/5/2016": [24.35, 0.018828451882845307], "8/8/2016": [24.7, 0.014373716632443443], "8/9/2016": [24.5, -0.008097165991902806], "8/10/2016": [25.5, 0.04081632653061224], "8/11/2016": [25.95, 0.017647058823529384], "8/12/2016": [26.1, 0.005780346820809331], "8/15/2016": [25.9, -0.0076628352490422545], "8/16/2016": [25.9, 0.0], "8/17/2016": [25.8, -0.003861003861003779], "8/18/2016": [26.15, 0.013565891472868134], "8/19/2016": [25.75, -0.015296367112810653], "8/22/2016": [25.6, -0.005825242718446547], "8/23/2016": [25.7, 0.0039062499999999167], "8/24/2016": [25.5, -0.0077821011673151474], "8/25/2016": [25.6, 0.003921568627451036], "8/26/2016": [25.45, -0.005859375000000083], "8/29/2016": [25.45, 0.0], "8/30/2016": [25.7, 0.009823182711198428], "8/31/2016": [25.5, -0.0077821011673151474], "9/1/2016": [25.2, -0.011764705882352969], "9/2/2016": [25.0, -0.007936507936507908], "9/5/2016": [25.05, 0.0020000000000000282], "9/6/2016": [25.2, 0.0059880239520957515], "9/7/2016": [25.45, 0.00992063492063492], "9/8/2016": [25.5, 0.0019646365422397137], "9/9/2016": [25.7, 0.007843137254901933], "9/10/2016": [25.65, -0.0019455252918288216], "9/12/2016": [25.45, -0.007797270955165665], "9/13/2016": [25.25, -0.007858546168958714], "9/14/2016": [24.9, -0.013861386138613917], "9/19/2016": [25.2, 0.012048192771084366], "9/20/2016": [25.3, 0.003968253968254024], "9/21/2016": [25.5, 0.00790513833992092], "9/22/2016": [25.25, -0.00980392156862745], "9/23/2016": [25.5, 0.009900990099009901], "9/26/2016": [25.35, -0.005882352941176415], "9/29/2016": [25.3, -0.001972386587771231], "9/30/2016": [25.55, 0.009881422924901186], "10/3/2016": [25.45, -0.003913894324853284], "10/4/2016": [25.55, 0.003929273084479427], "10/5/2016": [25.65, 0.0039138943248531455], "10/6/2016": [26.25, 0.023391812865497134], "10/7/2016": [26.0, -0.009523809523809525], "10/11/2016": [25.3, -0.026923076923076897], "10/12/2016": [25.15, -0.005928853754940795], "10/13/2016": [25.05, -0.003976143141152997], "10/14/2016": [24.5, -0.021956087824351326], "10/17/2016": [24.4, -0.004081632653061282], "10/18/2016": [24.4, 0.0], "10/19/2016": [24.7, 0.012295081967213144], "10/20/2016": [24.75, 0.002024291497975737],