{"1/4/2016": [17.4, ""], "1/5/2016": [16.95, -0.025862068965517203], "1/6/2016": [17.7, 0.04424778761061947], "1/7/2016": [16.6, -0.06214689265536712], "1/8/2016": [16.7, 0.00602409638554204], "1/11/2016": [16.4, -0.01796407185628747], "1/12/2016": [16.8, 0.024390243902439157], "1/13/2016": [17.95, 0.06845238095238086], "1/14/2016": [17.9, -0.0027855153203343017], "1/15/2016": [17.45, -0.025139664804469237], "1/18/2016": [18.7, 0.07163323782234958], "1/19/2016": [18.45, -0.013368983957219251], "1/20/2016": [17.5, -0.05149051490514901], "1/21/2016": [17.3, -0.011428571428571389], "1/22/2016": [17.2, -0.005780346820809331], "1/25/2016": [17.4, 0.011627906976744146], "1/26/2016": [17.35, -0.0028735632183906415], "1/27/2016": [17.05, -0.01729106628242079], "1/28/2016": [17.4, 0.02052785923753653], "1/29/2016": [17.6, 0.011494252873563383], "1/30/2016": [18.0, 0.022727272727272645], "2/1/2016": [17.8, -0.011111111111111072], "2/2/2016": [17.85, 0.0028089887640449836], "2/3/2016": [17.95, 0.005602240896358424], "2/15/2016": [18.3, 0.019498607242339913], "2/16/2016": [18.4, 0.005464480874316823], "2/17/2016": [18.2, -0.010869565217391266], "2/18/2016": [18.25, 0.0027472527472527865], "2/19/2016": [18.4, 0.008219178082191704], "2/22/2016": [18.2, -0.010869565217391266], "2/23/2016": [18.25, 0.0027472527472527865], "2/24/2016": [18.2, -0.0027397260273972993], "2/25/2016": [18.05, -0.008241758241758164], "2/26/2016": [18.4, 0.019390581717451404], "3/1/2016": [18.5, 0.00543478260869573], "3/2/2016": [20.35, 0.10000000000000007], "3/3/2016": [19.85, -0.02457002457002457], "3/4/2016": [20.15, 0.01511335012594444], "3/7/2016": [20.0, -0.007444168734491245], "3/8/2016": [20.6, 0.030000000000000072], "3/9/2016": [20.05, -0.026699029126213625], "3/10/2016": [20.4, 0.017456359102244284], "3/11/2016": [20.1, -0.014705882352941037], "3/14/2016": [19.8, -0.014925373134328393], "3/15/2016": [19.1, -0.03535353535353532], "3/16/2016": [19.6, 0.026178010471204185], "3/17/2016": [19.5, -0.005102040816326603], "3/18/2016": [19.45, -0.0025641025641026005], "3/21/2016": [19.05, -0.02056555269922872], "3/22/2016": [19.0, -0.002624671916010536], "3/23/2016": [18.85, -0.007894736842105189], "3/24/2016": [19.1, 0.01326259946949602], "3/25/2016": [18.95, -0.007853403141361367], "3/28/2016": [19.1, 0.007915567282322013], "3/29/2016": [18.75, -0.018324607329843003], "3/30/2016": [18.8, 0.0026666666666667047], "3/31/2016": [18.55, -0.013297872340425532], "4/1/2016": [18.35, -0.01078167115902961], "4/6/2016": [17.8, -0.029972752043596767], "4/7/2016": [17.85, 0.0028089887640449836], "4/8/2016": [18.25, 0.02240896358543409], "4/11/2016": [18.1, -0.008219178082191704], "4/12/2016": [18.1, 0.0], "4/13/2016": [18.15, 0.0027624309392263622], "4/14/2016": [18.4, 0.013774104683195593], "4/15/2016": [19.05, 0.035326086956521854], "4/18/2016": [18.8, -0.013123359580052493], "4/19/2016": [18.55, -0.013297872340425532], "4/20/2016": [18.2, -0.018867924528301962], "4/21/2016": [18.1, -0.005494505494505378], "4/22/2016": [18.1, 0.0], "4/25/2016": [18.2, 0.0055248618784529205], "4/26/2016": [18.35, 0.00824175824175836], "4/27/2016": [18.3, -0.002724795640327014], "4/28/2016": [18.1, -0.01092896174863384], "4/29/2016": [17.75, -0.01933701657458571], "5/3/2016": [17.35, -0.022535211267605555], "5/4/2016": [17.05, -0.01729106628242079], "5/5/2016": [17.1, 0.0029325513196481355], "5/6/2016": [17.3, 0.011695906432748496], "5/9/2016": [17.3, 0.0], "5/10/2016": [17.3, 0.0], "5/11/2016": [17.0, -0.017341040462427786], "5/12/2016": [17.0, 0.0], "5/13/2016": [16.6, -0.0235294117647058], "5/16/2016": [16.8, 0.012048192771084293], "5/17/2016": [16.7, -0.005952380952381037], "5/18/2016": [16.55, -0.008982035928143627], "5/19/2016": [16.65, 0.006042296072507424], "5/20/2016": [16.75, 0.006006006006006092], "5/23/2016": [17.05, 0.017910447761194073], "5/24/2016": [16.9, -0.008797653958944406], "5/25/2016": [17.1, 0.011834319526627389], "5/26/2016": [17.0, -0.005847953216374352], "5/27/2016": [17.1, 0.005882352941176554], "5/30/2016": [17.05, -0.002923976608187176], "5/31/2016": [17.0, -0.0029325513196481355], "6/1/2016": [17.4, 0.0235294117647058], "6/2/2016": [17.1, -0.017241379310344664], "6/3/2016": [17.05, -0.002923976608187176], "6/4/2016": [17.15, 0.005865102639296063], "6/6/2016": [17.05, -0.005830903790087339], "6/7/2016": [17.1, 0.0029325513196481355], "6/8/2016": [17.2, 0.005847953216374144], "6/13/2016": [16.75, -0.02616279069767438], "6/14/2016": [16.75, 0.0], "6/15/2016": [16.75, 0.0], "6/16/2016": [16.65, -0.005970149253731428], "6/17/2016": [16.8, 0.009009009009009137], "6/20/2016": [16.75, -0.0029761904761905185], "6/21/2016": [16.75, 0.0], "6/22/2016": [17.2, 0.026865671641791003], "6/23/2016": [17.15, -0.002906976744186088], "6/24/2016": [16.75, -0.023323615160349774], "6/27/2016": [16.9, 0.00895522388059693], "6/28/2016": [16.85, -0.002958579881656637], "6/29/2016": [17.05, 0.011869436201780372], "6/30/2016": [17.8, 0.0439882697947214], "7/1/2016": [17.65, -0.008426966292134951], "7/4/2016": [18.1, 0.02549575070821546], "7/5/2016": [17.95, -0.008287292817679676], "7/6/2016": [17.6, -0.019498607242339715], "7/7/2016": [17.6, 0.0], "7/11/2016": [17.6, 0.0], "7/12/2016": [17.65, 0.0028409090909089292], "7/13/2016": [17.7, 0.00283286118980174], "7/14/2016": [18.0, 0.016949152542372923], "7/15/2016": [17.95, -0.0027777777777778173], "7/18/2016": [17.05, -0.050139275766016636], "7/19/2016": [16.9, -0.008797653958944406], "7/20/2016": [16.7, -0.011834319526627177], "7/21/2016": [16.85, 0.00898203592814384], "7/22/2016": [16.7, -0.008902077151335437], "7/25/2016": [16.55, -0.008982035928143627], "7/26/2016": [16.45, -0.006042296072507639], "7/27/2016": [16.45, 0.0], "7/28/2016": [16.55, 0.006079027355623187], "7/29/2016": [16.5, -0.0030211480362538194], "8/1/2016": [16.55, 0.0030303030303030732], "8/2/2016": [16.45, -0.006042296072507639], "8/3/2016": [16.4, -0.0030395136778115935], "8/4/2016": [16.45, 0.0030487804878049215], "8/5/2016": [16.4, -0.0030395136778115935], "8/8/2016": [16.5, 0.006097560975609843], "8/9/2016": [16.4, -0.0060606060606061465], "8/10/2016": [16.5, 0.006097560975609843], "8/11/2016": [16.6, 0.0060606060606061465], "8/12/2016": [16.65, 0.0030120481927709128], "8/15/2016": [16.55, -0.0060060060060058785], "8/16/2016": [16.4, -0.009063444108761459], "8/17/2016": [16.45, 0.0030487804878049215], "8/18/2016": [16.3, -0.009118541033434565], "8/19/2016": [15.85, -0.027607361963190247], "8/22/2016": [15.55, -0.018927444794952616], "8/23/2016": [15.55, 0.0], "8/24/2016": [15.5, -0.0032154340836013317], "8/25/2016": [15.55, 0.003225806451612949], "8/26/2016": [15.45, -0.006430868167202663], "8/29/2016": [15.3, -0.009708737864077579], "8/30/2016": [15.0, -0.019607843137254947], "8/31/2016": [15.3, 0.02000000000000005], "9/1/2016": [16.05, 0.049019607843137254], "9/2/2016": [16.45, 0.024922118380062214], "9/5/2016": [16.35, -0.006079027355622971], "9/6/2016": [16.4, 0.003058103975534994], "9/7/2016": [16.35, -0.003048780487804705], "9/8/2016": [16.7, 0.021406727828746044], "9/9/2016": [16.7, 0.0], "9/10/2016": [16.55, -0.008982035928143627], "9/12/2016": [16.4, -0.009063444108761459], "9/13/2016": [16.05, -0.02134146341463402], "9/14/2016": [15.85, -0.012461059190031218], "9/19/2016": [15.95, 0.006309148264984205], "9/20/2016": [16.05, 0.006269592476489117], "9/21/2016": [15.9, -0.009345794392523386], "9/22/2016": [15.9, 0.0], "9/23/2016": [16.1, 0.012578616352201324], "9/26/2016": [15.95, -0.009316770186335536], "9/29/2016": [15.85, -0.006269592476489006], "9/30/2016": [15.9, 0.0031545741324921586], "10/3/2016": [15.85, -0.003144654088050359], "10/4/2016": [15.95, 0.006309148264984205], "10/5/2016": [15.85, -0.006269592476489006], "10/6/2016": [15.9, 0.0031545741324921586], "10/7/2016": [15.8, -0.006289308176100607], "10/11/2016": [15.55, -0.01582278481012658], "10/12/2016": [15.55, 0.0], "10/13/2016": [15.65, 0.006430868167202549], "10/14/2016": [15.55, -0.006389776357827453],