{"1/4/2016": [35.6, ""], "1/5/2016": [34.4, -0.0337078651685394], "1/6/2016": [33.9, -0.014534883720930232], "1/7/2016": [31.7, -0.06489675516224187], "1/8/2016": [32.75, 0.033123028391167215], "1/11/2016": [32.1, -0.019847328244274764], "1/12/2016": [30.85, -0.03894080996884735], "1/13/2016": [31.5, 0.021069692058346794], "1/14/2016": [31.0, -0.015873015873015872], "1/15/2016": [32.0, 0.03225806451612903], "1/18/2016": [33.4, 0.043749999999999956], "1/19/2016": [33.3, -0.002994011976047947], "1/20/2016": [32.0, -0.03903903903903896], "1/21/2016": [31.3, -0.021874999999999978], "1/22/2016": [31.3, 0.0], "1/25/2016": [32.1, 0.025559105431309927], "1/26/2016": [31.8, -0.009345794392523386], "1/27/2016": [31.5, -0.009433962264150966], "1/28/2016": [31.4, -0.0031746031746032197], "1/29/2016": [32.2, 0.025477707006369563], "1/30/2016": [32.75, 0.017080745341614818], "2/1/2016": [32.5, -0.007633587786259542], "2/2/2016": [32.05, -0.013846153846153933], "2/3/2016": [32.0, -0.0015600624024960112], "2/15/2016": [31.7, -0.009375000000000022], "2/16/2016": [32.4, 0.022082018927444772], "2/17/2016": [32.8, 0.012345679012345635], "2/18/2016": [33.4, 0.018292682926829312], "2/19/2016": [32.95, -0.013473053892215443], "2/22/2016": [32.05, -0.027314112291350702], "2/23/2016": [32.45, 0.012480499219968978], "2/24/2016": [32.85, 0.01232665639445296], "2/25/2016": [32.55, -0.00913242009132433], "2/26/2016": [32.7, 0.004608294930875751], "3/1/2016": [32.9, 0.0061162079510702055], "3/2/2016": [33.15, 0.007598784194528876], "3/3/2016": [33.15, 0.0], "3/4/2016": [33.15, 0.0], "3/7/2016": [32.85, -0.009049773755656023], "3/8/2016": [32.7, -0.004566210045662057], "3/9/2016": [34.65, 0.059633027522935644], "3/10/2016": [34.25, -0.011544011544011504], "3/11/2016": [34.15, -0.0029197080291971217], "3/14/2016": [34.1, -0.0014641288433381305], "3/15/2016": [33.4, -0.02052785923753674], "3/16/2016": [33.8, 0.011976047904191574], "3/17/2016": [33.1, -0.02071005917159751], "3/18/2016": [32.9, -0.006042296072507639], "3/21/2016": [33.7, 0.024316109422492533], "3/22/2016": [33.3, -0.011869436201780582], "3/23/2016": [32.9, -0.01201201201201197], "3/24/2016": [32.25, -0.019756838905775034], "3/25/2016": [32.1, -0.00465116279069763], "3/28/2016": [31.45, -0.020249221183800688], "3/29/2016": [30.05, -0.044515103338632706], "3/30/2016": [30.7, 0.021630615640598955], "3/31/2016": [31.5, 0.02605863192182413], "4/1/2016": [31.1, -0.012698412698412653], "4/6/2016": [30.25, -0.02733118971061098], "4/7/2016": [30.3, 0.0016528925619834947], "4/8/2016": [30.5, 0.006600660066006577], "4/11/2016": [30.3, -0.0065573770491803044], "4/12/2016": [29.9, -0.013201320132013271], "4/13/2016": [30.05, 0.005016722408026827], "4/14/2016": [30.25, 0.006655574043261207], "4/15/2016": [30.1, -0.004958677685950366], "4/18/2016": [30.1, 0.0], "4/19/2016": [30.5, 0.01328903654485045], "4/20/2016": [30.1, -0.013114754098360609], "4/21/2016": [29.9, -0.006644518272425343], "4/22/2016": [29.8, -0.0033444816053510994], "4/25/2016": [29.85, 0.0016778523489933124], "4/26/2016": [30.95, 0.03685092127303175], "4/27/2016": [30.75, -0.0064620355411954536], "4/28/2016": [30.25, -0.016260162601626018], "4/29/2016": [29.75, -0.01652892561983471], "5/3/2016": [29.7, -0.001680672268907587], "5/4/2016": [28.3, -0.04713804713804709], "5/5/2016": [28.55, 0.0088339222614841], "5/6/2016": [28.55, 0.0], "5/9/2016": [27.8, -0.02626970227670753], "5/10/2016": [28.1, 0.010791366906474845], "5/11/2016": [27.8, -0.010676156583629918], "5/12/2016": [27.2, -0.02158273381294969], "5/13/2016": [26.85, -0.01286764705882345], "5/16/2016": [27.5, 0.024208566108007396], "5/17/2016": [28.05, 0.020000000000000025], "5/18/2016": [28.4, 0.012477718360071225], "5/19/2016": [27.8, -0.02112676056338021], "5/20/2016": [27.8, 0.0], "5/23/2016": [28.7, 0.03237410071942441], "5/24/2016": [28.5, -0.006968641114982554], "5/25/2016": [28.7, 0.007017543859649098], "5/26/2016": [28.55, -0.005226480836236885], "5/27/2016": [28.6, 0.0017513134851138603], "5/30/2016": [29.3, 0.024475524475524448], "5/31/2016": [29.3, 0.0], "6/1/2016": [29.15, -0.0051194539249147485], "6/2/2016": [28.7, -0.015437392795883338], "6/3/2016": [28.8, 0.0034843205574913386], "6/4/2016": [28.5, -0.01041666666666669], "6/6/2016": [28.35, -0.0052631578947367925], "6/7/2016": [28.35, 0.0], "6/8/2016": [28.4, 0.0017636684303349967], "6/13/2016": [28.05, -0.012323943661971757], "6/14/2016": [28.25, 0.007130124777183575], "6/15/2016": [28.65, 0.01415929203539818], "6/16/2016": [28.1, -0.019197207678882975], "6/17/2016": [28.2, 0.0035587188612098883], "6/20/2016": [28.1, -0.0035460992907800663], "6/21/2016": [28.2, 0.0035587188612098883], "6/22/2016": [28.15, -0.0017730496453900962], "6/23/2016": [29.8, 0.05861456483126118], "6/24/2016": [28.1, -0.057046979865771785], "6/27/2016": [28.5, 0.014234875444839807], "6/28/2016": [28.5, 0.0], "6/29/2016": [28.7, 0.007017543859649098], "6/30/2016": [28.95, 0.008710801393728223], "7/1/2016": [29.1, 0.005181347150259141], "7/4/2016": [29.1, 0.0], "7/5/2016": [32.0, 0.0996563573883161], "7/6/2016": [32.4, 0.012499999999999956], "7/7/2016": [32.5, 0.003086419753086464], "7/11/2016": [31.9, -0.018461538461538505], "7/12/2016": [32.15, 0.007836990595611286], "7/13/2016": [32.0, -0.00466562986003106], "7/14/2016": [32.4, 0.012499999999999956], "7/15/2016": [33.25, 0.02623456790123461], "7/18/2016": [34.6, 0.04060150375939854], "7/19/2016": [34.35, -0.0072254335260115606], "7/20/2016": [33.95, -0.011644832605531254], "7/21/2016": [33.75, -0.005891016200294634], "7/22/2016": [33.0, -0.022222222222222223], "7/25/2016": [32.15, -0.025757575757575802], "7/26/2016": [32.55, 0.012441679626749568], "7/27/2016": [31.9, -0.01996927803379412], "7/28/2016": [31.6, -0.009404388714733454], "7/29/2016": [31.15, -0.014240506329114014], "8/1/2016": [31.85, 0.022471910112359644], "8/2/2016": [31.95, 0.003139717425431644], "8/3/2016": [31.6, -0.01095461658841934], "8/4/2016": [31.45, -0.004746835443038042], "8/5/2016": [31.3, -0.004769475357710606], "8/8/2016": [31.1, -0.006389776357827453], "8/9/2016": [30.6, -0.01607717041800643], "8/10/2016": [30.45, -0.004901960784313795], "8/11/2016": [30.7, 0.008210180623973728], "8/12/2016": [30.9, 0.006514657980456003], "8/15/2016": [30.2, -0.022653721682847874], "8/16/2016": [30.5, 0.009933774834437109], "8/17/2016": [30.15, -0.01147540983606562], "8/18/2016": [30.1, -0.0016583747927030566], "8/19/2016": [30.0, -0.0033222591362126715], "8/22/2016": [29.5, -0.016666666666666666], "8/23/2016": [29.8, 0.010169491525423752], "8/24/2016": [29.6, -0.00671140939597313], "8/25/2016": [29.8, 0.006756756756756733], "8/26/2016": [30.25, 0.015100671140939574], "8/29/2016": [30.0, -0.008264462809917356], "8/30/2016": [30.65, 0.02166666666666662], "8/31/2016": [30.4, -0.008156606851549756], "9/1/2016": [30.6, 0.006578947368421147], "9/2/2016": [30.35, -0.008169934640522876], "9/5/2016": [30.65, 0.009884678747940598], "9/6/2016": [30.6, -0.0016313213703098583], "9/7/2016": [30.7, 0.0032679738562090806], "9/8/2016": [30.7, 0.0], "9/9/2016": [30.7, 0.0], "9/10/2016": [30.1, -0.01954397394136801], "9/12/2016": [31.05, 0.03156146179401991], "9/13/2016": [31.1, 0.0016103059581320679], "9/14/2016": [30.9, -0.006430868167202663], "9/19/2016": [31.6, 0.022653721682847988], "9/20/2016": [31.3, -0.009493670886075972], "9/21/2016": [31.4, 0.00319488817891367], "9/22/2016": [31.2, -0.0063694267515923345], "9/23/2016": [32.0, 0.025641025641025664], "9/26/2016": [31.75, -0.0078125], "9/29/2016": [32.5, 0.023622047244094488], "9/30/2016": [32.8, 0.009230769230769143], "10/3/2016": [33.1, 0.009146341463414765], "10/4/2016": [33.45, 0.01057401812688826], "10/5/2016": [32.65, -0.023916292974589064], "10/6/2016": [33.1, 0.013782542113323212], "10/7/2016": [33.0, -0.0030211480362538194], "10/11/2016": [30.8, -0.06666666666666665], "10/12/2016": [30.7, -0.003246753246753293], "10/13/2016": [30.4, -0.009771986970684063], "10/14/2016": [30.15, -0.008223684210526315],