{"1/4/2016": [111.5, ""], "1/5/2016": [111.0, -0.004484304932735426], "1/6/2016": [104.0, -0.06306306306306306], "1/7/2016": [102.0, -0.019230769230769232], "1/8/2016": [106.5, 0.04411764705882353], "1/11/2016": [101.0, -0.051643192488262914], "1/12/2016": [96.2, -0.0475247524752475], "1/13/2016": [97.5, 0.013513513513513483], "1/14/2016": [94.1, -0.03487179487179493], "1/15/2016": [92.8, -0.01381509032943674], "1/18/2016": [97.8, 0.05387931034482759], "1/19/2016": [104.5, 0.06850715746421271], "1/20/2016": [98.3, -0.059330143540669886], "1/21/2016": [98.4, 0.0010172939979654987], "1/22/2016": [99.7, 0.013211382113821108], "1/25/2016": [102.5, 0.028084252758274794], "1/26/2016": [100.5, -0.01951219512195122], "1/27/2016": [99.1, -0.013930348258706524], "1/28/2016": [99.8, 0.007063572149344126], "1/29/2016": [104.0, 0.042084168336673375], "1/30/2016": [106.0, 0.019230769230769232], "2/1/2016": [103.5, -0.02358490566037736], "2/2/2016": [102.5, -0.00966183574879227], "2/3/2016": [100.0, -0.024390243902439025], "2/15/2016": [91.8, -0.08200000000000003], "2/16/2016": [93.4, 0.017429193899782227], "2/17/2016": [96.7, 0.03533190578158455], "2/18/2016": [100.0, 0.034126163391933785], "2/19/2016": [100.5, 0.005], "2/22/2016": [101.5, 0.009950248756218905], "2/23/2016": [101.5, 0.0], "2/24/2016": [99.3, -0.021674876847290667], "2/25/2016": [103.5, 0.0422960725075529], "2/26/2016": [101.5, -0.01932367149758454], "3/1/2016": [104.5, 0.029556650246305417], "3/2/2016": [106.0, 0.014354066985645933], "3/3/2016": [105.0, -0.009433962264150943], "3/4/2016": [109.0, 0.0380952380952381], "3/7/2016": [107.0, -0.01834862385321101], "3/8/2016": [107.5, 0.004672897196261682], "3/9/2016": [105.0, -0.023255813953488372], "3/10/2016": [105.0, 0.0], "3/11/2016": [105.5, 0.004761904761904762], "3/14/2016": [106.0, 0.004739336492890996], "3/15/2016": [106.5, 0.0047169811320754715], "3/16/2016": [109.0, 0.023474178403755867], "3/17/2016": [110.0, 0.009174311926605505], "3/18/2016": [107.0, -0.02727272727272727], "3/21/2016": [108.5, 0.014018691588785047], "3/22/2016": [104.5, -0.03686635944700461], "3/23/2016": [104.5, 0.0], "3/24/2016": [103.0, -0.014354066985645933], "3/25/2016": [102.5, -0.0048543689320388345], "3/28/2016": [103.5, 0.00975609756097561], "3/29/2016": [102.0, -0.014492753623188406], "3/30/2016": [105.5, 0.03431372549019608], "3/31/2016": [104.0, -0.014218009478672985], "4/1/2016": [104.0, 0.0], "4/6/2016": [101.0, -0.028846153846153848], "4/7/2016": [99.3, -0.01683168316831686], "4/8/2016": [100.0, 0.007049345417925507], "4/11/2016": [97.4, -0.025999999999999943], "4/12/2016": [94.5, -0.029774127310061658], "4/13/2016": [95.8, 0.013756613756613727], "4/14/2016": [95.7, -0.001043841336116851], "4/15/2016": [94.0, -0.017763845350052276], "4/18/2016": [92.5, -0.015957446808510637], "4/19/2016": [93.1, 0.0064864864864864254], "4/20/2016": [93.2, 0.001074113856068835], "4/21/2016": [92.0, -0.012875536480686725], "4/22/2016": [88.6, -0.0369565217391305], "4/25/2016": [89.0, 0.004514672686230313], "4/26/2016": [93.4, 0.049438202247191074], "4/27/2016": [91.0, -0.02569593147751612], "4/28/2016": [89.6, -0.015384615384615448], "4/29/2016": [88.0, -0.017857142857142794], "5/3/2016": [87.8, -0.002272727272727305], "5/4/2016": [86.2, -0.018223234624145723], "5/5/2016": [85.1, -0.012761020881670632], "5/6/2016": [83.9, -0.014101057579318316], "5/9/2016": [81.1, -0.033373063170441135], "5/10/2016": [82.5, 0.017262638717632624], "5/11/2016": [85.7, 0.03878787878787882], "5/12/2016": [83.0, -0.03150525087514589], "5/13/2016": [83.5, 0.006024096385542169], "5/16/2016": [85.0, 0.017964071856287425], "5/17/2016": [86.6, 0.01882352941176464], "5/18/2016": [85.3, -0.015011547344110823], "5/19/2016": [84.4, -0.010550996483001073], "5/20/2016": [84.1, -0.0035545023696683807], "5/23/2016": [87.5, 0.04042806183115346], "5/24/2016": [87.8, 0.0034285714285713963], "5/25/2016": [91.4, 0.041002277904328116], "5/26/2016": [89.9, -0.016411378555798686], "5/27/2016": [89.8, -0.0011123470522804062], "5/30/2016": [90.7, 0.010022271714922112], "5/31/2016": [90.4, -0.003307607497243629], "6/1/2016": [91.2, 0.008849557522123862], "6/2/2016": [91.4, 0.002192982456140382], "6/3/2016": [90.1, -0.014223194748358986], "6/4/2016": [89.7, -0.0044395116537179966], "6/6/2016": [90.4, 0.007803790412486096], "6/7/2016": [90.3, -0.001106194690265581], "6/8/2016": [91.2, 0.009966777408637937], "6/13/2016": [90.1, -0.012061403508772023], "6/14/2016": [90.7, 0.006659267480577232], "6/15/2016": [90.5, -0.002205071664829138], "6/16/2016": [90.6, 0.001104972375690545], "6/17/2016": [90.2, -0.0044150110375275], "6/20/2016": [92.8, 0.02882483370288242], "6/21/2016": [96.8, 0.04310344827586207], "6/22/2016": [96.3, -0.005165289256198347], "6/23/2016": [95.0, -0.013499480789200387], "6/24/2016": [92.2, -0.029473684210526287], "6/27/2016": [96.0, 0.04121475054229932], "6/28/2016": [89.6, -0.06666666666666672], "6/29/2016": [89.1, -0.005580357142857143], "6/30/2016": [88.4, -0.007856341189674395], "7/1/2016": [88.2, -0.002262443438914059], "7/4/2016": [89.8, 0.018140589569160932], "7/5/2016": [88.8, -0.011135857461024499], "7/6/2016": [86.9, -0.021396396396396303], "7/7/2016": [86.8, -0.0011507479861911222], "7/11/2016": [89.0, 0.0253456221198157], "7/12/2016": [89.1, 0.0011235955056179137], "7/13/2016": [89.5, 0.00448933782267122], "7/14/2016": [92.1, 0.029050279329608877], "7/15/2016": [93.6, 0.016286644951140065], "7/18/2016": [94.9, 0.013888888888889011], "7/19/2016": [94.7, -0.002107481559536384], "7/20/2016": [94.7, 0.0], "7/21/2016": [97.3, 0.027455121436113984], "7/22/2016": [98.0, 0.007194244604316576], "7/25/2016": [95.7, -0.023469387755102013], "7/26/2016": [97.7, 0.02089864158829676], "7/27/2016": [99.5, 0.01842374616171952], "7/28/2016": [98.1, -0.014070351758794028], "7/29/2016": [97.9, -0.0020387359836899965], "8/1/2016": [100.0, 0.021450459652706786], "8/2/2016": [99.4, -0.005999999999999943], "8/3/2016": [98.6, -0.008048289738430697], "8/4/2016": [103.5, 0.049695740365111624], "8/5/2016": [107.5, 0.03864734299516908], "8/8/2016": [118.0, 0.09767441860465116], "8/9/2016": [119.0, 0.00847457627118644], "8/10/2016": [130.5, 0.09663865546218488], "8/11/2016": [135.5, 0.038314176245210725], "8/12/2016": [135.0, -0.0036900369003690036], "8/15/2016": [137.5, 0.018518518518518517], "8/16/2016": [151.0, 0.09818181818181818], "8/17/2016": [151.5, 0.0033112582781456954], "8/18/2016": [158.5, 0.0462046204620462], "8/19/2016": [156.5, -0.012618296529968454], "8/22/2016": [151.5, -0.03194888178913738], "8/23/2016": [158.0, 0.0429042904290429], "8/24/2016": [150.0, -0.05063291139240506], "8/25/2016": [150.0, 0.0], "8/26/2016": [153.0, 0.02], "8/29/2016": [152.0, -0.006535947712418301], "8/30/2016": [153.0, 0.006578947368421052], "8/31/2016": [156.0, 0.0196078431372549], "9/1/2016": [151.5, -0.028846153846153848], "9/2/2016": [143.0, -0.056105610561056105], "9/5/2016": [146.5, 0.024475524475524476], "9/6/2016": [161.0, 0.09897610921501707], "9/7/2016": [161.0, 0.0], "9/8/2016": [162.5, 0.009316770186335404], "9/9/2016": [168.0, 0.033846153846153845], "9/10/2016": [164.0, -0.023809523809523808], "9/12/2016": [156.0, -0.04878048780487805], "9/13/2016": [153.0, -0.019230769230769232], "9/14/2016": [157.0, 0.026143790849673203], "9/19/2016": [159.0, 0.012738853503184714], "9/20/2016": [155.0, -0.025157232704402517], "9/21/2016": [153.5, -0.00967741935483871], "9/22/2016": [149.0, -0.029315960912052116], "9/23/2016": [150.5, 0.010067114093959731], "9/26/2016": [137.0, -0.08970099667774087], "9/29/2016": [137.5, 0.0036496350364963502], "9/30/2016": [139.0, 0.01090909090909091], "10/3/2016": [132.5, -0.046762589928057555], "10/4/2016": [133.5, 0.007547169811320755], "10/5/2016": [132.0, -0.011235955056179775], "10/6/2016": [123.0, -0.06818181818181818], "10/7/2016": [124.5, 0.012195121951219513], "10/11/2016": [112.5, -0.0963855421686747], "10/12/2016": [113.0, 0.0044444444444444444],