{"1/4/2016": [216.5, ""], "1/5/2016": [218.0, 0.006928406466512702], "1/6/2016": [208.0, -0.045871559633027525], "1/7/2016": [194.0, -0.0673076923076923], "1/8/2016": [210.0, 0.08247422680412371], "1/11/2016": [221.0, 0.05238095238095238], "1/12/2016": [218.0, -0.013574660633484163], "1/13/2016": [224.0, 0.027522935779816515], "1/14/2016": [231.5, 0.033482142857142856], "1/15/2016": [224.0, -0.032397408207343416], "1/18/2016": [233.5, 0.04241071428571429], "1/19/2016": [237.5, 0.017130620985010708], "1/20/2016": [224.5, -0.05473684210526316], "1/21/2016": [225.0, 0.0022271714922048997], "1/22/2016": [225.0, 0.0], "1/25/2016": [236.0, 0.04888888888888889], "1/26/2016": [232.0, -0.01694915254237288], "1/27/2016": [254.0, 0.09482758620689655], "1/28/2016": [261.0, 0.027559055118110236], "1/29/2016": [262.0, 0.0038314176245210726], "1/30/2016": [270.0, 0.030534351145038167], "2/1/2016": [266.5, -0.012962962962962963], "2/2/2016": [293.0, 0.09943714821763602], "2/3/2016": [279.5, -0.04607508532423208], "2/15/2016": [280.5, 0.0035778175313059034], "2/16/2016": [308.5, 0.09982174688057041], "2/17/2016": [296.0, -0.04051863857374392], "2/18/2016": [296.0, 0.0], "2/19/2016": [302.0, 0.02027027027027027], "2/22/2016": [306.0, 0.013245033112582781], "2/23/2016": [306.0, 0.0], "2/24/2016": [310.0, 0.013071895424836602], "2/25/2016": [307.0, -0.00967741935483871], "2/26/2016": [307.5, 0.0016286644951140066], "3/1/2016": [310.0, 0.008130081300813009], "3/2/2016": [309.0, -0.0032258064516129032], "3/3/2016": [307.0, -0.006472491909385114], "3/4/2016": [298.5, -0.02768729641693811], "3/7/2016": [301.5, 0.010050251256281407], "3/8/2016": [303.0, 0.004975124378109453], "3/9/2016": [331.0, 0.0924092409240924], "3/10/2016": [322.0, -0.027190332326283987], "3/11/2016": [325.0, 0.009316770186335404], "3/14/2016": [341.0, 0.04923076923076923], "3/15/2016": [328.5, -0.036656891495601175], "3/16/2016": [327.5, -0.0030441400304414], "3/17/2016": [312.0, -0.04732824427480916], "3/18/2016": [319.0, 0.022435897435897436], "3/21/2016": [329.0, 0.03134796238244514], "3/22/2016": [324.0, -0.015197568389057751], "3/23/2016": [313.0, -0.033950617283950615], "3/24/2016": [310.0, -0.009584664536741214], "3/25/2016": [312.5, 0.008064516129032258], "3/28/2016": [308.5, -0.0128], "3/29/2016": [303.0, -0.017828200972447326], "3/30/2016": [316.5, 0.04455445544554455], "3/31/2016": [319.0, 0.007898894154818325], "4/1/2016": [320.0, 0.003134796238244514], "4/6/2016": [328.0, 0.025], "4/7/2016": [332.5, 0.013719512195121951], "4/8/2016": [340.0, 0.022556390977443608], "4/11/2016": [335.0, -0.014705882352941176], "4/12/2016": [320.0, -0.04477611940298507], "4/13/2016": [323.0, 0.009375], "4/14/2016": [337.0, 0.043343653250773995], "4/15/2016": [347.5, 0.03115727002967359], "4/18/2016": [350.0, 0.007194244604316547], "4/19/2016": [356.0, 0.017142857142857144], "4/20/2016": [349.5, -0.018258426966292134], "4/21/2016": [352.0, 0.00715307582260372], "4/22/2016": [338.0, -0.03977272727272727], "4/25/2016": [333.0, -0.014792899408284023], "4/26/2016": [335.0, 0.006006006006006006], "4/27/2016": [312.0, -0.06865671641791045], "4/28/2016": [304.0, -0.02564102564102564], "4/29/2016": [300.0, -0.013157894736842105], "5/3/2016": [315.5, 0.051666666666666666], "5/4/2016": [327.0, 0.03645007923930269], "5/5/2016": [320.0, -0.021406727828746176], "5/6/2016": [315.0, -0.015625], "5/9/2016": [310.0, -0.015873015873015872], "5/10/2016": [322.0, 0.03870967741935484], "5/11/2016": [310.0, -0.037267080745341616], "5/12/2016": [311.0, 0.0032258064516129032], "5/13/2016": [300.5, -0.03376205787781351], "5/16/2016": [303.5, 0.009983361064891847], "5/17/2016": [310.0, 0.0214168039538715], "5/18/2016": [308.0, -0.0064516129032258064], "5/19/2016": [304.0, -0.012987012987012988], "5/20/2016": [307.0, 0.009868421052631578], "5/23/2016": [327.0, 0.06514657980456026], "5/24/2016": [319.0, -0.024464831804281346], "5/25/2016": [318.0, -0.003134796238244514], "5/26/2016": [322.0, 0.012578616352201259], "5/27/2016": [317.5, -0.013975155279503106], "5/30/2016": [320.0, 0.007874015748031496], "5/31/2016": [329.0, 0.028125], "6/1/2016": [329.0, 0.0], "6/2/2016": [318.5, -0.031914893617021274], "6/3/2016": [316.5, -0.006279434850863423], "6/4/2016": [315.5, -0.00315955766192733], "6/6/2016": [321.0, 0.017432646592709985], "6/7/2016": [325.0, 0.012461059190031152], "6/8/2016": [320.0, -0.015384615384615385], "6/13/2016": [311.5, -0.0265625], "6/14/2016": [316.0, 0.014446227929373997], "6/15/2016": [318.0, 0.006329113924050633], "6/16/2016": [316.0, -0.006289308176100629], "6/17/2016": [314.5, -0.004746835443037975], "6/20/2016": [327.5, 0.04133545310015898], "6/21/2016": [322.5, -0.015267175572519083], "6/22/2016": [329.0, 0.020155038759689922], "6/23/2016": [321.5, -0.022796352583586626], "6/24/2016": [300.0, -0.06687402799377916], "6/27/2016": [305.5, 0.018333333333333333], "6/28/2016": [305.5, 0.0], "6/29/2016": [311.0, 0.01800327332242226], "6/30/2016": [306.5, -0.014469453376205787], "7/1/2016": [305.0, -0.004893964110929853], "7/4/2016": [300.0, -0.01639344262295082], "7/5/2016": [299.0, -0.0033333333333333335], "7/6/2016": [299.5, 0.0016722408026755853], "7/7/2016": [294.0, -0.018363939899833055], "7/11/2016": [293.0, -0.003401360544217687], "7/12/2016": [297.0, 0.013651877133105802], "7/13/2016": [303.0, 0.020202020202020204], "7/14/2016": [300.5, -0.00825082508250825], "7/15/2016": [308.0, 0.024958402662229616], "7/18/2016": [308.0, 0.0], "7/19/2016": [305.5, -0.008116883116883116], "7/20/2016": [300.5, -0.016366612111292964], "7/21/2016": [303.5, 0.009983361064891847], "7/22/2016": [304.5, 0.0032948929159802307], "7/25/2016": [301.0, -0.011494252873563218], "7/26/2016": [300.0, -0.0033222591362126247], "7/27/2016": [298.0, -0.006666666666666667], "7/28/2016": [288.0, -0.03355704697986577], "7/29/2016": [283.0, -0.017361111111111112], "8/1/2016": [288.0, 0.0176678445229682], "8/2/2016": [295.0, 0.024305555555555556], "8/3/2016": [292.0, -0.010169491525423728], "8/4/2016": [297.0, 0.017123287671232876], "8/5/2016": [297.5, 0.0016835016835016834], "8/8/2016": [298.5, 0.0033613445378151263], "8/9/2016": [292.5, -0.020100502512562814], "8/10/2016": [295.0, 0.008547008547008548], "8/11/2016": [295.0, 0.0], "8/12/2016": [296.5, 0.005084745762711864], "8/15/2016": [300.0, 0.011804384485666104], "8/16/2016": [303.5, 0.011666666666666667], "8/17/2016": [304.0, 0.0016474464579901153], "8/18/2016": [303.0, -0.003289473684210526], "8/19/2016": [304.0, 0.0033003300330033004], "8/22/2016": [309.0, 0.01644736842105263], "8/23/2016": [301.5, -0.024271844660194174], "8/24/2016": [306.0, 0.014925373134328358], "8/25/2016": [306.5, 0.0016339869281045752], "8/26/2016": [308.0, 0.004893964110929853], "8/29/2016": [309.0, 0.003246753246753247], "8/30/2016": [309.0, 0.0], "8/31/2016": [309.0, 0.0], "9/1/2016": [312.5, 0.011326860841423949], "9/2/2016": [320.0, 0.024], "9/5/2016": [338.5, 0.0578125], "9/6/2016": [342.0, 0.0103397341211226], "9/7/2016": [341.0, -0.0029239766081871343], "9/8/2016": [343.5, 0.007331378299120235], "9/9/2016": [335.0, -0.024745269286754003], "9/10/2016": [328.0, -0.020895522388059702], "9/12/2016": [336.0, 0.024390243902439025], "9/13/2016": [329.0, -0.020833333333333332], "9/14/2016": [331.5, 0.007598784194528876], "9/19/2016": [344.0, 0.03770739064856712], "9/20/2016": [339.0, -0.014534883720930232], "9/21/2016": [337.5, -0.004424778761061947], "9/22/2016": [339.0, 0.0044444444444444444], "9/23/2016": [337.0, -0.0058997050147492625], "9/26/2016": [332.0, -0.01483679525222552], "9/29/2016": [320.0, -0.03614457831325301], "9/30/2016": [319.5, -0.0015625], "10/3/2016": [324.0, 0.014084507042253521], "10/4/2016": [326.0, 0.006172839506172839], "10/5/2016": [328.0, 0.006134969325153374], "10/6/2016": [325.0, -0.009146341463414634], "10/7/2016": [325.0, 0.0], "10/11/2016": [331.0, 0.018461538461538463], "10/12/2016": [326.0, -0.015105740181268883], "10/13/2016": [326.5, 0.0015337423312883436],