{"1/4/2016": [163.0, ""], "1/5/2016": [165.0, 0.012269938650306749], "1/6/2016": [163.0, -0.012121212121212121], "1/7/2016": [166.5, 0.02147239263803681], "1/8/2016": [180.0, 0.08108108108108109], "1/11/2016": [172.5, -0.041666666666666664], "1/12/2016": [170.5, -0.011594202898550725], "1/13/2016": [168.5, -0.011730205278592375], "1/14/2016": [166.0, -0.01483679525222552], "1/15/2016": [166.0, 0.0], "1/18/2016": [167.0, 0.006024096385542169], "1/19/2016": [164.0, -0.017964071856287425], "1/20/2016": [158.5, -0.03353658536585366], "1/21/2016": [161.5, 0.01892744479495268], "1/22/2016": [163.0, 0.009287925696594427], "1/25/2016": [165.0, 0.012269938650306749], "1/26/2016": [164.5, -0.0030303030303030303], "1/27/2016": [165.0, 0.00303951367781155], "1/28/2016": [168.5, 0.021212121212121213], "1/29/2016": [178.0, 0.05637982195845697], "1/30/2016": [176.5, -0.008426966292134831], "2/1/2016": [176.5, 0.0], "2/2/2016": [173.5, -0.0169971671388102], "2/3/2016": [170.5, -0.01729106628242075], "2/15/2016": [175.5, 0.02932551319648094], "2/16/2016": [174.5, -0.005698005698005698], "2/17/2016": [178.0, 0.02005730659025788], "2/18/2016": [184.5, 0.03651685393258427], "2/19/2016": [182.0, -0.013550135501355014], "2/22/2016": [183.0, 0.005494505494505495], "2/23/2016": [180.0, -0.01639344262295082], "2/24/2016": [177.5, -0.013888888888888888], "2/25/2016": [177.5, 0.0], "2/26/2016": [180.5, 0.016901408450704224], "3/1/2016": [182.0, 0.008310249307479225], "3/2/2016": [182.0, 0.0], "3/3/2016": [179.0, -0.016483516483516484], "3/4/2016": [178.5, -0.002793296089385475], "3/7/2016": [177.0, -0.008403361344537815], "3/8/2016": [171.5, -0.031073446327683617], "3/9/2016": [171.5, 0.0], "3/10/2016": [174.5, 0.01749271137026239], "3/11/2016": [174.0, -0.0028653295128939827], "3/14/2016": [173.0, -0.005747126436781609], "3/15/2016": [174.0, 0.005780346820809248], "3/16/2016": [176.0, 0.011494252873563218], "3/17/2016": [178.5, 0.014204545454545454], "3/18/2016": [183.0, 0.025210084033613446], "3/21/2016": [184.0, 0.00546448087431694], "3/22/2016": [179.5, -0.024456521739130436], "3/23/2016": [168.0, -0.06406685236768803], "3/24/2016": [168.0, 0.0], "3/25/2016": [168.5, 0.002976190476190476], "3/28/2016": [169.5, 0.005934718100890208], "3/29/2016": [170.0, 0.0029498525073746312], "3/30/2016": [170.0, 0.0], "3/31/2016": [171.0, 0.0058823529411764705], "4/1/2016": [170.5, -0.0029239766081871343], "4/6/2016": [165.0, -0.03225806451612903], "4/7/2016": [163.0, -0.012121212121212121], "4/8/2016": [165.5, 0.015337423312883436], "4/11/2016": [164.5, -0.006042296072507553], "4/12/2016": [158.5, -0.0364741641337386], "4/13/2016": [157.0, -0.00946372239747634], "4/14/2016": [154.0, -0.01910828025477707], "4/15/2016": [158.0, 0.025974025974025976], "4/18/2016": [157.5, -0.0031645569620253164], "4/19/2016": [158.5, 0.006349206349206349], "4/20/2016": [153.0, -0.03470031545741325], "4/21/2016": [146.0, -0.0457516339869281], "4/22/2016": [148.5, 0.017123287671232876], "4/25/2016": [146.0, -0.016835016835016835], "4/26/2016": [151.0, 0.03424657534246575], "4/27/2016": [148.5, -0.016556291390728478], "4/28/2016": [145.0, -0.02356902356902357], "4/29/2016": [139.0, -0.041379310344827586], "5/3/2016": [139.0, 0.0], "5/4/2016": [134.5, -0.03237410071942446], "5/5/2016": [137.0, 0.01858736059479554], "5/6/2016": [132.5, -0.032846715328467155], "5/9/2016": [126.5, -0.045283018867924525], "5/10/2016": [133.0, 0.05138339920948617], "5/11/2016": [131.0, -0.015037593984962405], "5/12/2016": [123.5, -0.05725190839694656], "5/13/2016": [128.0, 0.03643724696356275], "5/16/2016": [126.0, -0.015625], "5/17/2016": [129.0, 0.023809523809523808], "5/18/2016": [128.0, -0.007751937984496124], "5/19/2016": [124.0, -0.03125], "5/20/2016": [128.0, 0.03225806451612903], "5/23/2016": [139.0, 0.0859375], "5/24/2016": [133.5, -0.039568345323741004], "5/25/2016": [137.0, 0.026217228464419477], "5/26/2016": [136.5, -0.0036496350364963502], "5/27/2016": [135.5, -0.007326007326007326], "5/30/2016": [139.0, 0.025830258302583026], "5/31/2016": [136.5, -0.017985611510791366], "6/1/2016": [136.5, 0.0], "6/2/2016": [131.0, -0.040293040293040296], "6/3/2016": [127.0, -0.030534351145038167], "6/4/2016": [128.0, 0.007874015748031496], "6/6/2016": [126.5, -0.01171875], "6/7/2016": [128.5, 0.015810276679841896], "6/8/2016": [130.5, 0.01556420233463035], "6/13/2016": [128.0, -0.019157088122605363], "6/14/2016": [129.5, 0.01171875], "6/15/2016": [130.5, 0.007722007722007722], "6/16/2016": [127.0, -0.02681992337164751], "6/17/2016": [126.5, -0.003937007874015748], "6/20/2016": [129.0, 0.019762845849802372], "6/21/2016": [128.5, -0.003875968992248062], "6/22/2016": [128.5, 0.0], "6/23/2016": [128.0, -0.0038910505836575876], "6/24/2016": [125.0, -0.0234375], "6/27/2016": [128.0, 0.024], "6/28/2016": [129.0, 0.0078125], "6/29/2016": [128.0, -0.007751937984496124], "6/30/2016": [133.0, 0.0390625], "7/1/2016": [135.0, 0.015037593984962405], "7/4/2016": [134.0, -0.007407407407407408], "7/5/2016": [135.0, 0.007462686567164179], "7/6/2016": [130.5, -0.03333333333333333], "7/7/2016": [133.5, 0.022988505747126436], "7/11/2016": [146.5, 0.09737827715355805], "7/12/2016": [153.5, 0.04778156996587031], "7/13/2016": [162.0, 0.05537459283387622], "7/14/2016": [159.5, -0.015432098765432098], "7/15/2016": [162.0, 0.01567398119122257], "7/18/2016": [164.5, 0.015432098765432098], "7/19/2016": [163.0, -0.00911854103343465], "7/20/2016": [167.0, 0.024539877300613498], "7/21/2016": [167.0, 0.0], "7/22/2016": [168.0, 0.005988023952095809], "7/25/2016": [167.0, -0.005952380952380952], "7/26/2016": [150.0, -0.10179640718562874], "7/27/2016": [146.5, -0.023333333333333334], "7/28/2016": [144.0, -0.017064846416382253], "7/29/2016": [144.0, 0.0], "8/1/2016": [145.0, 0.006944444444444444], "8/2/2016": [144.0, -0.006896551724137931], "8/3/2016": [143.0, -0.006944444444444444], "8/4/2016": [145.5, 0.017482517482517484], "8/5/2016": [147.0, 0.010309278350515464], "8/8/2016": [145.0, -0.013605442176870748], "8/9/2016": [144.0, -0.006896551724137931], "8/10/2016": [144.0, 0.0], "8/11/2016": [147.0, 0.020833333333333332], "8/12/2016": [149.5, 0.017006802721088437], "8/15/2016": [148.5, -0.006688963210702341], "8/16/2016": [149.0, 0.003367003367003367], "8/17/2016": [149.0, 0.0], "8/18/2016": [148.0, -0.006711409395973154], "8/19/2016": [148.5, 0.0033783783783783786], "8/22/2016": [147.0, -0.010101010101010102], "8/23/2016": [147.5, 0.003401360544217687], "8/24/2016": [151.0, 0.023728813559322035], "8/25/2016": [154.0, 0.019867549668874173], "8/26/2016": [153.5, -0.003246753246753247], "8/29/2016": [153.5, 0.0], "8/30/2016": [155.5, 0.013029315960912053], "8/31/2016": [151.0, -0.028938906752411574], "9/1/2016": [150.5, -0.0033112582781456954], "9/2/2016": [150.0, -0.0033222591362126247], "9/5/2016": [151.0, 0.006666666666666667], "9/6/2016": [160.0, 0.059602649006622516], "9/7/2016": [158.5, -0.009375], "9/8/2016": [160.0, 0.00946372239747634], "9/9/2016": [156.5, -0.021875], "9/10/2016": [151.0, -0.03514376996805112], "9/12/2016": [147.0, -0.026490066225165563], "9/13/2016": [144.0, -0.02040816326530612], "9/14/2016": [142.0, -0.013888888888888888], "9/19/2016": [146.0, 0.028169014084507043], "9/20/2016": [146.0, 0.0], "9/21/2016": [146.5, 0.003424657534246575], "9/22/2016": [147.0, 0.0034129692832764505], "9/23/2016": [147.0, 0.0], "9/26/2016": [144.5, -0.017006802721088437], "9/29/2016": [142.0, -0.01730103806228374], "9/30/2016": [139.0, -0.02112676056338028], "10/3/2016": [140.0, 0.007194244604316547], "10/4/2016": [140.5, 0.0035714285714285713], "10/5/2016": [139.0, -0.010676156583629894], "10/6/2016": [138.5, -0.0035971223021582736], "10/7/2016": [139.0, 0.0036101083032490976], "10/11/2016": [137.0, -0.014388489208633094], "10/12/2016": [131.0, -0.043795620437956206], "10/13/2016": [130.0, -0.007633587786259542], "10/14/2016": [127.5, -0.019230769230769232], "10/17/2016": [128.5, 0.00784313725490196], "10/18/2016": [131.5, 0.023346303501945526],