{"1/4/2016": [55.3, ""], "1/5/2016": [54.2, -0.019891500904159032], "1/6/2016": [55.7, 0.027675276752767528], "1/7/2016": [53.8, -0.034111310592459705], "1/8/2016": [54.7, 0.01672862453531609], "1/11/2016": [54.6, -0.0018281535648994774], "1/12/2016": [52.3, -0.042124542124542204], "1/13/2016": [52.3, 0.0], "1/14/2016": [49.5, -0.053537284894837424], "1/15/2016": [49.1, -0.008080808080808051], "1/18/2016": [51.2, 0.04276985743380858], "1/19/2016": [52.9, 0.03320312499999992], "1/20/2016": [51.0, -0.03591682419659733], "1/21/2016": [50.7, -0.005882352941176415], "1/22/2016": [51.1, 0.007889546351084784], "1/25/2016": [51.8, 0.013698630136986217], "1/26/2016": [51.0, -0.01544401544401539], "1/27/2016": [50.3, -0.013725490196078487], "1/28/2016": [51.0, 0.013916500994035843], "1/29/2016": [53.1, 0.04117647058823532], "1/30/2016": [53.0, -0.0018832391713747914], "2/1/2016": [53.9, 0.01698113207547167], "2/2/2016": [55.0, 0.02040816326530615], "2/3/2016": [55.4, 0.007272727272727247], "2/15/2016": [57.0, 0.028880866425992805], "2/16/2016": [57.0, 0.0], "2/17/2016": [58.6, 0.028070175438596516], "2/18/2016": [59.6, 0.017064846416382253], "2/19/2016": [60.2, 0.010067114093959755], "2/22/2016": [60.5, 0.00498338870431889], "2/23/2016": [63.3, 0.046280991735537146], "2/24/2016": [60.4, -0.045813586097946266], "2/25/2016": [60.0, -0.006622516556291367], "2/26/2016": [60.8, 0.013333333333333286], "3/1/2016": [60.7, -0.0016447368421051698], "3/2/2016": [60.7, 0.0], "3/3/2016": [59.1, -0.026359143327841866], "3/4/2016": [59.8, 0.011844331641285883], "3/7/2016": [61.4, 0.02675585284280939], "3/8/2016": [60.1, -0.02117263843648204], "3/9/2016": [60.4, 0.004991680532445876], "3/10/2016": [66.4, 0.09933774834437098], "3/11/2016": [63.5, -0.04367469879518081], "3/14/2016": [63.3, -0.003149606299212643], "3/15/2016": [62.0, -0.020537124802527604], "3/16/2016": [62.7, 0.011290322580645207], "3/17/2016": [61.0, -0.027113237639553475], "3/18/2016": [59.9, -0.018032786885245924], "3/21/2016": [61.1, 0.02003338898163611], "3/22/2016": [61.0, -0.0016366612111293195], "3/23/2016": [60.3, -0.01147540983606562], "3/24/2016": [60.5, 0.003316749585406349], "3/25/2016": [60.1, -0.006611570247933861], "3/28/2016": [59.4, -0.011647254575707202], "3/29/2016": [57.5, -0.031986531986531966], "3/30/2016": [58.4, 0.015652173913043455], "3/31/2016": [63.5, 0.0873287671232877], "4/1/2016": [63.3, -0.003149606299212643], "4/6/2016": [63.3, 0.0], "4/7/2016": [65.0, 0.026856240126382352], "4/8/2016": [65.0, 0.0], "4/11/2016": [64.8, -0.0030769230769231207], "4/12/2016": [62.5, -0.035493827160493784], "4/13/2016": [62.6, 0.0016000000000000228], "4/14/2016": [64.2, 0.025559105431309927], "4/15/2016": [65.3, 0.017133956386292747], "4/18/2016": [69.7, 0.0673813169984687], "4/19/2016": [68.7, -0.014347202295552367], "4/20/2016": [67.2, -0.021834061135371178], "4/21/2016": [68.0, 0.011904761904761862], "4/22/2016": [66.0, -0.029411764705882353], "4/25/2016": [65.2, -0.012121212121212078], "4/26/2016": [65.0, -0.0030674846625767306], "4/27/2016": [65.6, 0.009230769230769143], "4/28/2016": [66.1, 0.007621951219512196], "4/29/2016": [64.0, -0.03177004538577904], "5/3/2016": [64.1, 0.0015624999999999112], "5/4/2016": [63.8, -0.0046801872074882555], "5/5/2016": [65.7, 0.029780564263322973], "5/6/2016": [63.8, -0.028919330289193388], "5/9/2016": [63.8, 0.0], "5/10/2016": [64.0, 0.0031347962382445587], "5/11/2016": [64.1, 0.0015624999999999112], "5/12/2016": [63.0, -0.017160686427457012], "5/13/2016": [60.8, -0.03492063492063496], "5/16/2016": [61.4, 0.009868421052631603], "5/17/2016": [61.6, 0.0032573289902280596], "5/18/2016": [60.6, -0.016233766233766232], "5/19/2016": [60.6, 0.0], "5/20/2016": [60.7, 0.0016501650165016736], "5/23/2016": [61.5, 0.013179571663920876], "5/24/2016": [61.8, 0.004878048780487759], "5/25/2016": [62.2, 0.0064724919093852055], "5/26/2016": [62.1, -0.0016077170418006658], "5/27/2016": [64.4, 0.037037037037037104], "5/30/2016": [64.4, 0.0], "5/31/2016": [63.4, -0.015527950310559115], "6/1/2016": [65.9, 0.039432176656151535], "6/2/2016": [65.2, -0.010622154779969693], "6/3/2016": [63.7, -0.023006134969325152], "6/4/2016": [67.5, 0.059654631083202465], "6/6/2016": [65.9, -0.02370370370370362], "6/7/2016": [65.6, -0.004552352048558594], "6/8/2016": [65.0, -0.009146341463414549], "6/13/2016": [62.7, -0.03538461538461534], "6/14/2016": [62.1, -0.009569377990430644], "6/15/2016": [62.4, 0.004830917874396089], "6/16/2016": [62.1, -0.004807692307692262], "6/17/2016": [62.3, 0.0032206119162640216], "6/20/2016": [62.6, 0.0048154093097914005], "6/21/2016": [62.5, -0.0015974440894568917], "6/22/2016": [61.6, -0.014399999999999977], "6/23/2016": [61.3, -0.004870129870129939], "6/24/2016": [59.0, -0.03752039151712883], "6/27/2016": [60.4, 0.02372881355932201], "6/28/2016": [60.1, -0.004966887417218496], "6/29/2016": [61.1, 0.016638935108153077], "6/30/2016": [61.4, 0.004909983633387842], "7/1/2016": [61.1, -0.004885993485341973], "7/4/2016": [61.1, 0.0], "7/5/2016": [59.5, -0.026186579378068762], "7/6/2016": [56.2, -0.055462184873949535], "7/7/2016": [57.5, 0.02313167259786472], "7/11/2016": [57.5, 0.0], "7/12/2016": [56.9, -0.010434782608695677], "7/13/2016": [57.6, 0.012302284710017625], "7/14/2016": [57.7, 0.0017361111111111357], "7/15/2016": [58.8, 0.01906412478336212], "7/18/2016": [58.8, 0.0], "7/19/2016": [59.9, 0.018707482993197303], "7/20/2016": [61.2, 0.021702838063439138], "7/21/2016": [61.5, 0.004901960784313679], "7/22/2016": [60.6, -0.014634146341463391], "7/25/2016": [60.6, 0.0], "7/26/2016": [61.2, 0.009900990099009924], "7/27/2016": [61.2, 0.0], "7/28/2016": [61.0, -0.003267973856209197], "7/29/2016": [60.8, -0.0032786885245902103], "8/1/2016": [61.3, 0.008223684210526315], "8/2/2016": [61.1, -0.003262642740619833], "8/3/2016": [60.3, -0.01309328968903444], "8/4/2016": [61.1, 0.013266998341625279], "8/5/2016": [59.4, -0.027823240589198082], "8/8/2016": [57.1, -0.038720538720538676], "8/9/2016": [56.7, -0.007005253940455316], "8/10/2016": [57.3, 0.01058201058201048], "8/11/2016": [57.8, 0.008726003490401396], "8/12/2016": [57.9, 0.0017301038062283985], "8/15/2016": [58.1, 0.003454231433506094], "8/16/2016": [57.9, -0.003442340791738431], "8/17/2016": [57.7, -0.0034542314335059715], "8/18/2016": [58.3, 0.010398613518197474], "8/19/2016": [58.5, 0.003430531732418574], "8/22/2016": [57.8, -0.011965811965812015], "8/23/2016": [57.5, -0.005190311418685072], "8/24/2016": [57.0, -0.008695652173913044], "8/25/2016": [55.5, -0.02631578947368421], "8/26/2016": [55.8, 0.0054054054054053545], "8/29/2016": [55.3, -0.00896057347670251], "8/30/2016": [56.0, 0.012658227848101318], "8/31/2016": [55.5, -0.008928571428571428], "9/1/2016": [55.6, 0.0018018018018018274], "9/2/2016": [55.6, 0.0], "9/5/2016": [56.0, 0.007194244604316521], "9/6/2016": [59.9, 0.06964285714285712], "9/7/2016": [60.0, 0.0016694490818030287], "9/8/2016": [61.0, 0.016666666666666666], "9/9/2016": [60.7, -0.0049180327868851995], "9/10/2016": [60.1, -0.009884678747940715], "9/12/2016": [58.5, -0.026622296173044947], "9/13/2016": [57.2, -0.022222222222222174], "9/14/2016": [58.0, 0.013986013986013936], "9/19/2016": [58.7, 0.012068965517241428], "9/20/2016": [58.5, -0.003407155025553711], "9/21/2016": [58.5, 0.0], "9/22/2016": [58.3, -0.0034188034188034674], "9/23/2016": [58.2, -0.001715265866209165], "9/26/2016": [59.3, 0.018900343642611585], "9/29/2016": [58.7, -0.010118043844856565], "9/30/2016": [58.0, -0.011925042589437867], "10/3/2016": [58.1, 0.0017241379310345072], "10/4/2016": [57.7, -0.006884681583476739], "10/5/2016": [57.8, 0.0017331022530328304], "10/6/2016": [59.3, 0.025951557093425608], "10/7/2016": [58.8, -0.008431703204047217], "10/11/2016": [58.1, -0.011904761904761833], "10/12/2016": [57.9, -0.003442340791738431], "10/13/2016": [57.0, -0.015544041450777177], "10/14/2016": [56.5, -0.008771929824561403], "10/17/2016": [56.7, 0.0035398230088496078], "10/18/2016": [57.0, 0.00529100529100524],