{"1/4/2016": [38.4, ""], "1/5/2016": [38.2, -0.005208333333333223], "1/6/2016": [36.1, -0.054973821989528826], "1/7/2016": [34.1, -0.055401662049861494], "1/8/2016": [36.4, 0.06744868035190607], "1/11/2016": [36.7, 0.00824175824175836], "1/12/2016": [37.0, 0.008174386920980848], "1/13/2016": [36.05, -0.025675675675675753], "1/14/2016": [34.8, -0.0346740638002774], "1/15/2016": [35.1, 0.008620689655172537], "1/18/2016": [36.6, 0.042735042735042736], "1/19/2016": [36.4, -0.005464480874317017], "1/20/2016": [35.1, -0.035714285714285636], "1/21/2016": [34.6, -0.014245014245014245], "1/22/2016": [34.9, 0.00867052023121379], "1/25/2016": [38.35, 0.09885386819484249], "1/26/2016": [41.6, 0.0847457627118644], "1/27/2016": [42.45, 0.020432692307692343], "1/28/2016": [41.65, -0.01884570082449951], "1/29/2016": [41.6, -0.0012004801920767626], "1/30/2016": [42.2, 0.014423076923076957], "2/1/2016": [43.1, 0.021327014218009442], "2/2/2016": [42.0, -0.0255220417633411], "2/3/2016": [41.6, -0.00952380952380949], "2/15/2016": [41.7, 0.002403846153846188], "2/16/2016": [42.1, 0.009592326139088694], "2/17/2016": [45.05, 0.07007125890736332], "2/18/2016": [44.8, -0.0055493895671476145], "2/19/2016": [44.4, -0.008928571428571397], "2/22/2016": [44.75, 0.007882882882882915], "2/23/2016": [45.0, 0.00558659217877095], "2/24/2016": [43.9, -0.024444444444444477], "2/25/2016": [43.8, -0.0022779043280182557], "2/26/2016": [44.3, 0.011415525114155252], "3/1/2016": [44.65, 0.007900677200902968], "3/2/2016": [44.2, -0.010078387458006623], "3/3/2016": [43.4, -0.018099547511312312], "3/4/2016": [43.55, 0.0034562211981566493], "3/7/2016": [43.45, -0.0022962112514350016], "3/8/2016": [43.8, 0.008055235903337038], "3/9/2016": [43.15, -0.014840182648401794], "3/10/2016": [42.9, -0.005793742757821553], "3/11/2016": [43.3, 0.009324009324009291], "3/14/2016": [44.6, 0.03002309468822181], "3/15/2016": [43.35, -0.02802690582959641], "3/16/2016": [43.35, 0.0], "3/17/2016": [47.65, 0.09919261822376002], "3/18/2016": [50.0, 0.049317943336831094], "3/21/2016": [48.45, -0.030999999999999944], "3/22/2016": [53.2, 0.09803921568627451], "3/23/2016": [53.8, 0.011278195488721696], "3/24/2016": [54.6, 0.014869888475836512], "3/25/2016": [54.0, -0.010989010989011014], "3/28/2016": [53.5, -0.009259259259259259], "3/29/2016": [53.9, 0.007476635514018665], "3/30/2016": [55.5, 0.02968460111317257], "3/31/2016": [56.6, 0.019819819819819846], "4/1/2016": [55.5, -0.01943462897526504], "4/6/2016": [55.0, -0.009009009009009009], "4/7/2016": [56.1, 0.020000000000000025], "4/8/2016": [54.8, -0.023172905525846776], "4/11/2016": [52.1, -0.049270072992700656], "4/12/2016": [52.0, -0.0019193857965451328], "4/13/2016": [53.1, 0.021153846153846183], "4/14/2016": [52.1, -0.018832391713747645], "4/15/2016": [52.0, -0.0019193857965451328], "4/18/2016": [53.6, 0.030769230769230795], "4/19/2016": [52.5, -0.020522388059701517], "4/20/2016": [51.5, -0.01904761904761905], "4/21/2016": [50.6, -0.01747572815533978], "4/22/2016": [52.7, 0.041501976284585004], "4/25/2016": [51.3, -0.02656546489563578], "4/26/2016": [51.0, -0.005847953216374214], "4/27/2016": [50.9, -0.001960784313725518], "4/28/2016": [49.0, -0.037328094302554], "4/29/2016": [46.6, -0.048979591836734664], "5/3/2016": [45.55, -0.022532188841201808], "5/4/2016": [43.9, -0.03622392974753016], "5/5/2016": [45.85, 0.04441913439635542], "5/6/2016": [44.3, -0.03380588876772092], "5/9/2016": [42.7, -0.03611738148984186], "5/10/2016": [45.2, 0.058548009367681494], "5/11/2016": [43.85, -0.02986725663716817], "5/12/2016": [43.0, -0.019384264538198435], "5/13/2016": [42.4, -0.013953488372093056], "5/16/2016": [42.85, 0.010613207547169878], "5/17/2016": [43.9, 0.024504084014002267], "5/18/2016": [43.05, -0.01936218678815493], "5/19/2016": [43.0, -0.0011614401858303638], "5/20/2016": [43.25, 0.005813953488372093], "5/23/2016": [44.55, 0.030057803468208025], "5/24/2016": [44.8, 0.0056116722783389455], "5/25/2016": [45.0, 0.004464285714285778], "5/26/2016": [45.1, 0.002222222222222254], "5/27/2016": [45.05, -0.0011086474501109593], "5/30/2016": [44.5, -0.012208657047724688], "5/31/2016": [45.8, 0.02921348314606735], "6/1/2016": [46.0, 0.004366812227074298], "6/2/2016": [44.95, -0.022826086956521677], "6/3/2016": [44.95, 0.0], "6/4/2016": [44.95, 0.0], "6/6/2016": [44.4, -0.01223581757508352], "6/7/2016": [43.85, -0.012387387387387323], "6/8/2016": [45.1, 0.028506271379703532], "6/13/2016": [43.95, -0.025498891352549857], "6/14/2016": [43.85, -0.0022753128555176656], "6/15/2016": [44.2, 0.007981755986317021], "6/16/2016": [43.3, -0.020361990950226373], "6/17/2016": [43.5, 0.004618937644341867], "6/20/2016": [43.4, -0.002298850574712676], "6/21/2016": [44.95, 0.035714285714285816], "6/22/2016": [44.0, -0.02113459399332598], "6/23/2016": [44.1, 0.002272727272727305], "6/24/2016": [42.3, -0.04081632653061234], "6/27/2016": [42.5, 0.004728132387706923], "6/28/2016": [43.0, 0.011764705882352941], "6/29/2016": [43.1, 0.00232558139534887], "6/30/2016": [43.5, 0.009280742459396718], "7/1/2016": [43.15, -0.008045977011494286], "7/4/2016": [43.7, 0.012746234067207516], "7/5/2016": [44.0, 0.006864988558352337], "7/6/2016": [43.2, -0.01818181818181812], "7/7/2016": [44.9, 0.03935185185185175], "7/11/2016": [44.25, -0.014476614699331817], "7/12/2016": [44.0, -0.005649717514124294], "7/13/2016": [45.0, 0.022727272727272728], "7/14/2016": [44.3, -0.01555555555555562], "7/15/2016": [44.05, -0.0056433408577878106], "7/18/2016": [44.2, 0.0034052213393871893], "7/19/2016": [44.1, -0.002262443438914059], "7/20/2016": [43.7, -0.009070294784580466], "7/21/2016": [44.55, 0.019450800915331676], "7/22/2016": [43.9, -0.014590347923681225], "7/25/2016": [43.6, -0.006833712984054605], "7/26/2016": [44.7, 0.02522935779816517], "7/27/2016": [44.35, -0.007829977628635378], "7/28/2016": [43.85, -0.011273957158962795], "7/29/2016": [43.85, 0.0], "8/1/2016": [44.15, 0.0068415051311287835], "8/2/2016": [44.55, 0.009060022650056593], "8/3/2016": [44.2, -0.007856341189674395], "8/4/2016": [44.1, -0.002262443438914059], "8/5/2016": [44.7, 0.01360544217687078], "8/8/2016": [44.65, -0.0011185682326622878], "8/9/2016": [43.95, -0.01567749160134369], "8/10/2016": [44.6, 0.014789533560864586], "8/11/2016": [43.9, -0.015695067264574054], "8/12/2016": [43.9, 0.0], "8/15/2016": [43.45, -0.010250569476081908], "8/16/2016": [44.1, 0.01495972382048328], "8/17/2016": [44.8, 0.015873015873015775], "8/18/2016": [49.25, 0.0993303571428572], "8/19/2016": [49.1, -0.0030456852791877886], "8/22/2016": [48.25, -0.01731160896130349], "8/23/2016": [47.55, -0.014507772020725448], "8/24/2016": [46.0, -0.03259726603575178], "8/25/2016": [45.0, -0.021739130434782608], "8/26/2016": [45.05, 0.001111111111111048], "8/29/2016": [45.45, 0.008879023307436309], "8/30/2016": [46.7, 0.0275027502750275], "8/31/2016": [46.3, -0.008565310492505475], "9/1/2016": [45.55, -0.016198704103671708], "9/2/2016": [44.25, -0.02854006586169039], "9/5/2016": [44.8, 0.012429378531073383], "9/6/2016": [44.85, 0.0011160714285715237], "9/7/2016": [45.3, 0.010033444816053417], "9/8/2016": [45.15, -0.003311258278145664], "9/9/2016": [45.1, -0.001107419712070812], "9/10/2016": [44.3, -0.01773835920177393], "9/12/2016": [43.65, -0.014672686230248276], "9/13/2016": [43.7, 0.0011454753722795936], "9/14/2016": [43.05, -0.014874141876430335], "9/19/2016": [43.55, 0.011614401858304297], "9/20/2016": [43.7, 0.003444316877152829], "9/21/2016": [44.2, 0.011441647597254004], "9/22/2016": [43.8, -0.009049773755656236], "9/23/2016": [43.9, 0.0022831050228310826], "9/26/2016": [43.4, -0.011389521640091117], "9/29/2016": [43.65, 0.00576036866359447], "9/30/2016": [43.25, -0.009163802978235935], "10/3/2016": [43.0, -0.005780346820809248], "10/4/2016": [43.05, 0.0011627906976743525], "10/5/2016": [42.6, -0.01045296167247377], "10/6/2016": [42.7, 0.0023474178403756203], "10/7/2016": [41.8, -0.02107728337236547], "10/11/2016": [40.95, -0.02033492822966494],