{"1/4/2016": [14.3, ""], "1/5/2016": [14.15, -0.010489510489510514], "1/6/2016": [13.9, -0.0176678445229682], "1/7/2016": [13.8, -0.007194244604316521], "1/8/2016": [13.95, 0.0108695652173912], "1/11/2016": [13.7, -0.01792114695340502], "1/12/2016": [13.55, -0.010948905109488948], "1/13/2016": [13.55, 0.0], "1/14/2016": [13.35, -0.014760147601476092], "1/15/2016": [13.5, 0.011235955056179803], "1/18/2016": [13.8, 0.022222222222222275], "1/19/2016": [14.0, 0.014492753623188354], "1/20/2016": [13.45, -0.039285714285714333], "1/21/2016": [13.5, 0.003717472118959161], "1/22/2016": [13.6, 0.007407407407407381], "1/25/2016": [13.6, 0.0], "1/26/2016": [13.5, -0.007352941176470562], "1/27/2016": [13.55, 0.0037037037037037563], "1/28/2016": [13.5, -0.003690036900369056], "1/29/2016": [13.6, 0.007407407407407381], "1/30/2016": [13.85, 0.01838235294117647], "2/1/2016": [13.8, -0.0036101083032490204], "2/2/2016": [13.75, -0.0036231884057971527], "2/3/2016": [13.75, 0.0], "2/15/2016": [13.6, -0.010909090909090934], "2/16/2016": [13.9, 0.022058823529411818], "2/17/2016": [13.85, -0.0035971223021583243], "2/18/2016": [14.1, 0.018050541516245487], "2/19/2016": [14.0, -0.007092198581560258], "2/22/2016": [14.1, 0.0071428571428571175], "2/23/2016": [14.05, -0.0035460992907800663], "2/24/2016": [13.95, -0.00711743772242003], "2/25/2016": [13.95, 0.0], "2/26/2016": [14.15, 0.01433691756272409], "3/1/2016": [14.2, 0.003533568904593564], "3/2/2016": [14.3, 0.007042253521126861], "3/3/2016": [14.65, 0.024475524475524448], "3/4/2016": [14.65, 0.0], "3/7/2016": [14.65, 0.0], "3/8/2016": [14.8, 0.010238907849829375], "3/9/2016": [14.85, 0.003378378378378306], "3/10/2016": [14.75, -0.00673400673400671], "3/11/2016": [14.9, 0.010169491525423752], "3/14/2016": [14.85, -0.003355704697986625], "3/15/2016": [14.65, -0.01346801346801342], "3/16/2016": [14.75, 0.006825938566552877], "3/17/2016": [14.5, -0.01694915254237288], "3/18/2016": [14.65, 0.01034482758620692], "3/21/2016": [14.7, 0.0034129692832763777], "3/22/2016": [14.65, -0.0034013605442176145], "3/23/2016": [14.65, 0.0], "3/24/2016": [14.65, 0.0], "3/25/2016": [14.95, 0.02047781569965863], "3/28/2016": [14.8, -0.010033444816053417], "3/29/2016": [14.65, -0.010135135135135158], "3/30/2016": [14.7, 0.0034129692832763777], "3/31/2016": [14.85, 0.010204081632653086], "4/1/2016": [14.8, -0.0033670033670032953], "4/6/2016": [14.9, 0.006756756756756733], "4/7/2016": [14.85, -0.003355704697986625], "4/8/2016": [14.7, -0.010101010101010124], "4/11/2016": [14.65, -0.0034013605442176145], "4/12/2016": [14.75, 0.006825938566552877], "4/13/2016": [14.7, -0.0033898305084746243], "4/14/2016": [14.9, 0.01360544217687082], "4/15/2016": [14.8, -0.00671140939597313], "4/18/2016": [14.7, -0.0067567567567568525], "4/19/2016": [14.8, 0.006802721088435471], "4/20/2016": [14.7, -0.0067567567567568525], "4/21/2016": [14.65, -0.0034013605442176145], "4/22/2016": [14.6, -0.003412969283276499], "4/25/2016": [14.6, 0.0], "4/26/2016": [14.55, -0.0034246575342465023], "4/27/2016": [14.85, 0.020618556701030855], "4/28/2016": [14.85, 0.0], "4/29/2016": [14.85, 0.0], "5/3/2016": [14.7, -0.010101010101010124], "5/4/2016": [14.65, -0.0034013605442176145], "5/5/2016": [14.65, 0.0], "5/6/2016": [14.7, 0.0034129692832763777], "5/9/2016": [14.7, 0.0], "5/10/2016": [14.7, 0.0], "5/11/2016": [14.8, 0.006802721088435471], "5/12/2016": [14.55, -0.01689189189189189], "5/13/2016": [14.65, 0.0068728522336769515], "5/16/2016": [14.6, -0.003412969283276499], "5/17/2016": [14.7, 0.006849315068493127], "5/18/2016": [14.7, 0.0], "5/19/2016": [14.65, -0.0034013605442176145], "5/20/2016": [14.7, 0.0034129692832763777], "5/23/2016": [14.8, 0.006802721088435471], "5/24/2016": [14.75, -0.0033783783783784263], "5/25/2016": [14.85, 0.006779661016949128], "5/26/2016": [14.8, -0.0033670033670032953], "5/27/2016": [14.9, 0.006756756756756733], "5/30/2016": [15.0, 0.00671140939597313], "5/31/2016": [15.05, 0.003333333333333381], "6/1/2016": [15.05, 0.0], "6/2/2016": [15.05, 0.0], "6/3/2016": [15.8, 0.04983388704318937], "6/4/2016": [15.9, 0.00632911392405061], "6/6/2016": [15.7, -0.012578616352201324], "6/7/2016": [15.85, 0.009554140127388559], "6/8/2016": [15.65, -0.01261829652996841], "6/13/2016": [14.95, -0.0447284345047924], "6/14/2016": [14.95, 0.0], "6/15/2016": [15.25, 0.020066889632107072], "6/16/2016": [15.05, -0.013114754098360609], "6/17/2016": [15.0, -0.0033222591362126715], "6/20/2016": [15.0, 0.0], "6/21/2016": [14.9, -0.006666666666666643], "6/22/2016": [14.9, 0.0], "6/23/2016": [15.05, 0.010067114093959755], "6/24/2016": [14.8, -0.01661129568106312], "6/27/2016": [14.8, 0.0], "6/28/2016": [14.9, 0.006756756756756733], "6/29/2016": [14.9, 0.0], "6/30/2016": [14.9, 0.0], "7/1/2016": [15.1, 0.01342281879194626], "7/4/2016": [15.1, 0.0], "7/5/2016": [15.1, 0.0], "7/6/2016": [15.05, -0.0033112582781456247], "7/7/2016": [15.15, 0.006644518272425225], "7/11/2016": [15.4, 0.0165016501650165], "7/12/2016": [15.25, -0.009740259740259763], "7/13/2016": [15.3, 0.0032786885245902103], "7/14/2016": [15.6, 0.019607843137254832], "7/15/2016": [15.6, 0.0], "7/18/2016": [15.6, 0.0], "7/19/2016": [15.6, 0.0], "7/20/2016": [15.55, -0.003205128205128137], "7/21/2016": [15.35, -0.012861736334405212], "7/22/2016": [15.45, 0.006514657980456003], "7/25/2016": [15.55, 0.0064724919093852055], "7/26/2016": [15.55, 0.0], "7/27/2016": [15.6, 0.0032154340836012176], "7/28/2016": [15.7, 0.0064102564102563875], "7/29/2016": [15.85, 0.009554140127388559], "8/1/2016": [15.85, 0.0], "8/2/2016": [16.25, 0.025236593059936932], "8/3/2016": [16.3, 0.0030769230769231207], "8/4/2016": [16.7, 0.024539877300613407], "8/5/2016": [16.45, -0.014970059880239521], "8/8/2016": [16.65, 0.012158054711246157], "8/9/2016": [16.7, 0.003003003003003046], "8/10/2016": [16.55, -0.008982035928143627], "8/11/2016": [16.45, -0.006042296072507639], "8/12/2016": [16.0, -0.02735562310030391], "8/15/2016": [15.55, -0.028124999999999956], "8/16/2016": [15.8, 0.01607717041800643], "8/17/2016": [15.75, -0.003164556962025361], "8/18/2016": [15.75, 0.0], "8/19/2016": [15.85, 0.006349206349206327], "8/22/2016": [15.75, -0.006309148264984205], "8/23/2016": [15.7, -0.0031746031746032197], "8/24/2016": [15.65, -0.0031847133757961104], "8/25/2016": [15.65, 0.0], "8/26/2016": [15.55, -0.006389776357827453], "8/29/2016": [15.3, -0.01607717041800643], "8/30/2016": [15.05, -0.016339869281045753], "8/31/2016": [15.1, 0.0033222591362125535], "9/1/2016": [15.0, -0.006622516556291367], "9/2/2016": [14.65, -0.02333333333333331], "9/5/2016": [14.75, 0.006825938566552877], "9/6/2016": [15.05, 0.020338983050847505], "9/7/2016": [15.1, 0.0033222591362125535], "9/8/2016": [15.1, 0.0], "9/9/2016": [14.95, -0.009933774834437109], "9/10/2016": [15.2, 0.016722408026755852], "9/12/2016": [15.1, -0.00657894736842103], "9/13/2016": [14.75, -0.023178807947019844], "9/14/2016": [14.85, 0.006779661016949128], "9/19/2016": [14.85, 0.0], "9/20/2016": [14.65, -0.01346801346801342], "9/21/2016": [14.8, 0.010238907849829375], "9/22/2016": [14.75, -0.0033783783783784263], "9/23/2016": [14.75, 0.0], "9/26/2016": [14.5, -0.01694915254237288], "9/29/2016": [14.7, 0.013793103448275813], "9/30/2016": [14.55, -0.010204081632652965], "10/3/2016": [14.55, 0.0], "10/4/2016": [14.65, 0.0068728522336769515], "10/5/2016": [14.7, 0.0034129692832763777], "10/6/2016": [14.8, 0.006802721088435471], "10/7/2016": [14.7, -0.0067567567567568525], "10/11/2016": [14.4, -0.02040816326530605], "10/12/2016": [14.0, -0.0277777777777778], "10/13/2016": [14.15, 0.01071428571428574], "10/14/2016": [14.0, -0.010600706713780944], "10/17/2016": [13.95, -0.003571428571428622], "10/18/2016": [13.75, -0.014336917562723964], "10/19/2016": [13.85, 0.007272727272727247], "10/20/2016": [14.0, 0.010830324909747318], "10/21/2016": [13.7, -0.02142857142857148], "10/24/2016": [14.05, 0.025547445255474557], "10/25/2016": [13.95, -0.00711743772242003], "10/26/2016": [14.0, 0.0035842293906810548],