{"1/4/2016": [20.35, ""], "1/5/2016": [20.25, -0.004914004914004983], "1/6/2016": [20.25, 0.0], "1/7/2016": [20.0, -0.012345679012345678], "1/8/2016": [20.3, 0.015000000000000036], "1/11/2016": [20.9, 0.029556650246305313], "1/12/2016": [20.75, -0.007177033492822899], "1/13/2016": [20.4, -0.016867469879518142], "1/14/2016": [20.05, -0.017156862745097937], "1/15/2016": [20.0, -0.0024937655860349482], "1/18/2016": [20.4, 0.019999999999999928], "1/19/2016": [20.3, -0.004901960784313621], "1/20/2016": [20.0, -0.014778325123152743], "1/21/2016": [20.05, 0.0025000000000000356], "1/22/2016": [20.35, 0.01496259351620951], "1/25/2016": [20.4, 0.0024570024570023173], "1/26/2016": [20.45, 0.002450980392156898], "1/27/2016": [20.1, -0.017114914425427768], "1/28/2016": [20.15, 0.002487562189054585], "1/29/2016": [20.55, 0.01985111662531028], "1/30/2016": [21.25, 0.03406326034063257], "2/1/2016": [20.9, -0.016470588235294185], "2/2/2016": [21.0, 0.004784688995215379], "2/3/2016": [20.8, -0.00952380952380949], "2/15/2016": [21.6, 0.03846153846153849], "2/16/2016": [21.8, 0.009259259259259226], "2/17/2016": [22.3, 0.02293577981651376], "2/18/2016": [22.65, 0.015695067264573894], "2/19/2016": [22.5, -0.006622516556291328], "2/22/2016": [21.7, -0.03555555555555559], "2/23/2016": [21.7, 0.0], "2/24/2016": [21.5, -0.009216589861751119], "2/25/2016": [22.5, 0.046511627906976744], "2/26/2016": [22.8, 0.013333333333333365], "3/1/2016": [22.5, -0.013157894736842136], "3/2/2016": [22.45, -0.002222222222222254], "3/3/2016": [22.7, 0.011135857461024499], "3/4/2016": [22.75, 0.002202643171806199], "3/7/2016": [22.6, -0.006593406593406531], "3/8/2016": [22.65, 0.0022123893805308477], "3/9/2016": [22.6, -0.0022075055187636716], "3/10/2016": [23.15, 0.02433628318584058], "3/11/2016": [22.95, -0.008639308855291546], "3/14/2016": [23.1, 0.006535947712418394], "3/15/2016": [23.1, 0.0], "3/16/2016": [25.4, 0.09956709956709944], "3/17/2016": [25.0, -0.015748031496062936], "3/18/2016": [25.6, 0.024000000000000056], "3/21/2016": [24.7, -0.03515625000000008], "3/22/2016": [24.05, -0.026315789473684154], "3/23/2016": [24.35, 0.012474012474012502], "3/24/2016": [22.8, -0.06365503080082138], "3/25/2016": [22.8, 0.0], "3/28/2016": [22.35, -0.019736842105263126], "3/29/2016": [22.35, 0.0], "3/30/2016": [22.55, 0.008948545861297506], "3/31/2016": [22.4, -0.006651884700665283], "4/1/2016": [22.4, 0.0], "4/6/2016": [22.3, -0.0044642857142856195], "4/7/2016": [22.4, 0.0044843049327353305], "4/8/2016": [22.5, 0.004464285714285778], "4/11/2016": [23.6, 0.048888888888888954], "4/12/2016": [22.95, -0.027542372881356022], "4/13/2016": [23.5, 0.023965141612200466], "4/14/2016": [23.55, 0.0021276595744681155], "4/15/2016": [23.6, 0.002123142250530816], "4/18/2016": [23.6, 0.0], "4/19/2016": [23.5, -0.00423728813559328], "4/20/2016": [23.2, -0.012765957446808541], "4/21/2016": [23.2, 0.0], "4/22/2016": [23.0, -0.008620689655172384], "4/25/2016": [22.8, -0.008695652173913012], "4/26/2016": [23.2, 0.017543859649122744], "4/27/2016": [22.85, -0.015086206896551633], "4/28/2016": [22.75, -0.004376367614879712], "4/29/2016": [22.5, -0.01098901098901099], "5/3/2016": [22.2, -0.013333333333333365], "5/4/2016": [22.3, 0.004504504504504569], "5/5/2016": [22.35, 0.0022421524663677446], "5/6/2016": [22.7, 0.015659955257270597], "5/9/2016": [22.3, -0.01762114537444928], "5/10/2016": [22.25, -0.0022421524663677446], "5/11/2016": [22.5, 0.011235955056179775], "5/12/2016": [22.1, -0.017777777777777715], "5/13/2016": [21.85, -0.011312217194570135], "5/16/2016": [21.65, -0.009153318077803334], "5/17/2016": [22.55, 0.04157043879907631], "5/18/2016": [21.9, -0.028824833702882576], "5/19/2016": [21.85, -0.0022831050228309204], "5/20/2016": [21.65, -0.009153318077803334], "5/23/2016": [21.95, 0.013856812933025438], "5/24/2016": [21.9, -0.0022779043280182557], "5/25/2016": [22.1, 0.00913242009132433], "5/26/2016": [22.25, 0.006787330316742017], "5/27/2016": [22.2, -0.002247191011235987], "5/30/2016": [22.3, 0.004504504504504569], "5/31/2016": [22.1, -0.00896860986547082], "6/1/2016": [22.25, 0.006787330316742017], "6/2/2016": [22.8, 0.024719101123595537], "6/3/2016": [22.75, -0.002192982456140382], "6/4/2016": [22.85, 0.004395604395604458], "6/6/2016": [22.75, -0.004376367614879712], "6/7/2016": [22.75, 0.0], "6/8/2016": [23.0, 0.01098901098901099], "6/13/2016": [22.6, -0.017391304347826025], "6/14/2016": [22.95, 0.015486725663716719], "6/15/2016": [22.7, -0.010893246187363835], "6/16/2016": [22.75, 0.002202643171806199], "6/17/2016": [22.85, 0.004395604395604458], "6/20/2016": [22.6, -0.010940919037199124], "6/21/2016": [22.6, 0.0], "6/22/2016": [22.75, 0.006637168141592857], "6/23/2016": [22.75, 0.0], "6/24/2016": [22.4, -0.015384615384615448], "6/27/2016": [22.6, 0.008928571428571556], "6/28/2016": [24.5, 0.08407079646017693], "6/29/2016": [24.5, 0.0], "6/30/2016": [24.7, 0.00816326530612242], "7/1/2016": [24.6, -0.004048582995951331], "7/4/2016": [25.15, 0.022357723577235655], "7/5/2016": [25.0, -0.005964214711729566], "7/6/2016": [25.0, 0.0], "7/7/2016": [25.0, 0.0], "7/11/2016": [24.8, -0.007999999999999972], "7/12/2016": [25.0, 0.008064516129032228], "7/13/2016": [24.85, -0.005999999999999943], "7/14/2016": [23.3, -0.06237424547283705], "7/15/2016": [23.35, 0.0021459227467811462], "7/18/2016": [23.55, 0.008565310492505323], "7/19/2016": [23.6, 0.002123142250530816], "7/20/2016": [23.5, -0.00423728813559328], "7/21/2016": [23.65, 0.006382978723404195], "7/22/2016": [23.8, 0.006342494714587829], "7/25/2016": [23.7, -0.004201680672268967], "7/26/2016": [23.55, -0.006329113924050573], "7/27/2016": [23.6, 0.002123142250530816], "7/28/2016": [23.6, 0.0], "7/29/2016": [23.6, 0.0], "8/1/2016": [23.8, 0.00847457627118641], "8/2/2016": [24.25, 0.018907563025210055], "8/3/2016": [24.35, 0.004123711340206244], "8/4/2016": [24.5, 0.006160164271047169], "8/5/2016": [24.85, 0.014285714285714344], "8/8/2016": [24.75, -0.0040241448692153485], "8/9/2016": [24.45, -0.01212121212121215], "8/10/2016": [25.15, 0.02862985685071572], "8/11/2016": [25.0, -0.005964214711729566], "8/12/2016": [24.9, -0.0040000000000000565], "8/15/2016": [24.9, 0.0], "8/16/2016": [24.6, -0.012048192771084223], "8/17/2016": [24.8, 0.00813008130081298], "8/18/2016": [24.9, 0.004032258064516043], "8/19/2016": [24.9, 0.0], "8/22/2016": [24.75, -0.006024096385542112], "8/23/2016": [24.6, -0.006060606060606003], "8/24/2016": [24.6, 0.0], "8/25/2016": [24.65, 0.0020325203252031365], "8/26/2016": [24.5, -0.006085192697768705], "8/29/2016": [24.4, -0.004081632653061282], "8/30/2016": [24.45, 0.0020491803278688816], "8/31/2016": [24.6, 0.006134969325153462], "9/1/2016": [24.5, -0.004065040650406562], "9/2/2016": [24.7, 0.00816326530612242], "9/5/2016": [25.0, 0.01214574898785428], "9/6/2016": [24.95, -0.0020000000000000282], "9/7/2016": [24.75, -0.008016032064128228], "9/8/2016": [24.7, -0.002020202020202049], "9/9/2016": [26.0, 0.05263157894736845], "9/10/2016": [26.1, 0.003846153846153901], "9/12/2016": [25.95, -0.005747126436781691], "9/13/2016": [25.45, -0.01926782273603083], "9/14/2016": [25.5, 0.0019646365422397137], "9/19/2016": [25.55, 0.001960784313725518], "9/20/2016": [25.75, 0.00782778864970643], "9/21/2016": [25.6, -0.005825242718446547], "9/22/2016": [25.4, -0.007812500000000111], "9/23/2016": [25.4, 0.0], "9/26/2016": [25.2, -0.007874015748031468], "9/29/2016": [25.1, -0.003968253968253884], "9/30/2016": [24.55, -0.021912350597609587], "10/3/2016": [24.65, 0.0040733197556007275], "10/4/2016": [25.4, 0.030425963488843816], "10/5/2016": [25.2, -0.007874015748031468], "10/6/2016": [25.2, 0.0], "10/7/2016": [25.25, 0.001984126984127012], "10/11/2016": [25.25, 0.0], "10/12/2016": [25.2, -0.0019801980198020084], "10/13/2016": [25.1, -0.003968253968253884], "10/14/2016": [25.0, -0.003984063745019977], "10/17/2016": [24.95, -0.0020000000000000282], "10/18/2016": [24.8, -0.006012024048096136], "10/19/2016": [25.2, 0.016129032258064457], "10/20/2016": [25.2, 0.0],