{"1/4/2016": [2.01, ""], "1/5/2016": [2.03, 0.009950248756218916], "1/6/2016": [2.03, 0.0], "1/7/2016": [2.01, -0.009852216748768483], "1/8/2016": [2.02, 0.004975124378109568], "1/11/2016": [2.01, -0.004950495049505065], "1/12/2016": [2.01, 0.0], "1/13/2016": [2.02, 0.004975124378109568], "1/14/2016": [2.0, -0.00990099009900991], "1/15/2016": [2.01, 0.004999999999999893], "1/18/2016": [1.88, -0.06467661691542284], "1/19/2016": [1.93, 0.02659574468085109], "1/20/2016": [1.72, -0.1088082901554404], "1/21/2016": [1.7, -0.011627906976744196], "1/22/2016": [1.72, 0.011764705882352951], "1/25/2016": [1.65, -0.04069767441860469], "1/26/2016": [1.65, 0.0], "1/27/2016": [1.6, -0.030303030303030196], "1/28/2016": [1.65, 0.03124999999999989], "1/29/2016": [1.66, 0.006060606060606067], "1/30/2016": [1.58, -0.04819277108433726], "2/1/2016": [1.6, 0.012658227848101276], "2/2/2016": [1.56, -0.025000000000000022], "2/3/2016": [1.56, 0.0], "2/15/2016": [1.53, -0.019230769230769246], "2/16/2016": [1.55, 0.013071895424836612], "2/17/2016": [1.62, 0.045161290322580684], "2/18/2016": [1.66, 0.024691358024691242], "2/19/2016": [1.59, -0.04216867469879509], "2/22/2016": [1.62, 0.018867924528301903], "2/23/2016": [1.56, -0.03703703703703707], "2/24/2016": [1.65, 0.0576923076923076], "2/25/2016": [1.65, 0.0], "2/26/2016": [1.68, 0.0181818181818182], "3/1/2016": [1.67, -0.005952380952380958], "3/2/2016": [1.74, 0.0419161676646707], "3/3/2016": [1.74, 0.0], "3/4/2016": [1.73, -0.005747126436781614], "3/7/2016": [1.8, 0.040462427745664775], "3/8/2016": [1.9, 0.05555555555555548], "3/9/2016": [1.9, 0.0], "3/10/2016": [1.82, -0.04210526315789466], "3/11/2016": [1.86, 0.021978021978021997], "3/14/2016": [1.8, -0.03225806451612906], "3/15/2016": [1.77, -0.01666666666666668], "3/16/2016": [1.77, 0.0], "3/17/2016": [1.69, -0.04519774011299439], "3/18/2016": [1.66, -0.017751479289940846], "3/21/2016": [1.67, 0.006024096385542174], "3/22/2016": [1.67, 0.0], "3/23/2016": [1.66, -0.005988023952095814], "3/24/2016": [1.66, 0.0], "3/25/2016": [1.7, 0.024096385542168697], "3/28/2016": [1.7, 0.0], "3/29/2016": [1.7, 0.0], "3/30/2016": [1.7, 0.0], "3/31/2016": [1.76, 0.03529411764705886], "4/1/2016": [1.76, 0.0], "4/6/2016": [1.71, -0.028409090909090936], "4/7/2016": [1.69, -0.01169590643274855], "4/8/2016": [1.62, -0.04142011834319517], "4/11/2016": [1.62, 0.0], "4/12/2016": [1.62, 0.0], "4/13/2016": [1.7, 0.049382716049382616], "4/14/2016": [1.7, 0.0], "4/15/2016": [1.7, 0.0], "4/18/2016": [1.7, 0.0], "4/19/2016": [1.69, -0.005882352941176476], "4/20/2016": [1.69, 0.0], "4/21/2016": [1.69, 0.0], "4/22/2016": [1.69, 0.0], "4/25/2016": [1.64, -0.029585798816568074], "4/26/2016": [1.63, -0.0060975609756097615], "4/27/2016": [1.63, 0.0], "4/28/2016": [1.62, -0.006134969325153244], "4/29/2016": [1.62, 0.0], "5/3/2016": [1.57, -0.030864197530864224], "5/4/2016": [1.72, 0.09554140127388529], "5/5/2016": [1.72, 0.0], "5/6/2016": [1.72, 0.0], "5/9/2016": [1.72, 0.0], "5/10/2016": [1.67, -0.029069767441860492], "5/11/2016": [1.74, 0.0419161676646707], "5/12/2016": [1.74, 0.0], "5/13/2016": [1.7, -0.022988505747126457], "5/16/2016": [1.62, -0.047058823529411674], "5/17/2016": [1.62, 0.0], "5/18/2016": [1.48, -0.08641975308641982], "5/19/2016": [1.65, 0.11486486486486482], "5/20/2016": [1.66, 0.006060606060606067], "5/23/2016": [1.62, -0.024096385542168565], "5/24/2016": [1.55, -0.04320987654320991], "5/25/2016": [1.7, 0.09677419354838704], "5/26/2016": [1.75, 0.02941176470588238], "5/27/2016": [1.65, -0.0571428571428572], "5/30/2016": [1.63, -0.012121212121212133], "5/31/2016": [1.68, 0.0306748466257669], "6/1/2016": [1.71, 0.017857142857142873], "6/2/2016": [1.65, -0.03508771929824565], "6/3/2016": [1.66, 0.006060606060606067], "6/4/2016": [1.66, 0.0], "6/6/2016": [1.65, -0.006024096385542174], "6/7/2016": [1.58, -0.04242424242424233], "6/8/2016": [1.6, 0.012658227848101276], "6/13/2016": [1.65, 0.03124999999999989], "6/14/2016": [1.66, 0.006060606060606067], "6/15/2016": [1.65, -0.006024096385542174], "6/16/2016": [1.6, -0.030303030303030196], "6/17/2016": [1.64, 0.024999999999999883], "6/20/2016": [1.66, 0.012195121951219523], "6/21/2016": [1.65, -0.006024096385542174], "6/22/2016": [1.63, -0.012121212121212133], "6/23/2016": [1.64, 0.0061349693251533804], "6/24/2016": [1.58, -0.03658536585365844], "6/27/2016": [1.58, 0.0], "6/28/2016": [1.56, -0.012658227848101276], "6/29/2016": [1.55, -0.006410256410256416], "6/30/2016": [1.55, 0.0], "7/1/2016": [1.59, 0.025806451612903247], "7/4/2016": [1.6, 0.0062893081761006345], "7/5/2016": [1.58, -0.012500000000000011], "7/6/2016": [1.6, 0.012658227848101276], "7/7/2016": [1.76, 0.09999999999999995], "7/11/2016": [2.2, 0.2500000000000001], "7/12/2016": [2.3, 0.04545454545454529], "7/13/2016": [2.45, 0.06521739130434799], "7/14/2016": [2.14, -0.12653061224489798], "7/15/2016": [2.1, -0.018691588785046745], "7/18/2016": [2.15, 0.023809523809523725], "7/19/2016": [1.95, -0.09302325581395347], "7/20/2016": [2.0, 0.025641025641025664], "7/21/2016": [2.28, 0.1399999999999999], "7/22/2016": [2.29, 0.004385964912280803], "7/25/2016": [2.35, 0.026200873362445438], "7/26/2016": [2.39, 0.017021276595744695], "7/27/2016": [2.4, 0.004184100418409952], "7/28/2016": [2.56, 0.06666666666666674], "7/29/2016": [2.85, 0.11328125000000001], "8/1/2016": [4.09, 0.4350877192982455], "8/2/2016": [3.98, -0.026894865525672343], "8/3/2016": [3.3, -0.17085427135678397], "8/4/2016": [3.85, 0.16666666666666677], "8/5/2016": [3.6, -0.06493506493506493], "8/8/2016": [3.47, -0.03611111111111108], "8/9/2016": [3.59, 0.0345821325648414], "8/10/2016": [3.75, 0.04456824512534823], "8/11/2016": [3.85, 0.02666666666666669], "8/12/2016": [4.12, 0.07012987012987014], "8/15/2016": [3.92, -0.04854368932038839], "8/16/2016": [4.0, 0.02040816326530614], "8/17/2016": [3.7, -0.07499999999999996], "8/18/2016": [3.6, -0.02702702702702705], "8/19/2016": [3.63, 0.00833333333333328], "8/22/2016": [3.5, -0.03581267217630851], "8/23/2016": [3.5, 0.0], "8/24/2016": [3.52, 0.0057142857142857195], "8/25/2016": [3.46, -0.01704545454545456], "8/26/2016": [3.35, -0.03179190751445083], "8/29/2016": [3.45, 0.029850746268656744], "8/30/2016": [3.36, -0.026086956521739216], "8/31/2016": [3.47, 0.03273809523809534], "9/1/2016": [3.5, 0.008645533141210318], "9/2/2016": [3.5, 0.0], "9/5/2016": [3.33, -0.04857142857142855], "9/6/2016": [3.3, -0.009009009009009084], "9/7/2016": [3.35, 0.015151515151515233], "9/8/2016": [3.35, 0.0], "9/9/2016": [3.3, -0.014925373134328438], "9/10/2016": [3.3, 0.0], "9/12/2016": [3.32, 0.006060606060606067], "9/13/2016": [3.2, -0.03614457831325291], "9/14/2016": [3.15, -0.015625000000000083], "9/19/2016": [3.15, 0.0], "9/20/2016": [3.08, -0.02222222222222217], "9/21/2016": [3.02, -0.019480519480519497], "9/22/2016": [2.79, -0.076158940397351], "9/23/2016": [2.79, 0.0], "9/26/2016": [2.79, 0.0], "9/29/2016": [2.55, -0.08602150537634416], "9/30/2016": [2.26, -0.11372549019607846], "10/3/2016": [2.89, 0.2787610619469028], "10/4/2016": [2.78, -0.03806228373702433], "10/5/2016": [2.75, -0.010791366906474751], "10/6/2016": [2.84, 0.032727272727272674], "10/7/2016": [2.84, 0.0], "10/11/2016": [2.8, -0.014084507042253534], "10/12/2016": [2.8, 0.0], "10/13/2016": [3.05, 0.08928571428571429], "10/14/2016": [3.02, -0.009836065573770428], "10/17/2016": [2.88, -0.04635761589403978], "10/18/2016": [3.02, 0.048611111111111154], "10/19/2016": [2.9, -0.03973509933774838], "10/20/2016": [2.81, -0.03103448275862064], "10/21/2016": [2.81, 0.0], "10/24/2016": [2.8, -0.0035587188612100466], "10/25/2016": [2.8, 0.0], "10/26/2016": [2.8, 0.0], "10/27/2016": [2.8, 0.0], "10/28/2016": [2.8, 0.0], "10/31/2016": [2.76, -0.0142857142857143], "11/1/2016": [2.66, -0.03623188405797089], "11/2/2016": [2.5, -0.060150375939849676], "11/3/2016": [2.45, -0.019999999999999928], "11/4/2016": [2.5, 0.020408163265306048], "11/7/2016": [2.5, 0.0], "11/8/2016": [2.55, 0.019999999999999928], "11/9/2016": [2.68, 0.05098039215686288],