{"6/16/2016": [265.0, ""], "6/17/2016": [251.0, -0.052830188679245285], "6/20/2016": [252.0, 0.00398406374501992], "6/21/2016": [246.5, -0.021825396825396824], "6/22/2016": [264.0, 0.07099391480730223], "6/23/2016": [258.5, -0.020833333333333332], "6/24/2016": [248.5, -0.03868471953578337], "6/27/2016": [248.5, 0.0], "6/28/2016": [245.0, -0.014084507042253521], "6/29/2016": [250.0, 0.02040816326530612], "6/30/2016": [247.0, -0.012], "7/1/2016": [244.0, -0.012145748987854251], "7/4/2016": [251.5, 0.030737704918032786], "7/5/2016": [247.0, -0.017892644135188866], "7/6/2016": [246.0, -0.004048582995951417], "7/7/2016": [245.5, -0.0020325203252032522], "7/11/2016": [248.0, 0.010183299389002037], "7/12/2016": [247.0, -0.004032258064516129], "7/13/2016": [245.0, -0.008097165991902834], "7/14/2016": [254.5, 0.03877551020408163], "7/15/2016": [252.0, -0.009823182711198428], "7/18/2016": [252.0, 0.0], "7/19/2016": [248.0, -0.015873015873015872], "7/20/2016": [246.5, -0.006048387096774193], "7/21/2016": [247.0, 0.002028397565922921], "7/22/2016": [246.0, -0.004048582995951417], "7/25/2016": [245.5, -0.0020325203252032522], "7/26/2016": [247.0, 0.006109979633401222], "7/27/2016": [245.5, -0.006072874493927126], "7/28/2016": [251.0, 0.02240325865580448], "7/29/2016": [252.5, 0.00597609561752988], "8/1/2016": [249.5, -0.011881188118811881], "8/2/2016": [247.5, -0.008016032064128256], "8/3/2016": [248.0, 0.00202020202020202], "8/4/2016": [246.5, -0.006048387096774193], "8/5/2016": [246.0, -0.002028397565922921], "8/8/2016": [223.0, -0.09349593495934959], "8/9/2016": [211.0, -0.053811659192825115], "8/10/2016": [215.5, 0.02132701421800948], "8/11/2016": [228.5, 0.060324825986078884], "8/12/2016": [228.0, -0.002188183807439825], "8/15/2016": [223.5, -0.019736842105263157], "8/16/2016": [219.5, -0.017897091722595078], "8/17/2016": [219.0, -0.002277904328018223], "8/18/2016": [221.0, 0.0091324200913242], "8/19/2016": [219.5, -0.006787330316742082], "8/22/2016": [215.0, -0.02050113895216401], "8/23/2016": [216.0, 0.004651162790697674], "8/24/2016": [223.5, 0.034722222222222224], "8/25/2016": [223.5, 0.0], "8/26/2016": [224.0, 0.0022371364653243847], "8/29/2016": [223.0, -0.004464285714285714], "8/30/2016": [226.0, 0.013452914798206279], "8/31/2016": [222.5, -0.015486725663716814], "9/1/2016": [218.5, -0.017977528089887642], "9/2/2016": [207.0, -0.05263157894736842], "9/5/2016": [206.0, -0.004830917874396135], "9/6/2016": [213.0, 0.03398058252427184], "9/7/2016": [214.0, 0.004694835680751174], "9/8/2016": [216.0, 0.009345794392523364], "9/9/2016": [221.0, 0.023148148148148147], "9/10/2016": [220.0, -0.004524886877828055], "9/12/2016": [215.5, -0.020454545454545454], "9/13/2016": [216.0, 0.002320185614849188], "9/14/2016": [212.0, -0.018518518518518517], "9/19/2016": [215.5, 0.01650943396226415], "9/20/2016": [215.5, 0.0], "9/21/2016": [214.0, -0.0069605568445475635], "9/22/2016": [213.0, -0.004672897196261682], "9/23/2016": [218.5, 0.025821596244131457], "9/26/2016": [218.0, -0.002288329519450801], "9/29/2016": [224.5, 0.02981651376146789], "9/30/2016": [223.5, -0.004454342984409799], "10/3/2016": [223.0, -0.0022371364653243847], "10/4/2016": [228.5, 0.02466367713004484], "10/5/2016": [241.0, 0.05470459518599562], "10/6/2016": [238.5, -0.01037344398340249], "10/7/2016": [234.5, -0.016771488469601678], "10/11/2016": [216.5, -0.0767590618336887], "10/12/2016": [220.0, 0.016166281755196306], "10/13/2016": [214.0, -0.02727272727272727], "10/14/2016": [213.0, -0.004672897196261682], "10/17/2016": [210.0, -0.014084507042253521], "10/18/2016": [212.0, 0.009523809523809525], "10/19/2016": [214.0, 0.009433962264150943], "10/20/2016": [213.0, -0.004672897196261682], "10/21/2016": [209.0, -0.018779342723004695], "10/24/2016": [209.0, 0.0], "10/25/2016": [208.5, -0.0023923444976076554], "10/26/2016": [209.0, 0.002398081534772182], "10/27/2016": [213.0, 0.019138755980861243], "10/28/2016": [215.0, 0.009389671361502348], "10/31/2016": [216.0, 0.004651162790697674], "11/1/2016": [210.0, -0.027777777777777776], "11/2/2016": [205.0, -0.023809523809523808], "11/3/2016": [205.0, 0.0], "11/4/2016": [205.0, 0.0], "11/7/2016": [204.5, -0.0024390243902439024], "11/8/2016": [198.5, -0.029339853300733496], "11/9/2016": [200.0, 0.007556675062972292], "11/10/2016": [208.0, 0.04], "11/11/2016": [201.5, -0.03125], "11/14/2016": [200.0, -0.007444168734491315], "11/15/2016": [200.5, 0.0025], "11/16/2016": [198.0, -0.012468827930174564], "11/17/2016": [195.5, -0.012626262626262626], "11/18/2016": [193.0, -0.01278772378516624], "11/21/2016": [192.0, -0.0051813471502590676], "11/22/2016": [194.0, 0.010416666666666666], "11/23/2016": [193.5, -0.002577319587628866], "11/24/2016": [193.5, 0.0], "11/25/2016": [194.0, 0.002583979328165375], "11/28/2016": [194.5, 0.002577319587628866], "11/29/2016": [191.5, -0.015424164524421594], "11/30/2016": [190.5, -0.005221932114882507]}