{"1/4/2016": [66.2, ""], "1/5/2016": [65.6, -0.009063444108761459], "1/6/2016": [65.3, -0.004573170731707274], "1/7/2016": [65.6, 0.004594180704440998], "1/8/2016": [66.0, 0.006097560975609843], "1/11/2016": [66.1, 0.001515151515151429], "1/12/2016": [66.4, 0.004538577912254333], "1/13/2016": [67.0, 0.009036144578313166], "1/14/2016": [67.2, 0.002985074626865714], "1/15/2016": [67.3, 0.0014880952380951534], "1/18/2016": [68.0, 0.010401188707280875], "1/19/2016": [68.6, 0.008823529411764622], "1/20/2016": [68.2, -0.005830903790087339], "1/21/2016": [67.7, -0.007331378299120234], "1/22/2016": [68.2, 0.007385524372230428], "1/25/2016": [69.7, 0.0219941348973607], "1/26/2016": [69.3, -0.005738880918221028], "1/27/2016": [70.1, 0.011544011544011504], "1/28/2016": [68.6, -0.02139800285306705], "1/29/2016": [68.7, 0.0014577259475219903], "1/30/2016": [68.7, 0.0], "2/1/2016": [69.9, 0.017467248908296984], "2/2/2016": [69.7, -0.002861230329041528], "2/3/2016": [69.4, -0.004304160688665669], "2/15/2016": [70.4, 0.01440922190201729], "2/16/2016": [69.8, -0.008522727272727394], "2/17/2016": [69.1, -0.01002865329512898], "2/18/2016": [69.6, 0.007235890014471781], "2/19/2016": [69.0, -0.008620689655172332], "2/22/2016": [69.1, 0.0014492753623187582], "2/23/2016": [68.2, -0.013024602026049081], "2/24/2016": [68.1, -0.0014662756598241718], "2/25/2016": [69.0, 0.01321585903083709], "2/26/2016": [69.5, 0.007246376811594203], "3/1/2016": [69.8, 0.004316546762589887], "3/2/2016": [69.5, -0.0042979942693409335], "3/3/2016": [70.4, 0.012949640287769865], "3/4/2016": [70.1, -0.004261363636363797], "3/7/2016": [70.3, 0.002853067047075647], "3/8/2016": [69.0, -0.018492176386913188], "3/9/2016": [70.3, 0.018840579710144887], "3/10/2016": [69.9, -0.005689900426742411], "3/11/2016": [70.3, 0.005722460658082853], "3/14/2016": [70.4, 0.0014224751066857543], "3/15/2016": [70.6, 0.0028409090909089292], "3/16/2016": [71.2, 0.008498583569405221], "3/17/2016": [72.1, 0.012640449438202127], "3/18/2016": [71.9, -0.002773925104022034], "3/21/2016": [71.4, -0.006954102920723226], "3/22/2016": [70.9, -0.007002801120448179], "3/23/2016": [72.1, 0.01692524682651606], "3/24/2016": [72.5, 0.005547850208044462], "3/25/2016": [72.2, -0.00413793103448272], "3/28/2016": [72.0, -0.0027700831024931143], "3/29/2016": [71.6, -0.005555555555555635], "3/30/2016": [71.6, 0.0], "3/31/2016": [72.1, 0.006983240223463688], "4/1/2016": [71.2, -0.012482662968099745], "4/6/2016": [70.5, -0.009831460674157343], "4/7/2016": [70.7, 0.002836879432624154], "4/8/2016": [70.7, 0.0], "4/11/2016": [71.9, 0.01697312588401701], "4/12/2016": [71.5, -0.00556328233657866], "4/13/2016": [72.3, 0.011188811188811149], "4/14/2016": [71.5, -0.011065006915629283], "4/15/2016": [71.8, 0.004195804195804156], "4/18/2016": [72.6, 0.011142061281337007], "4/19/2016": [72.7, 0.0013774104683196768], "4/20/2016": [72.0, -0.009628610729023422], "4/21/2016": [72.6, 0.008333333333333255], "4/22/2016": [72.5, -0.001377410468319481], "4/25/2016": [73.4, 0.012413793103448353], "4/26/2016": [73.1, -0.004087193460490618], "4/27/2016": [73.7, 0.008207934336525426], "4/28/2016": [73.0, -0.009497964721845357], "4/29/2016": [72.8, -0.0027397260273972993], "5/3/2016": [74.0, 0.016483516483516522], "5/4/2016": [74.8, 0.010810810810810773], "5/5/2016": [74.0, -0.010695187165775364], "5/6/2016": [73.3, -0.009459459459459498], "5/9/2016": [73.9, 0.008185538881309802], "5/10/2016": [74.6, 0.00947225981055465], "5/11/2016": [74.9, 0.004021447721179777], "5/12/2016": [75.0, 0.001335113484646119], "5/13/2016": [75.2, 0.0026666666666667047], "5/16/2016": [75.1, -0.0013297872340426666], "5/17/2016": [75.0, -0.001331557922769565], "5/18/2016": [75.9, 0.012000000000000077], "5/19/2016": [75.3, -0.00790513833992106], "5/20/2016": [74.9, -0.005312084993359781], "5/23/2016": [75.9, 0.013351134846461948], "5/24/2016": [75.5, -0.0052700922266140406], "5/25/2016": [74.8, -0.009271523178807984], "5/26/2016": [74.1, -0.009358288770053515], "5/27/2016": [74.7, 0.00809716599190295], "5/30/2016": [75.0, 0.004016064257028074], "5/31/2016": [75.1, 0.0013333333333332576], "6/1/2016": [75.4, 0.003994673768309073], "6/2/2016": [74.7, -0.009283819628647251], "6/3/2016": [75.2, 0.006693440428380187], "6/4/2016": [75.2, 0.0], "6/6/2016": [76.0, 0.010638297872340387], "6/7/2016": [76.8, 0.010526315789473648], "6/8/2016": [77.1, 0.003906249999999963], "6/13/2016": [74.9, -0.028534370946822162], "6/14/2016": [76.0, 0.014686248331108067], "6/15/2016": [75.3, -0.009210526315789511], "6/16/2016": [74.3, -0.013280212483399735], "6/17/2016": [74.7, 0.005383580080753778], "6/20/2016": [75.3, 0.008032128514056148], "6/21/2016": [75.3, 0.0], "6/22/2016": [76.0, 0.009296148738379853], "6/23/2016": [75.5, -0.006578947368421052], "6/24/2016": [74.8, -0.009271523178807984], "6/27/2016": [74.6, -0.0026737967914438883], "6/28/2016": [75.5, 0.012064343163538951], "6/29/2016": [76.3, 0.010596026490066187], "6/30/2016": [77.9, 0.020969855832241265], "7/1/2016": [80.2, 0.02952503209242615], "7/4/2016": [80.2, 0.0], "7/5/2016": [80.0, -0.0024937655860349482], "7/6/2016": [79.7, -0.0037499999999999643], "7/7/2016": [80.0, 0.003764115432873239], "7/11/2016": [81.7, 0.021250000000000036], "7/12/2016": [77.0, -0.057527539779681794], "7/13/2016": [76.4, -0.0077922077922077185], "7/14/2016": [75.9, -0.006544502617801046], "7/15/2016": [76.3, 0.005270092226613853], "7/18/2016": [76.3, 0.0], "7/19/2016": [75.5, -0.01048492791612054], "7/20/2016": [74.9, -0.007947019867549594], "7/21/2016": [75.5, 0.008010680907877094], "7/22/2016": [75.4, -0.001324503311258203], "7/25/2016": [74.9, -0.00663129973474801], "7/26/2016": [74.5, -0.005340453938584855], "7/27/2016": [74.5, 0.0], "7/28/2016": [73.5, -0.013422818791946308], "7/29/2016": [73.3, -0.0027210884353741885], "8/1/2016": [74.2, 0.012278308321964608], "8/2/2016": [74.5, 0.00404312668463608], "8/3/2016": [73.9, -0.00805369127516771], "8/4/2016": [73.3, -0.008119079837618517], "8/5/2016": [73.9, 0.008185538881309802], "8/8/2016": [75.1, 0.01623815967523665], "8/9/2016": [74.8, -0.003994673768308884], "8/10/2016": [75.8, 0.013368983957219251], "8/11/2016": [75.2, -0.007915567282321826], "8/12/2016": [75.8, 0.007978723404255244], "8/15/2016": [73.9, -0.025065963060685904], "8/16/2016": [74.1, 0.002706359945872647], "8/17/2016": [75.2, 0.014844804318488645], "8/18/2016": [74.8, -0.005319148936170288], "8/19/2016": [74.8, 0.0], "8/22/2016": [74.2, -0.008021390374331475], "8/23/2016": [74.8, 0.00808625336927216], "8/24/2016": [75.3, 0.0066844919786096255], "8/25/2016": [75.3, 0.0], "8/26/2016": [74.7, -0.007968127490039766], "8/29/2016": [75.0, 0.004016064257028074], "8/30/2016": [74.8, -0.0026666666666667047], "8/31/2016": [73.9, -0.012032085561497213], "9/1/2016": [73.2, -0.009472259810554842], "9/2/2016": [74.0, 0.01092896174863384], "9/5/2016": [75.0, 0.013513513513513514], "9/6/2016": [74.6, -0.0053333333333334095], "9/7/2016": [75.1, 0.006702412868632708], "9/8/2016": [74.5, -0.007989347536617768], "9/9/2016": [74.0, -0.006711409395973154], "9/10/2016": [73.6, -0.005405405405405482], "9/12/2016": [73.8, 0.002717391304347865], "9/13/2016": [73.5, -0.0040650406504064655], "9/14/2016": [73.1, -0.005442176870748377], "9/19/2016": [74.5, 0.019151846785225798], "9/20/2016": [73.2, -0.01744966442953016], "9/21/2016": [72.8, -0.005464480874317017], "9/22/2016": [73.0, 0.0027472527472527865], "9/23/2016": [73.0, 0.0], "9/26/2016": [74.1, 0.015068493150684854], "9/29/2016": [74.5, 0.005398110661268633], "9/30/2016": [74.0, -0.006711409395973154], "10/3/2016": [73.7, -0.004054054054054015], "10/4/2016": [73.8, 0.0013568521031206828], "10/5/2016": [74.5, 0.009485094850948549], "10/6/2016": [74.4, -0.0013422818791945545], "10/7/2016": [74.0, -0.005376344086021581], "10/11/2016": [75.2, 0.016216216216216255], "10/12/2016": [75.0, -0.002659574468085144], "10/13/2016": [75.0, 0.0], "10/14/2016": [74.9, -0.0013333333333332576], "10/17/2016": [75.1, 0.002670226969292238],