{"1/4/2016": [9.73, ""], "1/5/2016": [9.61, -0.012332990750257039], "1/6/2016": [9.61, 0.0], "1/7/2016": [9.48, -0.013527575442247556], "1/8/2016": [9.48, 0.0], "1/11/2016": [9.32, -0.016877637130801704], "1/12/2016": [9.32, 0.0], "1/13/2016": [9.3, -0.00214592274678107], "1/14/2016": [9.23, -0.0075268817204301374], "1/15/2016": [9.16, -0.007583965330444234], "1/18/2016": [9.21, 0.0054585152838428725], "1/19/2016": [9.2, -0.001085776330076174], "1/20/2016": [9.07, -0.014130434782608588], "1/21/2016": [8.96, -0.012127894156560026], "1/22/2016": [8.94, -0.0022321428571430075], "1/25/2016": [9.08, 0.015659955257270756], "1/26/2016": [9.05, -0.0033039647577091805], "1/27/2016": [9.06, 0.0011049723756905842], "1/28/2016": [9.06, 0.0], "1/29/2016": [9.28, 0.02428256070640164], "1/30/2016": [9.39, 0.0118534482758622], "2/1/2016": [9.36, -0.003194888178913859], "2/2/2016": [9.3, -0.006410256410256274], "2/3/2016": [9.21, -0.009677419354838694], "2/15/2016": [9.16, -0.005428881650380099], "2/16/2016": [9.42, 0.02838427947598251], "2/17/2016": [9.39, -0.0031847133757961104], "2/18/2016": [9.4, 0.0010649627263045567], "2/19/2016": [9.4, 0.0], "2/22/2016": [9.43, 0.0031914893617020594], "2/23/2016": [9.41, -0.0021208907741250872], "2/24/2016": [9.35, -0.006376195536663177], "2/25/2016": [9.44, 0.009625668449197846], "2/26/2016": [9.44, 0.0], "3/1/2016": [9.48, 0.004237288135593318], "3/2/2016": [9.59, 0.0116033755274261], "3/3/2016": [9.71, 0.012513034410844734], "3/4/2016": [9.78, 0.0072090628218330075], "3/7/2016": [9.79, 0.0010224948875255406], "3/8/2016": [9.75, -0.004085801838610741], "3/9/2016": [9.71, -0.004102564102564015], "3/10/2016": [9.77, 0.006179196704428292], "3/11/2016": [9.74, -0.0030706243602865264], "3/14/2016": [9.77, 0.003080082135523548], "3/15/2016": [9.64, -0.013306038894575128], "3/16/2016": [9.81, 0.017634854771784225], "3/17/2016": [9.8, -0.0010193679918450342], "3/18/2016": [9.78, -0.00204081632653075], "3/21/2016": [9.8, 0.002044989775051263], "3/22/2016": [9.79, -0.0010204081632654656], "3/23/2016": [9.8, 0.0010214504596528667], "3/24/2016": [9.79, -0.0010204081632654656], "3/25/2016": [9.78, -0.0010214504596526852], "3/28/2016": [9.69, -0.009202453987730048], "3/29/2016": [9.6, -0.009287925696594413], "3/30/2016": [9.59, -0.0010416666666666445], "3/31/2016": [9.53, -0.006256517205422367], "4/1/2016": [9.52, -0.0010493179433368088], "4/6/2016": [9.52, 0.0], "4/7/2016": [9.49, -0.0031512605042016135], "4/8/2016": [9.5, 0.0010537407797681546], "4/11/2016": [9.48, -0.002105263157894692], "4/12/2016": [9.45, -0.003164556962025436], "4/13/2016": [9.47, 0.0021164021164022592], "4/14/2016": [9.57, 0.010559662090813056], "4/15/2016": [9.51, -0.00626959247648908], "4/18/2016": [9.49, -0.0021030494216613643], "4/19/2016": [9.49, 0.0], "4/20/2016": [9.44, -0.00526870389884096], "4/21/2016": [9.43, -0.0010593220338982825], "4/22/2016": [9.43, 0.0], "4/25/2016": [9.42, -0.0010604453870625436], "4/26/2016": [9.4, -0.0021231422505307404], "4/27/2016": [9.39, -0.0010638297872340198], "4/28/2016": [9.36, -0.003194888178913859], "4/29/2016": [9.37, 0.0010683760683760457], "5/3/2016": [9.29, -0.00853788687299894], "5/4/2016": [9.2, -0.009687836383207736], "5/5/2016": [9.17, -0.003260869565217322], "5/6/2016": [9.14, -0.003271537622682591], "5/9/2016": [9.09, -0.005470459518599639], "5/10/2016": [9.14, 0.005500550055005579], "5/11/2016": [9.12, -0.0021881838074399723], "5/12/2016": [9.08, -0.004385964912280609], "5/13/2016": [9.01, -0.007709251101321617], "5/16/2016": [9.04, 0.0033296337402884974], "5/17/2016": [9.06, 0.002212389380531123], "5/18/2016": [9.01, -0.005518763796909571], "5/19/2016": [9.05, 0.0044395116537181934], "5/20/2016": [9.09, 0.004419889502762337], "5/23/2016": [9.17, 0.008800880088008809], "5/24/2016": [9.12, -0.005452562704471179], "5/25/2016": [9.19, 0.00767543859649126], "5/26/2016": [9.24, 0.005440696409140447], "5/27/2016": [9.24, 0.0], "5/30/2016": [9.24, 0.0], "5/31/2016": [9.2, -0.004329004329004429], "6/1/2016": [9.27, 0.007608695652173945], "6/2/2016": [9.24, -0.003236245954692488], "6/3/2016": [9.25, 0.001082251082251059], "6/4/2016": [9.25, 0.0], "6/6/2016": [9.27, 0.0021621621621621162], "6/7/2016": [9.27, 0.0], "6/8/2016": [9.28, 0.0010787486515641627], "6/13/2016": [9.19, -0.00969827586206895], "6/14/2016": [9.21, 0.002176278563656295], "6/15/2016": [9.21, 0.0], "6/16/2016": [9.18, -0.0032573289902281363], "6/17/2016": [9.12, -0.006535947712418355], "6/20/2016": [9.19, 0.00767543859649126], "6/21/2016": [9.23, 0.004352557127312397], "6/22/2016": [9.26, 0.0032502708559045894], "6/23/2016": [9.25, -0.0010799136069114242], "6/24/2016": [9.11, -0.015135135135135197], "6/27/2016": [9.1, -0.0010976948408342247], "6/28/2016": [9.1, 0.0], "6/29/2016": [9.14, 0.004395604395604497], "6/30/2016": [9.14, 0.0], "7/1/2016": [9.17, 0.003282275711159667], "7/4/2016": [9.18, 0.0010905125408941971], "7/5/2016": [9.19, 0.0010893246187363603], "7/6/2016": [9.13, -0.006528835690968305], "7/7/2016": [9.11, -0.0021905805038336637], "7/11/2016": [9.17, 0.006586169045005544], "7/12/2016": [9.14, -0.003271537622682591], "7/13/2016": [9.2, 0.006564551422319334], "7/14/2016": [9.23, 0.003260869565217515], "7/15/2016": [9.36, 0.014084507042253412], "7/18/2016": [9.34, -0.0021367521367520914], "7/19/2016": [9.38, 0.004282655246252776], "7/20/2016": [9.35, -0.0031982942430704834], "7/21/2016": [9.36, 0.0010695187165775174], "7/22/2016": [9.35, -0.0010683760683760457], "7/25/2016": [9.34, -0.0010695187165775174], "7/26/2016": [9.33, -0.0010706638115631465], "7/27/2016": [9.31, -0.002143622722400812], "7/28/2016": [9.32, 0.0010741138560687203], "7/29/2016": [9.31, -0.001072961373390535], "8/1/2016": [9.33, 0.0021482277121374405], "8/2/2016": [9.36, 0.0032154340836012176], "8/3/2016": [9.33, -0.003205128205128137], "8/4/2016": [9.31, -0.002143622722400812], "8/5/2016": [9.32, 0.0010741138560687203], "8/8/2016": [9.37, 0.005364806866952675], "8/9/2016": [9.43, 0.006403415154749253], "8/10/2016": [9.57, 0.014846235418875989], "8/11/2016": [9.56, -0.0010449320794148158], "8/12/2016": [9.56, 0.0], "8/15/2016": [9.62, 0.006276150627614929], "8/16/2016": [9.61, -0.0010395010395010174], "8/17/2016": [9.62, 0.001040582726326721], "8/18/2016": [9.59, -0.0031185031185030523], "8/19/2016": [9.51, -0.008342022940563094], "8/22/2016": [9.46, -0.005257623554153411], "8/23/2016": [9.49, 0.003171247357293801], "8/24/2016": [9.49, 0.0], "8/25/2016": [9.58, 0.009483667017913578], "8/26/2016": [9.6, 0.002087682672233776], "8/29/2016": [9.57, -0.0031249999999999334], "8/30/2016": [9.56, -0.0010449320794148158], "8/31/2016": [9.52, -0.004184100418410139], "9/1/2016": [8.95, -0.05987394957983196], "9/2/2016": [8.97, 0.002234636871508531], "9/5/2016": [9.0, 0.003344481605351099], "9/6/2016": [9.08, 0.008888888888888898], "9/7/2016": [9.14, 0.006607929515418557], "9/8/2016": [9.14, 0.0], "9/9/2016": [9.1, -0.00437636761487975], "9/10/2016": [9.04, -0.006593406593406648], "9/12/2016": [9.02, -0.0022123893805309266], "9/13/2016": [8.96, -0.006651884700665047], "9/14/2016": [9.02, 0.006696428571428428], "9/19/2016": [9.02, 0.0], "9/20/2016": [9.08, 0.006651884700665244], "9/21/2016": [9.05, -0.0033039647577091805], "9/22/2016": [9.03, -0.0022099447513813644], "9/23/2016": [9.05, 0.0022148394241418993], "9/26/2016": [9.01, -0.004419889502762533], "9/29/2016": [9.02, 0.0011098779134294991], "9/30/2016": [8.96, -0.006651884700665047], "10/3/2016": [8.95, -0.0011160714285716028], "10/4/2016": [8.99, 0.0044692737430168635], "10/5/2016": [8.99, 0.0], "10/6/2016": [8.97, -0.0022246941045605756], "10/7/2016": [8.94, -0.003344481605351297], "10/11/2016": [8.95, 0.0011185682326621685], "10/12/2016": [8.93, -0.0022346368715083324], "10/13/2016": [8.94, 0.0011198208286673894], "10/14/2016": [8.92, -0.002237136465324337], "10/17/2016": [8.88, -0.0044843049327353305], "10/18/2016": [8.89, 0.001126126126126102], "10/19/2016": [8.94, 0.00562429696287952],