{"1/4/2016": [25.0, ""], "1/5/2016": [25.0, 0.0], "1/6/2016": [24.95, -0.0020000000000000282], "1/7/2016": [25.25, 0.012024048096192414], "1/8/2016": [25.0, -0.009900990099009901], "1/11/2016": [24.85, -0.005999999999999943], "1/12/2016": [24.7, -0.006036217303823023], "1/13/2016": [24.8, 0.004048582995951474], "1/14/2016": [24.95, 0.006048387096774136], "1/15/2016": [24.8, -0.006012024048096136], "1/18/2016": [24.5, -0.012096774193548416], "1/19/2016": [24.3, -0.00816326530612242], "1/20/2016": [24.1, -0.00823045267489709], "1/21/2016": [23.65, -0.0186721991701246], "1/22/2016": [23.55, -0.0042283298097250685], "1/25/2016": [23.65, 0.004246284501061481], "1/26/2016": [22.95, -0.02959830866807608], "1/27/2016": [22.95, 0.0], "1/28/2016": [23.2, 0.010893246187363835], "1/29/2016": [23.7, 0.021551724137931036], "1/30/2016": [24.25, 0.023206751054852353], "2/1/2016": [24.3, 0.002061855670103122], "2/2/2016": [24.25, -0.002057613168724309], "2/3/2016": [24.3, 0.002061855670103122], "2/15/2016": [24.0, -0.012345679012345708], "2/16/2016": [25.05, 0.04375000000000003], "2/17/2016": [24.7, -0.01397205588822361], "2/18/2016": [24.9, 0.008097165991902806], "2/19/2016": [24.9, 0.0], "2/22/2016": [25.2, 0.012048192771084366], "2/23/2016": [25.3, 0.003968253968254024], "2/24/2016": [24.8, -0.019762845849802372], "2/25/2016": [25.0, 0.008064516129032228], "2/26/2016": [25.3, 0.012000000000000028], "3/1/2016": [25.5, 0.00790513833992092], "3/2/2016": [26.0, 0.0196078431372549], "3/3/2016": [26.9, 0.03461538461538456], "3/4/2016": [27.0, 0.003717472118959161], "3/7/2016": [27.9, 0.03333333333333328], "3/8/2016": [27.55, -0.012544802867383437], "3/9/2016": [27.05, -0.018148820326678767], "3/10/2016": [27.2, 0.005545286506469448], "3/11/2016": [27.45, 0.009191176470588236], "3/14/2016": [27.05, -0.014571948998178454], "3/15/2016": [27.05, 0.0], "3/16/2016": [27.15, 0.0036968576709795883], "3/17/2016": [27.5, 0.012891344383057144], "3/18/2016": [27.55, 0.001818181818181844], "3/21/2016": [27.2, -0.012704174228675187], "3/22/2016": [27.5, 0.011029411764705909], "3/23/2016": [27.15, -0.01272727272727278], "3/24/2016": [27.2, 0.0018416206261510392], "3/25/2016": [26.9, -0.011029411764705909], "3/28/2016": [26.75, -0.005576208178438609], "3/29/2016": [26.3, -0.01682242990654203], "3/30/2016": [26.95, 0.024714828897338347], "3/31/2016": [26.3, -0.02411873840445264], "4/1/2016": [25.6, -0.02661596958174902], "4/6/2016": [24.85, -0.029296875], "4/7/2016": [24.65, -0.008048289738430697], "4/8/2016": [24.25, -0.01622718052738331], "4/11/2016": [25.05, 0.03298969072164951], "4/12/2016": [24.8, -0.00998003992015968], "4/13/2016": [25.2, 0.016129032258064457], "4/14/2016": [25.1, -0.003968253968253884], "4/15/2016": [25.75, 0.025896414342629424], "4/18/2016": [25.2, -0.0213592233009709], "4/19/2016": [25.2, 0.0], "4/20/2016": [24.5, -0.027777777777777752], "4/21/2016": [25.0, 0.02040816326530612], "4/22/2016": [24.85, -0.005999999999999943], "4/25/2016": [25.1, 0.01006036217303823], "4/26/2016": [24.9, -0.007968127490039953], "4/27/2016": [24.55, -0.014056224899598308], "4/28/2016": [24.0, -0.02240325865580451], "4/29/2016": [24.15, 0.0062499999999999405], "5/3/2016": [24.05, -0.0041407867494823135], "5/4/2016": [23.1, -0.03950103950103947], "5/5/2016": [23.5, 0.017316017316017254], "5/6/2016": [23.2, -0.012765957446808541], "5/9/2016": [23.1, -0.004310344827586115], "5/10/2016": [23.35, 0.010822510822510822], "5/11/2016": [23.05, -0.01284796573875806], "5/12/2016": [22.95, -0.004338394793926309], "5/13/2016": [22.6, -0.015250544662309276], "5/16/2016": [22.3, -0.013274336283185872], "5/17/2016": [22.2, -0.004484304932735489], "5/18/2016": [22.15, -0.0022522522522522843], "5/19/2016": [22.1, -0.002257336343114996], "5/20/2016": [22.45, 0.015837104072398092], "5/23/2016": [23.05, 0.02672605790645886], "5/24/2016": [22.75, -0.013015184381778773], "5/25/2016": [23.05, 0.013186813186813218], "5/26/2016": [23.0, -0.0021691973969631545], "5/27/2016": [23.1, 0.004347826086956583], "5/30/2016": [23.4, 0.012987012987012863], "5/31/2016": [23.0, -0.017094017094017033], "6/1/2016": [23.35, 0.015217391304347887], "6/2/2016": [23.15, -0.008565310492505475], "6/3/2016": [23.5, 0.015118790496760322], "6/4/2016": [23.45, -0.0021276595744681155], "6/6/2016": [23.1, -0.014925373134328268], "6/7/2016": [23.3, 0.008658008658008627], "6/8/2016": [23.0, -0.012875536480686725], "6/13/2016": [22.65, -0.015217391304347887], "6/14/2016": [22.95, 0.013245033112582814], "6/15/2016": [22.95, 0.0], "6/16/2016": [22.8, -0.006535947712418239], "6/17/2016": [22.65, -0.006578947368421146], "6/20/2016": [23.1, 0.019867549668874298], "6/21/2016": [23.05, -0.0021645021645021953], "6/22/2016": [23.45, 0.017353579175704927], "6/23/2016": [23.5, 0.0021321961620469386], "6/24/2016": [23.2, -0.012765957446808541], "6/27/2016": [23.15, -0.002155172413793134], "6/28/2016": [23.2, 0.002159827213822925], "6/29/2016": [23.6, 0.01724137931034492], "6/30/2016": [24.0, 0.01694915254237282], "7/1/2016": [24.45, 0.01874999999999997], "7/4/2016": [24.3, -0.006134969325153316], "7/5/2016": [24.2, -0.004115226337448618], "7/6/2016": [23.7, -0.02066115702479339], "7/7/2016": [23.65, -0.002109704641350241], "7/11/2016": [24.2, 0.023255813953488403], "7/12/2016": [24.3, 0.004132231404958737], "7/13/2016": [24.75, 0.01851851851851849], "7/14/2016": [23.95, -0.03232323232323235], "7/15/2016": [24.2, 0.010438413361169102], "7/18/2016": [24.45, 0.010330578512396695], "7/19/2016": [24.9, 0.018404907975460093], "7/20/2016": [24.85, -0.002008032128513942], "7/21/2016": [24.75, -0.0040241448692153485], "7/22/2016": [24.65, -0.004040404040404098], "7/25/2016": [24.65, 0.0], "7/26/2016": [24.8, 0.006085192697768849], "7/27/2016": [24.8, 0.0], "7/28/2016": [24.9, 0.004032258064516043], "7/29/2016": [24.9, 0.0], "8/1/2016": [24.9, 0.0], "8/2/2016": [24.8, -0.004016064257028027], "8/3/2016": [24.75, -0.002016129032258093], "8/4/2016": [24.75, 0.0], "8/5/2016": [24.85, 0.004040404040404098], "8/8/2016": [24.95, 0.004024144869215205], "8/9/2016": [24.95, 0.0], "8/10/2016": [25.05, 0.004008016032064185], "8/11/2016": [24.85, -0.007984031936127716], "8/12/2016": [24.85, 0.0], "8/15/2016": [24.85, 0.0], "8/16/2016": [24.65, -0.008048289738430697], "8/17/2016": [24.1, -0.022312373225152015], "8/18/2016": [24.25, 0.006224066390041434], "8/19/2016": [23.75, -0.020618556701030927], "8/22/2016": [23.55, -0.008421052631578918], "8/23/2016": [23.6, 0.002123142250530816], "8/24/2016": [23.5, -0.00423728813559328], "8/25/2016": [23.8, 0.012765957446808541], "8/26/2016": [23.8, 0.0], "8/29/2016": [23.6, -0.008403361344537785], "8/30/2016": [23.9, 0.01271186440677954], "8/31/2016": [23.4, -0.020920502092050212], "9/1/2016": [23.3, -0.004273504273504183], "9/2/2016": [23.55, 0.01072961373390558], "9/5/2016": [24.05, 0.021231422505307854], "9/6/2016": [24.8, 0.031185031185031183], "9/7/2016": [24.65, -0.006048387096774279], "9/8/2016": [24.5, -0.006085192697768705], "9/9/2016": [24.3, -0.00816326530612242], "9/10/2016": [24.0, -0.012345679012345708], "9/12/2016": [23.75, -0.010416666666666666], "9/13/2016": [23.5, -0.010526315789473684], "9/14/2016": [23.55, 0.0021276595744681155], "9/19/2016": [23.35, -0.008492569002123113], "9/20/2016": [23.5, 0.006423982869378953], "9/21/2016": [23.7, 0.00851063829787231], "9/22/2016": [23.7, 0.0], "9/23/2016": [23.8, 0.004219409282700482], "9/26/2016": [23.75, -0.0021008403361344836], "9/29/2016": [23.75, 0.0], "9/30/2016": [23.45, -0.01263157894736845], "10/3/2016": [23.5, 0.0021321961620469386], "10/4/2016": [23.5, 0.0], "10/5/2016": [23.5, 0.0], "10/6/2016": [23.45, -0.0021276595744681155], "10/7/2016": [23.6, 0.006396588486140816], "10/11/2016": [23.45, -0.00635593220338992], "10/12/2016": [23.35, -0.0042643923240937255], "10/13/2016": [23.2, -0.006423982869379106], "10/14/2016": [23.5, 0.012931034482758652], "10/17/2016": [23.2, -0.012765957446808541], "10/18/2016": [23.65, 0.0193965517241379],