{"1/4/2016": [5.98, ""], "1/5/2016": [5.68, -0.05016722408026767], "1/6/2016": [5.6, -0.014084507042253534], "1/7/2016": [5.6, 0.0], "1/8/2016": [5.74, 0.025000000000000102], "1/11/2016": [5.55, -0.033101045296167315], "1/12/2016": [5.5, -0.009009009009008978], "1/13/2016": [5.46, -0.007272727272727279], "1/14/2016": [5.21, -0.045787545787545784], "1/15/2016": [5.15, -0.01151631477927056], "1/18/2016": [5.13, -0.0038834951456311576], "1/19/2016": [5.13, 0.0], "1/20/2016": [4.92, -0.040935672514619874], "1/21/2016": [5.3, 0.07723577235772355], "1/22/2016": [5.65, 0.0660377358490567], "1/25/2016": [5.5, -0.026548672566371743], "1/26/2016": [5.45, -0.00909090909090906], "1/27/2016": [5.23, -0.040366972477064174], "1/28/2016": [5.34, 0.021032504780114612], "1/29/2016": [5.24, -0.01872659176029956], "1/30/2016": [5.33, 0.017175572519083943], "2/1/2016": [5.16, -0.03189493433395871], "2/2/2016": [5.44, 0.054263565891472916], "2/3/2016": [5.96, 0.09558823529411756], "2/15/2016": [6.1, 0.023489932885905986], "2/16/2016": [6.0, -0.01639344262295076], "2/17/2016": [6.01, 0.0016666666666666312], "2/18/2016": [5.95, -0.009983361064891783], "2/19/2016": [6.0, 0.008403361344537785], "2/22/2016": [6.05, 0.008333333333333304], "2/23/2016": [6.15, 0.016528925619834798], "2/24/2016": [6.19, 0.006504065040650412], "2/25/2016": [6.48, 0.04684975767366721], "2/26/2016": [6.22, -0.04012345679012356], "3/1/2016": [6.46, 0.03858520900321547], "3/2/2016": [6.4, -0.009287925696594366], "3/3/2016": [6.49, 0.014062499999999978], "3/4/2016": [6.4, -0.013867488443759608], "3/7/2016": [6.49, 0.014062499999999978], "3/8/2016": [6.5, 0.0015408320493065927], "3/9/2016": [6.4, -0.01538461538461533], "3/10/2016": [6.3, -0.015625000000000083], "3/11/2016": [6.4, 0.01587301587301596], "3/14/2016": [6.45, 0.007812499999999972], "3/15/2016": [6.34, -0.01705426356589152], "3/16/2016": [6.3, -0.006309148264984233], "3/17/2016": [6.18, -0.019047619047619067], "3/18/2016": [6.22, 0.00647249190938512], "3/21/2016": [6.27, 0.008038585209003187], "3/22/2016": [6.31, 0.006379585326953754], "3/23/2016": [6.5, 0.030110935023771854], "3/24/2016": [6.36, -0.02153846153846149], "3/25/2016": [6.35, -0.0015723270440252634], "3/28/2016": [6.35, 0.0], "3/29/2016": [6.5, 0.023622047244094547], "3/30/2016": [6.5, 0.0], "3/31/2016": [6.26, -0.036923076923076954], "4/1/2016": [6.25, -0.0015974440894568351], "4/6/2016": [6.11, -0.022399999999999948], "4/7/2016": [6.2, 0.014729950900163642], "4/8/2016": [6.16, -0.006451612903225812], "4/11/2016": [6.11, -0.008116883116883088], "4/12/2016": [6.15, 0.0065466448445171905], "4/13/2016": [6.15, 0.0], "4/14/2016": [6.35, 0.03252032520325192], "4/15/2016": [6.3, -0.007874015748031468], "4/18/2016": [6.3, 0.0], "4/19/2016": [6.3, 0.0], "4/20/2016": [6.3, 0.0], "4/21/2016": [6.3, 0.0], "4/22/2016": [6.4, 0.01587301587301596], "4/25/2016": [6.39, -0.0015625000000001055], "4/26/2016": [6.44, 0.0078247261345854], "4/27/2016": [6.43, -0.0015527950310560052], "4/28/2016": [6.44, 0.0015552099533438063], "4/29/2016": [6.44, 0.0], "5/3/2016": [6.37, -0.010869565217391347], "5/4/2016": [6.3, -0.010989010989011033], "5/5/2016": [6.27, -0.004761904761904801], "5/6/2016": [6.29, 0.0031897926634769477], "5/9/2016": [6.38, 0.014308426073131934], "5/10/2016": [6.17, -0.032915360501567396], "5/11/2016": [6.3, 0.02106969205834682], "5/12/2016": [6.24, -0.009523809523809462], "5/13/2016": [6.26, 0.0032051282051281365], "5/16/2016": [6.27, 0.0015974440894568351], "5/17/2016": [6.33, 0.009569377990430701], "5/18/2016": [6.25, -0.012638230647709331], "5/19/2016": [6.23, -0.0031999999999999316], "5/20/2016": [6.25, 0.003210272873194153], "5/23/2016": [6.21, -0.0064000000000000055], "5/24/2016": [6.3, 0.014492753623188383], "5/25/2016": [6.3, 0.0], "5/26/2016": [6.3, 0.0], "5/27/2016": [6.24, -0.009523809523809462], "5/30/2016": [6.3, 0.009615384615384552], "5/31/2016": [6.3, 0.0], "6/1/2016": [6.3, 0.0], "6/2/2016": [6.36, 0.009523809523809603], "6/3/2016": [6.36, 0.0], "6/4/2016": [6.3, -0.009433962264151021], "6/6/2016": [6.32, 0.003174603174603248], "6/7/2016": [6.37, 0.007911392405063262], "6/8/2016": [6.3, -0.010989010989011033], "6/13/2016": [6.22, -0.01269841269841271], "6/14/2016": [6.28, 0.009646302250803939], "6/15/2016": [6.37, 0.014331210191082779], "6/16/2016": [6.29, -0.012558869701726856], "6/17/2016": [6.3, 0.00158982511923685], "6/20/2016": [6.6, 0.047619047619047596], "6/21/2016": [7.26, 0.10000000000000003], "6/22/2016": [7.26, 0.0], "6/23/2016": [7.19, -0.009641873278236832], "6/24/2016": [7.1, -0.012517385257301911], "6/27/2016": [7.15, 0.007042253521126861], "6/28/2016": [7.12, -0.0041958041958042305], "6/29/2016": [7.15, 0.00421348314606745], "6/30/2016": [7.17, 0.0027972027972027374], "7/1/2016": [7.37, 0.027894002789400303], "7/4/2016": [8.0, 0.08548168249660786], "7/5/2016": [8.0, 0.0], "7/6/2016": [7.8, -0.025000000000000022], "7/7/2016": [7.87, 0.008974358974359012], "7/11/2016": [7.86, -0.0012706480304955257], "7/12/2016": [7.75, -0.013994910941475867], "7/13/2016": [7.45, -0.03870967741935481], "7/14/2016": [7.76, 0.0416107382550335], "7/15/2016": [7.64, -0.01546391752577321], "7/18/2016": [7.52, -0.015706806282722526], "7/19/2016": [7.63, 0.014627659574468129], "7/20/2016": [7.52, -0.014416775884665835], "7/21/2016": [7.52, 0.0], "7/22/2016": [7.51, -0.001329787234042525], "7/25/2016": [7.42, -0.011984021304926746], "7/26/2016": [7.41, -0.0013477088948786774], "7/27/2016": [7.35, -0.008097165991902902], "7/28/2016": [7.28, -0.009523809523809441], "7/29/2016": [7.25, -0.004120879120879155], "8/1/2016": [7.3, 0.006896551724137907], "8/2/2016": [7.22, -0.010958904109589052], "8/3/2016": [7.28, 0.008310249307479294], "8/4/2016": [7.35, 0.009615384615384533], "8/5/2016": [7.3, -0.0068027210884353505], "8/8/2016": [7.45, 0.020547945205479503], "8/9/2016": [7.29, -0.021476510067114114], "8/10/2016": [7.05, -0.03292181069958851], "8/11/2016": [7.2, 0.021276595744680903], "8/12/2016": [7.14, -0.008333333333333403], "8/15/2016": [7.27, 0.018207282913165253], "8/16/2016": [7.08, -0.026134800550206262], "8/17/2016": [7.18, 0.014124293785310684], "8/18/2016": [7.17, -0.0013927576601671012], "8/19/2016": [7.1, -0.009762900976290137], "8/22/2016": [7.1, 0.0], "8/23/2016": [7.15, 0.007042253521126861], "8/24/2016": [7.18, 0.0041958041958041065], "8/25/2016": [7.19, 0.001392757660167225], "8/26/2016": [7.07, -0.016689847009735758], "8/29/2016": [7.17, 0.014144271570014093], "8/30/2016": [7.2, 0.004184100418410076], "8/31/2016": [7.29, 0.01249999999999998], "9/1/2016": [7.09, -0.027434842249657088], "9/2/2016": [7.0, -0.012693935119887145], "9/5/2016": [7.05, 0.0071428571428571175], "9/6/2016": [7.05, 0.0], "9/7/2016": [7.0, -0.007092198581560258], "9/8/2016": [6.95, -0.0071428571428571175], "9/9/2016": [7.0, 0.007194244604316521], "9/10/2016": [7.0, 0.0], "9/12/2016": [7.0, 0.0], "9/13/2016": [6.98, -0.0028571428571427964], "9/14/2016": [6.9, -0.011461318051575941], "9/19/2016": [7.08, 0.026086956521739087], "9/20/2016": [7.07, -0.0014124293785310433], "9/21/2016": [7.0, -0.009900990099009941], "9/22/2016": [6.98, -0.0028571428571427964], "9/23/2016": [7.0, 0.0028653295128939216], "9/26/2016": [7.0, 0.0], "9/29/2016": [7.02, 0.0028571428571427964], "9/30/2016": [6.88, -0.019943019943019898], "10/3/2016": [7.02, 0.02034883720930228], "10/4/2016": [7.0, -0.0028490028490027884], "10/5/2016": [6.98, -0.0028571428571427964], "10/6/2016": [7.08, 0.014326647564469863], "10/7/2016": [6.96, -0.016949152542372895], "10/11/2016": [6.97, 0.0014367816091953717], "10/12/2016": [6.9, -0.010043041606886571], "10/13/2016": [6.89, -0.0014492753623189384], "10/14/2016": [6.89, 0.0], "10/17/2016": [6.95, 0.008708272859216328], "10/18/2016": [6.97, 0.002877697841726557], "10/19/2016": [6.8, -0.024390243902439015], "10/20/2016": [6.84, 0.005882352941176476], "10/21/2016": [6.89, 0.007309941520467811], "10/24/2016": [6.9, 0.001451378809869474], "10/25/2016": [6.89, -0.0014492753623189384],