{"1/4/2016": [9.8, ""], "1/5/2016": [9.79, -0.0010204081632654656], "1/6/2016": [9.65, -0.014300306435137774], "1/7/2016": [9.79, 0.014507772020725262], "1/8/2016": [9.75, -0.004085801838610741], "1/11/2016": [9.66, -0.009230769230769216], "1/12/2016": [9.45, -0.0217391304347827], "1/13/2016": [9.59, 0.014814814814814876], "1/14/2016": [9.67, 0.008342022940563094], "1/15/2016": [9.6, -0.007238883143743566], "1/18/2016": [9.7, 0.01041666666666663], "1/19/2016": [9.78, 0.008247422680412378], "1/20/2016": [9.72, -0.006134969325153244], "1/21/2016": [9.7, -0.002057613168724419], "1/22/2016": [9.8, 0.010309278350515611], "1/25/2016": [9.61, -0.019387755102040945], "1/26/2016": [9.78, 0.017689906347554626], "1/27/2016": [9.77, -0.0010224948875255406], "1/28/2016": [9.69, -0.008188331627430918], "1/29/2016": [9.69, 0.0], "1/30/2016": [9.74, 0.005159958720330311], "2/1/2016": [9.78, 0.0041067761806980645], "2/2/2016": [9.67, -0.01124744376278113], "2/3/2016": [9.63, -0.004136504653567647], "2/15/2016": [9.47, -0.016614745586708217], "2/16/2016": [9.47, 0.0], "2/17/2016": [9.6, 0.013727560718056916], "2/18/2016": [9.66, 0.006250000000000052], "2/19/2016": [9.75, 0.009316770186335388], "2/22/2016": [9.54, -0.021538461538461624], "2/23/2016": [9.61, 0.0073375262054507645], "2/24/2016": [9.74, 0.01352757544224774], "2/25/2016": [9.51, -0.02361396303901442], "2/26/2016": [9.52, 0.0010515247108306822], "3/1/2016": [9.78, 0.02731092436974788], "3/2/2016": [9.5, -0.028629856850715684], "3/3/2016": [9.55, 0.005263157894736917], "3/4/2016": [9.55, 0.0], "3/7/2016": [9.55, 0.0], "3/8/2016": [9.71, 0.016753926701570693], "3/9/2016": [9.73, 0.002059732234809431], "3/10/2016": [9.71, -0.0020554984583761125], "3/11/2016": [9.72, 0.0010298661174047154], "3/14/2016": [9.64, -0.008230452674897125], "3/15/2016": [9.6, -0.004149377593361091], "3/16/2016": [9.69, 0.009374999999999986], "3/17/2016": [9.74, 0.005159958720330311], "3/18/2016": [9.57, -0.017453798767967137], "3/21/2016": [9.45, -0.01253918495297816], "3/22/2016": [9.46, 0.0010582010582012237], "3/23/2016": [9.4, -0.00634249471458779], "3/24/2016": [9.66, 0.027659574468085084], "3/25/2016": [9.75, 0.009316770186335388], "3/28/2016": [9.8, 0.005128205128205201], "3/29/2016": [9.93, 0.013265306122448877], "3/30/2016": [10.05, 0.012084592145015206], "3/31/2016": [10.15, 0.009950248756218869], "4/1/2016": [9.87, -0.027586206896551835], "4/6/2016": [9.93, 0.0060790273556231515], "4/7/2016": [9.91, -0.002014098690835808], "4/8/2016": [9.91, 0.0], "4/11/2016": [9.93, 0.0020181634712411276], "4/12/2016": [9.98, 0.005035246727089699], "4/13/2016": [9.98, 0.0], "4/14/2016": [9.8, -0.018036072144288547], "4/15/2016": [9.87, 0.00714285714285699], "4/18/2016": [9.88, 0.0010131712259373417], "4/19/2016": [9.92, 0.00404858299595133], "4/20/2016": [9.9, -0.0020161290322580215], "4/21/2016": [9.95, 0.0050505050505049425], "4/22/2016": [9.97, 0.0020100502512564174], "4/25/2016": [9.95, -0.0020060180541626228], "4/26/2016": [9.93, -0.0020100502512562387], "4/27/2016": [9.88, -0.00503524672708952], "4/28/2016": [9.88, 0.0], "4/29/2016": [9.79, -0.009109311740890852], "5/3/2016": [9.7, -0.009193054136874348], "5/4/2016": [9.58, -0.012371134020618476], "5/5/2016": [9.54, -0.004175365344467738], "5/6/2016": [9.68, 0.014675052410901529], "5/9/2016": [9.79, 0.011363636363636305], "5/10/2016": [9.66, -0.013278855975485088], "5/11/2016": [9.44, -0.022774327122153274], "5/12/2016": [9.13, -0.03283898305084732], "5/13/2016": [9.25, 0.013143483023001008], "5/16/2016": [9.38, 0.014054054054054138], "5/17/2016": [9.1, -0.029850746268656834], "5/18/2016": [9.25, 0.016483516483516522], "5/19/2016": [9.39, 0.015135135135135197], "5/20/2016": [9.27, -0.012779552715655057], "5/23/2016": [9.05, -0.023732470334411962], "5/24/2016": [9.14, 0.009944751381215453], "5/25/2016": [9.14, 0.0], "5/26/2016": [9.1, -0.00437636761487975], "5/27/2016": [8.8, -0.03296703296703285], "5/30/2016": [8.8, 0.0], "5/31/2016": [8.98, 0.02045454545454542], "6/1/2016": [8.83, -0.016703786191536788], "6/2/2016": [8.76, -0.00792751981879958], "6/3/2016": [8.69, -0.007990867579908708], "6/4/2016": [8.52, -0.019562715765247405], "6/6/2016": [8.78, 0.030516431924882605], "6/7/2016": [8.6, -0.020501138952163978], "6/8/2016": [8.75, 0.01744186046511632], "6/13/2016": [8.85, 0.011428571428571389], "6/14/2016": [8.79, -0.006779661016949209], "6/15/2016": [8.79, 0.0], "6/16/2016": [8.67, -0.013651877133105714], "6/17/2016": [8.66, -0.0011534025374855578], "6/20/2016": [8.77, 0.012702078521939887], "6/21/2016": [8.88, 0.012542759407069694], "6/22/2016": [8.79, -0.010135135135135318], "6/23/2016": [8.67, -0.013651877133105714], "6/24/2016": [8.69, 0.0023068050749711156], "6/27/2016": [8.69, 0.0], "6/28/2016": [8.72, 0.0034522439585732037], "6/29/2016": [8.63, -0.010321100917431176], "6/30/2016": [8.89, 0.030127462340672047], "7/1/2016": [8.78, -0.012373453318335344], "7/4/2016": [8.61, -0.019362186788154892], "7/5/2016": [8.88, 0.03135888501742176], "7/6/2016": [8.86, -0.002252252252252404], "7/7/2016": [8.81, -0.005643340857787691], "7/11/2016": [8.9, 0.010215664018161165], "7/12/2016": [9.2, 0.03370786516853921], "7/13/2016": [9.16, -0.004347826086956429], "7/14/2016": [9.11, -0.0054585152838428725], "7/15/2016": [9.09, -0.0021953896816684494], "7/18/2016": [9.18, 0.009900990099009885], "7/19/2016": [9.2, 0.0021786492374727207], "7/20/2016": [9.0, -0.021739130434782532], "7/21/2016": [9.15, 0.016666666666666705], "7/22/2016": [9.08, -0.007650273224043746], "7/25/2016": [9.24, 0.017621145374449355], "7/26/2016": [9.25, 0.001082251082251059], "7/27/2016": [8.95, -0.03243243243243251], "7/28/2016": [8.98, 0.0033519553072626973], "7/29/2016": [9.02, 0.004454342984409705], "8/1/2016": [9.27, 0.02771618625277162], "8/2/2016": [9.2, -0.00755124056094933], "8/3/2016": [9.12, -0.008695652173913052], "8/4/2016": [9.11, -0.0010964912280701522], "8/5/2016": [9.04, -0.007683863885839768], "8/8/2016": [9.04, 0.0], "8/9/2016": [9.49, 0.04977876106194703], "8/10/2016": [9.58, 0.009483667017913578], "8/11/2016": [9.55, -0.003131524008350664], "8/12/2016": [9.75, 0.020942408376963276], "8/15/2016": [9.63, -0.012307692307692228], "8/16/2016": [9.55, -0.008307372793354108], "8/17/2016": [9.38, -0.01780104712041884], "8/18/2016": [9.33, -0.005330490405117346], "8/19/2016": [9.17, -0.017148981779206873], "8/22/2016": [9.05, -0.013086150490730558], "8/23/2016": [8.98, -0.007734806629834285], "8/24/2016": [9.03, 0.005567928730512131], "8/25/2016": [8.97, -0.006644518272425108], "8/26/2016": [8.93, -0.004459308807134996], "8/29/2016": [9.09, 0.01791713325867863], "8/30/2016": [8.98, -0.012101210121012038], "8/31/2016": [8.95, -0.003340757238307476], "9/1/2016": [8.96, 0.0011173184357543646], "9/2/2016": [8.95, -0.0011160714285716028], "9/5/2016": [9.01, 0.006703910614525196], "9/6/2016": [8.87, -0.015538290788013382], "9/7/2016": [9.07, 0.022547914317925712], "9/8/2016": [8.95, -0.013230429988974751], "9/9/2016": [8.91, -0.004469273743016665], "9/10/2016": [8.86, -0.005611672278339024], "9/12/2016": [8.85, -0.0011286681715575381], "9/13/2016": [9.02, 0.019209039548022593], "9/14/2016": [8.97, -0.005543237250554206], "9/19/2016": [9.04, 0.0078037904124858976], "9/20/2016": [8.96, -0.008849557522123706], "9/21/2016": [8.9, -0.006696428571428627], "9/22/2016": [9.07, 0.019101123595505608], "9/23/2016": [9.07, 0.0], "9/26/2016": [9.07, 0.0], "9/29/2016": [9.16, 0.009922822491730965], "9/30/2016": [9.1, -0.006550218340611408], "10/3/2016": [9.08, -0.002197802197802151], "10/4/2016": [8.83, -0.02753303964757709], "10/5/2016": [8.9, 0.00792751981879958], "10/6/2016": [9.08, 0.020224719101123563], "10/7/2016": [8.95, -0.014317180616740173], "10/11/2016": [8.93, -0.0022346368715083324], "10/12/2016": [8.89, -0.0044792833146695575], "10/13/2016": [8.91, 0.002249718785151808], "10/14/2016": [8.78, -0.014590347923681345], "10/17/2016": [8.78, 0.0], "10/18/2016": [8.78, 0.0], "10/19/2016": [8.58, -0.022779043280182154],