{"1/4/2016": [437.0, ""], "1/5/2016": [436.0, -0.002288329519450801], "1/6/2016": [426.0, -0.022935779816513763], "1/7/2016": [408.0, -0.04225352112676056], "1/8/2016": [406.0, -0.004901960784313725], "1/11/2016": [388.5, -0.04310344827586207], "1/12/2016": [350.0, -0.0990990990990991], "1/13/2016": [358.0, 0.022857142857142857], "1/14/2016": [350.0, -0.0223463687150838], "1/15/2016": [358.0, 0.022857142857142857], "1/18/2016": [362.0, 0.0111731843575419], "1/19/2016": [377.5, 0.04281767955801105], "1/20/2016": [360.0, -0.046357615894039736], "1/21/2016": [359.0, -0.002777777777777778], "1/22/2016": [362.5, 0.009749303621169917], "1/25/2016": [388.0, 0.0703448275862069], "1/26/2016": [389.5, 0.003865979381443299], "1/27/2016": [390.5, 0.0025673940949935813], "1/28/2016": [386.0, -0.011523687580025609], "1/29/2016": [392.5, 0.01683937823834197], "1/30/2016": [390.0, -0.006369426751592357], "2/1/2016": [388.0, -0.005128205128205128], "2/2/2016": [386.0, -0.005154639175257732], "2/3/2016": [375.0, -0.02849740932642487], "2/15/2016": [362.5, -0.03333333333333333], "2/16/2016": [361.0, -0.004137931034482759], "2/17/2016": [365.5, 0.012465373961218837], "2/18/2016": [375.0, 0.025991792065663474], "2/19/2016": [365.0, -0.02666666666666667], "2/22/2016": [365.0, 0.0], "2/23/2016": [351.0, -0.038356164383561646], "2/24/2016": [326.0, -0.07122507122507123], "2/25/2016": [326.0, 0.0], "2/26/2016": [333.5, 0.023006134969325152], "3/1/2016": [348.0, 0.043478260869565216], "3/2/2016": [341.5, -0.01867816091954023], "3/3/2016": [333.0, -0.024890190336749635], "3/4/2016": [337.5, 0.013513513513513514], "3/7/2016": [331.0, -0.01925925925925926], "3/8/2016": [337.5, 0.019637462235649546], "3/9/2016": [335.0, -0.007407407407407408], "3/10/2016": [334.0, -0.0029850746268656717], "3/11/2016": [339.0, 0.014970059880239521], "3/14/2016": [340.0, 0.0029498525073746312], "3/15/2016": [330.5, -0.027941176470588237], "3/16/2016": [330.5, 0.0], "3/17/2016": [330.0, -0.0015128593040847202], "3/18/2016": [337.0, 0.021212121212121213], "3/21/2016": [341.0, 0.011869436201780416], "3/22/2016": [341.5, 0.001466275659824047], "3/23/2016": [339.5, -0.005856515373352855], "3/24/2016": [340.5, 0.0029455081001472753], "3/25/2016": [333.0, -0.022026431718061675], "3/28/2016": [322.0, -0.03303303303303303], "3/29/2016": [317.0, -0.015527950310559006], "3/30/2016": [318.0, 0.0031545741324921135], "3/31/2016": [321.0, 0.009433962264150943], "4/1/2016": [322.5, 0.004672897196261682], "4/6/2016": [323.0, 0.0015503875968992248], "4/7/2016": [324.0, 0.0030959752321981426], "4/8/2016": [328.0, 0.012345679012345678], "4/11/2016": [334.0, 0.018292682926829267], "4/12/2016": [321.0, -0.038922155688622756], "4/13/2016": [327.0, 0.018691588785046728], "4/14/2016": [331.0, 0.012232415902140673], "4/15/2016": [334.5, 0.010574018126888218], "4/18/2016": [344.5, 0.029895366218236172], "4/19/2016": [343.5, -0.002902757619738752], "4/20/2016": [339.5, -0.011644832605531296], "4/21/2016": [364.0, 0.07216494845360824], "4/22/2016": [366.0, 0.005494505494505495], "4/25/2016": [359.0, -0.01912568306010929], "4/26/2016": [356.5, -0.006963788300835654], "4/27/2016": [360.0, 0.009817671809256662], "4/28/2016": [366.0, 0.016666666666666666], "4/29/2016": [350.0, -0.04371584699453552], "5/3/2016": [338.0, -0.03428571428571429], "5/4/2016": [333.0, -0.014792899408284023], "5/5/2016": [331.5, -0.0045045045045045045], "5/6/2016": [326.0, -0.016591251885369532], "5/9/2016": [317.5, -0.02607361963190184], "5/10/2016": [316.0, -0.004724409448818898], "5/11/2016": [322.0, 0.0189873417721519], "5/12/2016": [324.0, 0.006211180124223602], "5/13/2016": [335.0, 0.033950617283950615], "5/16/2016": [328.5, -0.019402985074626865], "5/17/2016": [331.0, 0.0076103500761035], "5/18/2016": [337.0, 0.01812688821752266], "5/19/2016": [331.0, -0.017804154302670624], "5/20/2016": [334.0, 0.00906344410876133], "5/23/2016": [330.0, -0.011976047904191617], "5/24/2016": [328.0, -0.006060606060606061], "5/25/2016": [335.0, 0.021341463414634148], "5/26/2016": [340.5, 0.016417910447761194], "5/27/2016": [342.0, 0.004405286343612335], "5/30/2016": [347.0, 0.014619883040935672], "5/31/2016": [352.0, 0.01440922190201729], "6/1/2016": [352.0, 0.0], "6/2/2016": [353.0, 0.002840909090909091], "6/3/2016": [344.0, -0.025495750708215296], "6/4/2016": [340.0, -0.011627906976744186], "6/6/2016": [344.0, 0.011764705882352941], "6/7/2016": [353.0, 0.02616279069767442], "6/8/2016": [353.5, 0.00141643059490085], "6/13/2016": [342.0, -0.03253182461103253], "6/14/2016": [338.0, -0.011695906432748537], "6/15/2016": [336.5, -0.004437869822485207], "6/16/2016": [328.5, -0.0237741456166419], "6/17/2016": [328.5, 0.0], "6/20/2016": [330.5, 0.0060882800608828], "6/21/2016": [333.5, 0.009077155824508321], "6/22/2016": [337.5, 0.01199400299850075], "6/23/2016": [334.5, -0.008888888888888889], "6/24/2016": [328.5, -0.017937219730941704], "6/27/2016": [328.5, 0.0], "6/28/2016": [333.0, 0.0136986301369863], "6/29/2016": [338.0, 0.015015015015015015], "6/30/2016": [335.0, -0.008875739644970414], "7/1/2016": [334.0, -0.0029850746268656717], "7/4/2016": [332.5, -0.004491017964071856], "7/5/2016": [336.0, 0.010526315789473684], "7/6/2016": [332.0, -0.011904761904761904], "7/7/2016": [332.0, 0.0], "7/11/2016": [336.0, 0.012048192771084338], "7/12/2016": [340.0, 0.011904761904761904], "7/13/2016": [343.0, 0.008823529411764706], "7/14/2016": [345.5, 0.007288629737609329], "7/15/2016": [345.5, 0.0], "7/18/2016": [348.0, 0.00723589001447178], "7/19/2016": [328.0, -0.05747126436781609], "7/20/2016": [325.0, -0.009146341463414634], "7/21/2016": [325.5, 0.0015384615384615385], "7/22/2016": [327.0, 0.004608294930875576], "7/25/2016": [323.0, -0.012232415902140673], "7/26/2016": [327.5, 0.01393188854489164], "7/27/2016": [328.0, 0.0015267175572519084], "7/28/2016": [330.0, 0.006097560975609756], "7/29/2016": [329.5, -0.0015151515151515152], "8/1/2016": [327.5, -0.006069802731411229], "8/2/2016": [328.5, 0.0030534351145038168], "8/3/2016": [326.0, -0.0076103500761035], "8/4/2016": [326.5, 0.0015337423312883436], "8/5/2016": [317.0, -0.02909647779479326], "8/8/2016": [316.0, -0.0031545741324921135], "8/9/2016": [315.0, -0.0031645569620253164], "8/10/2016": [308.5, -0.020634920634920634], "8/11/2016": [308.0, -0.0016207455429497568], "8/12/2016": [316.5, 0.027597402597402596], "8/15/2016": [320.0, 0.011058451816745656], "8/16/2016": [321.0, 0.003125], "8/17/2016": [324.5, 0.010903426791277258], "8/18/2016": [326.5, 0.0061633281972265025], "8/19/2016": [324.0, -0.007656967840735069], "8/22/2016": [320.0, -0.012345679012345678], "8/23/2016": [321.5, 0.0046875], "8/24/2016": [319.0, -0.007776049766718507], "8/25/2016": [316.5, -0.007836990595611285], "8/26/2016": [314.0, -0.007898894154818325], "8/29/2016": [313.0, -0.0031847133757961785], "8/30/2016": [316.0, 0.009584664536741214], "8/31/2016": [311.0, -0.015822784810126583], "9/1/2016": [310.5, -0.001607717041800643], "9/2/2016": [313.5, 0.00966183574879227], "9/5/2016": [315.0, 0.004784688995215311], "9/6/2016": [317.5, 0.007936507936507936], "9/7/2016": [320.5, 0.009448818897637795], "9/8/2016": [323.0, 0.0078003120124804995], "9/9/2016": [320.5, -0.007739938080495356], "9/10/2016": [314.5, -0.0187207488299532], "9/12/2016": [314.0, -0.001589825119236884], "9/13/2016": [315.0, 0.0031847133757961785], "9/14/2016": [319.0, 0.012698412698412698], "9/19/2016": [319.0, 0.0], "9/20/2016": [316.0, -0.009404388714733543], "9/21/2016": [320.0, 0.012658227848101266], "9/22/2016": [316.0, -0.0125], "9/23/2016": [311.5, -0.014240506329113924], "9/26/2016": [315.0, 0.011235955056179775], "9/29/2016": [312.0, -0.009523809523809525], "9/30/2016": [311.0, -0.003205128205128205], "10/3/2016": [315.0, 0.012861736334405145], "10/4/2016": [314.0, -0.0031746031746031746], "10/5/2016": [312.5, -0.004777070063694267], "10/6/2016": [313.0, 0.0016], "10/7/2016": [313.5, 0.001597444089456869], "10/11/2016": [311.0, -0.007974481658692184],