{"1/4/2016": [56.2, ""], "1/5/2016": [53.9, -0.04092526690391467], "1/6/2016": [53.5, -0.0074211502782931095], "1/7/2016": [50.9, -0.04859813084112152], "1/8/2016": [52.2, 0.025540275049115997], "1/11/2016": [51.0, -0.02298850574712649], "1/12/2016": [52.5, 0.029411764705882353], "1/13/2016": [51.8, -0.013333333333333388], "1/14/2016": [49.6, -0.04247104247104239], "1/15/2016": [48.6, -0.020161290322580645], "1/18/2016": [52.9, 0.08847736625514398], "1/19/2016": [53.5, 0.011342155009451823], "1/20/2016": [51.2, -0.04299065420560742], "1/21/2016": [51.3, 0.001953124999999889], "1/22/2016": [51.5, 0.0038986354775829017], "1/25/2016": [52.4, 0.01747572815533978], "1/26/2016": [50.8, -0.030534351145038195], "1/27/2016": [51.0, 0.003937007874015804], "1/28/2016": [51.7, 0.013725490196078487], "1/29/2016": [53.5, 0.03481624758220497], "1/30/2016": [52.8, -0.013084112149532763], "2/1/2016": [52.1, -0.013257575757575678], "2/2/2016": [53.0, 0.017274472168905923], "2/3/2016": [52.0, -0.018867924528301886], "2/15/2016": [52.0, 0.0], "2/16/2016": [53.6, 0.030769230769230795], "2/17/2016": [53.3, -0.005597014925373214], "2/18/2016": [54.5, 0.022514071294559155], "2/19/2016": [54.7, 0.003669724770642254], "2/22/2016": [56.3, 0.02925045703839112], "2/23/2016": [55.8, -0.008880994671403198], "2/24/2016": [54.4, -0.025089605734767], "2/25/2016": [55.2, 0.014705882352941256], "2/26/2016": [57.2, 0.036231884057971016], "3/1/2016": [61.6, 0.0769230769230769], "3/2/2016": [60.7, -0.014610389610389588], "3/3/2016": [60.5, -0.0032948929159802775], "3/4/2016": [62.0, 0.024793388429752067], "3/7/2016": [61.5, -0.008064516129032258], "3/8/2016": [60.5, -0.016260162601626018], "3/9/2016": [60.9, 0.006611570247933861], "3/10/2016": [58.9, -0.03284072249589491], "3/11/2016": [59.1, 0.0033955857385399467], "3/14/2016": [59.5, 0.006768189509306236], "3/15/2016": [58.0, -0.025210084033613446], "3/16/2016": [58.8, 0.013793103448275813], "3/17/2016": [57.7, -0.01870748299319718], "3/18/2016": [58.4, 0.012131715771230428], "3/21/2016": [60.2, 0.030821917808219253], "3/22/2016": [59.4, -0.013289036544850568], "3/23/2016": [58.4, -0.016835016835016835], "3/24/2016": [58.6, 0.003424657534246624], "3/25/2016": [58.8, 0.0034129692832763777], "3/28/2016": [59.0, 0.0034013605442177355], "3/29/2016": [56.5, -0.0423728813559322], "3/30/2016": [57.0, 0.008849557522123894], "3/31/2016": [56.9, -0.0017543859649123057], "4/1/2016": [57.1, 0.0035149384885765], "4/6/2016": [55.8, -0.022767075306479933], "4/7/2016": [55.1, -0.012544802867383437], "4/8/2016": [53.8, -0.023593466424682474], "4/11/2016": [53.6, -0.0037174721189590287], "4/12/2016": [53.4, -0.0037313432835821424], "4/13/2016": [53.7, 0.005617977528089967], "4/14/2016": [54.2, 0.009310986964618248], "4/15/2016": [55.4, 0.02214022140221394], "4/18/2016": [54.5, -0.016245487364620913], "4/19/2016": [56.4, 0.03486238532110089], "4/20/2016": [57.9, 0.026595744680851064], "4/21/2016": [58.3, 0.006908462867012065], "4/22/2016": [57.8, -0.008576329331046312], "4/25/2016": [58.0, 0.003460207612456797], "4/26/2016": [57.6, -0.006896551724137907], "4/27/2016": [56.8, -0.013888888888888963], "4/28/2016": [56.3, -0.008802816901408451], "4/29/2016": [55.6, -0.012433392539964401], "5/3/2016": [54.5, -0.01978417266187053], "5/4/2016": [55.0, 0.009174311926605505], "5/5/2016": [55.4, 0.007272727272727247], "5/6/2016": [55.8, 0.007220216606498169], "5/9/2016": [54.7, -0.019713261648745418], "5/10/2016": [55.5, 0.01462522851919556], "5/11/2016": [59.1, 0.0648648648648649], "5/12/2016": [57.5, -0.027072758037225066], "5/13/2016": [57.8, 0.005217391304347777], "5/16/2016": [58.0, 0.003460207612456797], "5/17/2016": [58.8, 0.013793103448275813], "5/18/2016": [58.1, -0.011904761904761833], "5/19/2016": [56.7, -0.024096385542168648], "5/20/2016": [56.3, -0.007054673721340488], "5/23/2016": [57.5, 0.021314387211367726], "5/24/2016": [58.8, 0.022608695652173865], "5/25/2016": [60.1, 0.02210884353741504], "5/26/2016": [60.2, 0.0016638935108153315], "5/27/2016": [60.5, 0.00498338870431889], "5/30/2016": [61.1, 0.00991735537190085], "5/31/2016": [61.2, 0.0016366612111293195], "6/1/2016": [60.7, -0.008169934640522876], "6/2/2016": [59.9, -0.013179571663920992], "6/3/2016": [59.4, -0.008347245409015025], "6/4/2016": [60.5, 0.018518518518518542], "6/6/2016": [60.1, -0.006611570247933861], "6/7/2016": [59.5, -0.009983361064891871], "6/8/2016": [59.8, 0.005042016806722642], "6/13/2016": [58.3, -0.02508361204013378], "6/14/2016": [58.2, -0.001715265866209165], "6/15/2016": [57.6, -0.010309278350515488], "6/16/2016": [57.4, -0.0034722222222222715], "6/17/2016": [58.1, 0.012195121951219561], "6/20/2016": [58.0, -0.0017211703958692154], "6/21/2016": [59.1, 0.018965517241379334], "6/22/2016": [58.8, -0.005076142131979767], "6/23/2016": [58.3, -0.008503401360544218], "6/24/2016": [56.3, -0.03430531732418525], "6/27/2016": [57.8, 0.026642984014209593], "6/28/2016": [58.4, 0.010380622837370268], "6/29/2016": [58.4, 0.0], "6/30/2016": [58.2, -0.0034246575342465023], "7/1/2016": [58.4, 0.0034364261168384146], "7/4/2016": [58.5, 0.001712328767123312], "7/5/2016": [59.5, 0.017094017094017096], "7/6/2016": [58.5, -0.01680672268907563], "7/7/2016": [58.7, 0.0034188034188034674], "7/11/2016": [57.9, -0.013628620102214722], "7/12/2016": [59.9, 0.03454231433506045], "7/13/2016": [61.0, 0.01836393989983308], "7/14/2016": [60.5, -0.00819672131147541], "7/15/2016": [61.6, 0.018181818181818205], "7/18/2016": [62.3, 0.011363636363636295], "7/19/2016": [61.4, -0.014446227929373974], "7/20/2016": [61.1, -0.004885993485341973], "7/21/2016": [61.5, 0.006546644844517162], "7/22/2016": [61.7, 0.0032520325203252497], "7/25/2016": [61.8, 0.0016207455429496647], "7/26/2016": [62.3, 0.008090614886731393], "7/27/2016": [63.2, 0.014446227929374089], "7/28/2016": [62.8, -0.006329113924050722], "7/29/2016": [63.0, 0.0031847133757962236], "8/1/2016": [63.2, 0.0031746031746032197], "8/2/2016": [63.4, 0.0031645569620252488], "8/3/2016": [64.4, 0.01577287066246068], "8/4/2016": [64.1, -0.004658385093167878], "8/5/2016": [63.4, -0.010920436817472633], "8/8/2016": [60.9, -0.03943217665615142], "8/9/2016": [60.7, -0.003284072249589421], "8/10/2016": [57.9, -0.046128500823723294], "8/11/2016": [58.4, 0.008635578583765112], "8/12/2016": [60.2, 0.030821917808219253], "8/15/2016": [60.7, 0.00830564784053156], "8/16/2016": [60.9, 0.0032948929159801604], "8/17/2016": [60.4, -0.008210180623973728], "8/18/2016": [61.1, 0.01158940397350998], "8/19/2016": [61.2, 0.0016366612111293195], "8/22/2016": [61.0, -0.003267973856209197], "8/23/2016": [61.1, 0.0016393442622951052], "8/24/2016": [61.7, 0.0098199672667758], "8/25/2016": [62.4, 0.011345218800648229], "8/26/2016": [62.8, 0.0064102564102563875], "8/29/2016": [62.8, 0.0], "8/30/2016": [62.4, -0.0063694267515923345], "8/31/2016": [61.8, -0.009615384615384638], "9/1/2016": [61.1, -0.01132686084142388], "9/2/2016": [61.7, 0.0098199672667758], "9/5/2016": [49.1, -0.20421393841166938], "9/6/2016": [49.4, 0.006109979633401164], "9/7/2016": [49.2, -0.004048582995951331], "9/8/2016": [50.3, 0.022357723577235655], "9/9/2016": [49.8, -0.009940357852882704], "9/10/2016": [46.7, -0.062248995983935636], "9/12/2016": [46.2, -0.010706638115631691], "9/13/2016": [45.6, -0.012987012987013017], "9/14/2016": [45.3, -0.006578947368421146], "9/19/2016": [45.35, 0.0011037527593819926], "9/20/2016": [46.1, 0.0165380374862183], "9/21/2016": [46.05, -0.0010845986984816542], "9/22/2016": [45.6, -0.009771986970683946], "9/23/2016": [45.45, -0.003289473684210495], "9/26/2016": [44.4, -0.023102310231023195], "9/29/2016": [43.4, -0.022522522522522525], "9/30/2016": [42.7, -0.01612903225806442], "10/3/2016": [42.8, 0.002341920374707127], "10/4/2016": [41.65, -0.02686915887850464], "10/5/2016": [42.0, 0.00840336134453785], "10/6/2016": [41.8, -0.00476190476190483], "10/7/2016": [42.35, 0.013157894736842209], "10/11/2016": [39.2, -0.07438016528925616], "10/12/2016": [39.2, 0.0],