{"1/4/2016": [14.0, ""], "1/5/2016": [14.05, 0.003571428571428622], "1/6/2016": [13.5, -0.039145907473309656], "1/7/2016": [12.85, -0.048148148148148176], "1/8/2016": [13.35, 0.038910505836575876], "1/11/2016": [12.8, -0.041198501872659096], "1/12/2016": [12.3, -0.0390625], "1/13/2016": [12.35, 0.004065040650406417], "1/14/2016": [12.15, -0.016194331983805613], "1/15/2016": [11.8, -0.028806584362139887], "1/18/2016": [12.35, 0.04661016949152533], "1/19/2016": [12.55, 0.016194331983805755], "1/20/2016": [12.05, -0.0398406374501992], "1/21/2016": [12.05, 0.0], "1/22/2016": [12.2, 0.012448132780082869], "1/25/2016": [12.4, 0.016393442622950907], "1/26/2016": [12.8, 0.03225806451612906], "1/27/2016": [12.5, -0.023437500000000056], "1/28/2016": [12.7, 0.015999999999999945], "1/29/2016": [12.7, 0.0], "1/30/2016": [12.95, 0.01968503937007874], "2/1/2016": [12.75, -0.01544401544401539], "2/2/2016": [12.7, -0.003921568627451036], "2/3/2016": [12.5, -0.015748031496062936], "2/15/2016": [12.45, -0.0040000000000000565], "2/16/2016": [12.7, 0.020080321285140562], "2/17/2016": [12.75, 0.003937007874015804], "2/18/2016": [13.65, 0.07058823529411767], "2/19/2016": [13.3, -0.025641025641025616], "2/22/2016": [13.2, -0.007518796992481309], "2/23/2016": [13.3, 0.0075757575757576835], "2/24/2016": [13.15, -0.01127819548872183], "2/25/2016": [13.45, 0.022813688212927674], "2/26/2016": [13.45, 0.0], "3/1/2016": [13.55, 0.007434944237918322], "3/2/2016": [13.55, 0.0], "3/3/2016": [13.6, 0.0036900369003689247], "3/4/2016": [13.7, 0.007352941176470562], "3/7/2016": [13.95, 0.018248175182481754], "3/8/2016": [13.75, -0.014336917562723964], "3/9/2016": [13.6, -0.010909090909090934], "3/10/2016": [13.45, -0.011029411764705909], "3/11/2016": [13.45, 0.0], "3/14/2016": [13.65, 0.014869888475836512], "3/15/2016": [13.25, -0.02930402930402933], "3/16/2016": [13.85, 0.045283018867924504], "3/17/2016": [13.5, -0.025270758122743656], "3/18/2016": [13.45, -0.0037037037037037563], "3/21/2016": [13.55, 0.007434944237918322], "3/22/2016": [13.4, -0.011070110701107036], "3/23/2016": [13.35, -0.0037313432835821424], "3/24/2016": [12.9, -0.033707865168539276], "3/25/2016": [12.5, -0.031007751937984523], "3/28/2016": [12.1, -0.03200000000000003], "3/29/2016": [12.1, 0.0], "3/30/2016": [12.25, 0.012396694214876063], "3/31/2016": [12.3, 0.004081632653061282], "4/1/2016": [12.2, -0.008130081300813123], "4/6/2016": [12.8, 0.049180327868852576], "4/7/2016": [13.05, 0.01953125], "4/8/2016": [12.9, -0.011494252873563244], "4/11/2016": [13.05, 0.011627906976744214], "4/12/2016": [12.65, -0.03065134099616861], "4/13/2016": [12.7, 0.00395256916996039], "4/14/2016": [12.6, -0.007874015748031468], "4/15/2016": [12.8, 0.01587301587301596], "4/18/2016": [12.7, -0.007812500000000111], "4/19/2016": [12.6, -0.007874015748031468], "4/20/2016": [12.55, -0.003968253968253884], "4/21/2016": [12.4, -0.011952191235059789], "4/22/2016": [12.5, 0.008064516129032228], "4/25/2016": [12.7, 0.015999999999999945], "4/26/2016": [12.65, -0.003937007874015665], "4/27/2016": [12.6, -0.00395256916996053], "4/28/2016": [12.4, -0.015873015873015817], "4/29/2016": [12.25, -0.012096774193548416], "5/3/2016": [12.25, 0.0], "5/4/2016": [12.15, -0.00816326530612242], "5/5/2016": [12.05, -0.00823045267489709], "5/6/2016": [11.95, -0.00829875518672211], "5/9/2016": [11.55, -0.03347280334728022], "5/10/2016": [11.3, -0.021645021645021644], "5/11/2016": [11.25, -0.004424778761062009], "5/12/2016": [10.6, -0.05777777777777781], "5/13/2016": [10.35, -0.02358490566037736], "5/16/2016": [10.4, 0.004830917874396204], "5/17/2016": [10.5, 0.009615384615384581], "5/18/2016": [11.35, 0.08095238095238091], "5/19/2016": [11.4, 0.004405286343612398], "5/20/2016": [11.4, 0.0], "5/23/2016": [11.6, 0.017543859649122744], "5/24/2016": [11.7, 0.008620689655172384], "5/25/2016": [11.7, 0.0], "5/26/2016": [11.75, 0.004273504273504335], "5/27/2016": [11.85, 0.00851063829787231], "5/30/2016": [11.85, 0.0], "5/31/2016": [12.0, 0.012658227848101297], "6/1/2016": [12.3, 0.02500000000000006], "6/2/2016": [12.3, 0.0], "6/3/2016": [12.4, 0.00813008130081298], "6/4/2016": [12.45, 0.004032258064516043], "6/6/2016": [12.1, -0.02811244979919676], "6/7/2016": [12.55, 0.03719008264462819], "6/8/2016": [12.4, -0.011952191235059789], "6/13/2016": [11.95, -0.03629032258064525], "6/14/2016": [12.15, 0.016736401673640256], "6/15/2016": [12.15, 0.0], "6/16/2016": [12.0, -0.012345679012345708], "6/17/2016": [12.2, 0.016666666666666607], "6/20/2016": [12.45, 0.020491803278688527], "6/21/2016": [12.6, 0.012048192771084366], "6/22/2016": [12.5, -0.007936507936507908], "6/23/2016": [12.4, -0.007999999999999972], "6/24/2016": [11.9, -0.04032258064516129], "6/27/2016": [12.1, 0.01680672268907557], "6/28/2016": [12.35, 0.02066115702479339], "6/29/2016": [12.5, 0.01214574898785428], "6/30/2016": [12.6, 0.007999999999999972], "7/1/2016": [12.5, -0.007936507936507908], "7/4/2016": [12.4, -0.007999999999999972], "7/5/2016": [12.3, -0.008064516129032228], "7/6/2016": [12.1, -0.0162601626016261], "7/7/2016": [12.15, 0.004132231404958737], "7/11/2016": [12.25, 0.00823045267489709], "7/12/2016": [12.7, 0.03673469387755096], "7/13/2016": [13.15, 0.035433070866141815], "7/14/2016": [12.9, -0.019011406844106463], "7/15/2016": [12.8, -0.007751937984496096], "7/18/2016": [12.7, -0.007812500000000111], "7/19/2016": [12.8, 0.007874015748031609], "7/20/2016": [12.75, -0.0039062500000000555], "7/21/2016": [13.1, 0.027450980392156835], "7/22/2016": [12.9, -0.01526717557251903], "7/25/2016": [12.75, -0.011627906976744214], "7/26/2016": [12.85, 0.007843137254901933], "7/27/2016": [12.75, -0.0077821011673151474], "7/28/2016": [12.7, -0.003921568627451036], "7/29/2016": [13.25, 0.04330708661417328], "8/1/2016": [13.15, -0.007547169811320728], "8/2/2016": [13.2, 0.0038022813688212117], "8/3/2016": [13.0, -0.015151515151515098], "8/4/2016": [13.7, 0.053846153846153794], "8/5/2016": [13.5, -0.01459854014598535], "8/8/2016": [13.2, -0.022222222222222275], "8/9/2016": [13.05, -0.011363636363636256], "8/10/2016": [12.7, -0.026819923371647618], "8/11/2016": [12.45, -0.01968503937007874], "8/12/2016": [12.55, 0.008032128514056339], "8/15/2016": [12.5, -0.003984063745019977], "8/16/2016": [12.75, 0.02], "8/17/2016": [12.9, 0.011764705882352969], "8/18/2016": [12.7, -0.015503875968992331], "8/19/2016": [13.3, 0.047244094488189094], "8/22/2016": [12.85, -0.033834586466165495], "8/23/2016": [12.9, 0.003891050583657643], "8/24/2016": [13.1, 0.015503875968992192], "8/25/2016": [13.15, 0.0038167938931298255], "8/26/2016": [13.05, -0.007604562737642559], "8/29/2016": [13.1, 0.003831417624520991], "8/30/2016": [13.7, 0.045801526717557224], "8/31/2016": [13.9, 0.01459854014598548], "9/1/2016": [13.7, -0.01438848920863317], "9/2/2016": [13.25, -0.032846715328467106], "9/5/2016": [13.45, 0.015094339622641456], "9/6/2016": [13.6, 0.01115241635687735], "9/7/2016": [13.5, -0.007352941176470562], "9/8/2016": [13.65, 0.011111111111111138], "9/9/2016": [13.65, 0.0], "9/10/2016": [13.15, -0.03663003663003663], "9/12/2016": [13.0, -0.011406844106463905], "9/13/2016": [12.9, -0.007692307692307665], "9/14/2016": [13.1, 0.015503875968992192], "9/19/2016": [13.1, 0.0], "9/20/2016": [13.0, -0.007633587786259515], "9/21/2016": [13.3, 0.02307692307692313], "9/22/2016": [13.25, -0.0037593984962406546], "9/23/2016": [13.0, -0.018867924528301886], "9/26/2016": [13.1, 0.007692307692307665], "9/29/2016": [13.05, -0.0038167938931296897], "9/30/2016": [13.05, 0.0], "10/3/2016": [13.2, 0.011494252873563109], "10/4/2016": [13.45, 0.01893939393939394], "10/5/2016": [13.35, -0.007434944237918189], "10/6/2016": [13.25, -0.007490636704119823], "10/7/2016": [13.05, -0.015094339622641456], "10/11/2016": [12.5, -0.04214559386973185], "10/12/2016": [12.5, 0.0], "10/13/2016": [12.35, -0.012000000000000028], "10/14/2016": [12.05, -0.024291497975708416], "10/17/2016": [12.05, 0.0], "10/18/2016": [12.15, 0.008298755186721962], "10/19/2016": [12.15, 0.0],