{"1/4/2016": [29.75, ""], "1/5/2016": [29.6, -0.005042016806722642], "1/6/2016": [30.0, 0.013513513513513466], "1/7/2016": [29.05, -0.03166666666666664], "1/8/2016": [29.4, 0.012048192771084263], "1/11/2016": [28.65, -0.025510204081632654], "1/12/2016": [28.15, -0.017452006980802792], "1/13/2016": [27.7, -0.01598579040852573], "1/14/2016": [27.2, -0.018050541516245487], "1/15/2016": [27.0, -0.007352941176470562], "1/18/2016": [28.0, 0.037037037037037035], "1/19/2016": [28.1, 0.003571428571428622], "1/20/2016": [27.25, -0.030249110320284746], "1/21/2016": [27.6, 0.01284403669724776], "1/22/2016": [28.3, 0.025362318840579684], "1/25/2016": [28.85, 0.01943462897526504], "1/26/2016": [28.6, -0.008665511265164644], "1/27/2016": [28.8, 0.006993006993006968], "1/28/2016": [28.6, -0.00694444444444442], "1/29/2016": [28.75, 0.005244755244755195], "1/30/2016": [28.9, 0.005217391304347777], "2/1/2016": [28.55, -0.012110726643598543], "2/2/2016": [28.65, 0.003502626970227596], "2/3/2016": [28.75, 0.0034904013961606084], "2/15/2016": [28.65, -0.003478260869565267], "2/16/2016": [29.25, 0.0209424083769634], "2/17/2016": [29.9, 0.022222222222222174], "2/18/2016": [30.2, 0.010033444816053536], "2/19/2016": [30.0, -0.006622516556291367], "2/22/2016": [30.25, 0.008333333333333333], "2/23/2016": [30.0, -0.008264462809917356], "2/24/2016": [29.65, -0.011666666666666714], "2/25/2016": [29.9, 0.008431703204047217], "2/26/2016": [29.95, 0.001672240802675609], "3/1/2016": [30.4, 0.015025041736227021], "3/2/2016": [30.55, 0.0049342105263158595], "3/3/2016": [30.15, -0.01309328968903444], "3/4/2016": [30.15, 0.0], "3/7/2016": [29.85, -0.009950248756218812], "3/8/2016": [29.8, -0.0016750418760469248], "3/9/2016": [29.8, 0.0], "3/10/2016": [32.75, 0.098993288590604], "3/11/2016": [30.05, -0.08244274809160303], "3/14/2016": [30.4, 0.011647254575707084], "3/15/2016": [29.45, -0.03124999999999998], "3/16/2016": [30.05, 0.02037351443123944], "3/17/2016": [30.2, 0.004991680532445876], "3/18/2016": [29.95, -0.008278145695364239], "3/21/2016": [29.9, -0.0016694490818030287], "3/22/2016": [29.5, -0.013377926421404635], "3/23/2016": [30.9, 0.04745762711864402], "3/24/2016": [30.45, -0.014563106796116483], "3/25/2016": [30.0, -0.014778325123152686], "3/28/2016": [29.8, -0.006666666666666643], "3/29/2016": [29.1, -0.023489932885906017], "3/30/2016": [29.2, 0.0034364261168384146], "3/31/2016": [28.8, -0.013698630136986254], "4/1/2016": [29.0, 0.00694444444444442], "4/6/2016": [28.7, -0.01034482758620692], "4/7/2016": [28.7, 0.0], "4/8/2016": [28.15, -0.019163763066202117], "4/11/2016": [27.85, -0.010657193605683736], "4/12/2016": [27.55, -0.010771992818671479], "4/13/2016": [28.1, 0.019963702359346667], "4/14/2016": [28.1, 0.0], "4/15/2016": [28.0, -0.003558718861210015], "4/18/2016": [27.9, -0.003571428571428622], "4/19/2016": [27.65, -0.00896057347670251], "4/20/2016": [27.6, -0.001808318264014364], "4/21/2016": [27.35, -0.009057971014492754], "4/22/2016": [27.4, 0.0018281535648993475], "4/25/2016": [27.1, -0.010948905109488948], "4/26/2016": [27.45, 0.012915129151291433], "4/27/2016": [27.0, -0.016393442622950793], "4/28/2016": [26.6, -0.014814814814814762], "4/29/2016": [26.2, -0.015037593984962485], "5/3/2016": [25.8, -0.01526717557251903], "5/4/2016": [25.0, -0.031007751937984523], "5/5/2016": [24.95, -0.0020000000000000282], "5/6/2016": [24.7, -0.01002004008016032], "5/9/2016": [24.4, -0.01214574898785428], "5/10/2016": [24.55, 0.006147540983606645], "5/11/2016": [24.45, -0.004073319755600872], "5/12/2016": [23.7, -0.03067484662576687], "5/13/2016": [23.1, -0.02531645569620244], "5/16/2016": [23.2, 0.004329004329004236], "5/17/2016": [23.55, 0.015086206896551786], "5/18/2016": [23.4, -0.006369426751592447], "5/19/2016": [23.6, 0.00854700854700867], "5/20/2016": [23.5, -0.00423728813559328], "5/23/2016": [23.95, 0.019148936170212735], "5/24/2016": [23.8, -0.006263048016701403], "5/25/2016": [24.2, 0.01680672268907557], "5/26/2016": [24.1, -0.004132231404958589], "5/27/2016": [24.1, 0.0], "5/30/2016": [24.0, -0.004149377593361055], "5/31/2016": [24.1, 0.004166666666666726], "6/1/2016": [25.25, 0.047717842323651394], "6/2/2016": [25.5, 0.009900990099009901], "6/3/2016": [24.9, -0.023529411764705938], "6/4/2016": [25.5, 0.02409638554216873], "6/6/2016": [25.5, 0.0], "6/7/2016": [25.1, -0.015686274509803866], "6/8/2016": [24.8, -0.011952191235059789], "6/13/2016": [24.8, 0.0], "6/14/2016": [24.95, 0.006048387096774136], "6/15/2016": [25.05, 0.004008016032064185], "6/16/2016": [24.85, -0.007984031936127716], "6/17/2016": [24.9, 0.0020120724346075316], "6/20/2016": [25.25, 0.014056224899598452], "6/21/2016": [25.25, 0.0], "6/22/2016": [25.3, 0.0019801980198020084], "6/23/2016": [25.3, 0.0], "6/24/2016": [25.3, 0.0], "6/27/2016": [24.8, -0.019762845849802372], "6/28/2016": [25.2, 0.016129032258064457], "6/29/2016": [25.3, 0.003968253968254024], "6/30/2016": [26.0, 0.027667984189723292], "7/1/2016": [26.8, 0.030769230769230795], "7/4/2016": [26.85, 0.0018656716417910712], "7/5/2016": [26.7, -0.005586592178771029], "7/6/2016": [26.8, 0.0037453183520599785], "7/7/2016": [26.9, 0.00373134328358201], "7/11/2016": [25.85, -0.03903345724907053], "7/12/2016": [25.9, 0.0019342359767890581], "7/13/2016": [26.15, 0.009652509652509652], "7/14/2016": [25.9, -0.009560229445506692], "7/15/2016": [26.0, 0.003861003861003916], "7/18/2016": [25.9, -0.003846153846153901], "7/19/2016": [25.9, 0.0], "7/20/2016": [26.0, 0.003861003861003916], "7/21/2016": [28.6, 0.10000000000000006], "7/22/2016": [31.45, 0.09965034965034957], "7/25/2016": [32.4, 0.030206677265500772], "7/26/2016": [31.2, -0.037037037037037014], "7/27/2016": [29.4, -0.057692307692307716], "7/28/2016": [29.7, 0.010204081632653086], "7/29/2016": [29.3, -0.01346801346801342], "8/1/2016": [29.2, -0.003412969283276499], "8/2/2016": [30.05, 0.02910958904109594], "8/3/2016": [29.35, -0.023294509151414285], "8/4/2016": [29.35, 0.0], "8/5/2016": [29.7, 0.011925042589437745], "8/8/2016": [29.1, -0.02020202020202013], "8/9/2016": [27.85, -0.0429553264604811], "8/10/2016": [27.45, -0.014362657091562014], "8/11/2016": [28.15, 0.02550091074681236], "8/12/2016": [27.8, -0.012433392539964401], "8/15/2016": [27.7, -0.0035971223021583243], "8/16/2016": [28.55, 0.03068592057761738], "8/17/2016": [28.7, 0.005253940455341456], "8/18/2016": [28.6, -0.003484320557491215], "8/19/2016": [28.7, 0.003496503496503422], "8/22/2016": [28.6, -0.003484320557491215], "8/23/2016": [29.05, 0.015734265734265708], "8/24/2016": [29.15, 0.0034423407917383085], "8/25/2016": [29.15, 0.0], "8/26/2016": [28.9, -0.008576329331046312], "8/29/2016": [28.7, -0.006920415224913471], "8/30/2016": [30.0, 0.04529616724738678], "8/31/2016": [29.9, -0.003333333333333381], "9/1/2016": [29.9, 0.0], "9/2/2016": [30.75, 0.028428093645485], "9/5/2016": [31.0, 0.008130081300813009], "9/6/2016": [31.1, 0.003225806451612949], "9/7/2016": [31.15, 0.0016077170418005516], "9/8/2016": [31.15, 0.0], "9/9/2016": [30.75, -0.01284109149277684], "9/10/2016": [30.25, -0.016260162601626018], "9/12/2016": [30.0, -0.008264462809917356], "9/13/2016": [29.4, -0.02000000000000005], "9/14/2016": [29.1, -0.010204081632652965], "9/19/2016": [29.65, 0.018900343642611585], "9/20/2016": [30.1, 0.015177065767285088], "9/21/2016": [30.25, 0.00498338870431889], "9/22/2016": [30.55, 0.00991735537190085], "9/23/2016": [30.55, 0.0], "9/26/2016": [30.2, -0.01145662847790512], "9/29/2016": [30.1, -0.0033112582781456247], "9/30/2016": [29.7, -0.013289036544850568], "10/3/2016": [29.75, 0.0016835016835017075], "10/4/2016": [30.75, 0.03361344537815126], "10/5/2016": [31.0, 0.008130081300813009], "10/6/2016": [31.0, 0.0], "10/7/2016": [32.1, 0.035483870967741984], "10/11/2016": [33.7, 0.04984423676012465], "10/12/2016": [33.15, -0.016320474777448198], "10/13/2016": [33.95, 0.024132730015083086], "10/14/2016": [32.0, -0.05743740795287195], "10/17/2016": [32.3, 0.009374999999999911], "10/18/2016": [33.05, 0.02321981424148607],