{"1/4/2016": [72.3, ""], "1/5/2016": [71.0, -0.01798063623789761], "1/6/2016": [70.0, -0.014084507042253521], "1/7/2016": [68.0, -0.02857142857142857], "1/8/2016": [68.3, 0.004411764705882311], "1/11/2016": [67.3, -0.014641288433382138], "1/12/2016": [66.0, -0.019316493313521504], "1/13/2016": [66.3, 0.004545454545454503], "1/14/2016": [64.7, -0.02413273001508287], "1/15/2016": [65.5, 0.012364760432766572], "1/18/2016": [67.7, 0.03358778625954203], "1/19/2016": [68.0, 0.004431314623338215], "1/20/2016": [68.7, 0.010294117647058865], "1/21/2016": [68.0, -0.010189228529839925], "1/22/2016": [67.9, -0.0014705882352940341], "1/25/2016": [69.1, 0.017673048600883482], "1/26/2016": [68.2, -0.013024602026049081], "1/27/2016": [68.9, 0.01026392961876837], "1/28/2016": [69.8, 0.013062409288824258], "1/29/2016": [75.3, 0.07879656160458454], "1/30/2016": [74.3, -0.013280212483399735], "2/1/2016": [74.1, -0.002691790040376889], "2/2/2016": [73.3, -0.010796221322537075], "2/3/2016": [73.8, 0.0068212824010914054], "2/15/2016": [77.5, 0.050135501355013594], "2/16/2016": [77.2, -0.003870967741935447], "2/17/2016": [77.2, 0.0], "2/18/2016": [77.6, 0.0051813471502589565], "2/19/2016": [76.2, -0.018041237113401953], "2/22/2016": [76.8, 0.007874015748031421], "2/23/2016": [80.9, 0.05338541666666678], "2/24/2016": [79.1, -0.022249690976514355], "2/25/2016": [79.6, 0.006321112515802782], "2/26/2016": [80.4, 0.010050251256281551], "3/1/2016": [80.0, -0.004975124378109523], "3/2/2016": [79.7, -0.0037499999999999643], "3/3/2016": [79.2, -0.006273525721455458], "3/4/2016": [79.4, 0.002525252525252561], "3/7/2016": [79.5, 0.0012594458438286438], "3/8/2016": [78.5, -0.012578616352201259], "3/9/2016": [79.2, 0.008917197452229336], "3/10/2016": [86.6, 0.09343434343434333], "3/11/2016": [89.0, 0.027713625866050876], "3/14/2016": [90.2, 0.013483146067415762], "3/15/2016": [88.0, -0.024390243902439056], "3/16/2016": [90.6, 0.029545454545454482], "3/17/2016": [88.5, -0.023178807947019806], "3/18/2016": [89.7, 0.013559322033898338], "3/21/2016": [89.0, -0.007803790412486096], "3/22/2016": [89.1, 0.0011235955056179137], "3/23/2016": [87.6, -0.016835016835016835], "3/24/2016": [85.1, -0.02853881278538813], "3/25/2016": [85.5, 0.0047003525264395505], "3/28/2016": [82.0, -0.04093567251461988], "3/29/2016": [79.7, -0.028048780487804844], "3/30/2016": [81.9, 0.02760351317440405], "3/31/2016": [82.0, 0.0012210012210011516], "4/1/2016": [83.9, 0.023170731707317142], "4/6/2016": [83.6, -0.0035756853396902424], "4/7/2016": [83.2, -0.004784688995215209], "4/8/2016": [83.5, 0.0036057692307691963], "4/11/2016": [82.5, -0.011976047904191617], "4/12/2016": [75.1, -0.08969696969696976], "4/13/2016": [75.0, -0.001331557922769565], "4/14/2016": [75.3, 0.003999999999999962], "4/15/2016": [74.4, -0.011952191235059648], "4/18/2016": [73.0, -0.018817204301075342], "4/19/2016": [74.2, 0.0164383561643836], "4/20/2016": [73.6, -0.008086253369272352], "4/21/2016": [73.7, 0.001358695652174029], "4/22/2016": [74.1, 0.005427408412482924], "4/25/2016": [75.2, 0.014844804318488645], "4/26/2016": [74.8, -0.005319148936170288], "4/27/2016": [74.7, -0.0013368983957218492], "4/28/2016": [73.5, -0.016064257028112486], "4/29/2016": [73.3, -0.0027210884353741885], "5/3/2016": [71.1, -0.030013642564802222], "5/4/2016": [71.0, -0.0014064697609000609], "5/5/2016": [71.0, 0.0], "5/6/2016": [71.2, 0.0028169014084507443], "5/9/2016": [70.5, -0.009831460674157343], "5/10/2016": [71.8, 0.0184397163120567], "5/11/2016": [70.4, -0.019498607242339715], "5/12/2016": [69.1, -0.01846590909090925], "5/13/2016": [68.1, -0.014471780028943561], "5/16/2016": [67.7, -0.005873715124816322], "5/17/2016": [69.5, 0.0265878877400295], "5/18/2016": [69.1, -0.005755395683453319], "5/19/2016": [68.7, -0.005788712011577301], "5/20/2016": [69.1, 0.005822416302765523], "5/23/2016": [70.3, 0.017366136034732315], "5/24/2016": [71.0, 0.009957325746799472], "5/25/2016": [71.0, 0.0], "5/26/2016": [71.3, 0.004225352112676016], "5/27/2016": [71.9, 0.008415147265077258], "5/30/2016": [71.6, -0.004172461752434094], "5/31/2016": [71.2, -0.005586592178770831], "6/1/2016": [71.9, 0.009831460674157343], "6/2/2016": [69.7, -0.030598052851182233], "6/3/2016": [70.4, 0.010043041606886698], "6/4/2016": [70.4, 0.0], "6/6/2016": [70.5, 0.0014204545454544646], "6/7/2016": [70.5, 0.0], "6/8/2016": [70.4, -0.0014184397163119762], "6/13/2016": [68.2, -0.031250000000000035], "6/14/2016": [69.0, 0.011730205278592334], "6/15/2016": [69.1, 0.0014492753623187582], "6/16/2016": [68.9, -0.002894356005788548], "6/17/2016": [69.4, 0.007256894049346879], "6/20/2016": [68.4, -0.01440922190201729], "6/21/2016": [68.8, 0.005847953216374144], "6/22/2016": [68.8, 0.0], "6/23/2016": [68.5, -0.004360465116279029], "6/24/2016": [67.5, -0.014598540145985401], "6/27/2016": [66.9, -0.008888888888888804], "6/28/2016": [67.9, 0.014947683109118086], "6/29/2016": [68.2, 0.0044182621502208705], "6/30/2016": [68.8, 0.008797653958944197], "7/1/2016": [68.1, -0.010174418604651205], "7/4/2016": [68.3, 0.002936857562408265], "7/5/2016": [69.8, 0.021961932650073207], "7/6/2016": [68.9, -0.012893982808022801], "7/7/2016": [70.2, 0.018867924528301844], "7/11/2016": [70.0, -0.0028490028490028895], "7/12/2016": [71.5, 0.02142857142857143], "7/13/2016": [72.1, 0.008391608391608312], "7/14/2016": [67.7, -0.0610263522884881], "7/15/2016": [69.1, 0.020679468242245074], "7/18/2016": [68.7, -0.005788712011577301], "7/19/2016": [69.2, 0.00727802037845706], "7/20/2016": [69.2, 0.0], "7/21/2016": [69.1, -0.0014450867052024352], "7/22/2016": [69.5, 0.005788712011577507], "7/25/2016": [69.1, -0.005755395683453319], "7/26/2016": [69.4, 0.004341534008683233], "7/27/2016": [69.2, -0.002881844380403499], "7/28/2016": [68.2, -0.014450867052023121], "7/29/2016": [68.2, 0.0], "8/1/2016": [68.0, -0.0029325513196481355], "8/2/2016": [68.1, 0.0014705882352940341], "8/3/2016": [68.2, 0.0014684287812042369], "8/4/2016": [68.5, 0.004398826979472099], "8/5/2016": [68.5, 0.0], "8/8/2016": [68.4, -0.0014598540145984572], "8/9/2016": [68.6, 0.0029239766081869682], "8/10/2016": [67.7, -0.01311953352769667], "8/11/2016": [67.6, -0.0014771048744462115], "8/12/2016": [66.8, -0.011834319526627177], "8/15/2016": [66.8, 0.0], "8/16/2016": [67.0, 0.002994011976047947], "8/17/2016": [66.3, -0.010447761194029893], "8/18/2016": [66.3, 0.0], "8/19/2016": [66.9, 0.009049773755656238], "8/22/2016": [66.8, -0.001494768310911936], "8/23/2016": [67.0, 0.002994011976047947], "8/24/2016": [67.0, 0.0], "8/25/2016": [66.6, -0.005970149253731428], "8/26/2016": [66.8, 0.003003003003003046], "8/29/2016": [66.6, -0.002994011976047947], "8/30/2016": [66.3, -0.004504504504504462], "8/31/2016": [65.9, -0.006033182503770611], "9/1/2016": [65.2, -0.010622154779969693], "9/2/2016": [65.0, -0.0030674846625767306], "9/5/2016": [64.8, -0.0030769230769231207], "9/6/2016": [64.5, -0.004629629629629586], "9/7/2016": [64.2, -0.00465116279069763], "9/8/2016": [65.0, 0.012461059190031107], "9/9/2016": [64.5, -0.007692307692307693], "9/10/2016": [63.8, -0.010852713178294617], "9/12/2016": [60.5, -0.05172413793103444], "9/13/2016": [59.2, -0.021487603305785075], "9/14/2016": [59.0, -0.0033783783783784263], "9/19/2016": [60.1, 0.018644067796610195], "9/20/2016": [59.5, -0.009983361064891871], "9/21/2016": [59.8, 0.005042016806722642], "9/22/2016": [60.0, 0.003344481605351218], "9/23/2016": [59.9, -0.0016666666666666904], "9/26/2016": [59.8, -0.0016694490818030287], "9/29/2016": [59.5, -0.005016722408026708], "9/30/2016": [59.6, 0.001680672268907587], "10/3/2016": [59.6, 0.0], "10/4/2016": [59.9, 0.005033557046979818], "10/5/2016": [59.6, -0.005008347245408968], "10/6/2016": [59.7, 0.0016778523489933124], "10/7/2016": [59.7, 0.0], "10/11/2016": [58.3, -0.023450586264656712], "10/12/2016": [57.9, -0.006861063464837025], "10/13/2016": [57.5, -0.006908462867012065], "10/14/2016": [57.4, -0.0017391304347826335], "10/17/2016": [57.0, -0.006968641114982554],