{"1/4/2016": [5.7, ""], "1/5/2016": [5.69, -0.0017543859649122432], "1/6/2016": [5.69, 0.0], "1/7/2016": [5.6, -0.015817223198594153], "1/8/2016": [5.59, -0.0017857142857142477], "1/11/2016": [5.79, 0.03577817531305907], "1/12/2016": [5.65, -0.02417962003454226], "1/13/2016": [5.74, 0.015929203539822984], "1/14/2016": [5.72, -0.0034843205574913694], "1/15/2016": [5.67, -0.00874125874125871], "1/18/2016": [5.71, 0.0070546737213403946], "1/19/2016": [5.86, 0.026269702276707593], "1/20/2016": [5.75, -0.01877133105802053], "1/21/2016": [5.73, -0.0034782608695651434], "1/22/2016": [5.91, 0.031413612565444976], "1/25/2016": [5.7, -0.035532994923857864], "1/26/2016": [5.76, 0.010526315789473615], "1/27/2016": [5.75, -0.0017361111111110742], "1/28/2016": [5.61, -0.024347826086956466], "1/29/2016": [5.66, 0.008912655971479468], "1/30/2016": [5.97, 0.054770318021201345], "2/1/2016": [5.74, -0.03852596314907865], "2/2/2016": [5.74, 0.0], "2/3/2016": [5.69, -0.008710801393728191], "2/15/2016": [5.77, 0.014059753954305655], "2/16/2016": [5.75, -0.0034662045060657844], "2/17/2016": [5.64, -0.01913043478260875], "2/18/2016": [5.64, 0.0], "2/19/2016": [5.71, 0.012411347517730547], "2/22/2016": [5.74, 0.0052539404553415495], "2/23/2016": [5.74, 0.0], "2/24/2016": [5.87, 0.02264808362369336], "2/25/2016": [5.81, -0.010221465076661072], "2/26/2016": [5.67, -0.02409638554216862], "3/1/2016": [5.7, 0.005291005291005335], "3/2/2016": [5.76, 0.010526315789473615], "3/3/2016": [5.74, -0.0034722222222221483], "3/4/2016": [5.88, 0.024390243902438966], "3/7/2016": [5.94, 0.010204081632653145], "3/8/2016": [5.94, 0.0], "3/9/2016": [5.93, -0.001683501683501797], "3/10/2016": [5.96, 0.005059021922428373], "3/11/2016": [5.96, 0.0], "3/14/2016": [5.97, 0.0016778523489932528], "3/15/2016": [5.94, -0.005025125628140597], "3/16/2016": [5.88, -0.010101010101010183], "3/17/2016": [5.89, 0.0017006802721088073], "3/18/2016": [5.9, 0.0016977928692700638], "3/21/2016": [5.8, -0.01694915254237297], "3/22/2016": [5.84, 0.006896551724137937], "3/23/2016": [5.84, 0.0], "3/24/2016": [5.83, -0.0017123287671232511], "3/25/2016": [5.86, 0.00514579759862783], "3/28/2016": [5.81, -0.008532423208191246], "3/29/2016": [5.7, -0.018932874354561004], "3/30/2016": [6.0, 0.05263157894736839], "3/31/2016": [5.86, -0.02333333333333328], "4/1/2016": [5.81, -0.008532423208191246], "4/6/2016": [5.81, 0.0], "4/7/2016": [5.78, -0.005163511187607463], "4/8/2016": [5.81, 0.005190311418685011], "4/11/2016": [5.71, -0.01721170395869185], "4/12/2016": [5.69, -0.003502626970227596], "4/13/2016": [5.62, -0.012302284710017623], "4/14/2016": [5.59, -0.005338078291814991], "4/15/2016": [5.63, 0.007155635062611813], "4/18/2016": [5.59, -0.007104795737122564], "4/19/2016": [5.6, 0.0017889087656529135], "4/20/2016": [5.57, -0.005357142857142744], "4/21/2016": [5.6, 0.005385996409335612], "4/22/2016": [5.51, -0.016071428571428546], "4/25/2016": [5.57, 0.010889292196007351], "4/26/2016": [5.49, -0.014362657091561952], "4/27/2016": [5.47, -0.0036429872495447107], "4/28/2016": [5.47, 0.0], "4/29/2016": [5.41, -0.010968921389396638], "5/3/2016": [5.36, -0.009242144177449136], "5/4/2016": [5.4, 0.007462686567164185], "5/5/2016": [5.25, -0.027777777777777842], "5/6/2016": [5.36, 0.020952380952381014], "5/9/2016": [5.35, -0.0018656716417911705], "5/10/2016": [5.5, 0.028037383177570162], "5/11/2016": [5.3, -0.0363636363636364], "5/12/2016": [5.15, -0.02830188679245273], "5/13/2016": [5.15, 0.0], "5/16/2016": [5.14, -0.0019417475728156649], "5/17/2016": [5.18, 0.007782101167315182], "5/18/2016": [5.12, -0.011583011583011508], "5/19/2016": [5.12, 0.0], "5/20/2016": [5.11, -0.0019531249999999584], "5/23/2016": [5.19, 0.01565557729941293], "5/24/2016": [5.14, -0.00963391136801555], "5/25/2016": [5.24, 0.019455252918288042], "5/26/2016": [5.43, 0.036259541984732725], "5/27/2016": [5.25, -0.03314917127071818], "5/30/2016": [5.12, -0.024761904761904742], "5/31/2016": [5.14, 0.0039062499999999167], "6/1/2016": [5.16, 0.003891050583657678], "6/2/2016": [5.16, 0.0], "6/3/2016": [5.18, 0.003875968992247979], "6/4/2016": [5.23, 0.00965250965250979], "6/6/2016": [5.23, 0.0], "6/7/2016": [5.11, -0.02294455066921608], "6/8/2016": [5.22, 0.021526418786692647], "6/13/2016": [5.1, -0.022988505747126457], "6/14/2016": [5.15, 0.009803921568627591], "6/15/2016": [5.07, -0.015533980582524285], "6/16/2016": [5.05, -0.003944773175542498], "6/17/2016": [5.12, 0.013861386138613919], "6/20/2016": [5.12, 0.0], "6/21/2016": [5.11, -0.0019531249999999584], "6/22/2016": [5.08, -0.005870841487279892], "6/23/2016": [5.05, -0.0059055118110236705], "6/24/2016": [5.05, 0.0], "6/27/2016": [5.08, 0.00594059405940599], "6/28/2016": [5.06, -0.003937007874015839], "6/29/2016": [5.47, 0.08102766798418976], "6/30/2016": [5.33, -0.025594149908592264], "7/1/2016": [5.5, 0.03189493433395871], "7/4/2016": [5.7, 0.0363636363636364], "7/5/2016": [5.6, -0.0175438596491229], "7/6/2016": [5.42, -0.03214285714285709], "7/7/2016": [5.59, 0.031365313653136516], "7/11/2016": [5.73, 0.025044722719141425], "7/12/2016": [5.51, -0.038394415357766255], "7/13/2016": [5.6, 0.016333938294010864], "7/14/2016": [5.62, 0.003571428571428654], "7/15/2016": [5.54, -0.01423487544483987], "7/18/2016": [5.38, -0.028880866425992805], "7/19/2016": [5.47, 0.01672862453531596], "7/20/2016": [5.75, 0.051188299817184695], "7/21/2016": [5.59, -0.027826086956521764], "7/22/2016": [5.79, 0.03577817531305907], "7/25/2016": [5.76, -0.00518134715025911], "7/26/2016": [5.69, -0.012152777777777674], "7/27/2016": [5.69, 0.0], "7/28/2016": [5.69, 0.0], "7/29/2016": [5.65, -0.0070298769771529055], "8/1/2016": [5.74, 0.015929203539822984], "8/2/2016": [5.82, 0.013937282229965169], "8/3/2016": [5.71, -0.018900343642611738], "8/4/2016": [5.79, 0.014010507880910695], "8/5/2016": [5.75, -0.0069084628670120956], "8/8/2016": [5.75, 0.0], "8/9/2016": [5.74, -0.0017391304347825717], "8/10/2016": [5.63, -0.019163763066202145], "8/11/2016": [5.57, -0.010657193605683768], "8/12/2016": [5.58, 0.001795332136445204], "8/15/2016": [5.57, -0.0017921146953404636], "8/16/2016": [5.55, -0.0035906642728905673], "8/17/2016": [5.58, 0.005405405405405451], "8/18/2016": [5.66, 0.014336917562724026], "8/19/2016": [5.66, 0.0], "8/22/2016": [5.63, -0.005300353356890503], "8/23/2016": [5.65, 0.003552397868561361], "8/24/2016": [5.65, 0.0], "8/25/2016": [5.57, -0.014159292035398242], "8/26/2016": [5.62, 0.00897666068222618], "8/29/2016": [5.62, 0.0], "8/30/2016": [5.62, 0.0], "8/31/2016": [5.69, 0.012455516014234926], "9/1/2016": [5.59, -0.01757469244288234], "9/2/2016": [5.62, 0.0053667262969589], "9/5/2016": [5.62, 0.0], "9/6/2016": [5.62, 0.0], "9/7/2016": [5.75, 0.02313167259786475], "9/8/2016": [5.6, -0.02608695652173919], "9/9/2016": [5.59, -0.0017857142857142477], "9/10/2016": [5.6, 0.0017889087656529135], "9/12/2016": [5.6, 0.0], "9/13/2016": [5.59, -0.0017857142857142477], "9/14/2016": [5.57, -0.003577817531305827], "9/19/2016": [5.49, -0.014362657091561952], "9/20/2016": [5.45, -0.007285974499089259], "9/21/2016": [5.49, 0.00733944954128441], "9/22/2016": [5.51, 0.003642987249544549], "9/23/2016": [5.5, -0.001814882032667838], "9/26/2016": [5.62, 0.021818181818181837], "9/29/2016": [5.68, 0.010676156583629824], "9/30/2016": [5.62, -0.010563380281690073], "10/3/2016": [5.65, 0.005338078291814991], "10/4/2016": [5.55, -0.01769911504424788], "10/5/2016": [5.61, 0.010810810810810902], "10/6/2016": [5.66, 0.008912655971479468], "10/7/2016": [5.66, 0.0], "10/11/2016": [5.66, 0.0], "10/12/2016": [5.64, -0.003533568904593721], "10/13/2016": [5.55, -0.015957446808510613], "10/14/2016": [5.54, -0.0018018018018017634], "10/17/2016": [5.58, 0.007220216606498201], "10/18/2016": [5.83, 0.044802867383512544], "10/19/2016": [5.61, -0.03773584905660373], "10/20/2016": [5.59, -0.0035650623885918825], "10/21/2016": [5.96, 0.06618962432915923], "10/24/2016": [6.05, 0.015100671140939574], "10/25/2016": [6.05, 0.0], "10/26/2016": [5.93, -0.01983471074380167],