{"1/4/2016": [4.8, ""], "1/5/2016": [4.8, 0.0], "1/6/2016": [4.87, 0.014583333333333393], "1/7/2016": [4.85, -0.004106776180698247], "1/8/2016": [4.94, 0.01855670103092799], "1/11/2016": [4.94, 0.0], "1/12/2016": [4.8, -0.02834008097166003], "1/13/2016": [5.0, 0.041666666666666706], "1/14/2016": [4.85, -0.030000000000000072], "1/15/2016": [4.85, 0.0], "1/18/2016": [4.75, -0.020618556701030855], "1/19/2016": [5.04, 0.06105263157894738], "1/20/2016": [4.85, -0.03769841269841277], "1/21/2016": [4.89, 0.008247422680412378], "1/22/2016": [4.89, 0.0], "1/25/2016": [4.89, 0.0], "1/26/2016": [4.89, 0.0], "1/27/2016": [4.85, -0.008179959100204507], "1/28/2016": [4.95, 0.02061855670103104], "1/29/2016": [4.95, 0.0], "1/30/2016": [5.1, 0.030303030303030193], "2/1/2016": [5.0, -0.019607843137254832], "2/2/2016": [5.15, 0.030000000000000072], "2/3/2016": [5.26, 0.021359223300970762], "2/15/2016": [5.25, -0.001901140684410606], "2/16/2016": [5.11, -0.026666666666666606], "2/17/2016": [5.23, 0.023483365949119393], "2/18/2016": [5.1, -0.024856596558317547], "2/19/2016": [4.99, -0.02156862745098028], "2/22/2016": [4.99, 0.0], "2/23/2016": [4.9, -0.018036072144288547], "2/24/2016": [4.95, 0.010204081632653024], "2/25/2016": [4.99, 0.008080808080808088], "2/26/2016": [5.0, 0.0020040080160320215], "3/1/2016": [5.0, 0.0], "3/2/2016": [4.94, -0.011999999999999922], "3/3/2016": [5.0, 0.012145748987854171], "3/4/2016": [5.0, 0.0], "3/7/2016": [5.0, 0.0], "3/8/2016": [4.9, -0.019999999999999928], "3/9/2016": [5.15, 0.0510204081632653], "3/10/2016": [5.15, 0.0], "3/11/2016": [5.15, 0.0], "3/14/2016": [5.15, 0.0], "3/15/2016": [4.94, -0.0407766990291262], "3/16/2016": [4.94, 0.0], "3/17/2016": [4.94, 0.0], "3/18/2016": [4.83, -0.022267206477732858], "3/21/2016": [4.83, 0.0], "3/22/2016": [4.86, 0.006211180124223654], "3/23/2016": [4.75, -0.02263374485596714], "3/24/2016": [4.75, 0.0], "3/25/2016": [4.58, -0.03578947368421051], "3/28/2016": [5.15, 0.12445414847161577], "3/29/2016": [4.9, -0.04854368932038835], "3/30/2016": [5.02, 0.024489795918367186], "3/31/2016": [4.87, -0.0298804780876493], "4/1/2016": [4.87, 0.0], "4/6/2016": [4.86, -0.0020533880903490323], "4/7/2016": [4.98, 0.024691358024691377], "4/8/2016": [4.8, -0.03614457831325313], "4/11/2016": [4.95, 0.031250000000000076], "4/12/2016": [4.83, -0.024242424242424263], "4/13/2016": [4.83, 0.0], "4/14/2016": [4.95, 0.024844720496894433], "4/15/2016": [5.1, 0.030303030303030193], "4/18/2016": [5.05, -0.009803921568627416], "4/19/2016": [5.51, 0.09108910891089109], "4/20/2016": [5.53, 0.003629764065335837], "4/21/2016": [5.5, -0.005424954792043445], "4/22/2016": [5.08, -0.07636363636363636], "4/25/2016": [4.88, -0.039370078740157514], "4/26/2016": [5.1, 0.04508196721311471], "4/27/2016": [5.1, 0.0], "4/28/2016": [4.87, -0.045098039215686184], "4/29/2016": [4.9, 0.0061601642710472785], "5/3/2016": [4.9, 0.0], "5/4/2016": [4.9, 0.0], "5/5/2016": [4.9, 0.0], "5/6/2016": [4.9, 0.0], "5/9/2016": [4.9, 0.0], "5/10/2016": [4.9, 0.0], "5/11/2016": [4.99, 0.01836734693877548], "5/12/2016": [5.0, 0.0020040080160320215], "5/13/2016": [4.8, -0.040000000000000036], "5/16/2016": [5.0, 0.041666666666666706], "5/17/2016": [5.31, 0.06199999999999992], "5/18/2016": [5.35, 0.007532956685499066], "5/19/2016": [5.48, 0.024299065420560897], "5/20/2016": [5.5, 0.003649635036496272], "5/23/2016": [5.65, 0.027272727272727337], "5/24/2016": [5.8, 0.026548672566371584], "5/25/2016": [6.11, 0.05344827586206905], "5/26/2016": [6.2, 0.014729950900163642], "5/27/2016": [6.15, -0.008064516129032228], "5/30/2016": [5.33, -0.13333333333333336], "5/31/2016": [5.32, -0.0018761726078798848], "6/1/2016": [6.65, 0.25], "6/2/2016": [6.53, -0.018045112781954902], "6/3/2016": [6.6, 0.010719754977029004], "6/4/2016": [6.5, -0.015151515151515098], "6/6/2016": [6.35, -0.02307692307692313], "6/7/2016": [6.45, 0.01574803149606308], "6/8/2016": [6.45, 0.0], "6/13/2016": [6.45, 0.0], "6/14/2016": [6.31, -0.021705426356589234], "6/15/2016": [6.31, 0.0], "6/16/2016": [6.2, -0.017432646592709895], "6/17/2016": [6.2, 0.0], "6/20/2016": [6.2, 0.0], "6/21/2016": [6.05, -0.024193548387096833], "6/22/2016": [6.05, 0.0], "6/23/2016": [6.05, 0.0], "6/24/2016": [6.05, 0.0], "6/27/2016": [6.05, 0.0], "6/28/2016": [6.08, 0.004958677685950454], "6/29/2016": [6.05, -0.00493421052631583], "6/30/2016": [6.15, 0.016528925619834798], "7/1/2016": [6.15, 0.0], "7/4/2016": [6.15, 0.0], "7/5/2016": [6.21, 0.009756097560975546], "7/6/2016": [5.95, -0.041867954911433136], "7/7/2016": [6.0, 0.008403361344537785], "7/11/2016": [6.05, 0.008333333333333304], "7/12/2016": [6.05, 0.0], "7/13/2016": [5.95, -0.016528925619834652], "7/14/2016": [6.0, 0.008403361344537785], "7/15/2016": [5.72, -0.04666666666666671], "7/18/2016": [5.72, 0.0], "7/19/2016": [5.72, 0.0], "7/20/2016": [5.78, 0.010489510489510577], "7/21/2016": [5.78, 0.0], "7/22/2016": [5.4, -0.06574394463667818], "7/25/2016": [5.68, 0.05185185185185173], "7/26/2016": [5.68, 0.0], "7/27/2016": [5.72, 0.007042253521126767], "7/28/2016": [5.72, 0.0], "7/29/2016": [5.72, 0.0], "8/1/2016": [6.05, 0.05769230769230771], "8/2/2016": [6.1, 0.008264462809917326], "8/3/2016": [6.1, 0.0], "8/4/2016": [6.1, 0.0], "8/5/2016": [6.1, 0.0], "8/8/2016": [6.1, 0.0], "8/9/2016": [6.1, 0.0], "8/10/2016": [6.1, 0.0], "8/11/2016": [5.8, -0.04918032786885243], "8/12/2016": [5.85, 0.008620689655172384], "8/15/2016": [5.9, 0.00854700854700867], "8/16/2016": [5.9, 0.0], "8/17/2016": [5.9, 0.0], "8/18/2016": [5.9, 0.0], "8/19/2016": [5.9, 0.0], "8/22/2016": [5.9, 0.0], "8/23/2016": [6.2, 0.05084745762711861], "8/24/2016": [6.1, -0.016129032258064602], "8/25/2016": [6.2, 0.016393442622950907], "8/26/2016": [6.12, -0.012903225806451623], "8/29/2016": [6.1, -0.003267973856209226], "8/30/2016": [6.0, -0.01639344262295076], "8/31/2016": [5.75, -0.041666666666666664], "9/1/2016": [6.2, 0.07826086956521743], "9/2/2016": [6.05, -0.024193548387096833], "9/5/2016": [6.05, 0.0], "9/6/2016": [5.95, -0.016528925619834652], "9/7/2016": [6.0, 0.008403361344537785], "9/8/2016": [5.98, -0.0033333333333332624], "9/9/2016": [5.99, 0.0016722408026755495], "9/10/2016": [5.96, -0.005008347245409057], "9/12/2016": [5.96, 0.0], "9/13/2016": [5.96, 0.0], "9/14/2016": [5.96, 0.0], "9/19/2016": [5.96, 0.0], "9/20/2016": [5.95, -0.0016778523489932528], "9/21/2016": [5.79, -0.02689075630252103], "9/22/2016": [5.79, 0.0], "9/23/2016": [5.79, 0.0], "9/26/2016": [6.02, 0.03972366148531944], "9/29/2016": [6.03, 0.0016611295681064244], "9/30/2016": [6.05, 0.0033167495854062308], "10/3/2016": [6.05, 0.0], "10/4/2016": [5.8, -0.04132231404958678], "10/5/2016": [5.8, 0.0], "10/6/2016": [5.8, 0.0], "10/7/2016": [5.8, 0.0], "10/11/2016": [5.75, -0.008620689655172384], "10/12/2016": [5.48, -0.04695652173913036], "10/13/2016": [5.4, -0.014598540145985413], "10/14/2016": [5.33, -0.012962962962963015], "10/17/2016": [5.7, 0.06941838649155724], "10/18/2016": [5.58, -0.021052631578947385], "10/19/2016": [5.72, 0.025089605734766967], "10/20/2016": [6.03, 0.05419580419580428], "10/21/2016": [6.02, -0.0016583747927032628], "10/24/2016": [6.05, 0.004983388704318978], "10/25/2016": [6.05, 0.0], "10/26/2016": [6.05, 0.0], "10/27/2016": [6.05, 0.0], "10/28/2016": [6.0, -0.008264462809917326], "10/31/2016": [6.08, 0.013333333333333345], "11/1/2016": [6.12, 0.006578947368421058], "11/2/2016": [6.2, 0.013071895424836612], "11/3/2016": [6.15, -0.008064516129032228], "11/4/2016": [6.1, -0.008130081300813123], "11/7/2016": [5.98, -0.019672131147540857], "11/8/2016": [5.9, -0.013377926421404692], "11/9/2016": [5.9, 0.0], "11/10/2016": [5.85, -0.00847457627118656], "11/11/2016": [5.89, 0.006837606837606844], "11/14/2016": [5.89, 0.0], "11/15/2016": [5.89, 0.0], "11/16/2016": [5.89, 0.0], "11/17/2016": [5.99, 0.01697792869269958], "11/18/2016": [5.95, -0.0066777963272120254], "11/21/2016": [5.94, -0.0016806722689075271], "11/22/2016": [6.1, 0.02693602693602681], "11/23/2016": [6.0, -0.01639344262295076],