{"1/4/2016": [27.0, ""], "1/5/2016": [27.0, 0.0], "1/6/2016": [27.0, 0.0], "1/7/2016": [26.8, -0.007407407407407381], "1/8/2016": [26.9, 0.00373134328358201], "1/11/2016": [27.0, 0.003717472118959161], "1/12/2016": [27.0, 0.0], "1/13/2016": [27.0, 0.0], "1/14/2016": [27.0, 0.0], "1/15/2016": [28.3, 0.048148148148148176], "1/18/2016": [28.5, 0.007067137809187254], "1/19/2016": [30.7, 0.07719298245614033], "1/20/2016": [30.1, -0.01954397394136801], "1/21/2016": [30.15, 0.0016611295681062178], "1/22/2016": [29.4, -0.024875621890547265], "1/25/2016": [29.75, 0.011904761904761954], "1/26/2016": [29.5, -0.008403361344537815], "1/27/2016": [29.5, 0.0], "1/28/2016": [30.0, 0.01694915254237288], "1/29/2016": [29.9, -0.003333333333333381], "1/30/2016": [29.95, 0.001672240802675609], "2/1/2016": [30.3, 0.011686143572621082], "2/2/2016": [29.9, -0.013201320132013271], "2/3/2016": [30.35, 0.015050167224080363], "2/15/2016": [32.2, 0.060955518945634314], "2/16/2016": [34.3, 0.06521739130434764], "2/17/2016": [33.6, -0.020408163265306], "2/18/2016": [33.0, -0.017857142857142898], "2/19/2016": [32.8, -0.0060606060606061465], "2/22/2016": [33.1, 0.009146341463414765], "2/23/2016": [34.5, 0.04229607250755282], "2/24/2016": [34.0, -0.014492753623188406], "2/25/2016": [34.4, 0.0117647058823529], "2/26/2016": [34.3, -0.002906976744186088], "3/1/2016": [34.0, -0.008746355685131112], "3/2/2016": [34.3, 0.008823529411764622], "3/3/2016": [34.35, 0.0014577259475219903], "3/4/2016": [36.1, 0.050946142649199416], "3/7/2016": [36.5, 0.01108033240997226], "3/8/2016": [36.5, 0.0], "3/9/2016": [36.8, 0.008219178082191704], "3/10/2016": [37.2, 0.01086956521739146], "3/11/2016": [36.9, -0.008064516129032372], "3/14/2016": [36.85, -0.0013550135501354244], "3/15/2016": [37.3, 0.012211668928086722], "3/16/2016": [38.05, 0.020107238605898126], "3/17/2016": [37.65, -0.010512483574244379], "3/18/2016": [37.6, -0.001328021248339898], "3/21/2016": [37.0, -0.015957446808510675], "3/22/2016": [36.8, -0.005405405405405482], "3/23/2016": [35.95, -0.023097826086956368], "3/24/2016": [35.5, -0.012517385257301885], "3/25/2016": [35.7, 0.0056338028169014885], "3/28/2016": [34.6, -0.030812324929972025], "3/29/2016": [33.5, -0.03179190751445091], "3/30/2016": [34.3, 0.023880597014925287], "3/31/2016": [34.0, -0.008746355685131112], "4/1/2016": [33.5, -0.014705882352941176], "4/6/2016": [32.5, -0.029850746268656716], "4/7/2016": [32.0, -0.015384615384615385], "4/8/2016": [31.7, -0.009375000000000022], "4/11/2016": [31.5, -0.006309148264984205], "4/12/2016": [30.3, -0.03809523809523807], "4/13/2016": [30.85, 0.018151815181518174], "4/14/2016": [31.75, 0.029173419773095576], "4/15/2016": [31.75, 0.0], "4/18/2016": [31.5, -0.007874015748031496], "4/19/2016": [31.3, -0.006349206349206327], "4/20/2016": [31.0, -0.009584664536741236], "4/21/2016": [30.8, -0.006451612903225784], "4/22/2016": [31.0, 0.0064935064935064705], "4/25/2016": [30.4, -0.019354838709677465], "4/26/2016": [30.45, 0.0016447368421052867], "4/27/2016": [31.6, 0.03776683087027922], "4/28/2016": [31.6, 0.0], "4/29/2016": [31.25, -0.011075949367088653], "5/3/2016": [30.3, -0.030399999999999976], "5/4/2016": [30.1, -0.006600660066006577], "5/5/2016": [30.05, -0.0016611295681063358], "5/6/2016": [29.8, -0.008319467554076539], "5/9/2016": [29.3, -0.016778523489932886], "5/10/2016": [28.9, -0.013651877133105875], "5/11/2016": [28.8, -0.003460207612456674], "5/12/2016": [28.2, -0.02083333333333338], "5/13/2016": [28.0, -0.007092198581560258], "5/16/2016": [27.6, -0.014285714285714235], "5/17/2016": [28.2, 0.021739130434782532], "5/18/2016": [28.5, 0.010638297872340451], "5/19/2016": [28.2, -0.01052631578947371], "5/20/2016": [28.1, -0.0035460992907800663], "5/23/2016": [30.0, 0.06761565836298927], "5/24/2016": [29.95, -0.0016666666666666904], "5/25/2016": [29.9, -0.0016694490818030287], "5/26/2016": [29.8, -0.0033444816053510994], "5/27/2016": [29.95, 0.005033557046979818], "5/30/2016": [30.3, 0.011686143572621082], "5/31/2016": [30.25, -0.0016501650165016736], "6/1/2016": [30.7, 0.014876033057851215], "6/2/2016": [30.4, -0.009771986970684063], "6/3/2016": [30.4, 0.0], "6/4/2016": [30.3, -0.0032894736842104563], "6/6/2016": [30.2, -0.003300330033003347], "6/7/2016": [30.2, 0.0], "6/8/2016": [30.1, -0.0033112582781456247], "6/13/2016": [29.85, -0.00830564784053156], "6/14/2016": [29.7, -0.005025125628140775], "6/15/2016": [29.5, -0.00673400673400671], "6/16/2016": [29.4, -0.0033898305084746243], "6/17/2016": [29.3, -0.0034013605442176145], "6/20/2016": [28.7, -0.02047781569965875], "6/21/2016": [28.65, -0.0017421602787456693], "6/22/2016": [28.6, -0.0017452006980801802], "6/23/2016": [28.7, 0.003496503496503422], "6/24/2016": [28.25, -0.015679442508710777], "6/27/2016": [28.3, 0.0017699115044248039], "6/28/2016": [28.0, -0.010600706713780944], "6/29/2016": [28.45, 0.016071428571428546], "6/30/2016": [28.4, -0.00175746924428825], "7/1/2016": [28.3, -0.0035211267605633053], "7/4/2016": [28.3, 0.0], "7/5/2016": [28.15, -0.005300353356890534], "7/6/2016": [28.0, -0.005328596802841868], "7/7/2016": [28.15, 0.005357142857142806], "7/11/2016": [28.65, 0.017761989342806397], "7/12/2016": [28.45, -0.006980802792321093], "7/13/2016": [28.2, -0.008787346221441126], "7/14/2016": [28.1, -0.0035460992907800663], "7/15/2016": [27.7, -0.014234875444839933], "7/18/2016": [27.75, 0.0018050541516245744], "7/19/2016": [27.6, -0.0054054054054053545], "7/20/2016": [27.6, 0.0], "7/21/2016": [28.1, 0.018115942028985508], "7/22/2016": [28.0, -0.003558718861210015], "7/25/2016": [28.0, 0.0], "7/26/2016": [28.0, 0.0], "7/27/2016": [27.9, -0.003571428571428622], "7/28/2016": [27.8, -0.0035842293906809273], "7/29/2016": [27.8, 0.0], "8/1/2016": [27.8, 0.0], "8/2/2016": [27.7, -0.0035971223021583243], "8/3/2016": [27.5, -0.007220216606498169], "8/4/2016": [27.45, -0.001818181818181844], "8/5/2016": [28.3, 0.03096539162112938], "8/8/2016": [29.2, 0.031802120141342705], "8/9/2016": [28.3, -0.03082191780821913], "8/10/2016": [28.8, 0.0176678445229682], "8/11/2016": [28.7, -0.0034722222222222715], "8/12/2016": [28.7, 0.0], "8/15/2016": [29.1, 0.013937282229965231], "8/16/2016": [29.35, 0.008591065292096219], "8/17/2016": [28.8, -0.01873935264054517], "8/18/2016": [28.65, -0.005208333333333408], "8/19/2016": [28.55, -0.0034904013961604844], "8/22/2016": [28.4, -0.005253940455341581], "8/23/2016": [28.35, -0.0017605633802815902], "8/24/2016": [28.0, -0.012345679012345729], "8/25/2016": [28.3, 0.01071428571428574], "8/26/2016": [28.4, 0.003533568904593564], "8/29/2016": [28.45, 0.0017605633802817153], "8/30/2016": [28.4, -0.00175746924428825], "8/31/2016": [28.1, -0.010563380281690042], "9/1/2016": [27.95, -0.005338078291815022], "9/2/2016": [27.95, 0.0], "9/5/2016": [27.9, -0.001788908765652977], "9/6/2016": [27.7, -0.007168458781361982], "9/7/2016": [27.5, -0.007220216606498169], "9/8/2016": [27.6, 0.003636363636363688], "9/9/2016": [27.6, 0.0], "9/10/2016": [27.55, -0.0018115942028985763], "9/12/2016": [28.65, 0.03992740471869321], "9/13/2016": [28.35, -0.010471204188481577], "9/14/2016": [28.3, -0.001763668430335122], "9/19/2016": [28.25, -0.001766784452296845], "9/20/2016": [28.1, -0.005309734513274286], "9/21/2016": [28.05, -0.0017793594306050075], "9/22/2016": [28.25, 0.007130124777183575], "9/23/2016": [28.2, -0.0017699115044248039], "9/26/2016": [28.1, -0.0035460992907800663], "9/29/2016": [28.15, 0.001779359430604881], "9/30/2016": [28.25, 0.0035523978685613297], "10/3/2016": [28.6, 0.012389380530973501], "10/4/2016": [29.75, 0.04020979020979016], "10/5/2016": [29.55, -0.006722689075630228], "10/6/2016": [29.4, -0.005076142131979767], "10/7/2016": [28.9, -0.017006802721088437], "10/11/2016": [29.0, 0.003460207612456797], "10/12/2016": [28.95, -0.0017241379310345072], "10/13/2016": [28.9, -0.001727115716753047], "10/14/2016": [28.85, -0.0017301038062282755], "10/17/2016": [28.85, 0.0], "10/18/2016": [28.6, -0.008665511265164644],