{"1/4/2016": [12.8, ""], "1/5/2016": [12.8, 0.0], "1/6/2016": [12.6, -0.015625000000000083], "1/7/2016": [12.4, -0.015873015873015817], "1/8/2016": [12.45, 0.004032258064516043], "1/11/2016": [11.95, -0.040160642570281124], "1/12/2016": [11.9, -0.004184100418409953], "1/13/2016": [11.85, -0.004201680672268967], "1/14/2016": [11.6, -0.02109704641350211], "1/15/2016": [11.45, -0.012931034482758652], "1/18/2016": [11.7, 0.02183406113537118], "1/19/2016": [11.55, -0.0128205128205127], "1/20/2016": [11.2, -0.030303030303030425], "1/21/2016": [11.1, -0.008928571428571397], "1/22/2016": [11.15, 0.004504504504504569], "1/25/2016": [11.4, 0.02242152466367713], "1/26/2016": [11.35, -0.004385964912280764], "1/27/2016": [11.2, -0.013215859030837036], "1/28/2016": [11.4, 0.017857142857142953], "1/29/2016": [11.6, 0.017543859649122744], "1/30/2016": [12.2, 0.051724137931034454], "2/1/2016": [12.05, -0.012295081967212998], "2/2/2016": [12.05, 0.0], "2/3/2016": [11.5, -0.04564315352697101], "2/15/2016": [11.7, 0.017391304347826025], "2/16/2016": [12.05, 0.029914529914530037], "2/17/2016": [11.7, -0.029045643153527086], "2/18/2016": [11.8, 0.00854700854700867], "2/19/2016": [12.0, 0.01694915254237282], "2/22/2016": [12.15, 0.01250000000000003], "2/23/2016": [12.0, -0.012345679012345708], "2/24/2016": [12.1, 0.008333333333333304], "2/25/2016": [11.95, -0.012396694214876063], "2/26/2016": [12.0, 0.004184100418410101], "3/1/2016": [12.2, 0.016666666666666607], "3/2/2016": [12.85, 0.053278688524590195], "3/3/2016": [13.15, 0.02334630350194558], "3/4/2016": [13.15, 0.0], "3/7/2016": [13.35, 0.015209125475285117], "3/8/2016": [13.45, 0.007490636704119823], "3/9/2016": [13.25, -0.014869888475836378], "3/10/2016": [13.1, -0.011320754716981159], "3/11/2016": [12.9, -0.01526717557251903], "3/14/2016": [12.9, 0.0], "3/15/2016": [12.25, -0.05038759689922483], "3/16/2016": [12.7, 0.03673469387755096], "3/17/2016": [12.55, -0.011811023622047133], "3/18/2016": [12.5, -0.003984063745019977], "3/21/2016": [12.5, 0.0], "3/22/2016": [12.4, -0.007999999999999972], "3/23/2016": [12.5, 0.008064516129032228], "3/24/2016": [12.25, -0.02], "3/25/2016": [12.25, 0.0], "3/28/2016": [12.25, 0.0], "3/29/2016": [12.1, -0.012244897959183702], "3/30/2016": [12.05, -0.004132231404958589], "3/31/2016": [11.95, -0.00829875518672211], "4/1/2016": [12.0, 0.004184100418410101], "4/6/2016": [11.55, -0.03749999999999994], "4/7/2016": [11.45, -0.008658008658008781], "4/8/2016": [11.8, 0.030567685589519777], "4/11/2016": [12.05, 0.0211864406779661], "4/12/2016": [11.8, -0.02074688796680498], "4/13/2016": [12.2, 0.03389830508474564], "4/14/2016": [12.1, -0.00819672131147538], "4/15/2016": [12.25, 0.012396694214876063], "4/18/2016": [12.05, -0.01632653061224484], "4/19/2016": [11.9, -0.012448132780083016], "4/20/2016": [11.8, -0.008403361344537785], "4/21/2016": [11.85, 0.00423728813559313], "4/22/2016": [11.9, 0.004219409282700482], "4/25/2016": [12.15, 0.021008403361344536], "4/26/2016": [12.3, 0.012345679012345708], "4/27/2016": [12.35, 0.004065040650406417], "4/28/2016": [12.05, -0.024291497975708416], "4/29/2016": [11.9, -0.012448132780083016], "5/3/2016": [11.8, -0.008403361344537785], "5/4/2016": [11.45, -0.02966101694915266], "5/5/2016": [11.25, -0.017467248908296883], "5/6/2016": [11.85, 0.0533333333333333], "5/9/2016": [11.75, -0.008438818565400814], "5/10/2016": [11.6, -0.012765957446808541], "5/11/2016": [11.45, -0.012931034482758652], "5/12/2016": [11.3, -0.013100436681222584], "5/13/2016": [11.2, -0.008849557522124019], "5/16/2016": [11.1, -0.008928571428571397], "5/17/2016": [11.05, -0.004504504504504409], "5/18/2016": [11.1, 0.0045248868778279576], "5/19/2016": [11.2, 0.009009009009008978], "5/20/2016": [11.0, -0.017857142857142794], "5/23/2016": [11.2, 0.01818181818181812], "5/24/2016": [11.1, -0.008928571428571397], "5/25/2016": [11.25, 0.013513513513513545], "5/26/2016": [11.2, -0.004444444444444508], "5/27/2016": [11.25, 0.004464285714285778], "5/30/2016": [11.4, 0.013333333333333365], "5/31/2016": [11.5, 0.008771929824561372], "6/1/2016": [11.9, 0.0347826086956522], "6/2/2016": [12.0, 0.008403361344537785], "6/3/2016": [11.75, -0.020833333333333332], "6/4/2016": [12.0, 0.02127659574468085], "6/6/2016": [11.75, -0.020833333333333332], "6/7/2016": [11.85, 0.00851063829787231], "6/8/2016": [12.15, 0.025316455696202594], "6/13/2016": [11.85, -0.024691358024691416], "6/14/2016": [11.9, 0.004219409282700482], "6/15/2016": [11.75, -0.012605042016806753], "6/16/2016": [11.75, 0.0], "6/17/2016": [11.7, -0.004255319148936231], "6/20/2016": [12.0, 0.025641025641025703], "6/21/2016": [12.05, 0.004166666666666726], "6/22/2016": [12.35, 0.024896265560165887], "6/23/2016": [12.15, -0.016194331983805613], "6/24/2016": [11.75, -0.03292181069958851], "6/27/2016": [11.8, 0.004255319148936231], "6/28/2016": [11.75, -0.00423728813559328], "6/29/2016": [11.9, 0.012765957446808541], "6/30/2016": [11.95, 0.004201680672268818], "7/1/2016": [12.15, 0.016736401673640256], "7/4/2016": [12.3, 0.012345679012345708], "7/5/2016": [12.2, -0.008130081300813123], "7/6/2016": [11.85, -0.028688524590163907], "7/7/2016": [11.9, 0.004219409282700482], "7/11/2016": [12.2, 0.025210084033613356], "7/12/2016": [12.2, 0.0], "7/13/2016": [12.05, -0.012295081967212998], "7/14/2016": [12.3, 0.02074688796680498], "7/15/2016": [12.4, 0.00813008130081298], "7/18/2016": [12.4, 0.0], "7/19/2016": [12.65, 0.020161290322580645], "7/20/2016": [12.5, -0.01185770750988145], "7/21/2016": [12.7, 0.015999999999999945], "7/22/2016": [12.55, -0.011811023622047133], "7/25/2016": [12.5, -0.003984063745019977], "7/26/2016": [12.5, 0.0], "7/27/2016": [12.4, -0.007999999999999972], "7/28/2016": [12.45, 0.004032258064516043], "7/29/2016": [12.35, -0.008032128514056196], "8/1/2016": [12.4, 0.004048582995951474], "8/2/2016": [12.1, -0.024193548387096833], "8/3/2016": [12.05, -0.004132231404958589], "8/4/2016": [12.1, 0.004149377593360907], "8/5/2016": [12.15, 0.004132231404958737], "8/8/2016": [12.05, -0.00823045267489709], "8/9/2016": [12.0, -0.004149377593361055], "8/10/2016": [12.1, 0.008333333333333304], "8/11/2016": [12.0, -0.008264462809917326], "8/12/2016": [12.0, 0.0], "8/15/2016": [12.0, 0.0], "8/16/2016": [12.0, 0.0], "8/17/2016": [12.0, 0.0], "8/18/2016": [12.05, 0.004166666666666726], "8/19/2016": [12.0, -0.004149377593361055], "8/22/2016": [11.95, -0.004166666666666726], "8/23/2016": [12.0, 0.004184100418410101], "8/24/2016": [11.9, -0.008333333333333304], "8/25/2016": [12.05, 0.012605042016806753], "8/26/2016": [11.95, -0.00829875518672211], "8/29/2016": [11.9, -0.004184100418409953], "8/30/2016": [11.75, -0.012605042016806753], "8/31/2016": [12.0, 0.02127659574468085], "9/1/2016": [13.2, 0.09999999999999994], "9/2/2016": [13.85, 0.049242424242424275], "9/5/2016": [13.95, 0.007220216606498169], "9/6/2016": [13.75, -0.014336917562723964], "9/7/2016": [13.75, 0.0], "9/8/2016": [13.9, 0.010909090909090934], "9/9/2016": [13.95, 0.003597122302158197], "9/10/2016": [13.75, -0.014336917562723964], "9/12/2016": [13.15, -0.04363636363636361], "9/13/2016": [13.1, -0.0038022813688213465], "9/14/2016": [12.9, -0.01526717557251903], "9/19/2016": [12.9, 0.0], "9/20/2016": [13.2, 0.02325581395348829], "9/21/2016": [12.95, -0.01893939393939394], "9/22/2016": [13.0, 0.003861003861003916], "9/23/2016": [12.95, -0.003846153846153901], "9/26/2016": [12.9, -0.003861003861003779], "9/29/2016": [12.55, -0.027131782945736406], "9/30/2016": [12.1, -0.03585657370517937], "10/3/2016": [12.05, -0.004132231404958589], "10/4/2016": [12.15, 0.008298755186721962], "10/5/2016": [12.15, 0.0], "10/6/2016": [12.05, -0.00823045267489709], "10/7/2016": [12.1, 0.004149377593360907], "10/11/2016": [12.0, -0.008264462809917326], "10/12/2016": [12.15, 0.01250000000000003], "10/13/2016": [12.0, -0.012345679012345708], "10/14/2016": [11.95, -0.004166666666666726], "10/17/2016": [11.95, 0.0], "10/18/2016": [11.95, 0.0], "10/19/2016": [11.95, 0.0],