{"1/4/2016": [28.4, ""], "1/5/2016": [28.0, -0.014084507042253471], "1/6/2016": [27.7, -0.01071428571428574], "1/7/2016": [27.4, -0.010830324909747318], "1/8/2016": [29.2, 0.06569343065693434], "1/11/2016": [29.35, 0.0051369863013699365], "1/12/2016": [28.35, -0.034071550255536626], "1/13/2016": [28.0, -0.012345679012345729], "1/14/2016": [27.0, -0.03571428571428571], "1/15/2016": [27.0, 0.0], "1/18/2016": [28.0, 0.037037037037037035], "1/19/2016": [29.4, 0.04999999999999995], "1/20/2016": [30.0, 0.020408163265306173], "1/21/2016": [29.0, -0.03333333333333333], "1/22/2016": [29.45, 0.01551724137931032], "1/25/2016": [32.35, 0.09847198641765711], "1/26/2016": [31.0, -0.04173106646058737], "1/27/2016": [31.35, 0.011290322580645207], "1/28/2016": [31.05, -0.009569377990430644], "1/29/2016": [30.8, -0.008051529790660225], "1/30/2016": [31.3, 0.016233766233766232], "2/1/2016": [33.5, 0.0702875399361022], "2/2/2016": [33.5, 0.0], "2/3/2016": [34.5, 0.029850746268656716], "2/15/2016": [35.8, 0.037681159420289774], "2/16/2016": [35.6, -0.005586592178770831], "2/17/2016": [36.0, 0.011235955056179735], "2/18/2016": [39.6, 0.10000000000000003], "2/19/2016": [43.55, 0.09974747474747464], "2/22/2016": [47.9, 0.09988518943742829], "2/23/2016": [47.65, -0.005219206680584551], "2/24/2016": [50.7, 0.06400839454354679], "2/25/2016": [45.65, -0.09960552268244584], "2/26/2016": [45.7, 0.0010952902519168514], "3/1/2016": [45.75, 0.0010940919037198502], "3/2/2016": [44.5, -0.0273224043715847], "3/3/2016": [45.2, 0.01573033707865175], "3/4/2016": [43.35, -0.04092920353982304], "3/7/2016": [43.95, 0.013840830449827021], "3/8/2016": [45.3, 0.030716723549487922], "3/9/2016": [44.3, -0.02207505518763797], "3/10/2016": [43.55, -0.016930022573363433], "3/11/2016": [40.5, -0.07003444316877147], "3/14/2016": [41.7, 0.0296296296296297], "3/15/2016": [39.8, -0.045563549160671596], "3/16/2016": [40.9, 0.027638190954773906], "3/17/2016": [39.9, -0.02444987775061125], "3/18/2016": [40.3, 0.010025062656641569], "3/21/2016": [40.8, 0.01240694789081886], "3/22/2016": [39.8, -0.02450980392156863], "3/23/2016": [39.1, -0.017587939698492358], "3/24/2016": [39.2, 0.0025575447570332843], "3/25/2016": [39.0, -0.005102040816326603], "3/28/2016": [37.9, -0.02820512820512824], "3/29/2016": [36.4, -0.0395778364116095], "3/30/2016": [37.6, 0.032967032967033044], "3/31/2016": [36.55, -0.02792553191489373], "4/1/2016": [40.2, 0.09986320109439141], "4/6/2016": [43.3, 0.07711442786069637], "4/7/2016": [42.1, -0.027713625866050712], "4/8/2016": [43.8, 0.04038004750593814], "4/11/2016": [41.3, -0.05707762557077626], "4/12/2016": [38.3, -0.07263922518159807], "4/13/2016": [38.85, 0.014360313315927005], "4/14/2016": [38.8, -0.0012870012870013967], "4/15/2016": [38.25, -0.01417525773195869], "4/18/2016": [38.3, 0.0013071895424835859], "4/19/2016": [37.8, -0.013054830287206267], "4/20/2016": [36.8, -0.026455026455026457], "4/21/2016": [40.45, 0.09918478260869582], "4/22/2016": [39.0, -0.03584672435105075], "4/25/2016": [38.65, -0.00897435897435901], "4/26/2016": [38.6, -0.0012936610608019965], "4/27/2016": [39.65, 0.02720207253886003], "4/28/2016": [40.1, 0.011349306431273716], "4/29/2016": [40.4, 0.007481296758104667], "5/3/2016": [42.35, 0.04826732673267334], "5/4/2016": [41.5, -0.020070838252656466], "5/5/2016": [41.1, -0.009638554216867436], "5/6/2016": [40.6, -0.0121654501216545], "5/9/2016": [40.3, -0.007389162561576459], "5/10/2016": [38.95, -0.033498759305210776], "5/11/2016": [36.95, -0.05134788189987163], "5/12/2016": [34.0, -0.0798376184032477], "5/13/2016": [34.3, 0.008823529411764622], "5/16/2016": [33.8, -0.01457725947521866], "5/17/2016": [34.4, 0.01775147928994087], "5/18/2016": [33.8, -0.01744186046511632], "5/19/2016": [34.1, 0.008875739644970541], "5/20/2016": [34.0, -0.0029325513196481355], "5/23/2016": [35.2, 0.035294117647058906], "5/24/2016": [35.4, 0.0056818181818180605], "5/25/2016": [37.2, 0.050847457627118765], "5/26/2016": [37.2, 0.0], "5/27/2016": [36.85, -0.009408602150537671], "5/30/2016": [36.95, 0.002713704206241558], "5/31/2016": [37.3, 0.00947225981055465], "6/1/2016": [37.1, -0.005361930294906053], "6/2/2016": [36.9, -0.005390835579514901], "6/3/2016": [35.7, -0.03252032520325192], "6/4/2016": [37.0, 0.03641456582633045], "6/6/2016": [36.65, -0.009459459459459498], "6/7/2016": [36.7, 0.0013642564802183975], "6/8/2016": [36.7, 0.0], "6/13/2016": [35.1, -0.04359673024523164], "6/14/2016": [35.15, 0.0014245014245013435], "6/15/2016": [34.75, -0.011379800853485025], "6/16/2016": [34.4, -0.010071942446043206], "6/17/2016": [34.7, 0.008720930232558264], "6/20/2016": [37.35, 0.0763688760806916], "6/21/2016": [37.9, 0.014725568942436335], "6/22/2016": [37.3, -0.01583113456464384], "6/23/2016": [37.0, -0.008042895442359173], "6/24/2016": [35.15, -0.05000000000000004], "6/27/2016": [35.35, 0.005689900426742613], "6/28/2016": [36.15, 0.02263083451202255], "6/29/2016": [36.15, 0.0], "6/30/2016": [36.8, 0.01798063623789761], "7/1/2016": [37.1, 0.008152173913043594], "7/4/2016": [40.8, 0.09973045822102414], "7/5/2016": [41.0, 0.004901960784313796], "7/6/2016": [40.0, -0.024390243902439025], "7/7/2016": [41.15, 0.028749999999999963], "7/11/2016": [38.55, -0.06318347509113005], "7/12/2016": [38.4, -0.003891050583657551], "7/13/2016": [39.25, 0.022135416666666706], "7/14/2016": [39.2, -0.0012738853503183988], "7/15/2016": [39.7, 0.012755102040816325], "7/18/2016": [38.2, -0.03778337531486146], "7/19/2016": [37.75, -0.011780104712041958], "7/20/2016": [37.8, 0.001324503311258203], "7/21/2016": [38.2, 0.010582010582010732], "7/22/2016": [38.5, 0.007853403141361182], "7/25/2016": [40.6, 0.054545454545454584], "7/26/2016": [40.0, -0.014778325123152743], "7/27/2016": [39.9, -0.0025000000000000356], "7/28/2016": [38.95, -0.023809523809523704], "7/29/2016": [39.75, 0.020539152759948578], "8/1/2016": [39.6, -0.0037735849056603414], "8/2/2016": [39.4, -0.005050505050505122], "8/3/2016": [39.2, -0.0050761421319795875], "8/4/2016": [38.9, -0.007653061224489904], "8/5/2016": [40.25, 0.034704370179948624], "8/8/2016": [39.2, -0.02608695652173906], "8/9/2016": [38.3, -0.02295918367346953], "8/10/2016": [38.25, -0.0013054830287205525], "8/11/2016": [37.55, -0.018300653594771316], "8/12/2016": [37.55, 0.0], "8/15/2016": [37.1, -0.01198402130492665], "8/16/2016": [37.6, 0.013477088948787061], "8/17/2016": [37.2, -0.010638297872340387], "8/18/2016": [40.0, 0.075268817204301], "8/19/2016": [38.6, -0.03499999999999996], "8/22/2016": [38.2, -0.010362694300518097], "8/23/2016": [37.75, -0.011780104712041958], "8/24/2016": [37.7, -0.001324503311258203], "8/25/2016": [37.7, 0.0], "8/26/2016": [37.75, 0.0013262599469495266], "8/29/2016": [37.5, -0.006622516556291391], "8/30/2016": [37.6, 0.0026666666666667047], "8/31/2016": [38.0, 0.010638297872340387], "9/1/2016": [38.0, 0.0], "9/2/2016": [38.95, 0.025000000000000074], "9/5/2016": [39.2, 0.006418485237483953], "9/6/2016": [40.6, 0.03571428571428568], "9/7/2016": [41.2, 0.014778325123152743], "9/8/2016": [41.35, 0.0036407766990290916], "9/9/2016": [41.9, 0.013301088270858456], "9/10/2016": [40.4, -0.03579952267303103], "9/12/2016": [39.65, -0.018564356435643563], "9/13/2016": [38.7, -0.023959646910466478], "9/14/2016": [37.8, -0.023255813953488517], "9/19/2016": [38.25, 0.01190476190476198], "9/20/2016": [38.0, -0.006535947712418301], "9/21/2016": [38.6, 0.015789473684210565], "9/22/2016": [38.4, -0.00518134715025914], "9/23/2016": [39.0, 0.015625000000000038], "9/26/2016": [38.15, -0.021794871794871832], "9/29/2016": [37.8, -0.009174311926605542], "9/30/2016": [37.7, -0.0026455026455024953], "10/3/2016": [37.5, -0.005305039787798484], "10/4/2016": [38.3, 0.021333333333333256], "10/5/2016": [38.3, 0.0], "10/6/2016": [38.1, -0.005221932114882396], "10/7/2016": [37.0, -0.028871391076115523], "10/11/2016": [33.3, -0.10000000000000007], "10/12/2016": [33.0, -0.009009009009008924], "10/13/2016": [31.85, -0.0348484848484848], "10/14/2016": [31.4, -0.01412872841444279],