{"1/4/2016": [1.37, ""], "1/5/2016": [1.37, 0.0], "1/6/2016": [1.32, -0.036496350364963535], "1/7/2016": [1.33, 0.007575757575757582], "1/8/2016": [1.46, 0.09774436090225555], "1/11/2016": [1.42, -0.02739726027397263], "1/12/2016": [1.45, 0.021126760563380302], "1/13/2016": [1.44, -0.006896551724137937], "1/14/2016": [1.36, -0.055555555555555455], "1/15/2016": [1.3, -0.04411764705882357], "1/18/2016": [1.43, 0.09999999999999991], "1/19/2016": [1.43, 0.0], "1/20/2016": [1.32, -0.07692307692307684], "1/21/2016": [1.24, -0.060606060606060656], "1/22/2016": [1.22, -0.01612903225806453], "1/25/2016": [1.28, 0.04918032786885251], "1/26/2016": [1.2, -0.06250000000000006], "1/27/2016": [1.25, 0.041666666666666706], "1/28/2016": [1.28, 0.02400000000000002], "1/29/2016": [1.23, -0.039062500000000035], "1/30/2016": [1.17, -0.04878048780487809], "2/1/2016": [1.22, 0.04273504273504278], "2/2/2016": [1.21, -0.008196721311475417], "2/3/2016": [1.15, -0.049586776859504175], "2/15/2016": [1.12, -0.026086956521738962], "2/16/2016": [1.23, 0.09821428571428559], "2/17/2016": [1.26, 0.024390243902439046], "2/18/2016": [1.2, -0.04761904761904766], "2/19/2016": [1.18, -0.016666666666666684], "2/22/2016": [1.29, 0.09322033898305093], "2/23/2016": [1.41, 0.09302325581395339], "2/24/2016": [1.4, -0.0070921985815602905], "2/25/2016": [1.31, -0.06428571428571418], "2/26/2016": [1.37, 0.045801526717557293], "3/1/2016": [1.4, 0.021897810218977957], "3/2/2016": [1.4, 0.0], "3/3/2016": [1.38, -0.0142857142857143], "3/4/2016": [1.4, 0.01449275362318842], "3/7/2016": [1.33, -0.04999999999999989], "3/8/2016": [1.37, 0.030075187969924838], "3/9/2016": [1.34, -0.02189781021897812], "3/10/2016": [1.39, 0.03731343283582076], "3/11/2016": [1.39, 0.0], "3/14/2016": [1.38, -0.007194244604316554], "3/15/2016": [1.39, 0.00724637681159421], "3/16/2016": [1.39, 0.0], "3/17/2016": [1.39, 0.0], "3/18/2016": [1.35, -0.028776978417266053], "3/21/2016": [1.4, 0.0370370370370369], "3/22/2016": [1.4, 0.0], "3/23/2016": [1.37, -0.02142857142857129], "3/24/2016": [1.36, -0.0072992700729927066], "3/25/2016": [1.35, -0.007352941176470594], "3/28/2016": [1.32, -0.02222222222222224], "3/29/2016": [1.32, 0.0], "3/30/2016": [1.3, -0.015151515151515164], "3/31/2016": [1.31, 0.007692307692307699], "4/1/2016": [1.32, 0.007633587786259549], "4/6/2016": [1.28, -0.030303030303030328], "4/7/2016": [1.29, 0.007812500000000007], "4/8/2016": [1.32, 0.023255813953488393], "4/11/2016": [1.25, -0.05303030303030307], "4/12/2016": [1.18, -0.05600000000000005], "4/13/2016": [1.24, 0.05084745762711869], "4/14/2016": [1.15, -0.07258064516129038], "4/15/2016": [1.21, 0.052173913043478314], "4/18/2016": [1.27, 0.049586776859504175], "4/19/2016": [1.26, -0.007874015748031503], "4/20/2016": [1.27, 0.007936507936507943], "4/21/2016": [1.29, 0.015748031496063006], "4/22/2016": [1.25, -0.031007751937984523], "4/25/2016": [1.27, 0.016000000000000014], "4/26/2016": [1.27, 0.0], "4/27/2016": [1.25, -0.015748031496063006], "4/28/2016": [1.25, 0.0], "4/29/2016": [1.3, 0.040000000000000036], "5/3/2016": [1.25, -0.03846153846153849], "5/4/2016": [1.25, 0.0], "5/5/2016": [1.24, -0.008000000000000007], "5/6/2016": [1.25, 0.008064516129032265], "5/9/2016": [1.25, 0.0], "5/10/2016": [1.22, -0.02400000000000002], "5/11/2016": [1.16, -0.04918032786885251], "5/12/2016": [1.2, 0.03448275862068969], "5/13/2016": [1.2, 0.0], "5/16/2016": [1.19, -0.008333333333333342], "5/17/2016": [1.19, 0.0], "5/18/2016": [1.19, 0.0], "5/19/2016": [1.19, 0.0], "5/20/2016": [1.21, 0.016806722689075647], "5/23/2016": [1.21, 0.0], "5/24/2016": [1.19, -0.016528925619834725], "5/25/2016": [1.21, 0.016806722689075647], "5/26/2016": [1.2, -0.008264462809917363], "5/27/2016": [1.22, 0.016666666666666684], "5/30/2016": [1.17, -0.04098360655737709], "5/31/2016": [1.2, 0.025641025641025664], "6/1/2016": [1.18, -0.016666666666666684], "6/2/2016": [1.16, -0.0169491525423729], "6/3/2016": [1.17, 0.008620689655172422], "6/4/2016": [1.17, 0.0], "6/6/2016": [1.15, -0.01709401709401711], "6/7/2016": [1.19, 0.03478260869565221], "6/8/2016": [1.16, -0.02521008403361347], "6/13/2016": [1.15, -0.008620689655172422], "6/14/2016": [1.2, 0.04347826086956526], "6/15/2016": [1.17, -0.025000000000000022], "6/16/2016": [1.2, 0.025641025641025664], "6/17/2016": [1.19, -0.008333333333333342], "6/20/2016": [1.17, -0.016806722689075647], "6/21/2016": [1.21, 0.03418803418803422], "6/22/2016": [1.14, -0.05785123966942154], "6/23/2016": [1.12, -0.01754385964912263], "6/24/2016": [1.17, 0.04464285714285698], "6/27/2016": [1.18, 0.008547008547008555], "6/28/2016": [1.13, -0.04237288135593224], "6/29/2016": [1.16, 0.02654867256637171], "6/30/2016": [1.08, -0.06896551724137918], "7/1/2016": [1.02, -0.0555555555555556], "7/4/2016": [1.06, 0.03921568627450984], "7/5/2016": [1.03, -0.028301886792452855], "7/6/2016": [1.05, 0.019417475728155355], "7/7/2016": [1.05, 0.0], "7/11/2016": [1.08, 0.028571428571428595], "7/12/2016": [1.0, -0.07407407407407414], "7/13/2016": [1.05, 0.050000000000000044], "7/14/2016": [1.01, -0.038095238095238126], "7/15/2016": [1.04, 0.02970297029702973], "7/18/2016": [1.14, 0.09615384615384602], "7/19/2016": [1.25, 0.09649122807017553], "7/20/2016": [1.25, 0.0], "7/21/2016": [1.23, -0.016000000000000014], "7/22/2016": [1.26, 0.024390243902439046], "7/25/2016": [1.25, -0.007936507936507943], "7/26/2016": [1.2, -0.040000000000000036], "7/27/2016": [1.13, -0.05833333333333339], "7/28/2016": [1.17, 0.03539823008849561], "7/29/2016": [1.15, -0.01709401709401711], "8/1/2016": [1.19, 0.03478260869565221], "8/2/2016": [1.16, -0.02521008403361347], "8/3/2016": [1.13, -0.025862068965517265], "8/4/2016": [1.18, 0.04424778761061951], "8/5/2016": [1.15, -0.025423728813559344], "8/8/2016": [1.2, 0.04347826086956526], "8/9/2016": [1.16, -0.03333333333333337], "8/10/2016": [1.16, 0.0], "8/11/2016": [1.15, -0.008620689655172422], "8/12/2016": [1.17, 0.017391304347826105], "8/15/2016": [1.15, -0.01709401709401711], "8/16/2016": [1.16, 0.008695652173913052], "8/17/2016": [1.15, -0.008620689655172422], "8/18/2016": [1.16, 0.008695652173913052], "8/19/2016": [1.15, -0.008620689655172422], "8/22/2016": [1.11, -0.034782608695652015], "8/23/2016": [1.1, -0.009009009009009016], "8/24/2016": [1.13, 0.027272727272727094], "8/25/2016": [1.13, 0.0], "8/26/2016": [1.13, 0.0], "8/29/2016": [1.13, 0.0], "8/30/2016": [1.13, 0.0], "8/31/2016": [1.12, -0.008849557522123706], "9/1/2016": [1.09, -0.02678571428571431], "9/2/2016": [1.1, 0.009174311926605512], "9/5/2016": [1.08, -0.018181818181818195], "9/6/2016": [1.1, 0.018518518518518535], "9/7/2016": [1.1, 0.0], "9/8/2016": [1.1, 0.0], "9/9/2016": [1.15, 0.04545454545454529], "9/10/2016": [1.15, 0.0], "9/12/2016": [1.09, -0.05217391304347812], "9/13/2016": [1.16, 0.06422018348623838], "9/14/2016": [1.14, -0.017241379310344845], "9/19/2016": [1.1, -0.03508771929824545], "9/20/2016": [1.13, 0.027272727272727094], "9/21/2016": [1.13, 0.0], "9/22/2016": [1.14, 0.008849557522123902], "9/23/2016": [1.13, -0.008771929824561412], "9/26/2016": [1.12, -0.008849557522123706], "9/29/2016": [1.13, 0.008928571428571237], "9/30/2016": [1.13, 0.0], "10/3/2016": [1.11, -0.017699115044247607], "10/4/2016": [1.1, -0.009009009009009016], "10/5/2016": [1.11, 0.009090909090909097], "10/6/2016": [1.13, 0.018018018018017834], "10/7/2016": [1.09, -0.035398230088495415], "10/11/2016": [1.1, 0.009174311926605512], "10/12/2016": [1.07, -0.027272727272727296], "10/13/2016": [1.12, 0.04672897196261686], "10/14/2016": [1.1, -0.01785714285714287], "10/17/2016": [1.12, 0.018181818181818195], "10/18/2016": [1.11, -0.008928571428571435], "10/19/2016": [1.1, -0.009009009009009016], "10/20/2016": [1.11, 0.009090909090909097], "10/21/2016": [1.09, -0.018018018018018032], "10/24/2016": [1.09, 0.0], "10/25/2016": [1.08, -0.009174311926605512], "10/26/2016": [1.09, 0.009259259259259267], "10/27/2016": [1.08, -0.009174311926605512], "10/28/2016": [1.08, 0.0], "10/31/2016": [1.08, 0.0],