{"1/4/2016": [59.0, ""], "1/5/2016": [58.0, -0.01694915254237288], "1/6/2016": [55.3, -0.046551724137931086], "1/7/2016": [51.1, -0.07594936708860753], "1/8/2016": [54.5, 0.06653620352250486], "1/11/2016": [55.2, 0.01284403669724776], "1/12/2016": [52.2, -0.05434782608695652], "1/13/2016": [53.4, 0.022988505747126353], "1/14/2016": [52.4, -0.018726591760299626], "1/15/2016": [51.6, -0.01526717557251903], "1/18/2016": [55.0, 0.06589147286821702], "1/19/2016": [55.4, 0.007272727272727247], "1/20/2016": [52.1, -0.05956678700361006], "1/21/2016": [52.8, 0.013435700575815657], "1/22/2016": [52.8, 0.0], "1/25/2016": [54.0, 0.022727272727272783], "1/26/2016": [52.9, -0.020370370370370396], "1/27/2016": [52.0, -0.01701323251417767], "1/28/2016": [52.2, 0.003846153846153901], "1/29/2016": [54.8, 0.04980842911877383], "1/30/2016": [57.3, 0.04562043795620438], "2/1/2016": [56.0, -0.02268760907504358], "2/2/2016": [56.0, 0.0], "2/3/2016": [56.0, 0.0], "2/15/2016": [55.9, -0.001785714285714311], "2/16/2016": [61.4, 0.09838998211091235], "2/17/2016": [64.2, 0.04560260586319225], "2/18/2016": [65.1, 0.014018691588784913], "2/19/2016": [66.6, 0.02304147465437788], "2/22/2016": [65.8, -0.01201201201201197], "2/23/2016": [69.8, 0.060790273556231005], "2/24/2016": [67.2, -0.037249283667621695], "2/25/2016": [67.1, -0.0014880952380953649], "2/26/2016": [67.8, 0.010432190760059655], "3/1/2016": [69.3, 0.022123893805309734], "3/2/2016": [69.0, -0.004329004329004288], "3/3/2016": [68.5, -0.007246376811594203], "3/4/2016": [68.7, 0.0029197080291971217], "3/7/2016": [67.1, -0.023289665211062714], "3/8/2016": [69.3, 0.03278688524590168], "3/9/2016": [68.6, -0.010101010101010142], "3/10/2016": [69.5, 0.013119533527696877], "3/11/2016": [68.0, -0.02158273381294964], "3/14/2016": [69.0, 0.014705882352941176], "3/15/2016": [66.5, -0.036231884057971016], "3/16/2016": [66.6, 0.001503759398496155], "3/17/2016": [65.7, -0.013513513513513386], "3/18/2016": [66.5, 0.012176560121765557], "3/21/2016": [68.0, 0.022556390977443608], "3/22/2016": [67.1, -0.013235294117647142], "3/23/2016": [65.6, -0.022354694485842028], "3/24/2016": [64.1, -0.02286585365853659], "3/25/2016": [63.4, -0.010920436817472633], "3/28/2016": [62.1, -0.020504731861198694], "3/29/2016": [61.6, -0.008051529790660225], "3/30/2016": [62.8, 0.01948051948051941], "3/31/2016": [65.2, 0.038216560509554236], "4/1/2016": [65.4, 0.0030674846625767306], "4/6/2016": [65.0, -0.006116207951070423], "4/7/2016": [65.4, 0.0061538461538462414], "4/8/2016": [65.5, 0.001529051987767497], "4/11/2016": [64.6, -0.013740458015267262], "4/12/2016": [61.8, -0.04334365325077395], "4/13/2016": [62.4, 0.009708737864077693], "4/14/2016": [63.1, 0.011217948717948763], "4/15/2016": [62.2, -0.01426307448494451], "4/18/2016": [61.0, -0.01929260450160776], "4/19/2016": [61.1, 0.0016393442622951052], "4/20/2016": [58.8, -0.03764320785597388], "4/21/2016": [58.6, -0.0034013605442176145], "4/22/2016": [56.6, -0.034129692832764506], "4/25/2016": [57.0, 0.007067137809187254], "4/26/2016": [58.4, 0.024561403508771906], "4/27/2016": [57.0, -0.023972602739726005], "4/28/2016": [56.0, -0.017543859649122806], "4/29/2016": [56.3, 0.005357142857142806], "5/3/2016": [54.6, -0.030195381882770798], "5/4/2016": [55.2, 0.010989010989011014], "5/5/2016": [55.4, 0.003623188405797024], "5/6/2016": [55.4, 0.0], "5/9/2016": [54.1, -0.023465703971119082], "5/10/2016": [54.2, 0.0018484288354898599], "5/11/2016": [52.5, -0.031365313653136585], "5/12/2016": [49.1, -0.06476190476190473], "5/13/2016": [49.45, 0.007128309572301455], "5/16/2016": [49.5, 0.0010111223458037846], "5/17/2016": [50.2, 0.0141414141414142], "5/18/2016": [52.4, 0.043824701195219036], "5/19/2016": [51.0, -0.026717557251908372], "5/20/2016": [50.7, -0.005882352941176415], "5/23/2016": [52.4, 0.03353057199211037], "5/24/2016": [52.0, -0.007633587786259515], "5/25/2016": [53.9, 0.03653846153846151], "5/26/2016": [53.1, -0.014842300556586219], "5/27/2016": [53.2, 0.0018832391713747914], "5/30/2016": [52.8, -0.007518796992481309], "5/31/2016": [53.0, 0.0037878787878788418], "6/1/2016": [53.3, 0.005660377358490513], "6/2/2016": [52.1, -0.02251407129455902], "6/3/2016": [51.2, -0.017274472168905923], "6/4/2016": [51.1, -0.0019531250000000278], "6/6/2016": [53.9, 0.05479452054794515], "6/7/2016": [53.3, -0.01113172541743973], "6/8/2016": [53.3, 0.0], "6/13/2016": [49.7, -0.06754221388367719], "6/14/2016": [50.6, 0.018108651911468782], "6/15/2016": [50.8, 0.00395256916996039], "6/16/2016": [49.7, -0.021653543307086503], "6/17/2016": [50.1, 0.008048289738430555], "6/20/2016": [50.5, 0.007984031936127716], "6/21/2016": [55.5, 0.09900990099009901], "6/22/2016": [54.6, -0.01621621621621619], "6/23/2016": [57.2, 0.047619047619047644], "6/24/2016": [54.6, -0.04545454545454548], "6/27/2016": [56.0, 0.025641025641025616], "6/28/2016": [55.9, -0.001785714285714311], "6/29/2016": [55.3, -0.010733452593917735], "6/30/2016": [55.0, -0.0054249547920433485], "7/1/2016": [55.2, 0.003636363636363688], "7/4/2016": [54.8, -0.007246376811594305], "7/5/2016": [54.3, -0.009124087591240877], "7/6/2016": [52.1, -0.04051565377532221], "7/7/2016": [52.8, 0.013435700575815657], "7/11/2016": [50.6, -0.04166666666666659], "7/12/2016": [51.0, 0.00790513833992092], "7/13/2016": [51.8, 0.015686274509803866], "7/14/2016": [52.1, 0.0057915057915058745], "7/15/2016": [51.6, -0.009596928982725527], "7/18/2016": [51.4, -0.003875968992248117], "7/19/2016": [52.2, 0.015564202334630434], "7/20/2016": [51.8, -0.0076628352490422545], "7/21/2016": [51.9, 0.001930501930501958], "7/22/2016": [52.7, 0.015414258188824746], "7/25/2016": [51.9, -0.015180265654649036], "7/26/2016": [51.9, 0.0], "7/27/2016": [52.6, 0.013487475915221635], "7/28/2016": [51.8, -0.015209125475285253], "7/29/2016": [51.6, -0.003861003861003779], "8/1/2016": [51.7, 0.0019379844961240585], "8/2/2016": [53.9, 0.04255319148936162], "8/3/2016": [53.0, -0.01669758812615953], "8/4/2016": [53.2, 0.003773584905660431], "8/5/2016": [54.2, 0.018796992481203006], "8/8/2016": [54.8, 0.011070110701106906], "8/9/2016": [54.7, -0.0018248175182480715], "8/10/2016": [54.0, -0.012797074954296212], "8/11/2016": [54.3, 0.005555555555555503], "8/12/2016": [53.7, -0.011049723756905973], "8/15/2016": [53.8, 0.0018621973929235439], "8/16/2016": [54.1, 0.005576208178438741], "8/17/2016": [53.7, -0.0073937153419593084], "8/18/2016": [53.6, -0.0018621973929236763], "8/19/2016": [53.7, 0.0018656716417910712], "8/22/2016": [53.7, 0.0], "8/23/2016": [55.8, 0.03910614525139654], "8/24/2016": [55.9, 0.0017921146953405274], "8/25/2016": [57.7, 0.03220035778175321], "8/26/2016": [56.4, -0.02253032928942815], "8/29/2016": [56.8, 0.007092198581560258], "8/30/2016": [55.9, -0.015845070422535187], "8/31/2016": [53.7, -0.03935599284436486], "9/1/2016": [53.3, -0.007448789571694705], "9/2/2016": [50.6, -0.050656660412757896], "9/5/2016": [50.3, -0.005928853754940795], "9/6/2016": [50.8, 0.009940357852882704], "9/7/2016": [51.0, 0.003937007874015804], "9/8/2016": [51.1, 0.001960784313725518], "9/9/2016": [50.9, -0.003913894324853284], "9/10/2016": [50.3, -0.011787819253438142], "9/12/2016": [49.1, -0.023856858846918405], "9/13/2016": [48.2, -0.018329938900203638], "9/14/2016": [46.1, -0.04356846473029048], "9/19/2016": [45.9, -0.004338394793926309], "9/20/2016": [47.25, 0.029411764705882384], "9/21/2016": [46.45, -0.01693121693121687], "9/22/2016": [47.0, 0.01184068891280941], "9/23/2016": [47.1, 0.0021276595744681155], "9/26/2016": [46.9, -0.004246284501061632], "9/29/2016": [46.45, -0.009594882729210996], "9/30/2016": [45.75, -0.015069967707212117], "10/3/2016": [45.9, 0.0032786885245901327], "10/4/2016": [45.75, -0.0032679738562091196], "10/5/2016": [45.75, 0.0], "10/6/2016": [45.6, -0.0032786885245901327], "10/7/2016": [44.9, -0.015350877192982518], "10/11/2016": [42.6, -0.05122494432071263], "10/12/2016": [42.9, 0.007042253521126694], "10/13/2016": [42.7, -0.004662004662004563],