{"1/4/2016": [31.3, ""], "1/5/2016": [31.3, 0.0], "1/6/2016": [31.3, 0.0], "1/7/2016": [31.25, -0.0015974440894568917], "1/8/2016": [31.9, 0.020799999999999954], "1/11/2016": [31.9, 0.0], "1/12/2016": [30.8, -0.03448275862068959], "1/13/2016": [30.8, 0.0], "1/14/2016": [30.75, -0.0016233766233766465], "1/15/2016": [29.9, -0.027642276422764275], "1/18/2016": [29.9, 0.0], "1/19/2016": [29.5, -0.013377926421404635], "1/20/2016": [29.15, -0.011864406779661066], "1/21/2016": [29.15, 0.0], "1/22/2016": [29.15, 0.0], "1/25/2016": [29.95, 0.027444253859348226], "1/26/2016": [29.95, 0.0], "1/27/2016": [29.9, -0.0016694490818030287], "1/28/2016": [29.9, 0.0], "1/29/2016": [29.85, -0.0016722408026754903], "1/30/2016": [29.85, 0.0], "2/1/2016": [32.7, 0.0954773869346734], "2/2/2016": [32.7, 0.0], "2/3/2016": [31.3, -0.042813455657492415], "2/15/2016": [30.0, -0.04153354632587861], "2/16/2016": [28.9, -0.036666666666666715], "2/17/2016": [29.6, 0.024221453287197332], "2/18/2016": [29.6, 0.0], "2/19/2016": [28.9, -0.023648648648648744], "2/22/2016": [28.65, -0.00865051903114187], "2/23/2016": [28.35, -0.010471204188481577], "2/24/2016": [28.8, 0.015873015873015848], "2/25/2016": [27.5, -0.045138888888888916], "2/26/2016": [27.0, -0.01818181818181818], "3/1/2016": [27.4, 0.014814814814814762], "3/2/2016": [27.4, 0.0], "3/3/2016": [27.95, 0.020072992700729955], "3/4/2016": [27.85, -0.003577817531305827], "3/7/2016": [27.95, 0.003590664272890408], "3/8/2016": [27.85, -0.003577817531305827], "3/9/2016": [27.75, -0.0035906642728905356], "3/10/2016": [27.75, 0.0], "3/11/2016": [27.65, -0.003603603603603655], "3/14/2016": [27.8, 0.005424954792043477], "3/15/2016": [28.4, 0.02158273381294956], "3/16/2016": [28.2, -0.007042253521126736], "3/17/2016": [28.2, 0.0], "3/18/2016": [28.2, 0.0], "3/21/2016": [27.9, -0.010638297872340451], "3/22/2016": [27.65, -0.00896057347670251], "3/23/2016": [30.3, 0.09584086799276681], "3/24/2016": [29.4, -0.02970297029702977], "3/25/2016": [29.9, 0.017006802721088437], "3/28/2016": [28.4, -0.05016722408026756], "3/29/2016": [28.9, 0.017605633802816902], "3/30/2016": [30.7, 0.06228373702422148], "3/31/2016": [32.6, 0.06188925081433232], "4/1/2016": [29.35, -0.09969325153374232], "4/6/2016": [28.6, -0.02555366269165247], "4/7/2016": [29.5, 0.031468531468531416], "4/8/2016": [29.5, 0.0], "4/11/2016": [29.15, -0.011864406779661066], "4/12/2016": [28.4, -0.025728987993138937], "4/13/2016": [29.5, 0.038732394366197236], "4/14/2016": [29.5, 0.0], "4/15/2016": [29.5, 0.0], "4/18/2016": [29.5, 0.0], "4/19/2016": [29.65, 0.005084745762711816], "4/20/2016": [28.05, -0.05396290050590212], "4/21/2016": [28.95, 0.03208556149732615], "4/22/2016": [30.6, 0.05699481865284982], "4/25/2016": [28.4, -0.0718954248366014], "4/26/2016": [28.35, -0.0017605633802815902], "4/27/2016": [28.35, 0.0], "4/28/2016": [28.45, 0.0035273368606701188], "4/29/2016": [29.1, 0.022847100175747], "5/3/2016": [29.9, 0.027491408934707806], "5/4/2016": [29.75, -0.005016722408026708], "5/5/2016": [29.75, 0.0], "5/6/2016": [29.4, -0.01176470588235299], "5/9/2016": [29.35, -0.001700680272108747], "5/10/2016": [29.9, 0.01873935264054505], "5/11/2016": [30.0, 0.003344481605351218], "5/12/2016": [30.0, 0.0], "5/13/2016": [30.5, 0.016666666666666666], "5/16/2016": [28.55, -0.06393442622950818], "5/17/2016": [29.85, 0.04553415061295974], "5/18/2016": [30.35, 0.01675041876046901], "5/19/2016": [29.9, -0.014827018121911131], "5/20/2016": [29.9, 0.0], "5/23/2016": [29.85, -0.0016722408026754903], "5/24/2016": [30.0, 0.005025125628140656], "5/25/2016": [29.0, -0.03333333333333333], "5/26/2016": [29.0, 0.0], "5/27/2016": [29.0, 0.0], "5/30/2016": [29.0, 0.0], "5/31/2016": [29.0, 0.0], "6/1/2016": [29.0, 0.0], "6/2/2016": [29.0, 0.0], "6/3/2016": [29.0, 0.0], "6/4/2016": [28.9, -0.0034482758620690145], "6/6/2016": [29.0, 0.003460207612456797], "6/7/2016": [28.25, -0.02586206896551724], "6/8/2016": [28.7, 0.015929203539822984], "6/13/2016": [28.25, -0.015679442508710777], "6/14/2016": [28.6, 0.012389380530973501], "6/15/2016": [27.2, -0.04895104895104902], "6/16/2016": [28.0, 0.02941176470588238], "6/17/2016": [27.65, -0.012500000000000051], "6/20/2016": [27.5, -0.0054249547920433485], "6/21/2016": [26.7, -0.029090909090909115], "6/22/2016": [26.9, 0.007490636704119823], "6/23/2016": [27.4, 0.01858736059479554], "6/24/2016": [27.4, 0.0], "6/27/2016": [25.6, -0.06569343065693421], "6/28/2016": [26.3, 0.027343749999999972], "6/29/2016": [26.6, 0.011406844106463905], "6/30/2016": [25.45, -0.043233082706767], "7/1/2016": [25.0, -0.017681728880157142], "7/4/2016": [25.25, 0.01], "7/5/2016": [25.45, 0.007920792079207893], "7/6/2016": [25.45, 0.0], "7/7/2016": [25.9, 0.017681728880157142], "7/11/2016": [25.35, -0.021235521235521127], "7/12/2016": [25.35, 0.0], "7/13/2016": [24.7, -0.025641025641025723], "7/14/2016": [24.65, -0.002024291497975737], "7/15/2016": [24.5, -0.006085192697768705], "7/18/2016": [24.4, -0.004081632653061282], "7/19/2016": [24.4, 0.0], "7/20/2016": [24.3, -0.0040983606557376175], "7/21/2016": [24.3, 0.0], "7/22/2016": [24.3, 0.0], "7/25/2016": [24.5, 0.00823045267489709], "7/26/2016": [24.5, 0.0], "7/27/2016": [24.5, 0.0], "7/28/2016": [23.45, -0.042857142857142885], "7/29/2016": [23.5, 0.0021321961620469386], "8/1/2016": [22.55, -0.040425531914893585], "8/2/2016": [22.55, 0.0], "8/3/2016": [23.2, 0.02882483370288242], "8/4/2016": [23.3, 0.004310344827586268], "8/5/2016": [23.3, 0.0], "8/8/2016": [23.0, -0.012875536480686725], "8/9/2016": [23.0, 0.0], "8/10/2016": [23.8, 0.0347826086956522], "8/11/2016": [23.75, -0.0021008403361344836], "8/12/2016": [23.75, 0.0], "8/15/2016": [23.6, -0.0063157894736841505], "8/16/2016": [23.6, 0.0], "8/17/2016": [23.05, -0.02330508474576274], "8/18/2016": [23.05, 0.0], "8/19/2016": [23.05, 0.0], "8/22/2016": [22.1, -0.04121475054229932], "8/23/2016": [22.1, 0.0], "8/24/2016": [21.6, -0.02262443438914027], "8/25/2016": [22.0, 0.01851851851851845], "8/26/2016": [21.9, -0.00454545454545461], "8/29/2016": [21.9, 0.0], "8/30/2016": [22.45, 0.025114155251141586], "8/31/2016": [22.45, 0.0], "9/1/2016": [21.9, -0.02449888641425393], "9/2/2016": [21.9, 0.0], "9/5/2016": [21.9, 0.0], "9/6/2016": [22.9, 0.04566210045662101], "9/7/2016": [23.2, 0.01310043668122274], "9/8/2016": [23.2, 0.0], "9/9/2016": [21.7, -0.06465517241379311], "9/10/2016": [23.4, 0.07834101382488476], "9/12/2016": [21.95, -0.06196581196581194], "9/13/2016": [22.5, 0.02505694760820049], "9/14/2016": [22.5, 0.0], "9/19/2016": [23.3, 0.03555555555555559], "9/20/2016": [23.3, 0.0], "9/21/2016": [24.6, 0.055793991416309044], "9/22/2016": [26.2, 0.06504065040650397], "9/23/2016": [26.2, 0.0], "9/26/2016": [26.2, 0.0], "9/29/2016": [25.9, -0.01145038167938934], "9/30/2016": [25.9, 0.0], "10/3/2016": [25.9, 0.0], "10/4/2016": [25.8, -0.003861003861003779], "10/5/2016": [25.8, 0.0], "10/6/2016": [25.8, 0.0], "10/7/2016": [25.8, 0.0], "10/11/2016": [25.8, 0.0], "10/12/2016": [23.4, -0.09302325581395357], "10/13/2016": [23.4, 0.0], "10/14/2016": [23.4, 0.0], "10/17/2016": [22.45, -0.04059829059829057], "10/18/2016": [22.45, 0.0], "10/19/2016": [22.45, 0.0], "10/20/2016": [22.4, -0.0022271714922049313], "10/21/2016": [22.4, 0.0], "10/24/2016": [22.4, 0.0], "10/25/2016": [22.4, 0.0], "10/26/2016": [22.4, 0.0], "10/27/2016": [21.0, -0.06249999999999994], "10/28/2016": [20.95, -0.002380952380952415], "10/31/2016": [20.95, 0.0], "11/1/2016": [20.65, -0.014319809069212444], "11/2/2016": [20.65, 0.0], "11/3/2016": [19.35, -0.06295399515738485], "11/4/2016": [19.35, 0.0], "11/7/2016": [19.35, 0.0], "11/8/2016": [20.3, 0.04909560723514208], "11/9/2016": [19.2, -0.05418719211822667], "11/10/2016": [21.0, 0.09375000000000004], "11/11/2016": [22.8, 0.08571428571428574], "11/14/2016": [22.8, 0.0], "11/15/2016": [20.85, -0.08552631578947364], "11/16/2016": [20.85, 0.0], "11/17/2016": [20.85, 0.0], "11/18/2016": [20.85, 0.0], "11/21/2016": [20.85, 0.0], "11/22/2016": [20.85, 0.0],