{"1/4/2016": [11.9, ""], "1/5/2016": [11.5, -0.03361344537815129], "1/6/2016": [11.05, -0.039130434782608636], "1/7/2016": [11.0, -0.004524886877828118], "1/8/2016": [11.35, 0.03181818181818179], "1/11/2016": [11.0, -0.030837004405286313], "1/12/2016": [10.75, -0.022727272727272728], "1/13/2016": [10.55, -0.01860465116279063], "1/14/2016": [10.5, -0.004739336492891062], "1/15/2016": [10.05, -0.04285714285714279], "1/18/2016": [10.0, -0.004975124378109523], "1/19/2016": [10.15, 0.015000000000000036], "1/20/2016": [10.05, -0.009852216748768438], "1/21/2016": [10.05, 0.0], "1/22/2016": [10.2, 0.014925373134328216], "1/25/2016": [10.3, 0.009803921568627591], "1/26/2016": [10.45, 0.014563106796116367], "1/27/2016": [10.65, 0.019138755980861347], "1/28/2016": [10.45, -0.018779342723004796], "1/29/2016": [10.45, 0.0], "1/30/2016": [10.6, 0.014354066985645968], "2/1/2016": [10.9, 0.028301886792452897], "2/2/2016": [11.2, 0.027522935779816415], "2/3/2016": [11.2, 0.0], "2/15/2016": [11.35, 0.013392857142857175], "2/16/2016": [11.4, 0.004405286343612398], "2/17/2016": [11.45, 0.004385964912280608], "2/18/2016": [11.45, 0.0], "2/19/2016": [11.05, -0.03493449781659377], "2/22/2016": [11.15, 0.009049773755656076], "2/23/2016": [11.0, -0.01345291479820631], "2/24/2016": [11.5, 0.045454545454545456], "2/25/2016": [11.1, -0.0347826086956522], "2/26/2016": [10.8, -0.02702702702702693], "3/1/2016": [10.4, -0.03703703703703707], "3/2/2016": [11.0, 0.057692307692307654], "3/3/2016": [12.1, 0.09999999999999996], "3/4/2016": [12.05, -0.004132231404958589], "3/7/2016": [11.8, -0.02074688796680498], "3/8/2016": [11.9, 0.00847457627118641], "3/9/2016": [11.95, 0.004201680672268818], "3/10/2016": [12.0, 0.004184100418410101], "3/11/2016": [11.75, -0.020833333333333332], "3/14/2016": [11.6, -0.012765957446808541], "3/15/2016": [11.75, 0.012931034482758652], "3/16/2016": [11.55, -0.01702127659574462], "3/17/2016": [11.6, 0.004329004329004236], "3/18/2016": [11.55, -0.004310344827586115], "3/21/2016": [11.25, -0.025974025974026035], "3/22/2016": [11.25, 0.0], "3/23/2016": [11.2, -0.004444444444444508], "3/24/2016": [10.4, -0.07142857142857134], "3/25/2016": [10.3, -0.009615384615384581], "3/28/2016": [10.35, 0.004854368932038731], "3/29/2016": [10.95, 0.05797101449275359], "3/30/2016": [11.0, 0.004566210045662165], "3/31/2016": [11.0, 0.0], "4/1/2016": [11.0, 0.0], "4/6/2016": [11.0, 0.0], "4/7/2016": [11.0, 0.0], "4/8/2016": [11.1, 0.00909090909090906], "4/11/2016": [11.0, -0.009009009009008978], "4/12/2016": [10.8, -0.01818181818181812], "4/13/2016": [10.45, -0.03240740740740754], "4/14/2016": [10.6, 0.014354066985645968], "4/15/2016": [10.35, -0.02358490566037736], "4/18/2016": [10.3, -0.004830917874396033], "4/19/2016": [10.15, -0.014563106796116538], "4/20/2016": [9.9, -0.02463054187192118], "4/21/2016": [9.88, -0.0020202020202019773], "4/22/2016": [9.75, -0.013157894736842183], "4/25/2016": [9.98, 0.023589743589743632], "4/26/2016": [10.1, 0.012024048096192307], "4/27/2016": [10.15, 0.004950495049505021], "4/28/2016": [10.0, -0.014778325123152743], "4/29/2016": [9.9, -0.009999999999999964], "5/3/2016": [10.0, 0.010101010101010065], "5/4/2016": [9.5, -0.05], "5/5/2016": [9.43, -0.007368421052631609], "5/6/2016": [9.45, 0.0021208907741250872], "5/9/2016": [9.45, 0.0], "5/10/2016": [9.4, -0.005291005291005179], "5/11/2016": [9.69, 0.030851063829787143], "5/12/2016": [9.88, 0.019607843137255034], "5/13/2016": [9.7, -0.018218623481781528], "5/16/2016": [9.55, -0.01546391752577305], "5/17/2016": [9.75, 0.020942408376963276], "5/18/2016": [9.7, -0.005128205128205201], "5/19/2016": [9.8, 0.010309278350515611], "5/20/2016": [9.61, -0.019387755102040945], "5/23/2016": [9.65, 0.004162330905307069], "5/24/2016": [9.79, 0.014507772020725262], "5/25/2016": [9.7, -0.009193054136874348], "5/26/2016": [9.82, 0.01237113402061866], "5/27/2016": [9.6, -0.022403258655804545], "5/30/2016": [9.41, -0.019791666666666617], "5/31/2016": [9.41, 0.0], "6/1/2016": [9.41, 0.0], "6/2/2016": [9.31, -0.01062699256110517], "6/3/2016": [9.31, 0.0], "6/4/2016": [9.57, 0.027926960257787303], "6/6/2016": [9.25, -0.03343782654127485], "6/7/2016": [9.25, 0.0], "6/8/2016": [9.11, -0.015135135135135197], "6/13/2016": [9.0, -0.012074643249176667], "6/14/2016": [9.2, 0.022222222222222143], "6/15/2016": [9.2, 0.0], "6/16/2016": [9.26, 0.006521739130434837], "6/17/2016": [9.26, 0.0], "6/20/2016": [9.24, -0.0021598272138228483], "6/21/2016": [9.02, -0.023809523809523878], "6/22/2016": [9.0, -0.0022172949002216822], "6/23/2016": [9.0, 0.0], "6/24/2016": [8.8, -0.022222222222222143], "6/27/2016": [8.6, -0.022727272727272846], "6/28/2016": [8.68, 0.009302325581395357], "6/29/2016": [8.69, 0.0011520737327188695], "6/30/2016": [8.4, -0.03337169159953961], "7/1/2016": [8.45, 0.005952380952380825], "7/4/2016": [8.09, -0.042603550295857925], "7/5/2016": [8.1, 0.0012360939431396523], "7/6/2016": [8.0, -0.012345679012345635], "7/7/2016": [7.7, -0.03749999999999998], "7/11/2016": [7.62, -0.010389610389610398], "7/12/2016": [7.52, -0.013123359580052563], "7/13/2016": [7.93, 0.054521276595744704], "7/14/2016": [7.65, -0.03530895334174015], "7/15/2016": [7.7, 0.006535947712418277], "7/18/2016": [7.62, -0.010389610389610398], "7/19/2016": [8.0, 0.04986876640419946], "7/20/2016": [8.0, 0.0], "7/21/2016": [8.03, 0.00374999999999992], "7/22/2016": [8.26, 0.02864259028642596], "7/25/2016": [8.07, -0.023002421307505995], "7/26/2016": [8.08, 0.0012391573729863428], "7/27/2016": [8.0, -0.00990099009900991], "7/28/2016": [8.0, 0.0], "7/29/2016": [7.9, -0.012499999999999956], "8/1/2016": [7.97, 0.008860759493670808], "8/2/2016": [7.91, -0.007528230865746501], "8/3/2016": [7.93, 0.0025284450063210585], "8/4/2016": [7.8, -0.016393442622950807], "8/5/2016": [7.85, 0.0064102564102563875], "8/8/2016": [7.82, -0.003821656050955333], "8/9/2016": [7.75, -0.008951406649616404], "8/10/2016": [7.91, 0.020645161290322598], "8/11/2016": [7.81, -0.01264222503160563], "8/12/2016": [7.77, -0.005121638924455831], "8/15/2016": [7.78, 0.001287001287001374], "8/16/2016": [7.78, 0.0], "8/17/2016": [7.77, -0.0012853470437018861], "8/18/2016": [7.71, -0.007722007722007672], "8/19/2016": [7.7, -0.0012970168612191683], "8/22/2016": [7.61, -0.01168831168831167], "8/23/2016": [7.52, -0.011826544021025065], "8/24/2016": [7.52, 0.0], "8/25/2016": [7.59, 0.00930851063829791], "8/26/2016": [7.62, 0.003952569169960507], "8/29/2016": [7.88, 0.034120734908136455], "8/30/2016": [7.94, 0.007614213197969607], "8/31/2016": [7.91, -0.0037783375314861772], "9/1/2016": [7.75, -0.02022756005056892], "9/2/2016": [7.68, -0.009032258064516166], "9/5/2016": [6.92, -0.09895833333333331], "9/6/2016": [7.61, 0.0997109826589596], "9/7/2016": [7.7, 0.011826544021024949], "9/8/2016": [8.3, 0.07792207792207799], "9/9/2016": [8.22, -0.009638554216867478], "9/10/2016": [8.12, -0.012165450121654674], "9/12/2016": [8.13, 0.0012315270935962517], "9/13/2016": [8.26, 0.015990159901598893], "9/14/2016": [8.2, -0.0072639225181598665], "9/19/2016": [8.2, 0.0], "9/20/2016": [8.05, -0.018292682926829097], "9/21/2016": [8.01, -0.004968944099378997], "9/22/2016": [8.09, 0.009987515605493142], "9/23/2016": [8.0, -0.01112484548825709], "9/26/2016": [8.0, 0.0], "9/29/2016": [8.1, 0.012499999999999956], "9/30/2016": [8.06, -0.0049382716049381666], "10/3/2016": [7.96, -0.012406947890818924], "10/4/2016": [7.9, -0.007537688442211006], "10/5/2016": [7.9, 0.0], "10/6/2016": [7.81, -0.011392405063291233], "10/7/2016": [7.8, -0.0012804097311139293], "10/11/2016": [7.6, -0.025641025641025664], "10/12/2016": [7.5, -0.01315789473684206], "10/13/2016": [7.6, 0.013333333333333286], "10/14/2016": [7.51, -0.011842105263157876], "10/17/2016": [7.62, 0.014647137150466089], "10/18/2016": [7.62, 0.0], "10/19/2016": [7.69, 0.009186351706036783], "10/20/2016": [7.68, -0.0013003901170351982], "10/21/2016": [7.69, 0.0013020833333334213], "10/24/2016": [7.77, 0.010403120936280777], "10/25/2016": [7.79, 0.0025740025740026338],