{"1/4/2016": [13.2, ""], "1/5/2016": [12.95, -0.01893939393939394], "1/6/2016": [12.35, -0.04633204633204631], "1/7/2016": [11.6, -0.06072874493927126], "1/8/2016": [12.35, 0.06465517241379311], "1/11/2016": [11.95, -0.032388663967611364], "1/12/2016": [11.65, -0.025104602510460164], "1/13/2016": [11.6, -0.0042918454935622925], "1/14/2016": [11.3, -0.02586206896551715], "1/15/2016": [11.15, -0.013274336283185872], "1/18/2016": [11.95, 0.07174887892376672], "1/19/2016": [11.95, 0.0], "1/20/2016": [12.0, 0.004184100418410101], "1/21/2016": [12.2, 0.016666666666666607], "1/22/2016": [11.95, -0.020491803278688527], "1/25/2016": [11.9, -0.004184100418409953], "1/26/2016": [11.6, -0.025210084033613505], "1/27/2016": [11.4, -0.01724137931034477], "1/28/2016": [11.3, -0.008771929824561372], "1/29/2016": [11.45, 0.013274336283185714], "1/30/2016": [11.65, 0.017467248908297036], "2/1/2016": [12.1, 0.03862660944206003], "2/2/2016": [11.85, -0.02066115702479339], "2/3/2016": [11.7, -0.012658227848101297], "2/15/2016": [11.95, 0.021367521367521368], "2/16/2016": [12.25, 0.025104602510460313], "2/17/2016": [12.15, -0.00816326530612242], "2/18/2016": [12.5, 0.028806584362139887], "2/19/2016": [13.2, 0.055999999999999946], "2/22/2016": [13.1, -0.007575757575757549], "2/23/2016": [13.45, 0.026717557251908372], "2/24/2016": [12.9, -0.04089219330855011], "2/25/2016": [12.7, -0.015503875968992331], "2/26/2016": [12.85, 0.011811023622047273], "3/1/2016": [13.05, 0.015564202334630434], "3/2/2016": [12.9, -0.011494252873563244], "3/3/2016": [12.9, 0.0], "3/4/2016": [13.0, 0.007751937984496096], "3/7/2016": [13.25, 0.019230769230769232], "3/8/2016": [13.1, -0.011320754716981159], "3/9/2016": [12.85, -0.019083969465648856], "3/10/2016": [12.9, 0.003891050583657643], "3/11/2016": [13.0, 0.007751937984496096], "3/14/2016": [12.95, -0.003846153846153901], "3/15/2016": [12.05, -0.06949806949806939], "3/16/2016": [12.15, 0.008298755186721962], "3/17/2016": [11.85, -0.024691358024691416], "3/18/2016": [11.8, -0.004219409282700332], "3/21/2016": [11.85, 0.00423728813559313], "3/22/2016": [11.8, -0.004219409282700332], "3/23/2016": [11.8, 0.0], "3/24/2016": [11.65, -0.01271186440677969], "3/25/2016": [11.65, 0.0], "3/28/2016": [12.0, 0.03004291845493559], "3/29/2016": [11.85, -0.01250000000000003], "3/30/2016": [11.75, -0.008438818565400814], "3/31/2016": [11.75, 0.0], "4/1/2016": [11.65, -0.00851063829787231], "4/6/2016": [11.65, 0.0], "4/7/2016": [11.3, -0.03004291845493559], "4/8/2016": [11.3, 0.0], "4/11/2016": [11.35, 0.004424778761061852], "4/12/2016": [11.2, -0.013215859030837036], "4/13/2016": [12.0, 0.0714285714285715], "4/14/2016": [12.0, 0.0], "4/15/2016": [11.8, -0.016666666666666607], "4/18/2016": [11.8, 0.0], "4/19/2016": [11.7, -0.00847457627118656], "4/20/2016": [11.4, -0.02564102564102555], "4/21/2016": [11.3, -0.008771929824561372], "4/22/2016": [11.2, -0.008849557522124019], "4/25/2016": [11.2, 0.0], "4/26/2016": [11.3, 0.008928571428571556], "4/27/2016": [10.5, -0.0707964601769912], "4/28/2016": [10.05, -0.04285714285714279], "4/29/2016": [10.3, 0.02487562189054726], "5/3/2016": [10.0, -0.029126213592233077], "5/4/2016": [9.85, -0.015000000000000036], "5/5/2016": [9.86, 0.0010152284263959175], "5/6/2016": [9.99, 0.013184584178499065], "5/9/2016": [9.8, -0.01901901901901897], "5/10/2016": [9.71, -0.00918367346938774], "5/11/2016": [9.36, -0.03604531410916595], "5/12/2016": [8.56, -0.08547008547008536], "5/13/2016": [8.67, 0.012850467289719558], "5/16/2016": [8.6, -0.00807381776239911], "5/17/2016": [9.46, 0.10000000000000014], "5/18/2016": [9.46, 0.0], "5/19/2016": [9.35, -0.011627906976744313], "5/20/2016": [9.46, 0.011764705882353071], "5/23/2016": [9.83, 0.03911205073995763], "5/24/2016": [9.72, -0.011190233977619474], "5/25/2016": [9.86, 0.014403292181069834], "5/26/2016": [10.0, 0.014198782961460505], "5/27/2016": [9.94, -0.0060000000000000496], "5/30/2016": [10.0, 0.006036217303822988], "5/31/2016": [9.99, -0.0009999999999999788], "6/1/2016": [10.0, 0.0010010010010009797], "6/2/2016": [9.93, -0.007000000000000029], "6/3/2016": [9.92, -0.001007049345417904], "6/4/2016": [9.9, -0.0020161290322580215], "6/6/2016": [9.75, -0.015151515151515187], "6/7/2016": [9.75, 0.0], "6/8/2016": [9.88, 0.013333333333333414], "6/13/2016": [9.45, -0.04352226720647788], "6/14/2016": [9.58, 0.01375661375661384], "6/15/2016": [9.57, -0.001043841336116888], "6/16/2016": [9.5, -0.007314524555903896], "6/17/2016": [9.5, 0.0], "6/20/2016": [9.49, -0.001052631578947346], "6/21/2016": [9.57, 0.008429926238145424], "6/22/2016": [9.45, -0.01253918495297816], "6/23/2016": [9.41, -0.004232804232804143], "6/24/2016": [9.07, -0.03613177470775769], "6/27/2016": [9.09, 0.0022050716648290597], "6/28/2016": [9.23, 0.015401540154015464], "6/29/2016": [9.3, 0.007583965330444234], "6/30/2016": [9.31, 0.001075268817204278], "7/1/2016": [9.38, 0.007518796992481233], "7/4/2016": [9.42, 0.0042643923240937255], "7/5/2016": [9.5, 0.008492569002123149], "7/6/2016": [9.3, -0.021052631578947295], "7/7/2016": [9.27, -0.003225806451613025], "7/11/2016": [9.13, -0.015102481121898468], "7/12/2016": [9.22, 0.009857612267250805], "7/13/2016": [9.17, -0.005422993492407885], "7/14/2016": [9.47, 0.03271537622682669], "7/15/2016": [9.4, -0.007391763463569195], "7/18/2016": [9.38, -0.0021276595744680396], "7/19/2016": [9.73, 0.03731343283582086], "7/20/2016": [10.7, 0.09969167523124345], "7/21/2016": [10.85, 0.014018691588785081], "7/22/2016": [10.75, -0.009216589861751119], "7/25/2016": [10.35, -0.03720930232558143], "7/26/2016": [11.35, 0.0966183574879227], "7/27/2016": [11.1, -0.022026431718061675], "7/28/2016": [11.15, 0.004504504504504569], "7/29/2016": [11.15, 0.0], "8/1/2016": [10.9, -0.02242152466367713], "8/2/2016": [10.75, -0.013761467889908289], "8/3/2016": [10.45, -0.027906976744186112], "8/4/2016": [10.5, 0.004784688995215379], "8/5/2016": [10.55, 0.00476190476190483], "8/8/2016": [10.55, 0.0], "8/9/2016": [10.8, 0.023696682464454975], "8/10/2016": [10.8, 0.0], "8/11/2016": [10.4, -0.03703703703703707], "8/12/2016": [10.4, 0.0], "8/15/2016": [10.4, 0.0], "8/16/2016": [10.35, -0.004807692307692376], "8/17/2016": [10.2, -0.01449275362318844], "8/18/2016": [10.25, 0.004901960784313796], "8/19/2016": [10.1, -0.014634146341463448], "8/22/2016": [10.15, 0.004950495049505021], "8/23/2016": [10.1, -0.004926108374384306], "8/24/2016": [10.05, -0.004950495049504845], "8/25/2016": [10.4, 0.03482587064676613], "8/26/2016": [10.35, -0.004807692307692376], "8/29/2016": [10.4, 0.004830917874396204], "8/30/2016": [10.4, 0.0], "8/31/2016": [10.3, -0.009615384615384581], "9/1/2016": [10.25, -0.004854368932038904], "9/2/2016": [10.1, -0.014634146341463448], "9/5/2016": [10.15, 0.004950495049505021], "9/6/2016": [10.3, 0.014778325123152743], "9/7/2016": [10.2, -0.009708737864077808], "9/8/2016": [10.45, 0.02450980392156863], "9/9/2016": [10.65, 0.019138755980861347], "9/10/2016": [10.4, -0.023474178403755867], "9/12/2016": [10.2, -0.019230769230769332], "9/13/2016": [10.1, -0.009803921568627416], "9/14/2016": [10.35, 0.024752475247524754], "9/19/2016": [10.4, 0.004830917874396204], "9/20/2016": [10.5, 0.009615384615384581], "9/21/2016": [10.4, -0.00952380952380949], "9/22/2016": [10.35, -0.004807692307692376], "9/23/2016": [10.3, -0.004830917874396033], "9/26/2016": [10.35, 0.004854368932038731], "9/29/2016": [10.35, 0.0], "9/30/2016": [10.35, 0.0], "10/3/2016": [10.3, -0.004830917874396033], "10/4/2016": [10.25, -0.004854368932038904], "10/5/2016": [10.15, -0.009756097560975575], "10/6/2016": [10.15, 0.0], "10/7/2016": [10.2, 0.0049261083743841316], "10/11/2016": [10.0, -0.019607843137254832], "10/12/2016": [9.94, -0.0060000000000000496], "10/13/2016": [9.82, -0.012072434607645796], "10/14/2016": [9.75, -0.007128309572301455], "10/17/2016": [9.7, -0.005128205128205201], "10/18/2016": [9.77, 0.007216494845360855], "10/19/2016": [9.95, 0.01842374616171952], "10/20/2016": [9.93, -0.0020100502512562387],