{"1/4/2016": [24.95, ""], "1/5/2016": [24.8, -0.006012024048096136], "1/6/2016": [24.8, 0.0], "1/7/2016": [22.35, -0.09879032258064513], "1/8/2016": [23.5, 0.05145413870246078], "1/11/2016": [22.5, -0.0425531914893617], "1/12/2016": [22.7, 0.008888888888888858], "1/13/2016": [22.0, -0.030837004405286313], "1/14/2016": [21.8, -0.00909090909090906], "1/15/2016": [20.5, -0.05963302752293581], "1/18/2016": [20.65, 0.007317073170731638], "1/19/2016": [21.3, 0.0314769975786926], "1/20/2016": [19.2, -0.09859154929577471], "1/21/2016": [19.7, 0.026041666666666668], "1/22/2016": [19.3, -0.02030456852791871], "1/25/2016": [19.7, 0.020725388601036194], "1/26/2016": [19.0, -0.035532994923857836], "1/27/2016": [19.8, 0.04210526315789478], "1/28/2016": [19.8, 0.0], "1/29/2016": [20.5, 0.03535353535353532], "1/30/2016": [19.5, -0.04878048780487805], "2/1/2016": [18.8, -0.03589743589743586], "2/2/2016": [18.8, 0.0], "2/3/2016": [19.0, 0.010638297872340387], "2/15/2016": [19.35, 0.018421052631579022], "2/16/2016": [19.35, 0.0], "2/17/2016": [19.9, 0.028423772609818973], "2/18/2016": [19.9, 0.0], "2/19/2016": [18.65, -0.0628140703517588], "2/22/2016": [18.85, 0.010723860589812485], "2/23/2016": [17.2, -0.08753315649867385], "2/24/2016": [17.9, 0.04069767441860461], "2/25/2016": [18.0, 0.00558659217877103], "2/26/2016": [18.0, 0.0], "3/1/2016": [18.6, 0.03333333333333341], "3/2/2016": [18.5, -0.005376344086021581], "3/3/2016": [18.15, -0.018918918918918996], "3/4/2016": [18.4, 0.013774104683195593], "3/7/2016": [19.5, 0.05978260869565226], "3/8/2016": [19.5, 0.0], "3/9/2016": [18.5, -0.05128205128205128], "3/10/2016": [18.2, -0.016216216216216255], "3/11/2016": [19.0, 0.043956043956043994], "3/14/2016": [19.5, 0.02631578947368421], "3/15/2016": [19.35, -0.007692307692307619], "3/16/2016": [19.35, 0.0], "3/17/2016": [19.9, 0.028423772609818973], "3/18/2016": [19.6, -0.01507537688442197], "3/21/2016": [19.75, 0.007653061224489723], "3/22/2016": [19.75, 0.0], "3/23/2016": [19.75, 0.0], "3/24/2016": [19.5, -0.012658227848101266], "3/25/2016": [19.95, 0.02307692307692304], "3/28/2016": [18.95, -0.050125313283208024], "3/29/2016": [19.0, 0.002638522427440671], "3/30/2016": [18.65, -0.018421052631579022], "3/31/2016": [19.2, 0.029490616621983955], "4/1/2016": [19.0, -0.01041666666666663], "4/6/2016": [19.85, 0.044736842105263235], "4/7/2016": [19.85, 0.0], "4/8/2016": [19.8, -0.0025188916876574662], "4/11/2016": [19.5, -0.015151515151515187], "4/12/2016": [19.45, -0.0025641025641026005], "4/13/2016": [19.85, 0.0205655526992289], "4/14/2016": [19.85, 0.0], "4/15/2016": [19.9, 0.0025188916876572875], "4/18/2016": [19.85, -0.002512562814070209], "4/19/2016": [19.85, 0.0], "4/20/2016": [19.4, -0.022670025188917017], "4/21/2016": [19.4, 0.0], "4/22/2016": [19.4, 0.0], "4/25/2016": [19.6, 0.010309278350515611], "4/26/2016": [19.6, 0.0], "4/27/2016": [19.55, -0.0025510204081633015], "4/28/2016": [19.95, 0.02046035805626591], "4/29/2016": [19.25, -0.03508771929824558], "5/3/2016": [18.7, -0.02857142857142861], "5/4/2016": [18.55, -0.008021390374331475], "5/5/2016": [19.85, 0.07008086253369276], "5/6/2016": [18.6, -0.06297229219143577], "5/9/2016": [19.35, 0.04032258064516129], "5/10/2016": [19.0, -0.018087855297157694], "5/11/2016": [19.0, 0.0], "5/12/2016": [18.5, -0.02631578947368421], "5/13/2016": [19.65, 0.06216216216216208], "5/16/2016": [19.65, 0.0], "5/17/2016": [19.9, 0.012722646310432571], "5/18/2016": [18.25, -0.08291457286432154], "5/19/2016": [19.1, 0.046575342465753504], "5/20/2016": [19.65, 0.028795811518324457], "5/23/2016": [19.65, 0.0], "5/24/2016": [19.4, -0.012722646310432571], "5/25/2016": [19.65, 0.012886597938144331], "5/26/2016": [19.35, -0.015267175572518941], "5/27/2016": [18.8, -0.028423772609819157], "5/30/2016": [18.9, 0.005319148936170099], "5/31/2016": [18.9, 0.0], "6/1/2016": [18.85, -0.0026455026455024953], "6/2/2016": [19.0, 0.007957559681697536], "6/3/2016": [18.7, -0.015789473684210565], "6/4/2016": [18.55, -0.008021390374331475], "6/6/2016": [18.5, -0.0026954177897574507], "6/7/2016": [18.85, 0.018918918918918996], "6/8/2016": [18.85, 0.0], "6/13/2016": [18.75, -0.005305039787798484], "6/14/2016": [18.6, -0.007999999999999924], "6/15/2016": [19.4, 0.04301075268817189], "6/16/2016": [19.05, -0.018041237113401953], "6/17/2016": [20.15, 0.05774278215223086], "6/20/2016": [20.15, 0.0], "6/21/2016": [20.6, 0.022332506203474087], "6/22/2016": [21.5, 0.04368932038834944], "6/23/2016": [20.35, -0.05348837209302319], "6/24/2016": [21.0, 0.03194103194103187], "6/27/2016": [20.9, -0.00476190476190483], "6/28/2016": [21.1, 0.009569377990430759], "6/29/2016": [21.65, 0.026066350710900337], "6/30/2016": [23.45, 0.08314087759815246], "7/1/2016": [23.8, 0.014925373134328419], "7/4/2016": [23.2, -0.025210084033613505], "7/5/2016": [23.2, 0.0], "7/6/2016": [24.5, 0.056034482758620725], "7/7/2016": [24.3, -0.00816326530612242], "7/11/2016": [24.0, -0.012345679012345708], "7/12/2016": [23.65, -0.014583333333333393], "7/13/2016": [24.1, 0.019027484143763335], "7/14/2016": [26.4, 0.09543568464730279], "7/15/2016": [26.8, 0.015151515151515233], "7/18/2016": [26.6, -0.007462686567164152], "7/19/2016": [26.5, -0.0037593984962406546], "7/20/2016": [26.6, 0.003773584905660431], "7/21/2016": [26.55, -0.0018796992481203273], "7/22/2016": [26.0, -0.020715630885122436], "7/25/2016": [26.25, 0.009615384615384616], "7/26/2016": [26.2, -0.0019047619047619319], "7/27/2016": [26.9, 0.026717557251908372], "7/28/2016": [29.3, 0.08921933085501867], "7/29/2016": [32.2, 0.09897610921501714], "8/1/2016": [33.1, 0.027950310559006163], "8/2/2016": [33.15, 0.0015105740181268023], "8/3/2016": [36.0, 0.08597285067873307], "8/4/2016": [35.7, -0.008333333333333255], "8/5/2016": [35.85, 0.0042016806722688675], "8/8/2016": [37.25, 0.03905160390516035], "8/9/2016": [36.55, -0.018791946308724907], "8/10/2016": [35.95, -0.016415868673050463], "8/11/2016": [35.35, -0.016689847009735782], "8/12/2016": [34.5, -0.024045261669024084], "8/15/2016": [35.5, 0.028985507246376812], "8/16/2016": [35.1, -0.011267605633802778], "8/17/2016": [34.6, -0.014245014245014245], "8/18/2016": [33.45, -0.033236994219653135], "8/19/2016": [31.9, -0.04633781763826619], "8/22/2016": [33.0, 0.0344827586206897], "8/23/2016": [34.0, 0.030303030303030304], "8/24/2016": [34.0, 0.0], "8/25/2016": [34.0, 0.0], "8/26/2016": [33.8, -0.005882352941176554], "8/29/2016": [34.2, 0.011834319526627389], "8/30/2016": [36.0, 0.052631578947368335], "8/31/2016": [36.2, 0.005555555555555635], "9/1/2016": [35.55, -0.01795580110497253], "9/2/2016": [35.0, -0.015471167369901468], "9/5/2016": [33.8, -0.034285714285714364], "9/6/2016": [33.15, -0.01923076923076919], "9/7/2016": [33.3, 0.004524886877828011], "9/8/2016": [33.0, -0.009009009009008924], "9/9/2016": [33.25, 0.007575757575757576], "9/10/2016": [33.25, 0.0], "9/12/2016": [32.55, -0.021052631578947455], "9/13/2016": [32.7, 0.004608294930875751], "9/14/2016": [32.7, 0.0], "9/19/2016": [33.0, 0.009174311926605417], "9/20/2016": [33.3, 0.009090909090909005], "9/21/2016": [33.3, 0.0], "9/22/2016": [33.2, -0.0030030030030028325], "9/23/2016": [32.95, -0.00753012048192771], "9/26/2016": [33.0, 0.0015174506828527208], "9/29/2016": [33.0, 0.0], "9/30/2016": [32.8, -0.0060606060606061465], "10/3/2016": [32.9, 0.0030487804878049215], "10/4/2016": [32.8, -0.0030395136778115935], "10/5/2016": [32.75, -0.0015243902439023526], "10/6/2016": [32.85, 0.00305343511450386], "10/7/2016": [32.8, -0.00152207001522083], "10/11/2016": [32.75, -0.0015243902439023526], "10/12/2016": [32.0, -0.022900763358778626], "10/13/2016": [28.8, -0.09999999999999998], "10/14/2016": [29.3, 0.017361111111111112], "10/17/2016": [29.0, -0.010238907849829375], "10/18/2016": [28.5, -0.017241379310344827], "10/19/2016": [28.5, 0.0], "10/20/2016": [28.8, 0.01052631578947371], "10/21/2016": [28.35, -0.015624999999999976], "10/24/2016": [28.3, -0.001763668430335122], "10/25/2016": [28.25, -0.001766784452296845],