{"1/4/2016": [17.2, ""], "1/5/2016": [16.7, -0.029069767441860465], "1/6/2016": [16.75, 0.002994011976047947], "1/7/2016": [16.35, -0.023880597014925287], "1/8/2016": [16.55, 0.012232415902140628], "1/11/2016": [15.4, -0.06948640483383688], "1/12/2016": [15.0, -0.025974025974025997], "1/13/2016": [15.5, 0.03333333333333333], "1/14/2016": [14.9, -0.03870967741935481], "1/15/2016": [14.9, 0.0], "1/18/2016": [15.4, 0.03355704697986577], "1/19/2016": [15.5, 0.0064935064935064705], "1/20/2016": [15.0, -0.03225806451612903], "1/21/2016": [14.7, -0.02000000000000005], "1/22/2016": [14.95, 0.017006802721088437], "1/25/2016": [15.1, 0.010033444816053536], "1/26/2016": [15.6, 0.033112582781456956], "1/27/2016": [15.4, -0.012820512820512775], "1/28/2016": [15.3, -0.0064935064935064705], "1/29/2016": [15.35, 0.0032679738562090806], "1/30/2016": [15.6, 0.016286644951140065], "2/1/2016": [15.3, -0.019230769230769162], "2/2/2016": [15.2, -0.006535947712418394], "2/3/2016": [15.4, 0.013157894736842176], "2/15/2016": [15.6, 0.012987012987012941], "2/16/2016": [15.9, 0.019230769230769277], "2/17/2016": [15.75, -0.009433962264150966], "2/18/2016": [15.85, 0.006349206349206327], "2/19/2016": [15.8, -0.0031545741324920462], "2/22/2016": [16.05, 0.01582278481012658], "2/23/2016": [15.9, -0.009345794392523386], "2/24/2016": [16.0, 0.006289308176100607], "2/25/2016": [16.2, 0.012499999999999956], "2/26/2016": [16.2, 0.0], "3/1/2016": [16.8, 0.037037037037037125], "3/2/2016": [16.85, 0.0029761904761905185], "3/3/2016": [17.1, 0.014836795252225518], "3/4/2016": [17.0, -0.005847953216374352], "3/7/2016": [17.15, 0.008823529411764622], "3/8/2016": [16.8, -0.020408163265306], "3/9/2016": [17.25, 0.026785714285714243], "3/10/2016": [17.05, -0.011594202898550683], "3/11/2016": [16.6, -0.0263929618768328], "3/14/2016": [16.45, -0.009036144578313381], "3/15/2016": [15.85, -0.03647416413373858], "3/16/2016": [16.2, 0.022082018927444772], "3/17/2016": [16.1, -0.006172839506172708], "3/18/2016": [16.55, 0.027950310559006163], "3/21/2016": [16.25, -0.018126888217522702], "3/22/2016": [16.1, -0.009230769230769143], "3/23/2016": [16.0, -0.0062111801242236905], "3/24/2016": [15.8, -0.012499999999999956], "3/25/2016": [15.5, -0.018987341772151944], "3/28/2016": [15.4, -0.006451612903225784], "3/29/2016": [15.1, -0.019480519480519525], "3/30/2016": [15.15, 0.0033112582781457426], "3/31/2016": [15.6, 0.029702970297029656], "4/1/2016": [15.4, -0.012820512820512775], "4/6/2016": [15.15, -0.016233766233766232], "4/7/2016": [15.3, 0.009900990099009924], "4/8/2016": [15.2, -0.006535947712418394], "4/11/2016": [15.05, -0.009868421052631486], "4/12/2016": [15.0, -0.0033222591362126715], "4/13/2016": [15.05, 0.003333333333333381], "4/14/2016": [15.05, 0.0], "4/15/2016": [14.9, -0.009966777408637897], "4/18/2016": [14.85, -0.003355704697986625], "4/19/2016": [15.15, 0.02020202020202025], "4/20/2016": [14.8, -0.02310231023102308], "4/21/2016": [14.9, 0.006756756756756733], "4/22/2016": [14.45, -0.030201342281879266], "4/25/2016": [14.1, -0.024221453287197207], "4/26/2016": [14.15, 0.0035460992907801925], "4/27/2016": [14.15, 0.0], "4/28/2016": [14.0, -0.010600706713780944], "4/29/2016": [13.55, -0.03214285714285709], "5/3/2016": [13.3, -0.01845018450184502], "5/4/2016": [13.4, 0.007518796992481176], "5/5/2016": [13.2, -0.014925373134328438], "5/6/2016": [13.1, -0.007575757575757549], "5/9/2016": [12.85, -0.019083969465648856], "5/10/2016": [12.95, 0.0077821011673151474], "5/11/2016": [12.75, -0.01544401544401539], "5/12/2016": [12.75, 0.0], "5/13/2016": [12.5, -0.0196078431372549], "5/16/2016": [12.8, 0.024000000000000056], "5/17/2016": [12.85, 0.0039062499999999167], "5/18/2016": [12.85, 0.0], "5/19/2016": [12.7, -0.01167315175097279], "5/20/2016": [12.85, 0.011811023622047273], "5/23/2016": [13.6, 0.058365758754863814], "5/24/2016": [13.5, -0.007352941176470562], "5/25/2016": [13.45, -0.0037037037037037563], "5/26/2016": [13.55, 0.007434944237918322], "5/27/2016": [13.55, 0.0], "5/30/2016": [13.65, 0.007380073800737981], "5/31/2016": [13.75, 0.0073260073260073], "6/1/2016": [13.75, 0.0], "6/2/2016": [13.65, -0.007272727272727247], "6/3/2016": [13.5, -0.010989010989011014], "6/4/2016": [13.5, 0.0], "6/6/2016": [13.45, -0.0037037037037037563], "6/7/2016": [13.3, -0.011152416356877219], "6/8/2016": [13.2, -0.007518796992481309], "6/13/2016": [12.9, -0.022727272727272648], "6/14/2016": [12.9, 0.0], "6/15/2016": [12.85, -0.003875968992248117], "6/16/2016": [13.9, 0.0817120622568094], "6/17/2016": [14.1, 0.014388489208633042], "6/20/2016": [13.95, -0.010638297872340451], "6/21/2016": [13.85, -0.007168458781361982], "6/22/2016": [13.8, -0.0036101083032490204], "6/23/2016": [13.95, 0.0108695652173912], "6/24/2016": [13.2, -0.053763440860215055], "6/27/2016": [13.3, 0.0075757575757576835], "6/28/2016": [13.25, -0.0037593984962406546], "6/29/2016": [13.1, -0.011320754716981159], "6/30/2016": [13.25, 0.01145038167938934], "7/1/2016": [13.15, -0.007547169811320728], "7/4/2016": [13.25, 0.007604562737642559], "7/5/2016": [13.3, 0.003773584905660431], "7/6/2016": [13.25, -0.0037593984962406546], "7/7/2016": [13.55, 0.022641509433962318], "7/11/2016": [13.4, -0.011070110701107036], "7/12/2016": [13.45, 0.00373134328358201], "7/13/2016": [13.4, -0.0037174721189590287], "7/14/2016": [13.65, 0.018656716417910446], "7/15/2016": [13.65, 0.0], "7/18/2016": [13.5, -0.010989010989011014], "7/19/2016": [13.55, 0.0037037037037037563], "7/20/2016": [13.55, 0.0], "7/21/2016": [13.5, -0.003690036900369056], "7/22/2016": [13.5, 0.0], "7/25/2016": [13.55, 0.0037037037037037563], "7/26/2016": [13.55, 0.0], "7/27/2016": [13.55, 0.0], "7/28/2016": [13.5, -0.003690036900369056], "7/29/2016": [13.55, 0.0037037037037037563], "8/1/2016": [13.9, 0.025830258302583], "8/2/2016": [13.7, -0.01438848920863317], "8/3/2016": [13.65, -0.0036496350364962726], "8/4/2016": [13.7, 0.003663003663003585], "8/5/2016": [13.7, 0.0], "8/8/2016": [13.65, -0.0036496350364962726], "8/9/2016": [13.6, -0.003663003663003715], "8/10/2016": [13.5, -0.007352941176470562], "8/11/2016": [13.45, -0.0037037037037037563], "8/12/2016": [13.4, -0.0037174721189590287], "8/15/2016": [13.3, -0.007462686567164152], "8/16/2016": [13.45, 0.011278195488721696], "8/17/2016": [13.4, -0.0037174721189590287], "8/18/2016": [13.5, 0.007462686567164152], "8/19/2016": [13.45, -0.0037037037037037563], "8/22/2016": [13.2, -0.01858736059479554], "8/23/2016": [13.2, 0.0], "8/24/2016": [13.2, 0.0], "8/25/2016": [13.35, 0.011363636363636392], "8/26/2016": [13.3, -0.0037453183520598453], "8/29/2016": [13.2, -0.007518796992481309], "8/30/2016": [13.2, 0.0], "8/31/2016": [13.15, -0.0037878787878787073], "9/1/2016": [13.15, 0.0], "9/2/2016": [13.0, -0.011406844106463905], "9/5/2016": [12.9, -0.007692307692307665], "9/6/2016": [12.95, 0.003875968992247979], "9/7/2016": [12.8, -0.011583011583011473], "9/8/2016": [12.75, -0.0039062500000000555], "9/9/2016": [12.7, -0.003921568627451036], "9/10/2016": [12.65, -0.003937007874015665], "9/12/2016": [13.0, 0.027667984189723292], "9/13/2016": [12.9, -0.007692307692307665], "9/14/2016": [12.95, 0.003875968992247979], "9/19/2016": [12.85, -0.007722007722007695], "9/20/2016": [13.3, 0.03501945525291837], "9/21/2016": [13.2, -0.007518796992481309], "9/22/2016": [13.25, 0.0037878787878788418], "9/23/2016": [13.3, 0.003773584905660431], "9/26/2016": [13.1, -0.015037593984962485], "9/29/2016": [13.0, -0.007633587786259515], "9/30/2016": [13.2, 0.01538461538461533], "10/3/2016": [13.05, -0.011363636363636256], "10/4/2016": [13.15, 0.007662835249042118], "10/5/2016": [13.15, 0.0], "10/6/2016": [13.05, -0.007604562737642559], "10/7/2016": [13.0, -0.0038314176245211272], "10/11/2016": [12.95, -0.003846153846153901], "10/12/2016": [12.9, -0.003861003861003779], "10/13/2016": [12.65, -0.01937984496124031], "10/14/2016": [12.5, -0.01185770750988145], "10/17/2016": [12.65, 0.012000000000000028], "10/18/2016": [12.7, 0.00395256916996039],