{"1/4/2016": [25.29, ""], "1/5/2016": [24.88, -0.016211941478845398], "1/6/2016": [23.8, -0.0434083601286173], "1/7/2016": [22.69, -0.04663865546218485], "1/8/2016": [23.9, 0.053327457029528305], "1/11/2016": [24.3, 0.016736401673640256], "1/12/2016": [22.8, -0.06172839506172839], "1/13/2016": [23.44, 0.028070175438596516], "1/14/2016": [23.0, -0.01877133105802053], "1/15/2016": [22.83, -0.007391304347826161], "1/18/2016": [22.61, -0.009636443276390665], "1/19/2016": [23.79, 0.052189296771340106], "1/20/2016": [22.95, -0.035308953341740223], "1/21/2016": [23.39, 0.019172113289760404], "1/22/2016": [23.3, -0.003847798204360832], "1/25/2016": [23.79, 0.021030042918454867], "1/26/2016": [23.18, -0.02564102564102562], "1/27/2016": [23.17, -0.0004314063848144094], "1/28/2016": [23.05, -0.005179110919292231], "1/29/2016": [23.0, -0.0021691973969631545], "1/30/2016": [23.01, 0.0004347826086957201], "2/1/2016": [23.0, -0.0004345936549327059], "2/2/2016": [22.95, -0.0021739130434782917], "2/3/2016": [22.95, 0.0], "2/15/2016": [23.2, 0.010893246187363835], "2/16/2016": [23.0, -0.008620689655172384], "2/17/2016": [23.18, 0.007826086956521728], "2/18/2016": [22.96, -0.009490940465918847], "2/19/2016": [22.89, -0.0030487804878048903], "2/22/2016": [23.1, 0.009174311926605542], "2/23/2016": [23.45, 0.015151515151515058], "2/24/2016": [24.04, 0.025159914712153512], "2/25/2016": [25.0, 0.03993344425956742], "2/26/2016": [24.9, -0.0040000000000000565], "3/1/2016": [25.0, 0.004016064257028169], "3/2/2016": [25.02, 0.0007999999999999829], "3/3/2016": [25.0, -0.0007993605115907104], "3/4/2016": [25.14, 0.0056000000000000225], "3/7/2016": [25.0, -0.005568814638027071], "3/8/2016": [24.51, -0.019599999999999937], "3/9/2016": [24.0, -0.020807833537331764], "3/10/2016": [23.9, -0.004166666666666726], "3/11/2016": [23.95, 0.0020920502092050507], "3/14/2016": [23.9, -0.00208768267223385], "3/15/2016": [23.89, -0.00041841004184092095], "3/16/2016": [23.92, 0.0012557555462537101], "3/17/2016": [24.49, 0.023829431438126953], "3/18/2016": [25.14, 0.026541445487954354], "3/21/2016": [24.92, -0.008750994431185316], "3/22/2016": [25.9, 0.03932584269662909], "3/23/2016": [25.52, -0.014671814671814633], "3/24/2016": [25.45, -0.002742946708463961], "3/25/2016": [25.45, 0.0], "3/28/2016": [25.46, 0.0003929273084479986], "3/29/2016": [25.0, -0.018067556952081728], "3/30/2016": [25.0, 0.0], "3/31/2016": [25.05, 0.0020000000000000282], "4/1/2016": [24.9, -0.005988023952095893], "4/6/2016": [24.7, -0.008032128514056196], "4/7/2016": [24.56, -0.005668016194332007], "4/8/2016": [24.42, -0.005700325732898901], "4/11/2016": [23.52, -0.03685503685503694], "4/12/2016": [23.34, -0.007653061224489784], "4/13/2016": [23.5, 0.00685518423307627], "4/14/2016": [23.99, 0.02085106382978717], "4/15/2016": [24.08, 0.0037515631513130414], "4/18/2016": [24.0, -0.003322259136212554], "4/19/2016": [23.81, -0.00791666666666672], "4/20/2016": [23.11, -0.029399412011759735], "4/21/2016": [23.4, 0.01254868022501078], "4/22/2016": [23.99, 0.02521367521367521], "4/25/2016": [24.51, 0.021675698207586625], "4/26/2016": [24.29, -0.008975928192574558], "4/27/2016": [24.0, -0.01193906957595715], "4/28/2016": [23.9, -0.004166666666666726], "4/29/2016": [23.84, -0.0025104602510459717], "5/3/2016": [22.6, -0.05201342281879188], "5/4/2016": [22.9, 0.013274336283185714], "5/5/2016": [24.05, 0.05021834061135381], "5/6/2016": [24.48, 0.017879417879417867], "5/9/2016": [24.2, -0.011437908496732072], "5/10/2016": [24.2, 0.0], "5/11/2016": [24.29, 0.0037190082644628043], "5/12/2016": [24.58, 0.01193906957595715], "5/13/2016": [24.5, -0.0032546786004881327], "5/16/2016": [24.3, -0.00816326530612242], "5/17/2016": [24.2, -0.004115226337448618], "5/18/2016": [24.18, -0.000826446280991718], "5/19/2016": [24.07, -0.004549214226633558], "5/20/2016": [24.1, 0.001246364769422565], "5/23/2016": [24.96, 0.03568464730290454], "5/24/2016": [25.39, 0.01722756410256409], "5/25/2016": [25.52, 0.0051201260338715636], "5/26/2016": [25.89, 0.014498432601880917], "5/27/2016": [26.08, 0.007338740826573879], "5/30/2016": [26.22, 0.005368098159509224], "5/31/2016": [27.0, 0.029748283752860455], "6/1/2016": [28.1, 0.04074074074074079], "6/2/2016": [28.59, 0.017437722419928768], "6/3/2016": [29.78, 0.04162294508569434], "6/4/2016": [29.76, -0.0006715916722632495], "6/6/2016": [28.27, -0.050067204301075335], "6/7/2016": [28.65, 0.013441811107180722], "6/8/2016": [29.07, 0.014659685863874406], "6/13/2016": [29.3, 0.007911936704506378], "6/14/2016": [29.9, 0.02047781569965863], "6/15/2016": [29.9, 0.0], "6/16/2016": [29.6, -0.010033444816053417], "6/17/2016": [29.3, -0.010135135135135158], "6/20/2016": [30.08, 0.02662116040955623], "6/21/2016": [30.09, 0.0003324468085106903], "6/22/2016": [30.02, -0.0023263542705217774], "6/23/2016": [29.93, -0.002998001332445032], "6/24/2016": [30.09, 0.005345806882726367], "6/27/2016": [30.0, -0.0029910269192422686], "6/28/2016": [31.58, 0.05266666666666661], "6/29/2016": [31.3, -0.008866371120962559], "6/30/2016": [31.06, -0.007667731629393035], "7/1/2016": [32.51, 0.046683837733419165], "7/4/2016": [32.16, -0.010765918179021883], "7/5/2016": [32.45, 0.009017412935323578], "7/6/2016": [32.31, -0.004314329738058569], "7/7/2016": [33.49, 0.03652120086660476], "7/11/2016": [34.8, 0.03911615407584339], "7/12/2016": [33.4, -0.04022988505747123], "7/13/2016": [32.39, -0.030239520958083774], "7/14/2016": [33.5, 0.034269836369249754], "7/15/2016": [33.79, 0.008656716417910422], "7/18/2016": [33.35, -0.013021604024859358], "7/19/2016": [34.69, 0.040179910044977396], "7/20/2016": [34.5, -0.005477082732775951], "7/21/2016": [35.44, 0.02724637681159414], "7/22/2016": [35.28, -0.0045146726862301525], "7/25/2016": [34.94, -0.009637188208616877], "7/26/2016": [35.09, 0.0042930738408702256], "7/27/2016": [35.24, 0.0042747221430606604], "7/28/2016": [34.99, -0.007094211123723042], "7/29/2016": [35.11, 0.0034295513003714615], "8/1/2016": [35.05, -0.0017089148390772508], "8/2/2016": [35.08, 0.0008559201141227143], "8/3/2016": [34.99, -0.002565564424173213], "8/4/2016": [35.0, 0.00028579594169757103], "8/5/2016": [34.99, -0.00028571428571422887], "8/8/2016": [34.88, -0.0031437553586738903], "8/9/2016": [34.99, 0.0031536697247706255], "8/10/2016": [35.0, 0.00028579594169757103], "8/11/2016": [34.2, -0.022857142857142777], "8/12/2016": [33.85, -0.010233918128655012], "8/15/2016": [33.0, -0.0251107828655835], "8/16/2016": [33.0, 0.0], "8/17/2016": [34.5, 0.045454545454545456], "8/18/2016": [34.99, 0.014202898550724695], "8/19/2016": [34.91, -0.002286367533581177], "8/22/2016": [34.63, -0.008020624462904441], "8/23/2016": [34.69, 0.0017326017903550436], "8/24/2016": [34.4, -0.008359757855289685], "8/25/2016": [34.41, 0.0002906976744185468], "8/26/2016": [34.69, 0.008137169427492041], "8/29/2016": [34.29, -0.01153070049005473], "8/30/2016": [34.56, 0.007874015748031588], "8/31/2016": [34.3, -0.007523148148148296], "9/1/2016": [33.91, -0.011370262390670571], "9/2/2016": [34.29, 0.011206133883810162], "9/5/2016": [34.8, 0.014873140857392768], "9/6/2016": [34.81, 0.0002873563218392275], "9/7/2016": [35.0, 0.005458201666187812], "9/8/2016": [37.74, 0.07828571428571435], "9/9/2016": [36.92, -0.021727609962904088], "9/10/2016": [36.41, -0.013813651137594937], "9/12/2016": [36.11, -0.008239494644328403], "9/13/2016": [35.6, -0.014123511492661257], "9/14/2016": [35.43, -0.004775280898876452], "9/19/2016": [36.44, 0.02850691504374818], "9/20/2016": [36.47, 0.0008232711306257173], "9/21/2016": [37.43, 0.026323005209761472], "9/22/2016": [37.39, -0.001068661501469387], "9/23/2016": [37.12, -0.0072211821342605806], "9/26/2016": [37.16, 0.0010775862068965287], "9/29/2016": [38.0, 0.022604951560818178], "9/30/2016": [38.02, 0.0005263157894737665], "10/3/2016": [38.1, 0.0021041557075223115], "10/4/2016": [37.91, -0.004986876640420074], "10/5/2016": [38.2, 0.0076496966499605985], "10/6/2016": [39.81, 0.042146596858638724],