{"1/4/2016": [10.5, ""], "1/5/2016": [10.05, -0.04285714285714279], "1/6/2016": [10.2, 0.014925373134328216], "1/7/2016": [10.65, 0.044117647058823636], "1/8/2016": [10.4, -0.023474178403755867], "1/11/2016": [10.6, 0.019230769230769162], "1/12/2016": [10.1, -0.04716981132075472], "1/13/2016": [10.4, 0.029702970297029774], "1/14/2016": [10.1, -0.028846153846153914], "1/15/2016": [10.1, 0.0], "1/18/2016": [10.55, 0.04455445544554466], "1/19/2016": [11.05, 0.04739336492890995], "1/20/2016": [11.1, 0.0045248868778279576], "1/21/2016": [11.1, 0.0], "1/22/2016": [11.55, 0.04054054054054064], "1/25/2016": [11.6, 0.004329004329004236], "1/26/2016": [11.4, -0.01724137931034477], "1/27/2016": [11.7, 0.026315789473684115], "1/28/2016": [11.4, -0.02564102564102555], "1/29/2016": [11.1, -0.02631578947368427], "1/30/2016": [10.85, -0.022522522522522525], "2/1/2016": [11.15, 0.027649769585253524], "2/2/2016": [10.95, -0.017937219730941797], "2/3/2016": [10.8, -0.013698630136986172], "2/15/2016": [10.7, -0.00925925925925939], "2/16/2016": [10.6, -0.009345794392523333], "2/17/2016": [10.5, -0.00943396226415091], "2/18/2016": [10.8, 0.02857142857142864], "2/19/2016": [10.65, -0.013888888888888921], "2/22/2016": [10.5, -0.014084507042253554], "2/23/2016": [10.7, 0.01904761904761898], "2/24/2016": [10.65, -0.004672897196261583], "2/25/2016": [10.65, 0.0], "2/26/2016": [10.45, -0.018779342723004796], "3/1/2016": [10.4, -0.004784688995215209], "3/2/2016": [10.4, 0.0], "3/3/2016": [10.5, 0.009615384615384581], "3/4/2016": [10.5, 0.0], "3/7/2016": [10.35, -0.01428571428571432], "3/8/2016": [10.6, 0.024154589371980676], "3/9/2016": [10.3, -0.02830188679245273], "3/10/2016": [10.35, 0.004854368932038731], "3/11/2016": [10.2, -0.01449275362318844], "3/14/2016": [10.2, 0.0], "3/15/2016": [9.95, -0.02450980392156863], "3/16/2016": [10.3, 0.03517587939698507], "3/17/2016": [10.2, -0.009708737864077808], "3/18/2016": [10.45, 0.02450980392156863], "3/21/2016": [10.5, 0.004784688995215379], "3/22/2016": [10.4, -0.00952380952380949], "3/23/2016": [10.2, -0.019230769230769332], "3/24/2016": [10.4, 0.01960784313725501], "3/25/2016": [10.25, -0.014423076923076957], "3/28/2016": [10.4, 0.014634146341463448], "3/29/2016": [10.25, -0.014423076923076957], "3/30/2016": [10.45, 0.01951219512195115], "3/31/2016": [10.25, -0.019138755980861177], "4/1/2016": [10.3, 0.004878048780487874], "4/6/2016": [10.0, -0.029126213592233077], "4/7/2016": [10.2, 0.019999999999999928], "4/8/2016": [10.2, 0.0], "4/11/2016": [10.25, 0.004901960784313796], "4/12/2016": [10.0, -0.024390243902439025], "4/13/2016": [10.05, 0.005000000000000071], "4/14/2016": [10.0, -0.004975124378109523], "4/15/2016": [9.97, -0.002999999999999936], "4/18/2016": [9.92, -0.00501504513540629], "4/19/2016": [9.93, 0.0010080645161290108], "4/20/2016": [9.85, -0.00805639476334341], "4/21/2016": [9.83, -0.002030456852791835], "4/22/2016": [9.5, -0.033570701932858604], "4/25/2016": [9.22, -0.02947368421052625], "4/26/2016": [9.35, 0.014099783080260195], "4/27/2016": [9.36, 0.0010695187165775174], "4/28/2016": [9.25, -0.011752136752136691], "4/29/2016": [8.9, -0.0378378378378378], "5/3/2016": [8.65, -0.028089887640449437], "5/4/2016": [8.22, -0.049710982658959506], "5/5/2016": [8.46, 0.029197080291970826], "5/6/2016": [8.35, -0.013002364066193995], "5/9/2016": [8.37, 0.0023952095808382726], "5/10/2016": [8.35, -0.0023894862604539515], "5/11/2016": [8.33, -0.0023952095808382726], "5/12/2016": [8.0, -0.039615846338535425], "5/13/2016": [8.05, 0.006250000000000089], "5/16/2016": [7.97, -0.009937888198757882], "5/17/2016": [8.2, 0.02885821831869505], "5/18/2016": [8.16, -0.004878048780487702], "5/19/2016": [8.19, 0.0036764705882352156], "5/20/2016": [8.18, -0.001221001221001195], "5/23/2016": [8.43, 0.03056234718826406], "5/24/2016": [8.65, 0.026097271648873148], "5/25/2016": [8.65, 0.0], "5/26/2016": [8.61, -0.004624277456647506], "5/27/2016": [8.52, -0.010452961672473851], "5/30/2016": [8.55, 0.003521126760563514], "5/31/2016": [8.64, 0.010526315789473667], "6/1/2016": [8.58, -0.006944444444444501], "6/2/2016": [9.43, 0.09906759906759903], "6/3/2016": [9.21, -0.023329798515376338], "6/4/2016": [9.25, 0.004343105320303925], "6/6/2016": [9.4, 0.016216216216216255], "6/7/2016": [9.79, 0.04148936170212753], "6/8/2016": [9.87, 0.008171603677221662], "6/13/2016": [9.69, -0.018237082066869272], "6/14/2016": [9.74, 0.005159958720330311], "6/15/2016": [9.75, 0.0010266940451745161], "6/16/2016": [9.62, -0.013333333333333414], "6/17/2016": [9.47, -0.015592515592515446], "6/20/2016": [9.47, 0.0], "6/21/2016": [9.43, -0.004223864836325334], "6/22/2016": [9.49, 0.006362672322375451], "6/23/2016": [9.46, -0.0031612223393044634], "6/24/2016": [9.19, -0.02854122621564496], "6/27/2016": [9.1, -0.009793253536452651], "6/28/2016": [9.2, 0.01098901098901095], "6/29/2016": [9.16, -0.004347826086956429], "6/30/2016": [9.35, 0.020742358078602564], "7/1/2016": [9.22, -0.013903743315507916], "7/4/2016": [9.08, -0.015184381778741925], "7/5/2016": [9.06, -0.0022026431718061203], "7/6/2016": [9.02, -0.004415011037527695], "7/7/2016": [9.1, 0.008869179600886927], "7/11/2016": [9.09, -0.0010989010989010755], "7/12/2016": [9.07, -0.0022002200220021533], "7/13/2016": [9.05, -0.0022050716648290597], "7/14/2016": [9.12, 0.007734806629834089], "7/15/2016": [9.05, -0.0076754385964910654], "7/18/2016": [9.1, 0.0055248618784529205], "7/19/2016": [9.01, -0.009890109890109874], "7/20/2016": [9.01, 0.0], "7/21/2016": [9.05, 0.0044395116537181934], "7/22/2016": [9.07, 0.0022099447513811684], "7/25/2016": [8.96, -0.012127894156560026], "7/26/2016": [8.98, 0.0022321428571428093], "7/27/2016": [8.94, -0.004454342984409903], "7/28/2016": [8.99, 0.005592841163311042], "7/29/2016": [8.97, -0.0022246941045605756], "8/1/2016": [8.97, 0.0], "8/2/2016": [9.05, 0.008918617614269795], "8/3/2016": [8.95, -0.011049723756906233], "8/4/2016": [9.0, 0.00558659217877103], "8/5/2016": [8.98, -0.002222222222222175], "8/8/2016": [8.95, -0.003340757238307476], "8/9/2016": [8.76, -0.021229050279329555], "8/10/2016": [8.59, -0.01940639269406392], "8/11/2016": [8.6, 0.0011641443538998588], "8/12/2016": [8.42, -0.020930232558139503], "8/15/2016": [8.23, -0.022565320665083075], "8/16/2016": [8.18, -0.006075334143377972], "8/17/2016": [8.16, -0.0024449877750610726], "8/18/2016": [8.12, -0.004901960784313838], "8/19/2016": [8.21, 0.011083743842364734], "8/22/2016": [8.12, -0.010962241169305923], "8/23/2016": [8.1, -0.0024630541871920658], "8/24/2016": [8.11, 0.0012345679012345416], "8/25/2016": [8.02, -0.011097410604192339], "8/26/2016": [8.37, 0.04364089775561093], "8/29/2016": [8.7, 0.03942652329749105], "8/30/2016": [8.64, -0.006896551724137784], "8/31/2016": [8.46, -0.020833333333333297], "9/1/2016": [8.35, -0.013002364066193995], "9/2/2016": [8.09, -0.03113772455089818], "9/5/2016": [8.15, 0.0074165636588381335], "9/6/2016": [8.08, -0.008588957055214758], "9/7/2016": [8.15, 0.008663366336633699], "9/8/2016": [8.1, -0.006134969325153461], "9/9/2016": [8.11, 0.0012345679012345416], "9/10/2016": [8.16, 0.006165228113440285], "9/12/2016": [8.0, -0.01960784313725492], "9/13/2016": [7.96, -0.0050000000000000044], "9/14/2016": [8.0, 0.005025125628140708], "9/19/2016": [8.37, 0.0462499999999999], "9/20/2016": [8.12, -0.029868578255675033], "9/21/2016": [8.07, -0.006157635467980165], "9/22/2016": [8.12, 0.006195786864931714], "9/23/2016": [8.14, 0.002463054187192285], "9/26/2016": [8.11, -0.003685503685503825], "9/29/2016": [8.06, -0.006165228113440066], "9/30/2016": [8.17, 0.013647642679900674], "10/3/2016": [8.11, -0.007343941248470073], "10/4/2016": [8.11, 0.0], "10/5/2016": [8.07, -0.004932182490752053], "10/6/2016": [8.19, 0.014869888475836333], "10/7/2016": [8.15, -0.00488400488400478], "10/11/2016": [8.06, -0.011042944785276055], "10/12/2016": [8.04, -0.002481389578163939], "10/13/2016": [8.03, -0.0012437810945273367], "10/14/2016": [8.1, 0.008717310087173137], "10/17/2016": [8.0, -0.012345679012345635],