{"1/4/2016": [342.5, ""], "1/5/2016": [345.0, 0.0072992700729927005], "1/6/2016": [338.0, -0.020289855072463767], "1/7/2016": [325.5, -0.03698224852071006], "1/8/2016": [339.0, 0.041474654377880185], "1/11/2016": [335.0, -0.011799410029498525], "1/12/2016": [301.5, -0.1], "1/13/2016": [307.0, 0.01824212271973466], "1/14/2016": [304.5, -0.008143322475570033], "1/15/2016": [290.0, -0.047619047619047616], "1/18/2016": [300.0, 0.034482758620689655], "1/19/2016": [326.0, 0.08666666666666667], "1/20/2016": [318.0, -0.024539877300613498], "1/21/2016": [319.0, 0.0031446540880503146], "1/22/2016": [321.0, 0.006269592476489028], "1/25/2016": [326.0, 0.01557632398753894], "1/26/2016": [318.5, -0.023006134969325152], "1/27/2016": [320.5, 0.006279434850863423], "1/28/2016": [327.5, 0.0218408736349454], "1/29/2016": [325.0, -0.007633587786259542], "1/30/2016": [323.0, -0.006153846153846154], "2/1/2016": [316.0, -0.021671826625386997], "2/2/2016": [316.5, 0.0015822784810126582], "2/3/2016": [314.0, -0.007898894154818325], "2/15/2016": [310.0, -0.012738853503184714], "2/16/2016": [305.0, -0.016129032258064516], "2/17/2016": [306.5, 0.004918032786885246], "2/18/2016": [307.0, 0.0016313213703099511], "2/19/2016": [302.0, -0.016286644951140065], "2/22/2016": [287.0, -0.04966887417218543], "2/23/2016": [299.0, 0.041811846689895474], "2/24/2016": [288.0, -0.03678929765886288], "2/25/2016": [286.5, -0.005208333333333333], "2/26/2016": [296.0, 0.03315881326352531], "3/1/2016": [296.0, 0.0], "3/2/2016": [317.0, 0.07094594594594594], "3/3/2016": [317.5, 0.0015772870662460567], "3/4/2016": [312.0, -0.01732283464566929], "3/7/2016": [303.0, -0.028846153846153848], "3/8/2016": [295.5, -0.024752475247524754], "3/9/2016": [284.5, -0.03722504230118443], "3/10/2016": [282.0, -0.008787346221441126], "3/11/2016": [281.5, -0.0017730496453900709], "3/14/2016": [282.0, 0.0017761989342806395], "3/15/2016": [279.5, -0.008865248226950355], "3/16/2016": [282.0, 0.008944543828264758], "3/17/2016": [280.5, -0.005319148936170213], "3/18/2016": [282.5, 0.0071301247771836], "3/21/2016": [292.0, 0.033628318584070796], "3/22/2016": [289.0, -0.010273972602739725], "3/23/2016": [284.5, -0.015570934256055362], "3/24/2016": [272.5, -0.0421792618629174], "3/25/2016": [264.5, -0.029357798165137616], "3/28/2016": [271.0, 0.024574669187145556], "3/29/2016": [264.0, -0.025830258302583026], "3/30/2016": [273.0, 0.03409090909090909], "3/31/2016": [277.0, 0.014652014652014652], "4/1/2016": [278.0, 0.0036101083032490976], "4/6/2016": [282.0, 0.014388489208633094], "4/7/2016": [282.0, 0.0], "4/8/2016": [278.0, -0.014184397163120567], "4/11/2016": [264.0, -0.050359712230215826], "4/12/2016": [242.5, -0.08143939393939394], "4/13/2016": [244.5, 0.008247422680412371], "4/14/2016": [241.0, -0.014314928425357873], "4/15/2016": [234.0, -0.029045643153526972], "4/18/2016": [230.0, -0.017094017094017096], "4/19/2016": [248.0, 0.0782608695652174], "4/20/2016": [241.0, -0.028225806451612902], "4/21/2016": [245.5, 0.01867219917012448], "4/22/2016": [241.5, -0.016293279022403257], "4/25/2016": [246.5, 0.020703933747412008], "4/26/2016": [248.5, 0.008113590263691683], "4/27/2016": [242.0, -0.026156941649899398], "4/28/2016": [235.0, -0.028925619834710745], "4/29/2016": [227.5, -0.031914893617021274], "5/3/2016": [229.5, 0.008791208791208791], "5/4/2016": [227.0, -0.010893246187363835], "5/5/2016": [223.5, -0.015418502202643172], "5/6/2016": [216.0, -0.03355704697986577], "5/9/2016": [194.5, -0.09953703703703703], "5/10/2016": [175.5, -0.09768637532133675], "5/11/2016": [169.5, -0.03418803418803419], "5/12/2016": [153.5, -0.0943952802359882], "5/13/2016": [164.5, 0.07166123778501629], "5/16/2016": [173.5, 0.0547112462006079], "5/17/2016": [173.5, 0.0], "5/18/2016": [174.5, 0.005763688760806916], "5/19/2016": [163.5, -0.06303724928366762], "5/20/2016": [171.5, 0.04892966360856269], "5/23/2016": [176.0, 0.026239067055393587], "5/24/2016": [178.0, 0.011363636363636364], "5/25/2016": [178.5, 0.0028089887640449437], "5/26/2016": [176.0, -0.014005602240896359], "5/27/2016": [181.0, 0.028409090909090908], "5/30/2016": [198.5, 0.09668508287292818], "5/31/2016": [199.0, 0.0025188916876574307], "6/1/2016": [197.0, -0.010050251256281407], "6/2/2016": [185.5, -0.0583756345177665], "6/3/2016": [185.0, -0.0026954177897574125], "6/4/2016": [181.5, -0.01891891891891892], "6/6/2016": [179.0, -0.013774104683195593], "6/7/2016": [182.5, 0.019553072625698324], "6/8/2016": [170.5, -0.06575342465753424], "6/13/2016": [173.5, 0.017595307917888565], "6/14/2016": [170.0, -0.020172910662824207], "6/15/2016": [170.0, 0.0], "6/16/2016": [168.0, -0.011764705882352941], "6/17/2016": [169.0, 0.005952380952380952], "6/20/2016": [168.5, -0.0029585798816568047], "6/21/2016": [169.0, 0.002967359050445104], "6/22/2016": [167.0, -0.011834319526627219], "6/23/2016": [162.5, -0.02694610778443114], "6/24/2016": [163.0, 0.003076923076923077], "6/27/2016": [167.5, 0.027607361963190184], "6/28/2016": [168.0, 0.0029850746268656717], "6/29/2016": [169.0, 0.005952380952380952], "6/30/2016": [167.5, -0.008875739644970414], "7/1/2016": [178.5, 0.06567164179104477], "7/4/2016": [185.5, 0.0392156862745098], "7/5/2016": [183.5, -0.01078167115902965], "7/6/2016": [182.0, -0.008174386920980926], "7/7/2016": [178.0, -0.02197802197802198], "7/11/2016": [177.0, -0.0056179775280898875], "7/12/2016": [170.5, -0.03672316384180791], "7/13/2016": [171.5, 0.005865102639296188], "7/14/2016": [170.0, -0.008746355685131196], "7/15/2016": [176.5, 0.03823529411764706], "7/18/2016": [183.5, 0.039660056657223795], "7/19/2016": [183.0, -0.0027247956403269754], "7/20/2016": [186.5, 0.01912568306010929], "7/21/2016": [185.0, -0.00804289544235925], "7/22/2016": [182.0, -0.016216216216216217], "7/25/2016": [184.0, 0.01098901098901099], "7/26/2016": [188.0, 0.021739130434782608], "7/27/2016": [184.5, -0.018617021276595744], "7/28/2016": [187.5, 0.016260162601626018], "7/29/2016": [185.0, -0.013333333333333334], "8/1/2016": [187.5, 0.013513513513513514], "8/2/2016": [188.5, 0.005333333333333333], "8/3/2016": [186.5, -0.010610079575596816], "8/4/2016": [174.0, -0.06702412868632708], "8/5/2016": [170.5, -0.020114942528735632], "8/8/2016": [161.5, -0.05278592375366569], "8/9/2016": [159.5, -0.01238390092879257], "8/10/2016": [163.0, 0.0219435736677116], "8/11/2016": [157.5, -0.03374233128834356], "8/12/2016": [158.0, 0.0031746031746031746], "8/15/2016": [156.5, -0.00949367088607595], "8/16/2016": [161.0, 0.02875399361022364], "8/17/2016": [159.0, -0.012422360248447204], "8/18/2016": [159.0, 0.0], "8/19/2016": [158.0, -0.006289308176100629], "8/22/2016": [154.0, -0.02531645569620253], "8/23/2016": [155.5, 0.00974025974025974], "8/24/2016": [155.5, 0.0], "8/25/2016": [155.5, 0.0], "8/26/2016": [156.0, 0.003215434083601286], "8/29/2016": [165.0, 0.057692307692307696], "8/30/2016": [163.5, -0.00909090909090909], "8/31/2016": [162.0, -0.009174311926605505], "9/1/2016": [163.0, 0.006172839506172839], "9/2/2016": [159.0, -0.024539877300613498], "9/5/2016": [160.5, 0.009433962264150943], "9/6/2016": [159.0, -0.009345794392523364], "9/7/2016": [160.0, 0.006289308176100629], "9/8/2016": [161.5, 0.009375], "9/9/2016": [162.5, 0.006191950464396285], "9/10/2016": [158.5, -0.024615384615384615], "9/12/2016": [159.0, 0.0031545741324921135], "9/13/2016": [155.0, -0.025157232704402517], "9/14/2016": [154.0, -0.0064516129032258064], "9/19/2016": [156.5, 0.016233766233766232], "9/20/2016": [154.5, -0.012779552715654952], "9/21/2016": [159.5, 0.032362459546925564], "9/22/2016": [158.5, -0.006269592476489028], "9/23/2016": [160.5, 0.012618296529968454], "9/26/2016": [159.0, -0.009345794392523364], "9/29/2016": [157.5, -0.009433962264150943], "9/30/2016": [157.0, -0.0031746031746031746], "10/3/2016": [158.0, 0.006369426751592357], "10/4/2016": [158.0, 0.0], "10/5/2016": [159.5, 0.00949367088607595], "10/6/2016": [162.5, 0.018808777429467086], "10/7/2016": [163.0, 0.003076923076923077],