{"1/4/2016": [57.4, ""], "1/5/2016": [55.7, -0.029616724738675885], "1/6/2016": [53.4, -0.04129263913824065], "1/7/2016": [50.0, -0.0636704119850187], "1/8/2016": [51.5, 0.03], "1/11/2016": [51.2, -0.005825242718446547], "1/12/2016": [50.0, -0.023437500000000056], "1/13/2016": [49.85, -0.0029999999999999714], "1/14/2016": [48.5, -0.027081243731193607], "1/15/2016": [48.8, 0.00618556701030922], "1/18/2016": [50.1, 0.02663934426229517], "1/19/2016": [51.0, 0.017964071856287397], "1/20/2016": [50.0, -0.0196078431372549], "1/21/2016": [49.4, -0.012000000000000028], "1/22/2016": [50.2, 0.016194331983805755], "1/25/2016": [50.9, 0.013944223107569636], "1/26/2016": [50.4, -0.009823182711198428], "1/27/2016": [50.0, -0.007936507936507908], "1/28/2016": [50.2, 0.0040000000000000565], "1/29/2016": [51.5, 0.025896414342629424], "1/30/2016": [54.1, 0.05048543689320391], "2/1/2016": [53.1, -0.018484288354898334], "2/2/2016": [53.4, 0.00564971751412424], "2/3/2016": [53.6, 0.0037453183520599785], "2/15/2016": [53.6, 0.0], "2/16/2016": [54.2, 0.011194029850746294], "2/17/2016": [54.6, 0.007380073800737981], "2/18/2016": [55.0, 0.0073260073260073], "2/19/2016": [54.3, -0.01272727272727278], "2/22/2016": [55.2, 0.016574585635359223], "2/23/2016": [57.0, 0.03260869565217386], "2/24/2016": [55.8, -0.02105263157894742], "2/25/2016": [55.7, -0.0017921146953404], "2/26/2016": [55.8, 0.0017953321364451403], "3/1/2016": [60.0, 0.07526881720430113], "3/2/2016": [59.2, -0.013333333333333286], "3/3/2016": [59.6, 0.006756756756756733], "3/4/2016": [61.6, 0.03355704697986577], "3/7/2016": [62.6, 0.016233766233766232], "3/8/2016": [62.6, 0.0], "3/9/2016": [61.1, -0.023961661341853034], "3/10/2016": [64.0, 0.047463175122749564], "3/11/2016": [64.0, 0.0], "3/14/2016": [64.1, 0.0015624999999999112], "3/15/2016": [62.5, -0.02496099843993751], "3/16/2016": [63.1, 0.009600000000000023], "3/17/2016": [62.8, -0.004754358161648245], "3/18/2016": [62.9, 0.0015923566878981118], "3/21/2016": [63.3, 0.006359300476947514], "3/22/2016": [64.5, 0.018957345971564028], "3/23/2016": [65.0, 0.007751937984496124], "3/24/2016": [63.6, -0.021538461538461517], "3/25/2016": [63.1, -0.007861635220125786], "3/28/2016": [62.0, -0.017432646592710006], "3/29/2016": [60.0, -0.03225806451612903], "3/30/2016": [60.6, 0.010000000000000024], "3/31/2016": [61.8, 0.019801980198019733], "4/1/2016": [62.5, 0.011326860841423994], "4/6/2016": [62.6, 0.0016000000000000228], "4/7/2016": [62.8, 0.00319488817891367], "4/8/2016": [62.0, -0.012738853503184669], "4/11/2016": [62.6, 0.009677419354838733], "4/12/2016": [62.0, -0.009584664536741236], "4/13/2016": [62.5, 0.008064516129032258], "4/14/2016": [65.0, 0.04], "4/15/2016": [64.5, -0.007692307692307693], "4/18/2016": [65.0, 0.007751937984496124], "4/19/2016": [65.0, 0.0], "4/20/2016": [63.9, -0.016923076923076943], "4/21/2016": [67.0, 0.048513302034428815], "4/22/2016": [65.4, -0.023880597014925287], "4/25/2016": [65.5, 0.001529051987767497], "4/26/2016": [65.1, -0.00610687022900772], "4/27/2016": [65.4, 0.004608294930875751], "4/28/2016": [64.0, -0.021406727828746263], "4/29/2016": [64.3, 0.004687499999999956], "5/3/2016": [63.3, -0.015552099533437015], "5/4/2016": [64.0, 0.011058451816745701], "5/5/2016": [64.3, 0.004687499999999956], "5/6/2016": [67.0, 0.041990668740279985], "5/9/2016": [70.1, 0.046268656716417826], "5/10/2016": [71.0, 0.012838801711840311], "5/11/2016": [74.3, 0.04647887323943658], "5/12/2016": [76.5, 0.029609690444145395], "5/13/2016": [75.0, -0.0196078431372549], "5/16/2016": [75.0, 0.0], "5/17/2016": [74.9, -0.0013333333333332576], "5/18/2016": [74.6, -0.004005340453938736], "5/19/2016": [72.2, -0.03217158176943689], "5/20/2016": [72.0, -0.0027700831024931143], "5/23/2016": [74.9, 0.04027777777777786], "5/24/2016": [75.0, 0.001335113484646119], "5/25/2016": [74.0, -0.013333333333333334], "5/26/2016": [78.0, 0.05405405405405406], "5/27/2016": [76.8, -0.015384615384615422], "5/30/2016": [77.6, 0.01041666666666663], "5/31/2016": [78.0, 0.005154639175257806], "6/1/2016": [77.0, -0.01282051282051282], "6/2/2016": [77.3, 0.0038961038961038592], "6/3/2016": [82.7, 0.06985769728331184], "6/4/2016": [82.7, 0.0], "6/6/2016": [79.5, -0.03869407496977029], "6/7/2016": [79.9, 0.005031446540880575], "6/8/2016": [79.9, 0.0], "6/13/2016": [80.0, 0.0012515644555693905], "6/14/2016": [80.3, 0.0037499999999999643], "6/15/2016": [80.5, 0.002490660024906636], "6/16/2016": [84.7, 0.05217391304347829], "6/17/2016": [87.0, 0.027154663518299847], "6/20/2016": [94.5, 0.08620689655172414], "6/21/2016": [91.7, -0.0296296296296296], "6/22/2016": [92.7, 0.010905125408942203], "6/23/2016": [89.5, -0.03451995685005397], "6/24/2016": [85.0, -0.05027932960893855], "6/27/2016": [83.8, -0.014117647058823563], "6/28/2016": [86.8, 0.03579952267303103], "6/29/2016": [86.8, 0.0], "6/30/2016": [88.4, 0.0184331797235024], "7/1/2016": [87.8, -0.006787330316742178], "7/4/2016": [88.0, 0.0022779043280182557], "7/5/2016": [92.8, 0.054545454545454515], "7/6/2016": [91.3, -0.016163793103448277], "7/7/2016": [89.1, -0.024096385542168707], "7/11/2016": [88.3, -0.008978675645342282], "7/12/2016": [88.3, 0.0], "7/13/2016": [88.8, 0.005662514156285391], "7/14/2016": [88.3, -0.005630630630630631], "7/15/2016": [88.0, -0.0033975084937712023], "7/18/2016": [88.5, 0.005681818181818182], "7/19/2016": [88.8, 0.003389830508474544], "7/20/2016": [91.8, 0.033783783783783786], "7/21/2016": [90.0, -0.01960784313725487], "7/22/2016": [88.4, -0.017777777777777715], "7/25/2016": [86.1, -0.02601809954751144], "7/26/2016": [86.8, 0.008130081300813042], "7/27/2016": [87.2, 0.004608294930875642], "7/28/2016": [87.4, 0.002293577981651409], "7/29/2016": [88.5, 0.012585812356979338], "8/1/2016": [88.2, -0.003389830508474544], "8/2/2016": [87.0, -0.01360544217687078], "8/3/2016": [87.2, 0.002298850574712676], "8/4/2016": [89.2, 0.02293577981651376], "8/5/2016": [88.8, -0.004484304932735489], "8/8/2016": [90.0, 0.013513513513513545], "8/9/2016": [88.4, -0.017777777777777715], "8/10/2016": [85.1, -0.03733031674208157], "8/11/2016": [83.5, -0.018801410105757865], "8/12/2016": [84.3, 0.009580838323353259], "8/15/2016": [85.0, 0.008303677342823284], "8/16/2016": [85.3, 0.003529411764705849], "8/17/2016": [84.9, -0.004689331770222643], "8/18/2016": [85.6, 0.008244994110718358], "8/19/2016": [86.9, 0.0151869158878506], "8/22/2016": [86.5, -0.004602991944764162], "8/23/2016": [69.3, -0.1988439306358382], "8/24/2016": [68.5, -0.011544011544011504], "8/25/2016": [70.2, 0.024817518248175224], "8/26/2016": [72.2, 0.02849002849002849], "8/29/2016": [74.9, 0.03739612188365655], "8/30/2016": [74.4, -0.006675567423230974], "8/31/2016": [74.0, -0.005376344086021581], "9/1/2016": [73.6, -0.005405405405405482], "9/2/2016": [68.8, -0.0652173913043478], "9/5/2016": [67.9, -0.013081395348837085], "9/6/2016": [68.6, 0.010309278350515295], "9/7/2016": [68.0, -0.008746355685131112], "9/8/2016": [67.0, -0.014705882352941176], "9/9/2016": [66.3, -0.010447761194029893], "9/10/2016": [59.7, -0.09954751131221712], "9/12/2016": [58.9, -0.01340033500837528], "9/13/2016": [57.1, -0.030560271646859035], "9/14/2016": [55.5, -0.02802101576182139], "9/19/2016": [57.1, 0.028828828828828854], "9/20/2016": [55.6, -0.02626970227670753], "9/21/2016": [56.9, 0.023381294964028725], "9/22/2016": [57.7, 0.014059753954305875], "9/23/2016": [57.7, 0.0], "9/26/2016": [55.9, -0.031195840554592794], "9/29/2016": [55.0, -0.01610017889087654], "9/30/2016": [54.7, -0.005454545454545403], "10/3/2016": [57.0, 0.042047531992687334], "10/4/2016": [56.1, -0.015789473684210503], "10/5/2016": [56.1, 0.0], "10/6/2016": [56.1, 0.0], "10/7/2016": [53.8, -0.04099821746880578], "10/11/2016": [48.6, -0.09665427509293673], "10/12/2016": [50.0, 0.028806584362139887], "10/13/2016": [50.0, 0.0], "10/14/2016": [49.0, -0.02], "10/17/2016": [48.65, -0.007142857142857172], "10/18/2016": [48.8, 0.003083247687564205], "10/19/2016": [49.15, 0.007172131147541013],