{"1/4/2016": [20.95, ""], "1/5/2016": [20.1, -0.040572792362768395], "1/6/2016": [20.0, -0.004975124378109523], "1/7/2016": [19.45, -0.027500000000000035], "1/8/2016": [20.15, 0.03598971722365035], "1/11/2016": [19.35, -0.03970223325062021], "1/12/2016": [18.65, -0.03617571059431539], "1/13/2016": [18.2, -0.024128686327077712], "1/14/2016": [17.8, -0.0219780219780219], "1/15/2016": [18.0, 0.011235955056179735], "1/18/2016": [18.05, 0.0027777777777778173], "1/19/2016": [18.85, 0.04432132963988923], "1/20/2016": [18.05, -0.0424403183023873], "1/21/2016": [18.15, 0.005540166204986032], "1/22/2016": [18.2, 0.002754820936639158], "1/25/2016": [18.75, 0.03021978021978026], "1/26/2016": [18.2, -0.02933333333333337], "1/27/2016": [18.4, 0.01098901098901095], "1/28/2016": [18.6, 0.01086956521739146], "1/29/2016": [18.8, 0.010752688172042972], "1/30/2016": [19.1, 0.015957446808510675], "2/1/2016": [19.1, 0.0], "2/2/2016": [18.5, -0.0314136125654451], "2/3/2016": [18.35, -0.00810810810810803], "2/15/2016": [18.7, 0.01907356948228871], "2/16/2016": [19.2, 0.026737967914438502], "2/17/2016": [19.05, -0.007812499999999926], "2/18/2016": [19.25, 0.010498687664041956], "2/19/2016": [19.6, 0.018181818181818257], "2/22/2016": [20.35, 0.038265306122448974], "2/23/2016": [20.6, 0.012285012285012284], "2/24/2016": [20.25, -0.01699029126213599], "2/25/2016": [20.1, -0.0074074074074073374], "2/26/2016": [20.75, 0.03233830845771137], "3/1/2016": [22.8, 0.0987951807228916], "3/2/2016": [22.4, -0.0175438596491229], "3/3/2016": [23.65, 0.05580357142857143], "3/4/2016": [23.7, 0.0021141649048626093], "3/7/2016": [23.6, -0.004219409282700332], "3/8/2016": [22.95, -0.027542372881356022], "3/9/2016": [22.65, -0.013071895424836633], "3/10/2016": [22.7, 0.0022075055187638286], "3/11/2016": [24.95, 0.09911894273127754], "3/14/2016": [24.25, -0.02805611222444887], "3/15/2016": [23.5, -0.030927835051546393], "3/16/2016": [23.55, 0.0021276595744681155], "3/17/2016": [23.15, -0.016985138004246374], "3/18/2016": [23.7, 0.023758099352051868], "3/21/2016": [23.4, -0.012658227848101297], "3/22/2016": [23.1, -0.0128205128205127], "3/23/2016": [23.2, 0.004329004329004236], "3/24/2016": [23.2, 0.0], "3/25/2016": [23.3, 0.004310344827586268], "3/28/2016": [22.4, -0.03862660944206018], "3/29/2016": [21.95, -0.020089285714285685], "3/30/2016": [21.8, -0.006833712984054605], "3/31/2016": [21.6, -0.009174311926605472], "4/1/2016": [21.45, -0.006944444444444543], "4/6/2016": [21.3, -0.006993006993006927], "4/7/2016": [21.05, -0.011737089201877934], "4/8/2016": [21.05, 0.0], "4/11/2016": [20.8, -0.011876484560570071], "4/12/2016": [19.8, -0.04807692307692307], "4/13/2016": [20.9, 0.05555555555555545], "4/14/2016": [20.4, -0.023923444976076555], "4/15/2016": [20.65, 0.012254901960784315], "4/18/2016": [20.75, 0.004842615012106606], "4/19/2016": [21.2, 0.021686746987951772], "4/20/2016": [20.75, -0.02122641509433959], "4/21/2016": [20.85, 0.004819277108433803], "4/22/2016": [20.8, -0.0023980815347722164], "4/25/2016": [20.85, 0.002403846153846188], "4/26/2016": [20.7, -0.007194244604316649], "4/27/2016": [20.75, 0.002415458937198102], "4/28/2016": [20.8, 0.0024096385542169015], "4/29/2016": [20.7, -0.004807692307692376], "5/3/2016": [20.65, -0.002415458937198102], "5/4/2016": [20.55, -0.0048426150121064345], "5/5/2016": [20.4, -0.007299270072992805], "5/6/2016": [20.35, -0.0024509803921567235], "5/9/2016": [20.2, -0.007371007371007475], "5/10/2016": [20.15, -0.0024752475247525104], "5/11/2016": [20.0, -0.007444168734491245], "5/12/2016": [19.8, -0.009999999999999964], "5/13/2016": [19.95, 0.007575757575757504], "5/16/2016": [19.8, -0.007518796992481132], "5/17/2016": [20.05, 0.012626262626262626], "5/18/2016": [19.85, -0.009975062344139616], "5/19/2016": [19.7, -0.007556675062972399], "5/20/2016": [19.95, 0.012690355329949238], "5/23/2016": [19.95, 0.0], "5/24/2016": [20.0, 0.002506265664160437], "5/25/2016": [20.1, 0.005000000000000071], "5/26/2016": [20.0, -0.004975124378109523], "5/27/2016": [20.65, 0.03249999999999993], "5/30/2016": [20.6, -0.0024213075060531314], "5/31/2016": [20.5, -0.004854368932038904], "6/1/2016": [20.2, -0.014634146341463448], "6/2/2016": [20.25, 0.0024752475247525104], "6/3/2016": [20.3, 0.002469135802469171], "6/4/2016": [20.3, 0.0], "6/6/2016": [20.3, 0.0], "6/7/2016": [20.6, 0.014778325123152743], "6/8/2016": [20.5, -0.004854368932038904], "6/13/2016": [20.4, -0.004878048780487874], "6/14/2016": [20.7, 0.014705882352941213], "6/15/2016": [20.85, 0.007246376811594306], "6/16/2016": [20.75, -0.004796163069544433], "6/17/2016": [20.4, -0.016867469879518142], "6/20/2016": [20.6, 0.009803921568627591], "6/21/2016": [20.7, 0.004854368932038731], "6/22/2016": [20.7, 0.0], "6/23/2016": [20.45, -0.012077294685990338], "6/24/2016": [20.6, 0.007334963325183479], "6/27/2016": [20.35, -0.012135922330097087], "6/28/2016": [20.35, 0.0], "6/29/2016": [20.5, 0.007371007371007301], "6/30/2016": [20.4, -0.004878048780487874], "7/1/2016": [20.25, -0.007352941176470519], "7/4/2016": [20.05, -0.009876543209876508], "7/5/2016": [20.05, 0.0], "7/6/2016": [20.0, -0.0024937655860349482], "7/7/2016": [20.25, 0.0125], "7/11/2016": [20.65, 0.019753086419753017], "7/12/2016": [20.35, -0.014527845036319476], "7/13/2016": [20.5, 0.007371007371007301], "7/14/2016": [20.25, -0.012195121951219513], "7/15/2016": [20.3, 0.002469135802469171], "7/18/2016": [20.35, 0.002463054187192153], "7/19/2016": [20.8, 0.022113022113022077], "7/20/2016": [20.9, 0.004807692307692205], "7/21/2016": [20.7, -0.009569377990430589], "7/22/2016": [20.6, -0.004830917874396033], "7/25/2016": [20.5, -0.004854368932038904], "7/26/2016": [20.45, -0.002439024390243937], "7/27/2016": [20.55, 0.004889975550122319], "7/28/2016": [20.5, -0.0024330900243309346], "7/29/2016": [20.45, -0.002439024390243937], "8/1/2016": [20.4, -0.0024449877750611594], "8/2/2016": [20.5, 0.004901960784313796], "8/3/2016": [20.5, 0.0], "8/4/2016": [20.3, -0.009756097560975575], "8/5/2016": [20.25, -0.002463054187192153], "8/8/2016": [20.25, 0.0], "8/9/2016": [20.3, 0.002469135802469171], "8/10/2016": [20.5, 0.009852216748768438], "8/11/2016": [20.3, -0.009756097560975575], "8/12/2016": [20.45, 0.007389162561576284], "8/15/2016": [20.35, -0.004889975550122145], "8/16/2016": [20.3, -0.0024570024570024916], "8/17/2016": [22.3, 0.09852216748768472], "8/18/2016": [21.7, -0.02690582959641262], "8/19/2016": [22.2, 0.02304147465437788], "8/22/2016": [21.5, -0.0315315315315315], "8/23/2016": [21.45, -0.00232558139534887], "8/24/2016": [21.6, 0.006993006993007093], "8/25/2016": [21.6, 0.0], "8/26/2016": [21.5, -0.004629629629629695], "8/29/2016": [21.5, 0.0], "8/30/2016": [22.7, 0.05581395348837206], "8/31/2016": [22.35, -0.015418502202643078], "9/1/2016": [21.6, -0.03355704697986577], "9/2/2016": [22.3, 0.03240740740740737], "9/5/2016": [22.15, -0.006726457399103235], "9/6/2016": [22.1, -0.002257336343114996], "9/7/2016": [22.3, 0.009049773755656076], "9/8/2016": [22.5, 0.00896860986547082], "9/9/2016": [22.45, -0.002222222222222254], "9/10/2016": [21.85, -0.026726057906458704], "9/12/2016": [21.5, -0.01601830663615567], "9/13/2016": [21.85, 0.016279069767441926], "9/14/2016": [21.7, -0.0068649885583524995], "9/19/2016": [21.6, -0.004608294930875478], "9/20/2016": [21.7, 0.0046296296296295305], "9/21/2016": [23.85, 0.09907834101382498], "9/22/2016": [23.4, -0.018867924528302004], "9/23/2016": [23.5, 0.004273504273504335], "9/26/2016": [23.65, 0.006382978723404195], "9/29/2016": [23.4, -0.010570824524312896], "9/30/2016": [23.8, 0.017094017094017186], "10/3/2016": [23.4, -0.01680672268907572], "10/4/2016": [23.05, -0.014957264957264868], "10/5/2016": [23.05, 0.0], "10/6/2016": [22.6, -0.01952277657266808], "10/7/2016": [23.0, 0.017699115044247725], "10/11/2016": [22.2, -0.0347826086956522], "10/12/2016": [21.85, -0.01576576576576567], "10/13/2016": [21.85, 0.0], "10/14/2016": [21.7, -0.0068649885583524995], "10/17/2016": [21.95, 0.01152073732718894],